t,ev,true,xgb,proposed,p_idle,p_g2v,p_v2g
31494,46,1,1,1,0.056508753,0.9434913,0.0
33510,41,0,0,0,0.92142105,0.05534548,0.02323346
30987,16,0,0,0,0.97150064,0.021755498,0.0067438562
34093,38,0,0,0,0.9659335,0.020105466,0.013960992
32752,50,0,0,0,0.99448836,0.0055116178,0.0
33721,83,0,0,0,1.0,0.0,0.0
30225,91,0,0,0,0.99183184,0.008168157,0.0
31597,51,0,1,1,0.24608389,0.7459939,0.007922198
31511,5,1,0,0,0.41787004,0.29861298,0.28351697
34286,24,0,0,0,0.9623506,0.022932466,0.014716907
34717,92,0,2,0,1.0,0.0,0.0
33791,35,1,1,1,0.048862524,0.9511375,0.0
32749,37,0,0,0,1.0,0.0,0.0
31928,47,0,0,0,1.0,0.0,0.0
33218,88,0,0,0,0.5397371,0.453832,0.0064308834
30038,60,0,0,0,0.9627806,0.025909841,0.011309582
28288,50,0,0,0,1.0,0.0,0.0
34588,63,0,0,0,1.0,0.0,0.0
34912,5,2,2,2,0.044927318,0.0063450416,0.94872767
28927,5,0,0,0,1.0,0.0,0.0
30630,84,1,1,1,0.29392803,0.698206,0.007865976
32723,95,0,0,0,0.99198335,0.008016657,0.0
31864,6,0,0,0,0.8733401,0.118252605,0.008407336
28876,78,0,0,0,1.0,0.0,0.0
30329,57,1,0,0,0.8726123,0.12738767,0.0
29849,52,1,0,0,0.9615893,0.038410693,0.0
31138,88,0,0,0,1.0,0.0,0.0
32504,73,0,0,0,1.0,0.0,0.0
30512,6,0,0,0,0.9774251,0.01730677,0.0052681654
33098,2,0,0,0,0.8125249,0.03610743,0.15136765
31342,11,0,0,0,1.0,0.0,0.0
30420,23,0,0,0,0.5679145,0.09396312,0.3381224
30926,37,0,0,0,1.0,0.0,0.0
33481,79,2,2,2,0.018827815,0.0035918988,0.9775803
34447,4,0,0,0,0.9688124,0.02427776,0.0069098645
32975,57,0,0,0,1.0,0.0,0.0
34731,15,0,0,0,0.9741324,0.01840305,0.00746451
30003,25,0,0,0,1.0,0.0,0.0
31214,16,0,0,0,0.90081877,0.076798946,0.022382285
34349,90,2,2,2,0.04693848,0.0075595295,0.945502
33046,36,1,2,2,0.24184117,0.18496092,0.5731979
33797,2,1,1,1,0.043201283,0.95334744,0.0034513206
30853,29,0,0,0,1.0,0.0,0.0
31462,99,2,2,2,0.057805944,0.00872407,0.93347
29159,54,2,2,2,0.0573859,0.008854741,0.93375933
33957,64,0,2,2,0.07645216,0.020022864,0.903525
32362,81,0,0,0,0.70247567,0.2908696,0.006654763
30040,4,0,0,0,0.91629684,0.07386384,0.009839275
29891,49,0,0,0,1.0,0.0,0.0
31101,41,0,1,1,0.25208545,0.7417799,0.006134573
34578,43,0,0,0,0.78069204,0.09285299,0.12645501
29185,67,1,1,1,0.029359752,0.968305,0.0023353023
29582,50,0,0,0,0.9947459,0.005254047,0.0
31215,31,0,1,1,0.08801506,0.9047046,0.0072803283
32153,99,0,1,0,0.46979272,0.5221324,0.008074891
29835,84,0,2,0,1.0,0.0,0.0
29794,91,0,0,0,1.0,0.0,0.0
34347,75,2,2,2,0.02888345,0.003919121,0.9671975
28207,18,0,0,0,0.89653784,0.026439551,0.07702259
28144,28,0,0,0,0.9948406,0.0051594176,0.0
34802,70,0,0,0,1.0,0.0,0.0
33969,79,0,0,0,0.95556283,0.03453821,0.0098989345
33412,34,1,1,1,0.06857073,0.9314293,0.0
32034,43,2,2,2,0.041794002,0.004668767,0.9535372
30828,45,0,0,0,0.55814695,0.43361133,0.008241697
33970,73,0,0,0,0.9697325,0.021383164,0.00888429
28840,61,0,0,0,1.0,0.0,0.0
33284,90,2,2,2,0.023618728,0.0046247635,0.9717565
31212,18,0,0,0,0.95987743,0.026336508,0.013786071
32426,1,0,0,0,0.97173446,0.014386122,0.013879447
34395,2,0,0,0,1.0,0.0,0.0
32146,64,0,0,0,0.9730664,0.02030225,0.0066313646
28583,24,0,0,0,0.86338234,0.019593213,0.11702447
34206,36,0,1,1,0.18549018,0.62944055,0.18506926
30938,33,0,0,0,1.0,0.0,0.0
33447,83,0,0,0,1.0,0.0,0.0
34396,5,0,0,0,1.0,0.0,0.0
31388,88,1,1,1,0.17611918,0.8192705,0.0046103043
32280,24,0,1,1,0.08339536,0.90200615,0.014598508
34682,27,0,0,0,1.0,0.0,0.0
33519,28,0,0,0,0.9947995,0.0052005015,0.0
29565,61,1,1,1,0.1963621,0.7988279,0.0048100194
34639,42,0,0,0,0.7404204,0.25957957,0.0
34485,2,0,0,0,1.0,0.0,0.0
33038,85,0,0,0,1.0,0.0,0.0
30482,88,0,0,0,1.0,0.0,0.0
34337,21,2,2,2,0.13632433,0.020830208,0.84284544
29290,33,0,0,0,0.9967035,0.003296504,0.0
29944,81,0,0,0,0.9264749,0.06422664,0.009298447
29756,5,1,1,1,0.2574018,0.7367905,0.005807785
32318,81,0,2,0,1.0,0.0,0.0
33768,64,0,2,2,0.14281783,0.012920018,0.8442621
29406,4,0,0,0,1.0,0.0,0.0
33319,87,0,0,0,0.92500126,0.0749987,0.0
34080,35,1,1,1,0.055420384,0.9445796,0.0
32249,64,0,0,0,0.9210026,0.0702884,0.008708924
28734,42,0,0,0,1.0,0.0,0.0
34038,23,0,0,0,1.0,0.0,0.0
29734,7,0,0,0,0.9930735,0.006926505,0.0
29546,95,0,0,0,0.9926152,0.007384774,0.0
29843,73,0,0,0,0.96942896,0.02059292,0.009978125
34104,34,0,0,0,0.9916246,0.008375434,0.0
30573,84,0,0,0,1.0,0.0,0.0
33137,83,0,0,0,1.0,0.0,0.0
28378,52,0,0,0,1.0,0.0,0.0
33665,54,0,2,0,1.0,0.0,0.0
28203,46,0,0,0,1.0,0.0,0.0
34010,74,0,0,0,1.0,0.0,0.0
31793,22,0,0,0,0.9963121,0.0036879266,0.0
29023,61,0,0,0,1.0,0.0,0.0
33125,95,0,0,0,0.7028506,0.29714942,0.0
28929,74,0,0,0,1.0,0.0,0.0
34921,74,0,2,0,1.0,0.0,0.0
32228,68,0,2,0,1.0,0.0,0.0
28523,92,0,1,1,0.37620625,0.6169181,0.006875704
34577,24,0,0,0,0.9202773,0.032120492,0.04760226
31420,95,0,0,0,0.9932556,0.006744402,0.0
32146,10,0,0,0,0.9771896,0.01570184,0.0071085813
32486,89,0,0,0,1.0,0.0,0.0
30811,29,1,1,1,0.37760276,0.6167684,0.005628906
34459,12,0,0,0,0.60760933,0.38263562,0.009755025
28758,43,0,0,0,1.0,0.0,0.0
30445,44,0,0,0,1.0,0.0,0.0
29846,92,0,0,0,0.94368446,0.040125392,0.016190153
33875,49,0,0,0,0.97665787,0.012374873,0.010967295
34640,44,0,0,0,1.0,0.0,0.0
29832,53,2,2,2,0.07717146,0.017794697,0.9050339
31648,62,0,0,0,0.9520259,0.04797411,0.0
32120,77,0,0,0,1.0,0.0,0.0
28877,48,0,2,0,1.0,0.0,0.0
30495,67,0,2,2,0.056350235,0.04162715,0.9020226
29589,73,2,2,2,0.34953043,0.022786798,0.62768275
33914,72,0,0,0,1.0,0.0,0.0
30804,19,0,0,0,1.0,0.0,0.0
31567,55,0,0,0,0.9927953,0.0072047417,0.0
32112,58,0,0,0,1.0,0.0,0.0
31727,53,0,0,0,1.0,0.0,0.0
30497,44,0,0,0,1.0,0.0,0.0
31015,95,0,0,0,0.9867946,0.013205443,0.0
31017,7,0,0,0,0.9931708,0.006829205,0.0
28506,27,1,1,1,0.037135173,0.95767254,0.005192251
28041,63,0,0,0,0.9930339,0.006966117,0.0
33874,38,0,0,0,0.9584354,0.032378998,0.009185632
31421,36,0,0,0,1.0,0.0,0.0
28038,60,0,0,0,0.9820495,0.0150718475,0.0028785858
34600,73,0,0,0,1.0,0.0,0.0
33904,29,0,1,1,0.16921534,0.8095439,0.021240765
33410,63,0,0,0,0.8390966,0.16090345,0.0
31166,24,2,2,2,0.11253299,0.020179363,0.86728764
28598,14,1,0,0,0.93278325,0.052037686,0.015179095
28894,72,0,0,0,1.0,0.0,0.0
32815,83,0,0,0,0.94515073,0.037331827,0.017517433
28102,33,0,0,0,0.9903301,0.0096699335,0.0
28261,69,0,0,0,1.0,0.0,0.0
28359,20,0,0,0,1.0,0.0,0.0
28910,1,0,0,0,0.96433926,0.022650916,0.013009874
33111,64,0,0,0,0.9441196,0.045197856,0.010682595
31571,4,0,0,0,0.95738506,0.026594276,0.016020695
33518,90,0,0,0,0.89976054,0.07763355,0.022605931
31376,35,0,0,0,0.98430055,0.01569944,0.0
30679,87,0,0,0,1.0,0.0,0.0
30106,7,0,0,0,1.0,0.0,0.0
32172,64,0,0,0,0.9660073,0.027373623,0.006619097
30687,26,0,2,0,1.0,0.0,0.0
29517,9,0,0,0,1.0,0.0,0.0
30786,52,0,0,0,0.98827314,0.0117268255,0.0
28663,32,0,0,0,1.0,0.0,0.0
30946,49,0,0,0,1.0,0.0,0.0
35026,58,0,0,0,0.9733638,0.016702686,0.009933467
31436,59,0,0,0,1.0,0.0,0.0
31160,25,0,0,0,1.0,0.0,0.0
28514,11,0,0,0,0.58466905,0.4079571,0.0073738084
33007,85,0,0,0,1.0,0.0,0.0
29705,17,0,0,0,1.0,0.0,0.0
34930,69,0,0,0,0.9671822,0.019593783,0.013224024
32379,48,0,0,0,1.0,0.0,0.0
31252,97,0,0,0,1.0,0.0,0.0
34695,21,0,0,0,1.0,0.0,0.0
35022,9,0,0,0,1.0,0.0,0.0
30419,16,0,0,0,0.96440893,0.027738089,0.007852989
31469,31,2,2,2,0.016955301,0.0032354572,0.9798092
30498,46,0,0,0,0.98755556,0.01244445,0.0
31424,80,0,0,0,0.6851018,0.17830665,0.13659154
28419,64,0,1,1,0.37079838,0.6238387,0.005362924
29110,18,2,0,0,0.57983947,0.14830159,0.27185896
29012,29,1,1,1,0.051150087,0.93139863,0.017451288
29605,81,0,0,0,1.0,0.0,0.0
30468,96,0,0,0,1.0,0.0,0.0
33999,25,0,1,0,0.47137326,0.5218792,0.0067475536
34014,18,0,0,0,1.0,0.0,0.0
29087,64,0,1,1,0.29073882,0.7027009,0.006560251
32289,23,0,0,0,1.0,0.0,0.0
28901,96,0,0,0,0.91472965,0.07927575,0.0059945993
29423,94,0,0,0,1.0,0.0,0.0
30613,65,0,0,0,0.6504638,0.23979603,0.10974011
34833,47,0,0,0,0.96414334,0.027714362,0.008142267
29421,50,0,0,0,1.0,0.0,0.0
33941,48,0,0,0,1.0,0.0,0.0
33242,68,0,0,0,1.0,0.0,0.0
31768,19,0,0,0,0.92997026,0.058981553,0.0110482
34675,91,0,0,0,0.9939994,0.006000569,0.0
28710,64,1,1,1,0.09969262,0.8955429,0.0047644866
29110,20,0,1,1,0.13647515,0.80828255,0.055242315
31163,51,0,0,0,1.0,0.0,0.0
33749,24,0,0,0,1.0,0.0,0.0
31229,56,0,0,0,1.0,0.0,0.0
32809,56,2,2,2,0.11111234,0.02761177,0.86127585
33519,7,0,0,0,0.9968063,0.0031936776,0.0
33350,86,0,0,0,1.0,0.0,0.0
30875,53,0,0,0,1.0,0.0,0.0
28913,42,0,0,0,0.9976994,0.0023005852,0.0
29466,29,0,1,1,0.36167088,0.63285846,0.0054706326
33081,93,0,0,0,1.0,0.0,0.0
30753,33,0,0,0,0.9862458,0.013754205,0.0
31089,30,0,0,0,0.98853266,0.011467376,0.0
29200,31,0,0,0,0.60441184,0.3667351,0.028853146
31048,96,0,0,0,1.0,0.0,0.0
30622,53,0,1,1,0.1776597,0.8179417,0.0043986286
33043,62,0,0,0,0.99242985,0.0075701587,0.0
29546,79,2,2,2,0.05710736,0.008615948,0.9342767
32641,23,1,1,1,0.01709036,0.9806252,0.0022844325
30113,27,0,2,0,1.0,0.0,0.0
34549,20,0,0,0,0.96905434,0.017996412,0.01294925
33909,11,0,2,2,0.1683846,0.37749544,0.45411995
29189,95,0,0,0,0.8945218,0.1054782,0.0
30446,30,0,0,0,0.99089307,0.009106896,0.0
30338,22,0,0,0,0.9751197,0.024880294,0.0
32989,68,0,2,2,0.1595891,0.013166218,0.8272447
34559,45,1,1,1,0.045109518,0.9521594,0.0027311202
30154,25,1,1,1,0.07269963,0.9239645,0.0033358273
34292,36,0,0,0,0.7987216,0.056322794,0.14495558
32385,77,0,0,0,1.0,0.0,0.0
28546,72,0,0,0,1.0,0.0,0.0
32917,80,0,0,0,0.9571937,0.031732272,0.0110740885
34003,97,0,0,0,0.9952821,0.004717892,0.0
28537,70,0,1,0,0.2683467,0.41804525,0.31360808
34918,69,2,2,2,0.023013175,0.0036447714,0.97334206
29784,91,0,0,0,0.9642053,0.035794705,0.0
33784,14,0,0,0,0.88503855,0.08562971,0.029331721
30028,81,0,0,0,0.9726316,0.016864512,0.01050389
29482,62,0,0,0,0.991844,0.00815604,0.0
31307,19,0,0,0,0.94241554,0.04583398,0.011750505
30983,0,0,0,0,1.0,0.0,0.0
34751,77,0,1,1,0.051707424,0.94829255,0.0
31933,18,0,0,0,1.0,0.0,0.0
32250,80,0,0,0,0.6721764,0.31860477,0.009218865
28377,23,0,0,0,1.0,0.0,0.0
29630,85,0,0,0,1.0,0.0,0.0
31534,53,0,0,0,1.0,0.0,0.0
29434,24,0,0,0,1.0,0.0,0.0
32888,18,0,0,0,1.0,0.0,0.0
29706,80,0,0,0,1.0,0.0,0.0
31766,68,0,0,0,0.95567596,0.017370092,0.02695397
30439,8,0,0,0,1.0,0.0,0.0
30107,9,0,0,0,1.0,0.0,0.0
30229,68,0,0,0,0.97702205,0.01606972,0.0069082608
29723,98,0,0,0,1.0,0.0,0.0
30097,40,0,0,0,1.0,0.0,0.0
29220,23,0,0,0,1.0,0.0,0.0
29415,48,0,0,0,1.0,0.0,0.0
31305,22,0,1,0,0.4509639,0.5490361,0.0
32424,81,0,2,0,0.46448344,0.012435644,0.52308095
30091,76,0,0,0,1.0,0.0,0.0
29271,26,0,0,0,0.881432,0.08255794,0.036010094
31730,72,0,0,0,1.0,0.0,0.0
34761,54,0,0,0,0.80441624,0.18528232,0.010301453
28117,6,0,0,0,0.96963835,0.0226634,0.0076982738
32350,32,1,1,1,0.083359666,0.91664034,0.0
28507,20,0,0,0,0.6192309,0.37118107,0.009588041
30721,71,1,1,1,0.04764224,0.9497326,0.0026251595
33138,63,0,0,0,1.0,0.0,0.0
31093,92,0,0,0,0.9693467,0.020577831,0.010075458
31537,24,0,0,0,1.0,0.0,0.0
33360,81,0,0,0,1.0,0.0,0.0
32898,37,0,0,0,1.0,0.0,0.0
32797,28,0,0,0,1.0,0.0,0.0
34126,3,0,0,0,1.0,0.0,0.0
30998,86,0,0,0,0.9773516,0.022648353,0.0
32613,25,0,2,2,0.20184305,0.013024038,0.7851329
34099,5,0,0,0,0.6298554,0.33611184,0.03403279
31524,98,0,0,0,1.0,0.0,0.0
34709,99,0,0,0,1.0,0.0,0.0
33355,14,0,0,0,1.0,0.0,0.0
34850,89,1,1,1,0.19207259,0.8020457,0.005881699
28525,16,0,0,0,0.5281985,0.46322492,0.0085766595
28367,22,0,0,0,1.0,0.0,0.0
28381,85,0,0,0,1.0,0.0,0.0
30808,11,0,0,0,0.94621867,0.045954037,0.007827301
29933,99,0,0,0,0.9611052,0.02050321,0.018391516
33413,6,1,1,1,0.069429114,0.92732453,0.003246358
32051,40,0,2,2,0.20842826,0.015631659,0.77594006
34399,36,0,1,1,0.17178743,0.68985575,0.1383569
30624,74,0,1,1,0.32220575,0.6710341,0.006760175
29534,91,0,0,0,1.0,0.0,0.0
34276,51,1,1,1,0.08033557,0.91536325,0.004301194
34643,11,0,0,0,0.9745136,0.02011579,0.005370672
31390,20,1,1,1,0.20027034,0.79474384,0.004985834
30328,21,1,0,0,0.9059183,0.08581034,0.008271376
34022,15,0,0,0,1.0,0.0,0.0
32104,98,0,0,0,1.0,0.0,0.0
34141,80,0,0,0,1.0,0.0,0.0
28180,86,0,0,0,1.0,0.0,0.0
29014,79,0,1,1,0.101400256,0.5341069,0.36449286
33260,93,0,0,0,1.0,0.0,0.0
32780,24,0,0,0,1.0,0.0,0.0
33845,32,0,0,0,1.0,0.0,0.0
33845,48,0,0,0,1.0,0.0,0.0
30878,2,0,2,0,1.0,0.0,0.0
33517,9,0,0,0,1.0,0.0,0.0
31882,48,1,1,1,0.12844083,0.86459047,0.0069686184
30142,98,0,1,1,0.2744335,0.71756804,0.007998548
29576,53,0,0,0,0.7566539,0.2337055,0.009640645
28080,88,0,0,0,1.0,0.0,0.0
29284,57,0,0,0,0.96913135,0.030868655,0.0
31338,63,0,0,0,1.0,0.0,0.0
28204,51,0,0,0,0.9559988,0.02834545,0.015655793
28204,67,2,2,2,0.052143995,0.009857789,0.93799824
28729,32,0,0,0,0.9879755,0.01202452,0.0
28623,37,0,0,0,1.0,0.0,0.0
32109,12,0,0,0,1.0,0.0,0.0
31810,70,0,0,0,1.0,0.0,0.0
30690,85,0,0,0,1.0,0.0,0.0
34148,64,2,2,2,0.22352022,0.009926406,0.7665534
33520,59,0,0,0,0.909807,0.05316881,0.037024144
34782,59,0,0,0,0.5891039,0.26559284,0.1453033
31257,32,0,0,0,1.0,0.0,0.0
31089,50,0,0,0,0.99316406,0.006835929,0.0
33070,45,0,0,0,1.0,0.0,0.0
28573,6,0,2,0,1.0,0.0,0.0
28252,51,0,0,0,0.6616482,0.16334468,0.1750071
33692,65,0,1,1,0.3643097,0.6285793,0.0071110013
34376,64,0,1,1,0.2647212,0.7294528,0.005826044
30573,19,0,0,0,1.0,0.0,0.0
29012,86,0,0,0,0.99311537,0.0068846676,0.0
32204,51,0,0,0,1.0,0.0,0.0
33316,76,1,1,1,0.06778468,0.9288858,0.0033295066
33171,36,0,0,0,1.0,0.0,0.0
30743,25,0,0,0,0.7575225,0.0375918,0.2048857
33418,85,0,0,0,1.0,0.0,0.0
33495,73,0,0,0,0.9080063,0.08223228,0.009761391
32288,6,0,0,0,1.0,0.0,0.0
29246,64,0,2,2,0.24664366,0.02302362,0.73033273
34473,22,0,0,0,0.98724717,0.012752852,0.0
33627,16,0,0,0,1.0,0.0,0.0
33187,90,0,2,0,1.0,0.0,0.0
32567,30,0,0,0,0.9941258,0.0058742035,0.0
28765,4,0,0,0,0.7302957,0.024800846,0.24490343
32776,79,0,0,0,1.0,0.0,0.0
30152,92,0,1,1,0.070656076,0.92612994,0.0032140042
33957,53,0,0,0,0.93160343,0.015938058,0.052458555
31082,17,0,0,0,0.9554421,0.029047387,0.015510544
32608,32,0,0,0,1.0,0.0,0.0
29065,55,0,0,0,0.99296707,0.0070328955,0.0
28478,66,0,2,0,1.0,0.0,0.0
34008,98,0,2,2,0.053924713,0.1458983,0.80017704
32881,65,0,0,0,1.0,0.0,0.0
34585,1,0,0,0,1.0,0.0,0.0
32662,35,0,0,0,0.98915726,0.01084275,0.0
31212,53,0,0,0,0.9513081,0.031133277,0.017558621
34549,69,0,0,0,0.88462716,0.047718927,0.06765389
30228,14,0,0,0,0.96695274,0.021276074,0.01177118
28573,28,0,0,0,1.0,0.0,0.0
28036,24,1,1,1,0.1610478,0.8323017,0.006650512
30403,18,0,2,0,1.0,0.0,0.0
30877,10,0,2,2,0.21247889,0.023946885,0.76357424
28703,37,0,0,0,1.0,0.0,0.0
32887,31,0,0,0,1.0,0.0,0.0
30101,47,0,0,0,1.0,0.0,0.0
31057,80,0,0,0,1.0,0.0,0.0
34028,76,0,0,0,1.0,0.0,0.0
33940,13,0,0,0,1.0,0.0,0.0
30968,11,0,0,0,1.0,0.0,0.0
33449,49,0,0,0,1.0,0.0,0.0
32226,75,2,2,2,0.10934491,0.017445734,0.87320936
31246,3,0,0,0,1.0,0.0,0.0
29320,99,0,0,0,1.0,0.0,0.0
32740,6,1,1,1,0.05726289,0.9396659,0.0030712283
31282,80,0,0,0,0.49239647,0.043541394,0.46406215
29301,12,0,0,0,0.47995085,0.07312267,0.4469265
34459,34,0,0,0,0.8025584,0.19744164,0.0
33920,66,0,0,0,1.0,0.0,0.0
33421,39,0,0,0,0.99467385,0.005326106,0.0
33929,53,0,0,0,1.0,0.0,0.0
32029,69,0,2,0,1.0,0.0,0.0
31195,51,0,0,0,0.59179187,0.39786786,0.010340303
29260,1,0,2,2,0.06679784,0.0057084714,0.9274937
31521,75,0,0,0,1.0,0.0,0.0
29141,86,0,0,0,1.0,0.0,0.0
30196,26,0,0,0,1.0,0.0,0.0
34591,33,0,0,0,1.0,0.0,0.0
31586,10,0,0,0,0.5892573,0.40225616,0.008486562
31419,94,0,2,2,0.34285963,0.044330448,0.6128099
30445,89,0,0,0,0.52286744,0.47137043,0.005762135
34578,74,0,0,0,0.75743115,0.05795026,0.18461862
30446,12,1,1,1,0.084761426,0.91110873,0.0041298154
34028,7,0,0,0,1.0,0.0,0.0
34680,44,0,0,0,1.0,0.0,0.0
28937,22,0,0,0,1.0,0.0,0.0
34198,61,1,1,1,0.18167599,0.7932145,0.02510951
32027,13,0,0,0,1.0,0.0,0.0
29177,80,0,0,0,0.8588129,0.12466943,0.016517643
33679,37,0,0,0,1.0,0.0,0.0
33862,38,0,2,0,1.0,0.0,0.0
31994,37,0,0,0,1.0,0.0,0.0
30594,3,0,0,0,0.9882,0.0118000135,0.0
29805,28,0,0,0,1.0,0.0,0.0
33122,68,0,1,1,0.32457972,0.6691164,0.006303902
30685,75,0,2,0,1.0,0.0,0.0
28341,61,0,0,0,0.67745084,0.043616235,0.27893296
32325,76,2,2,2,0.08568515,0.016696472,0.8976184
31183,41,0,2,2,0.084145635,0.0075938967,0.90826046
28375,53,0,0,0,1.0,0.0,0.0
34478,24,0,1,1,0.4319437,0.5621927,0.005863634
30514,93,0,0,0,0.9769883,0.01753105,0.005480666
31445,4,0,0,0,1.0,0.0,0.0
32477,86,0,0,0,1.0,0.0,0.0
29134,46,0,0,0,1.0,0.0,0.0
31788,1,1,1,1,0.06137331,0.93582296,0.002803747
28372,59,0,0,0,1.0,0.0,0.0
30156,80,1,1,1,0.13318099,0.8611643,0.005654764
31891,37,0,0,0,1.0,0.0,0.0
32330,85,0,0,0,1.0,0.0,0.0
35016,5,2,2,2,0.01756147,0.004222495,0.97821605
29119,95,0,0,0,1.0,0.0,0.0
33162,40,0,0,0,1.0,0.0,0.0
32345,14,0,0,0,0.92493576,0.065043725,0.0100205345
32532,31,0,0,0,0.9387356,0.047511224,0.013753188
33089,26,0,2,0,1.0,0.0,0.0
30521,27,0,0,0,0.7985217,0.18505089,0.016427377
29638,86,0,0,0,0.9925361,0.007463822,0.0
32455,37,0,0,0,1.0,0.0,0.0
30041,39,0,0,0,0.93705195,0.06294804,0.0
34568,50,0,0,0,0.99337876,0.006621261,0.0
33547,71,0,0,0,1.0,0.0,0.0
29698,35,0,0,0,1.0,0.0,0.0
28439,90,0,0,0,1.0,0.0,0.0
33196,4,0,0,0,0.96381277,0.02867662,0.0075106528
34679,25,0,1,1,0.10856164,0.84941787,0.04202051
30573,12,0,0,0,1.0,0.0,0.0
32138,30,0,0,0,0.9911786,0.0088214595,0.0
29198,87,1,1,1,0.036436293,0.9635637,0.0
33586,71,0,0,0,0.6846612,0.033752944,0.28158584
28231,21,1,1,1,0.4271634,0.5642478,0.008588818
31317,85,0,0,0,1.0,0.0,0.0
33178,75,0,0,0,1.0,0.0,0.0
32269,16,0,1,1,0.34072036,0.6506575,0.008622237
33760,7,0,0,0,0.9895586,0.01044144,0.0
32903,43,2,2,2,0.029987292,0.0033196877,0.96669304
32727,80,0,0,0,0.89439905,0.09285978,0.012741199
31859,88,0,0,0,0.9740993,0.02008639,0.005814355
33955,46,0,0,0,0.99251366,0.0074863005,0.0
34024,53,0,0,0,1.0,0.0,0.0
32416,4,2,2,2,0.1558967,0.03753445,0.80656886
29763,4,0,1,1,0.08675015,0.90947527,0.0037746073
30398,3,0,0,0,1.0,0.0,0.0
28784,64,2,2,2,0.03069129,0.0092660235,0.9600427
30334,53,1,1,1,0.047089566,0.9497175,0.003192904
30379,7,0,0,0,1.0,0.0,0.0
32439,89,0,0,0,0.9576638,0.035057288,0.0072789723
29835,12,2,2,2,0.030962713,0.008513318,0.96052396
31933,88,2,2,2,0.3979201,0.059560034,0.54251987
33266,88,0,0,0,1.0,0.0,0.0
30339,2,1,1,1,0.044289026,0.951245,0.0044659767
30443,43,0,1,1,0.3459316,0.6458278,0.00824062
29617,75,0,0,0,1.0,0.0,0.0
30413,23,2,2,2,0.014537666,0.003249997,0.98221236
30489,93,0,0,0,1.0,0.0,0.0
33804,97,1,1,1,0.05809872,0.94190127,0.0
28578,23,2,2,2,0.015917007,0.009451953,0.974631
32669,61,0,0,0,1.0,0.0,0.0
34808,67,0,0,0,1.0,0.0,0.0
32637,86,1,1,1,0.040148817,0.9598512,0.0
30915,82,0,0,0,0.6373755,0.35378644,0.0088381
29616,89,0,0,0,1.0,0.0,0.0
29518,5,0,0,0,1.0,0.0,0.0
35031,83,0,0,0,0.9390775,0.043312725,0.0176098
32992,39,0,0,0,1.0,0.0,0.0
30891,22,0,0,0,0.98917663,0.010823317,0.0
34561,4,1,1,1,0.083400555,0.9126949,0.0039045878
28701,68,1,1,1,0.19030097,0.80512816,0.004570837
33648,32,0,0,0,1.0,0.0,0.0
29941,86,0,0,0,0.9854195,0.014580496,0.0
29309,55,0,0,0,1.0,0.0,0.0
28362,28,0,0,0,1.0,0.0,0.0
31388,11,1,1,1,0.17422937,0.8213006,0.004470029
34010,67,0,0,0,1.0,0.0,0.0
31056,24,0,0,0,1.0,0.0,0.0
34572,14,0,0,0,0.8649618,0.13003723,0.005000997
34262,29,0,0,0,0.8779705,0.03744259,0.084586896
31200,74,1,1,1,0.06804481,0.9283912,0.0035639885
32711,47,0,0,0,0.9733304,0.02036074,0.006308898
31645,59,0,0,0,1.0,0.0,0.0
28127,88,0,1,1,0.24049328,0.753902,0.0056046746
33826,67,0,0,0,1.0,0.0,0.0
34756,1,0,1,1,0.14529939,0.84973866,0.004961989
31021,78,0,0,0,0.9963228,0.0036772299,0.0
33547,17,0,0,0,1.0,0.0,0.0
31868,36,1,1,1,0.11406784,0.88170797,0.004224204
33633,27,0,1,1,0.15001273,0.7874297,0.06255761
29969,34,0,0,0,0.9958535,0.004146531,0.0
33434,22,0,0,0,0.99571675,0.004283243,0.0
35026,3,0,0,0,0.9909323,0.009067716,0.0
33088,52,0,0,0,0.9917074,0.008292601,0.0
31313,31,0,1,1,0.36425096,0.6009719,0.0347772
31835,72,0,0,0,1.0,0.0,0.0
30708,12,2,2,2,0.068942755,0.008766356,0.9222909
30688,19,0,2,0,1.0,0.0,0.0
30495,30,0,0,0,1.0,0.0,0.0
31804,40,0,0,0,1.0,0.0,0.0
28924,36,0,0,0,0.47341982,0.1967137,0.32986653
32061,36,1,1,1,0.21219863,0.7809127,0.006888672
29501,15,1,1,1,0.014076739,0.9818014,0.0041219275
31794,94,0,0,0,0.7307982,0.22341773,0.045784112
34270,52,1,1,1,0.055595826,0.9444042,0.0
30764,45,0,0,0,1.0,0.0,0.0
31620,10,0,0,0,1.0,0.0,0.0
30093,60,0,0,0,1.0,0.0,0.0
33175,7,0,0,0,1.0,0.0,0.0
32395,9,0,0,0,1.0,0.0,0.0
28418,38,0,0,0,0.7443619,0.25184494,0.0037931765
32969,38,0,0,0,1.0,0.0,0.0
32929,86,0,1,1,0.34140307,0.658597,0.0
30147,45,1,1,0,0.4559323,0.5366385,0.007429266
31603,37,0,0,0,1.0,0.0,0.0
28608,97,1,1,1,0.06726266,0.93273735,0.0
33501,74,1,1,1,0.12521084,0.8704843,0.00430489
28457,38,0,0,0,1.0,0.0,0.0
30964,58,0,0,0,1.0,0.0,0.0
28225,17,0,1,1,0.050971713,0.9463751,0.0026532544
34185,49,0,1,1,0.35326147,0.6399246,0.0068139723
33369,1,0,0,0,1.0,0.0,0.0
32563,14,0,0,0,0.9363411,0.026310489,0.037348367
32365,3,0,1,1,0.08600747,0.9139925,0.0
33759,84,0,2,0,1.0,0.0,0.0
28765,0,0,0,0,1.0,0.0,0.0
30307,76,0,2,0,1.0,0.0,0.0
28546,25,0,0,0,1.0,0.0,0.0
34066,47,0,0,0,0.97307026,0.020616572,0.0063131
32260,34,0,0,0,0.97168857,0.028311417,0.0
29112,62,0,0,0,1.0,0.0,0.0
30118,47,2,2,2,0.11417378,0.05496517,0.83086103
32748,60,0,0,0,0.9659931,0.02387799,0.010128904
33020,69,1,1,1,0.033459388,0.9630047,0.0035359557
32470,60,0,0,0,0.7964439,0.045998715,0.1575574
32109,31,0,0,0,1.0,0.0,0.0
31516,20,1,1,1,0.033912398,0.9576708,0.008416789
33841,50,0,0,0,1.0,0.0,0.0
29185,29,1,1,1,0.040312022,0.9574877,0.0022002752
30634,65,1,1,1,0.112566784,0.8836315,0.0038016948
34879,87,0,0,0,0.98605436,0.013945614,0.0
28764,98,0,2,0,1.0,0.0,0.0
28226,20,0,1,1,0.043415777,0.9533473,0.003236923
34252,47,0,0,0,0.9171831,0.026155332,0.056661583
29725,1,2,2,2,0.088478714,0.015064655,0.8964566
30931,38,0,0,0,0.91153437,0.053562965,0.034902703
32718,85,0,0,0,1.0,0.0,0.0
33797,96,0,1,1,0.091354646,0.90552014,0.0031252077
32857,9,0,0,0,1.0,0.0,0.0
33479,25,0,2,0,1.0,0.0,0.0
32604,19,0,2,0,1.0,0.0,0.0
32401,81,0,0,0,1.0,0.0,0.0
30080,3,0,0,0,0.9767808,0.023219213,0.0
33949,11,0,2,0,1.0,0.0,0.0
31452,5,0,2,0,1.0,0.0,0.0
34934,84,0,0,0,0.8968483,0.08199886,0.021152787
31019,19,0,0,0,0.7934895,0.19785431,0.0086562075
34902,6,0,0,0,1.0,0.0,0.0
30810,61,0,0,0,0.7745515,0.21775113,0.0076973997
30095,72,0,0,0,1.0,0.0,0.0
30666,14,0,0,0,1.0,0.0,0.0
32905,32,0,0,0,0.9920074,0.007992597,0.0
29077,79,0,0,0,0.9156132,0.06874326,0.015643505
32731,19,0,0,0,0.67646986,0.3151243,0.008405822
28593,87,0,0,0,0.9949089,0.005091019,0.0
29552,34,0,0,0,0.9933154,0.006684557,0.0
29964,61,0,0,0,0.5371314,0.456254,0.006614615
29150,81,0,2,0,1.0,0.0,0.0
32711,61,0,0,0,0.95684624,0.023951396,0.019202322
29702,66,0,0,0,1.0,0.0,0.0
30449,55,0,0,0,0.9963484,0.0036516157,0.0
29534,59,0,0,0,1.0,0.0,0.0
33521,7,0,0,0,0.9966751,0.0033248856,0.0
31826,48,0,0,0,1.0,0.0,0.0
32200,80,0,0,0,1.0,0.0,0.0
34903,21,0,0,0,1.0,0.0,0.0
29455,63,0,0,0,0.9930059,0.0069941217,0.0
33260,76,0,0,0,1.0,0.0,0.0
28225,93,0,1,1,0.051064305,0.94572747,0.0032082212
29099,3,0,0,0,0.99741703,0.0025829957,0.0
34846,6,1,1,1,0.16220652,0.83342445,0.0043690456
29727,94,0,2,0,1.0,0.0,0.0
32512,66,0,2,0,1.0,0.0,0.0
29104,77,0,0,0,0.99323463,0.0067653917,0.0
33273,79,0,0,0,1.0,0.0,0.0
28740,31,0,0,0,0.70613354,0.15752313,0.13634336
32544,52,0,0,0,0.895118,0.10488199,0.0
31731,73,0,0,0,1.0,0.0,0.0
29963,16,1,1,1,0.29372978,0.6987615,0.00750869
32204,92,0,0,0,1.0,0.0,0.0
28849,24,0,0,0,1.0,0.0,0.0
28698,8,0,0,0,1.0,0.0,0.0
30648,51,0,0,0,1.0,0.0,0.0
33501,96,1,1,1,0.123773545,0.8726423,0.0035842038
33669,53,0,2,0,1.0,0.0,0.0
30159,41,0,1,1,0.21104498,0.7806627,0.00829231
32207,81,0,0,0,1.0,0.0,0.0
34765,74,0,0,0,0.9588152,0.02675695,0.0144278295
32063,69,0,1,1,0.15858875,0.8376061,0.0038051456
34711,76,0,0,0,1.0,0.0,0.0
32221,92,0,2,0,1.0,0.0,0.0
34079,24,1,1,1,0.15277344,0.8431172,0.0041093538
32270,8,0,0,0,1.0,0.0,0.0
31075,70,2,2,2,0.092336744,0.016304871,0.89135844
33923,73,0,0,0,1.0,0.0,0.0
32053,36,0,0,0,0.9638644,0.02337646,0.012759188
29232,94,0,0,0,1.0,0.0,0.0
33620,17,1,1,1,0.08951746,0.904491,0.0059915623
33516,14,0,0,0,0.963916,0.02283093,0.013253093
34820,51,0,0,0,0.94656473,0.034166235,0.019269088
28924,99,0,0,0,1.0,0.0,0.0
34203,69,0,0,0,1.0,0.0,0.0
34872,35,0,0,0,1.0,0.0,0.0
28263,22,0,0,0,1.0,0.0,0.0
30391,34,0,0,0,1.0,0.0,0.0
29655,13,0,0,0,1.0,0.0,0.0
30079,8,0,0,0,1.0,0.0,0.0
34441,61,0,0,0,0.91200405,0.024544114,0.06345184
31931,91,0,0,0,1.0,0.0,0.0
30682,55,0,0,0,1.0,0.0,0.0
34537,2,2,2,2,0.041727744,0.0057953345,0.9524769
30921,17,1,1,1,0.05525057,0.9413688,0.0033805734
31911,73,0,0,0,1.0,0.0,0.0
34499,79,0,0,0,1.0,0.0,0.0
30669,52,0,0,0,1.0,0.0,0.0
28883,12,0,0,0,0.965857,0.0202793,0.013863659
34593,77,0,0,0,1.0,0.0,0.0
32354,61,1,1,1,0.1326416,0.86190104,0.005457293
33667,90,0,2,0,1.0,0.0,0.0
28153,51,0,1,1,0.10104039,0.86948645,0.029473074
34746,92,1,0,0,0.6146614,0.37907746,0.006261142
29182,42,1,1,1,0.10062626,0.8993737,0.0
34721,42,0,0,0,0.9619802,0.038019784,0.0
32627,67,0,0,0,0.9713173,0.018998679,0.009684019
31491,90,1,1,1,0.053330306,0.9409335,0.00573615
32255,72,0,0,0,1.0,0.0,0.0
34380,29,0,1,1,0.21558924,0.77442825,0.009982532
29119,2,0,0,0,1.0,0.0,0.0
28932,9,0,0,0,1.0,0.0,0.0
28579,24,0,2,2,0.090928316,0.022041129,0.88703054
32907,45,0,0,0,0.9697285,0.013007128,0.017264362
30698,72,0,0,0,1.0,0.0,0.0
32517,38,0,0,0,0.8259605,0.09131552,0.08272395
32633,79,0,0,0,0.843772,0.13199547,0.024232546
30283,55,0,0,0,1.0,0.0,0.0
33606,57,0,0,0,0.9699427,0.030057281,0.0
30695,94,0,0,0,0.97280633,0.021536954,0.0056567034
28934,27,0,0,0,1.0,0.0,0.0
32686,93,0,0,0,1.0,0.0,0.0
33110,78,0,0,0,0.9872214,0.012778591,0.0
28733,64,0,0,0,0.6552666,0.16857822,0.17615515
31402,55,0,0,0,0.987976,0.012023975,0.0
28609,15,0,1,0,0.45468915,0.53792906,0.007381783
32973,73,0,0,0,1.0,0.0,0.0
33043,25,0,0,0,0.80302495,0.15339261,0.043582495
28114,96,0,0,0,0.9572169,0.031274993,0.011508116
33647,52,0,0,0,1.0,0.0,0.0
30613,24,0,0,0,0.9713454,0.020133957,0.008520627
29010,78,0,0,0,0.99232507,0.0076748827,0.0
28414,33,0,1,1,0.055124234,0.9448758,0.0
29464,86,0,0,0,0.8889403,0.11105972,0.0
34914,57,0,0,0,1.0,0.0,0.0
29925,1,2,2,2,0.0388506,0.012033495,0.94911593
30807,54,0,0,0,0.8863725,0.10047472,0.013152762
30784,64,0,2,0,1.0,0.0,0.0
30169,85,0,0,0,1.0,0.0,0.0
28966,40,2,2,2,0.040367555,0.0071570603,0.9524754
33912,17,2,2,2,0.19723922,0.34452832,0.45823246
34451,68,0,0,0,0.9758265,0.01827433,0.0058991946
30718,76,1,1,1,0.25453377,0.7391833,0.0062829587
28120,94,0,0,0,0.9269125,0.052907076,0.020180484
29612,10,0,0,0,1.0,0.0,0.0
34324,6,0,0,0,1.0,0.0,0.0
31059,88,0,0,0,1.0,0.0,0.0
33379,75,2,2,2,0.034109253,0.0044746217,0.9614162
28152,99,1,1,1,0.019983897,0.9741037,0.005912408
28335,77,0,0,0,0.9935753,0.00642475,0.0
28565,46,0,0,0,1.0,0.0,0.0
29612,43,0,0,0,1.0,0.0,0.0
29589,47,2,2,2,0.19944565,0.012510584,0.78804374
32911,70,0,2,2,0.041536145,0.0052725207,0.95319134
32536,88,0,0,0,0.86061877,0.13014914,0.009232008
30800,23,0,2,0,1.0,0.0,0.0
28447,44,0,0,0,1.0,0.0,0.0
29649,53,0,0,0,0.9761915,0.0152706485,0.008537887
28297,65,0,0,0,0.9736178,0.02053436,0.005847885
30088,98,0,0,0,1.0,0.0,0.0
29188,88,0,0,0,0.8822214,0.112190396,0.005588257
28226,61,0,1,1,0.07070721,0.92594194,0.0033508379
29120,56,0,0,0,1.0,0.0,0.0
28892,99,1,1,1,0.12808526,0.86825216,0.0036626193
28150,14,1,1,1,0.013720011,0.9761185,0.010161431
30398,65,2,2,2,0.1568859,0.05435359,0.7887605
31095,33,0,0,0,0.97162706,0.02837292,0.0
28978,46,0,0,0,0.9932114,0.0067886002,0.0
28128,3,0,1,1,0.11701657,0.8829834,0.0
28533,35,0,0,0,0.98494464,0.0150553305,0.0
30816,60,1,1,1,0.0534384,0.94356436,0.0029972044
34460,93,0,1,1,0.21368743,0.78105265,0.005259922
28652,86,0,0,0,1.0,0.0,0.0
31307,37,0,0,0,1.0,0.0,0.0
34939,11,0,1,1,0.3274443,0.6673653,0.005190415
30546,56,0,0,0,0.5454206,0.41415033,0.0404291
32332,82,0,2,0,0.24624245,0.3622486,0.391509
33940,28,0,0,0,1.0,0.0,0.0
30330,7,1,0,0,0.6072212,0.39277878,0.0
31047,68,0,0,0,1.0,0.0,0.0
29489,25,0,1,1,0.3188442,0.6630511,0.018104678
32189,64,1,1,1,0.15285684,0.7476514,0.09949177
32401,96,0,0,0,1.0,0.0,0.0
33087,80,2,2,2,0.076272294,0.008023513,0.91570413
29662,85,0,0,0,1.0,0.0,0.0
31907,80,0,0,0,1.0,0.0,0.0
34919,25,0,2,0,1.0,0.0,0.0
31275,21,0,0,0,0.974648,0.020016087,0.0053359102
32670,68,0,0,0,1.0,0.0,0.0
29243,83,0,0,0,1.0,0.0,0.0
33627,39,0,0,0,1.0,0.0,0.0
31663,58,0,0,0,0.9750584,0.017375898,0.007565758
29877,4,0,0,0,1.0,0.0,0.0
34084,82,0,0,0,0.89351165,0.10349727,0.0029911154
28705,3,1,1,1,0.059196617,0.9408034,0.0
29370,36,0,0,0,0.6717649,0.31899548,0.009239595
31089,91,0,0,0,0.9877247,0.012275294,0.0
28050,86,0,0,0,0.9963302,0.0036698126,0.0
31236,10,0,0,0,1.0,0.0,0.0
31345,38,0,0,0,1.0,0.0,0.0
28978,33,0,0,0,0.99242,0.007580017,0.0
28497,49,2,2,2,0.16898102,0.010126318,0.8208927
28745,56,0,0,0,1.0,0.0,0.0
31786,2,1,1,1,0.045755398,0.95042676,0.0038178873
28997,17,1,1,1,0.089067414,0.90617424,0.0047584004
32818,95,0,0,0,0.9899775,0.010022537,0.0
32284,95,0,0,0,1.0,0.0,0.0
34607,9,0,0,0,1.0,0.0,0.0
30840,31,0,1,1,0.16071208,0.7000043,0.13928364
31550,18,0,2,0,1.0,0.0,0.0
30393,29,0,0,0,1.0,0.0,0.0
29738,96,0,0,0,0.96789885,0.019264678,0.012836463
28420,84,1,1,1,0.051391203,0.9452496,0.0033591697
32802,88,0,2,0,1.0,0.0,0.0
34269,57,1,1,1,0.053043403,0.9469566,0.0
28333,35,0,0,0,0.9919391,0.008060909,0.0
29384,19,0,1,1,0.17337194,0.82002443,0.0066035874
29618,20,0,0,0,1.0,0.0,0.0
29007,20,1,1,1,0.020192286,0.9780587,0.0017490656
34726,29,2,2,2,0.07036648,0.015912047,0.9137215
34131,63,0,0,0,1.0,0.0,0.0
33425,16,0,0,0,0.92294353,0.04140407,0.035652377
31268,71,0,2,2,0.16215907,0.036496297,0.80134463
29289,1,0,0,0,0.95068836,0.031504728,0.017806869
29892,36,0,0,0,1.0,0.0,0.0
33819,50,0,0,0,1.0,0.0,0.0
30142,58,0,1,1,0.24968788,0.7434799,0.006832269
29516,21,0,0,0,1.0,0.0,0.0
30786,0,0,0,0,1.0,0.0,0.0
30090,93,0,0,0,1.0,0.0,0.0
34853,84,0,1,1,0.044632394,0.95215,0.003217623
34517,51,0,0,0,1.0,0.0,0.0
33369,89,0,0,0,1.0,0.0,0.0
28521,36,1,1,1,0.018486932,0.9794013,0.0021117989
31880,39,0,0,0,0.9826759,0.017324124,0.0
29226,58,0,0,0,1.0,0.0,0.0
33035,68,0,0,0,0.95838916,0.025862396,0.015748473
33668,34,0,0,0,1.0,0.0,0.0
29455,26,0,2,2,0.43634814,0.018537868,0.545114
33195,36,0,2,2,0.3761347,0.028296433,0.5955689
34761,98,0,1,1,0.3283659,0.6620861,0.009547974
31052,71,0,0,0,1.0,0.0,0.0
28898,18,0,0,0,0.5583143,0.43255502,0.009130656
30196,3,0,0,0,1.0,0.0,0.0
29824,36,0,2,0,1.0,0.0,0.0
32980,29,0,0,0,1.0,0.0,0.0
28340,72,0,0,0,1.0,0.0,0.0
28393,86,0,0,0,0.99242735,0.007572696,0.0
30309,79,2,2,2,0.056708556,0.010583773,0.9327076
28934,53,0,0,0,1.0,0.0,0.0
29745,2,2,2,2,0.15847747,0.049432456,0.7920901
29514,77,0,0,0,1.0,0.0,0.0
32858,79,0,0,0,1.0,0.0,0.0
34608,71,0,0,0,1.0,0.0,0.0
33575,49,0,2,0,1.0,0.0,0.0
32102,62,0,0,0,1.0,0.0,0.0
33153,64,0,0,0,1.0,0.0,0.0
30379,23,0,0,0,1.0,0.0,0.0
33525,91,0,0,0,0.99246496,0.0075350357,0.0
31659,92,0,0,0,0.9680597,0.012675536,0.019264782
31154,1,0,0,0,1.0,0.0,0.0
34848,86,1,1,1,0.04712549,0.95287454,0.0
32867,13,0,0,0,1.0,0.0,0.0
33741,24,0,0,0,1.0,0.0,0.0
30108,63,0,0,0,1.0,0.0,0.0
31051,48,0,0,0,1.0,0.0,0.0
28344,59,0,2,2,0.23969339,0.02691115,0.73339546
28236,19,1,1,1,0.11247791,0.8829403,0.0045818435
30307,29,2,2,2,0.10742482,0.013226515,0.8793487
33793,66,1,1,1,0.04367127,0.95385367,0.0024751076
33804,35,0,0,0,0.99315727,0.006842744,0.0
33243,37,0,0,0,1.0,0.0,0.0
35013,30,0,0,0,0.9920654,0.00793457,0.0
31948,79,0,0,0,0.96970785,0.02172088,0.008571297
33711,84,1,1,1,0.024250923,0.97373974,0.0020093813
30523,27,0,1,0,0.48949865,0.49817112,0.012330215
32609,10,0,2,0,1.0,0.0,0.0
28863,92,0,2,0,1.0,0.0,0.0
31929,82,0,0,0,1.0,0.0,0.0
30045,58,1,1,1,0.19074276,0.8046154,0.004641876
30413,92,0,0,0,0.964267,0.014158789,0.021574184
34042,40,0,0,0,0.9311052,0.03361092,0.035283886
28790,43,0,0,0,0.95453066,0.02604988,0.019419508
34505,78,0,0,0,1.0,0.0,0.0
30062,30,1,1,1,0.03586323,0.9641368,0.0
29635,54,0,2,2,0.2879509,0.13855605,0.57349306
33014,25,0,0,0,0.8822115,0.10318013,0.014608356
34071,78,0,0,0,0.9604559,0.039544113,0.0
28849,31,0,0,0,1.0,0.0,0.0
34821,75,0,2,0,1.0,0.0,0.0
28254,67,0,0,0,1.0,0.0,0.0
32400,40,0,0,0,1.0,0.0,0.0
32386,73,0,0,0,1.0,0.0,0.0
28221,40,1,1,0,0.46005523,0.53089297,0.009051822
33834,42,0,0,0,1.0,0.0,0.0
33836,90,0,0,0,1.0,0.0,0.0
29962,25,0,1,0,0.4833699,0.5098983,0.006731832
28659,27,0,0,0,1.0,0.0,0.0
31219,58,0,0,0,0.77897143,0.081903666,0.13912489
32450,31,1,1,1,0.02270131,0.97485864,0.0024400617
33442,53,0,0,0,1.0,0.0,0.0
34109,4,0,0,0,0.6134821,0.16836217,0.21815571
32371,45,0,0,0,0.8918675,0.05136483,0.056767657
28297,59,0,0,0,0.88423085,0.029005589,0.0867636
30355,94,2,0,0,0.75069034,0.048129648,0.20117998
29461,76,0,0,0,0.96583205,0.025923643,0.008244246
30024,59,0,0,0,0.9156515,0.022741105,0.06160745
28456,16,0,0,0,1.0,0.0,0.0
33715,0,0,0,0,1.0,0.0,0.0
31485,38,0,1,1,0.17295228,0.82272255,0.0043252343
29318,95,0,0,0,1.0,0.0,0.0
32579,52,0,0,0,1.0,0.0,0.0
31845,33,0,0,0,1.0,0.0,0.0
28656,38,0,0,0,1.0,0.0,0.0
28669,36,0,2,0,1.0,0.0,0.0
28110,10,2,2,2,0.02669719,0.0046558613,0.968647
28179,84,0,0,0,1.0,0.0,0.0
33366,17,0,0,0,1.0,0.0,0.0
32306,93,0,0,0,1.0,0.0,0.0
28768,65,0,2,0,1.0,0.0,0.0
28297,85,0,0,0,1.0,0.0,0.0
31605,44,0,0,0,1.0,0.0,0.0
31179,49,2,2,2,0.064279065,0.015118639,0.9206023
31383,26,0,0,0,0.8996466,0.090982825,0.009370514
34454,53,0,0,0,0.9634825,0.026104094,0.010413433
28109,98,2,2,2,0.023214417,0.0035785304,0.97320706
29968,0,0,0,0,1.0,0.0,0.0
28046,0,0,0,0,1.0,0.0,0.0
33481,93,0,0,0,0.63364166,0.044073123,0.3222852
34509,11,0,0,0,1.0,0.0,0.0
33375,64,0,2,0,1.0,0.0,0.0
34246,56,0,2,0,1.0,0.0,0.0
29391,37,0,0,0,1.0,0.0,0.0
28617,74,0,1,1,0.3902219,0.60304236,0.0067357784
28138,31,0,1,0,0.4638514,0.5229694,0.013179169
34144,27,0,2,0,1.0,0.0,0.0
32654,73,0,0,0,0.952627,0.042262845,0.0051101684
33752,79,0,0,0,1.0,0.0,0.0
33856,47,0,2,0,1.0,0.0,0.0
29326,19,0,0,0,1.0,0.0,0.0
30200,40,0,0,0,1.0,0.0,0.0
29921,13,0,0,0,1.0,0.0,0.0
28263,62,0,0,0,1.0,0.0,0.0
33369,77,0,0,0,1.0,0.0,0.0
33823,62,0,0,0,1.0,0.0,0.0
31193,92,0,0,0,0.92125916,0.07056344,0.0081774
32649,45,0,0,0,0.76167107,0.23465772,0.0036712384
29646,79,0,0,0,0.6389561,0.0378078,0.32323605
33797,93,0,1,1,0.16986269,0.82492083,0.0052164895
31034,60,0,0,0,1.0,0.0,0.0
33063,2,0,0,0,1.0,0.0,0.0
28751,48,0,0,0,1.0,0.0,0.0
31243,95,0,0,0,1.0,0.0,0.0
34778,56,0,2,0,0.448885,0.016651226,0.5344638
31211,93,0,0,0,0.9145492,0.07523155,0.010219247
29683,11,0,1,1,0.25217205,0.7381695,0.009658489
30305,34,0,0,0,1.0,0.0,0.0
29148,7,0,0,0,0.98217034,0.01782963,0.0
31983,36,0,0,0,0.94264644,0.044321246,0.013032305
31995,55,0,0,0,1.0,0.0,0.0
32746,25,0,1,1,0.16352186,0.8313395,0.0051386794
34571,24,0,0,0,0.9718475,0.01839019,0.009762347
29800,25,0,0,0,1.0,0.0,0.0
28926,63,0,0,0,1.0,0.0,0.0
32445,91,1,1,1,0.03486548,0.9651345,0.0
30558,25,0,0,0,1.0,0.0,0.0
28603,76,0,0,0,0.7640794,0.22788188,0.0080387695
33258,58,0,0,0,1.0,0.0,0.0
29809,46,0,0,0,1.0,0.0,0.0
29132,5,0,0,0,1.0,0.0,0.0
33681,0,0,0,0,1.0,0.0,0.0
30292,61,0,0,0,1.0,0.0,0.0
33954,29,0,0,0,0.53129303,0.032212898,0.43649405
30181,49,0,0,0,1.0,0.0,0.0
28818,66,1,1,1,0.2415739,0.7479909,0.010435223
28732,36,0,0,0,1.0,0.0,0.0
29184,80,1,1,1,0.056577567,0.9396354,0.0037870246
33679,22,0,0,0,0.9758412,0.024158763,0.0
28620,83,0,1,1,0.13002272,0.86553156,0.004445763
30885,38,0,2,2,0.18489386,0.109080754,0.7060254
28036,18,0,0,0,0.51428014,0.48150092,0.004218997
28061,20,0,0,0,1.0,0.0,0.0
33202,38,0,0,0,0.96869254,0.025947658,0.0053598257
32803,33,0,0,0,0.99021393,0.009786084,0.0
32084,39,0,0,0,0.9949988,0.0050011836,0.0
29971,91,0,0,0,0.98983246,0.010167556,0.0
32413,17,0,2,0,1.0,0.0,0.0
29836,85,0,0,0,1.0,0.0,0.0
33890,40,0,1,1,0.047248613,0.949657,0.0030944196
29192,51,0,0,0,0.9174488,0.07072528,0.011825948
32950,73,0,1,1,0.24771416,0.6500836,0.10220222
33596,98,0,1,1,0.17377514,0.8214934,0.004731533
31270,88,0,0,0,0.9624457,0.032031443,0.005522893
33286,6,2,2,2,0.08078913,0.013235488,0.9059754
34113,49,0,0,0,1.0,0.0,0.0
31139,20,0,0,0,1.0,0.0,0.0
28587,14,0,0,0,0.8327457,0.0275097,0.13974465
34890,94,0,0,0,1.0,0.0,0.0
31764,76,0,0,0,0.9664378,0.019944951,0.013617232
34265,43,0,0,0,0.93261826,0.05831251,0.009069247
29192,13,0,0,0,1.0,0.0,0.0
30455,93,1,1,1,0.0149733545,0.98024565,0.004781032
30440,68,0,1,0,0.48763183,0.5056302,0.0067379912
29079,41,0,0,0,0.62674135,0.11030351,0.26295516
33484,55,0,0,0,0.99193114,0.008068851,0.0
29860,36,1,1,1,0.03826555,0.9589446,0.0027898364
32627,21,0,0,0,0.97618484,0.017898744,0.005916415
29658,25,0,0,0,0.79924333,0.19358854,0.0071681365
34626,83,0,2,0,1.0,0.0,0.0
32070,1,1,1,1,0.40588596,0.5875803,0.0065337582
34126,84,0,0,0,1.0,0.0,0.0
31080,98,2,2,2,0.05132396,0.008971292,0.9397047
34058,10,0,0,0,0.97974646,0.014989126,0.0052643833
30722,81,1,1,1,0.05007935,0.9469368,0.00298392
28098,91,0,0,0,0.9822014,0.017798636,0.0
34200,52,0,0,0,0.98605615,0.013943898,0.0
29924,35,0,0,0,0.9529044,0.047095638,0.0
30738,23,0,0,0,0.61530584,0.34436125,0.04033291
29488,3,0,0,0,0.99382895,0.0061710477,0.0
28425,66,0,0,0,0.97253853,0.017984483,0.009476977
32191,65,0,0,0,1.0,0.0,0.0
32423,71,0,0,0,0.97183764,0.022509815,0.005652562
28590,37,0,0,0,1.0,0.0,0.0
34833,9,0,0,0,1.0,0.0,0.0
34242,56,0,2,0,1.0,0.0,0.0
30341,80,1,1,1,0.02988109,0.96681345,0.0033054643
31028,5,0,0,0,0.6800268,0.2198767,0.10009651
33044,73,0,0,0,1.0,0.0,0.0
29581,58,0,0,0,0.609717,0.38123953,0.009043506
32379,19,0,0,0,1.0,0.0,0.0
28194,50,0,0,0,0.9625448,0.03745516,0.0
30943,66,0,0,0,0.7056757,0.09474618,0.19957812
30970,52,0,0,0,1.0,0.0,0.0
34960,45,0,1,1,0.3568642,0.6310072,0.012128632
34835,71,0,0,0,0.9608706,0.03400732,0.0051221023
34703,66,0,0,0,1.0,0.0,0.0
31946,61,0,2,0,1.0,0.0,0.0
31616,24,0,0,0,1.0,0.0,0.0
33163,66,0,0,0,1.0,0.0,0.0
31315,40,0,0,0,0.5924714,0.22345905,0.18406951
32089,52,0,0,0,0.9876045,0.012395477,0.0
33684,85,0,0,0,1.0,0.0,0.0
29364,96,0,0,0,0.9069675,0.027249988,0.06578253
30326,58,0,0,0,0.93915284,0.043056905,0.017790284
30190,12,0,0,0,1.0,0.0,0.0
32819,31,2,2,2,0.044605114,0.007830467,0.9475644
32813,35,0,0,0,0.9855133,0.0144867,0.0
29803,78,0,0,0,1.0,0.0,0.0
33725,99,0,0,0,1.0,0.0,0.0
34870,3,0,0,0,0.98817474,0.0118252225,0.0
28395,56,0,0,0,0.9672527,0.026271978,0.0064752805
29857,79,1,1,1,0.023194473,0.97426254,0.0025430091
31138,45,0,0,0,1.0,0.0,0.0
31913,80,0,0,0,1.0,0.0,0.0
34915,77,0,0,0,1.0,0.0,0.0
28467,27,0,0,0,1.0,0.0,0.0
32984,97,0,0,0,1.0,0.0,0.0
34256,41,0,0,0,0.9192567,0.015930295,0.06481303
31850,80,0,0,0,0.78116596,0.031896204,0.1869379
30651,50,0,0,0,1.0,0.0,0.0
32614,77,0,0,0,0.9908829,0.009117099,0.0
29962,63,0,0,0,0.9953457,0.0046542706,0.0
28222,93,1,1,1,0.37828147,0.61404514,0.007673449
33234,93,1,1,1,0.1779177,0.815131,0.006951271
31859,31,0,2,2,0.057108942,0.0060983584,0.93679273
29129,6,0,0,0,1.0,0.0,0.0
28389,10,0,2,0,1.0,0.0,0.0
32296,77,0,0,0,1.0,0.0,0.0
33643,11,0,0,0,1.0,0.0,0.0
30044,46,1,1,1,0.04387471,0.95612526,0.0
30663,84,0,0,0,1.0,0.0,0.0
29660,76,0,1,1,0.28322482,0.71036386,0.006411301
29133,90,0,0,0,1.0,0.0,0.0
34585,45,2,2,2,0.20300335,0.23050022,0.56649643
32476,2,0,0,0,1.0,0.0,0.0
34889,72,0,0,0,1.0,0.0,0.0
34162,66,0,0,0,0.7348097,0.017189883,0.24800044
31142,40,0,0,0,1.0,0.0,0.0
30832,82,0,0,0,0.8886965,0.0689055,0.042398024
32248,94,0,0,0,0.810838,0.10904784,0.08011417
29811,81,0,0,0,1.0,0.0,0.0
30192,90,0,0,0,1.0,0.0,0.0
31619,15,0,0,0,1.0,0.0,0.0
32937,0,0,0,0,1.0,0.0,0.0
30443,78,0,0,0,0.9953071,0.004692932,0.0
29449,93,0,2,0,1.0,0.0,0.0
34919,52,0,0,0,0.9929393,0.007060678,0.0
29118,60,0,0,0,1.0,0.0,0.0
31567,64,0,0,0,0.9717585,0.022042751,0.0061987895
31106,64,0,0,0,0.52345425,0.4682557,0.0082900915
28472,32,0,0,0,1.0,0.0,0.0
31732,48,1,0,0,0.86677533,0.11144304,0.021781618
30635,90,1,1,1,0.014195591,0.9836615,0.00214295
34720,97,0,0,0,1.0,0.0,0.0
30005,53,0,0,0,1.0,0.0,0.0
34511,86,0,0,0,1.0,0.0,0.0
34077,45,1,1,1,0.1855468,0.8093866,0.0050665913
31617,83,0,0,0,1.0,0.0,0.0
32817,37,0,0,0,1.0,0.0,0.0
31734,26,0,0,0,1.0,0.0,0.0
33273,81,0,0,0,1.0,0.0,0.0
28915,14,0,0,0,0.8979201,0.05091873,0.05116116
31909,40,0,0,0,1.0,0.0,0.0
30825,1,0,0,0,0.7579547,0.22876891,0.013276348
32176,39,0,0,0,0.9941397,0.0058603575,0.0
34891,50,0,0,0,1.0,0.0,0.0
32308,0,0,0,0,1.0,0.0,0.0
29991,93,0,0,0,1.0,0.0,0.0
33297,64,0,0,0,0.9683718,0.02362101,0.008007141
31752,35,0,0,0,0.98980284,0.010197122,0.0
28521,31,0,1,1,0.31966832,0.6734057,0.006925971
30019,84,0,2,0,1.0,0.0,0.0
34026,67,0,0,0,1.0,0.0,0.0
31961,3,0,0,0,0.96686184,0.03313815,0.0
30192,9,0,0,0,1.0,0.0,0.0
33313,71,0,1,1,0.052225888,0.9449301,0.0028440563
33817,17,0,0,0,1.0,0.0,0.0
35024,57,0,0,0,0.98892134,0.011078658,0.0
34094,69,0,0,0,0.93407965,0.041178048,0.024742305
28049,38,0,0,0,0.9248391,0.035287075,0.039873865
34645,15,0,0,0,0.96134204,0.030266736,0.008391241
33111,76,0,0,0,0.94675034,0.045087658,0.0081620235
32479,82,0,0,0,1.0,0.0,0.0
28465,61,0,0,0,1.0,0.0,0.0
31491,99,0,1,1,0.29773968,0.6936816,0.008578732
31580,84,1,1,1,0.22742145,0.76588345,0.0066951225
34050,35,0,0,0,0.9835042,0.016495831,0.0
30410,30,0,0,0,0.9920229,0.007977139,0.0
34942,99,0,1,1,0.20495437,0.7832365,0.011809105
31331,85,0,0,0,1.0,0.0,0.0
34825,81,0,2,0,1.0,0.0,0.0
28300,59,0,0,0,0.87910384,0.044165686,0.07673049
29535,35,0,0,0,1.0,0.0,0.0
30329,67,1,0,0,0.7772128,0.21212152,0.0106656
33114,45,0,0,0,0.8335282,0.15978,0.006691815
34744,21,0,0,0,0.8825744,0.10893075,0.008494882
30470,70,0,0,0,1.0,0.0,0.0
29485,96,0,1,1,0.28510422,0.70941424,0.0054815463
31194,96,0,0,0,0.79583484,0.19742626,0.0067389007
33702,66,0,0,0,0.57096833,0.42357308,0.0054586325
30783,33,0,0,0,0.97378683,0.026213203,0.0
32064,34,1,1,1,0.05079845,0.9492016,0.0
34128,93,0,0,0,1.0,0.0,0.0
29297,6,0,0,0,0.93843657,0.027870914,0.033692565
32228,87,0,0,0,1.0,0.0,0.0
31820,91,0,0,0,1.0,0.0,0.0
29569,79,1,1,1,0.032543544,0.96495825,0.0024982262
30373,35,0,0,0,1.0,0.0,0.0
33192,18,0,2,0,1.0,0.0,0.0
32445,21,1,1,1,0.18684274,0.8080025,0.005154806
31839,92,2,2,2,0.064174816,0.011409008,0.9244162
33147,46,0,0,0,1.0,0.0,0.0
32126,0,0,0,0,1.0,0.0,0.0
28473,74,0,0,0,1.0,0.0,0.0
28266,94,0,0,0,1.0,0.0,0.0
28988,99,0,1,1,0.032387733,0.96541125,0.0022010219
28824,54,1,1,1,0.014039293,0.98192126,0.004039474
33172,18,0,0,0,1.0,0.0,0.0
29187,74,1,1,1,0.050749328,0.946446,0.002804695
28994,98,0,1,1,0.36765632,0.6245947,0.007749003
31608,53,0,1,1,0.12566887,0.8697157,0.00461537
30213,14,2,2,2,0.01789128,0.0137703195,0.9683384
32295,72,0,0,0,1.0,0.0,0.0
31977,59,0,0,0,0.9017256,0.089150496,0.009123965
33521,2,0,0,0,0.8575583,0.09261841,0.049823318
30895,51,0,0,0,0.9248472,0.026330737,0.04882209
29388,74,0,0,0,0.96172345,0.02802387,0.010252631
28602,26,0,0,0,0.7794636,0.21387462,0.0066618104
34507,93,0,0,0,1.0,0.0,0.0
31429,47,0,0,0,1.0,0.0,0.0
31704,67,0,2,2,0.11359055,0.17389776,0.71251166
30705,92,0,0,0,0.9633027,0.020387307,0.016310012
31077,8,0,0,0,1.0,0.0,0.0
33592,4,0,0,0,0.9384252,0.052383944,0.009190806
30146,44,0,0,0,1.0,0.0,0.0
29817,58,0,0,0,1.0,0.0,0.0
32652,8,0,0,0,1.0,0.0,0.0
29797,38,0,0,0,1.0,0.0,0.0
29964,73,1,1,1,0.04971951,0.9465863,0.0036941573
33390,60,0,0,0,0.9697501,0.024278462,0.005971483
31462,43,2,2,2,0.07180577,0.008450944,0.9197433
30828,25,0,0,0,0.6046545,0.3883646,0.006980971
28365,94,0,0,0,1.0,0.0,0.0
34955,28,0,0,0,0.9922181,0.007781905,0.0
31148,43,0,0,0,1.0,0.0,0.0
32371,36,0,0,0,0.55284494,0.40808472,0.039070338
28946,31,0,0,0,1.0,0.0,0.0
32470,88,0,0,0,0.78097475,0.04062196,0.17840335
31922,68,0,0,0,1.0,0.0,0.0
34744,63,0,0,0,0.9303143,0.06968573,0.0
29789,21,0,0,0,1.0,0.0,0.0
30853,97,0,0,0,1.0,0.0,0.0
28144,10,1,1,1,0.19745216,0.7951123,0.007435572
32433,63,0,0,0,0.99236625,0.00763376,0.0
33708,83,0,1,1,0.22433665,0.7688387,0.0068247006
32006,73,0,0,0,1.0,0.0,0.0
30759,98,0,0,0,1.0,0.0,0.0
31121,62,0,0,0,0.9942085,0.005791429,0.0
30934,6,0,0,0,1.0,0.0,0.0
30002,73,0,0,0,1.0,0.0,0.0
28358,25,0,0,0,1.0,0.0,0.0
34009,21,0,0,0,1.0,0.0,0.0
33910,66,1,1,1,0.12832564,0.7132835,0.15839092
32670,13,0,0,0,1.0,0.0,0.0
33855,53,0,2,0,1.0,0.0,0.0
32183,8,0,0,0,1.0,0.0,0.0
29820,26,2,2,2,0.23083486,0.041423567,0.7277416
28033,51,1,1,1,0.059971906,0.9360958,0.003932316
34466,94,1,1,1,0.2695116,0.723591,0.006897386
31202,16,1,1,1,0.042770132,0.95416504,0.0030647828
31418,38,0,0,0,1.0,0.0,0.0
34862,59,0,1,0,0.45694643,0.53087574,0.012177825
28474,72,0,0,0,1.0,0.0,0.0
28644,12,0,0,0,1.0,0.0,0.0
34458,4,0,0,0,0.7826984,0.20977475,0.0075268634
32050,83,0,0,0,0.94538,0.031532533,0.023087533
34345,92,0,0,0,0.97455096,0.0130023975,0.01244664
32603,80,0,2,0,1.0,0.0,0.0
30500,67,0,0,0,0.86426294,0.111727834,0.02400922
33332,70,0,0,0,0.8578352,0.03095446,0.1112104
30489,87,0,0,0,1.0,0.0,0.0
34029,88,0,0,0,1.0,0.0,0.0
31540,51,0,0,0,1.0,0.0,0.0
29277,66,0,1,1,0.039878964,0.9566968,0.0034242417
30302,79,0,2,0,1.0,0.0,0.0
32747,39,0,0,0,0.99300367,0.0069963443,0.0
29159,28,0,0,0,0.97838086,0.021619173,0.0
34731,99,2,2,2,0.028916512,0.0039223796,0.9671611
29662,80,0,1,1,0.18010664,0.8129908,0.006902573
29665,71,0,1,0,0.47958246,0.51240635,0.0080112135
29963,76,0,0,0,0.51218504,0.48083764,0.00697736
29580,21,0,0,0,0.9510234,0.040906858,0.008069777
30321,83,0,0,0,0.9363702,0.02794356,0.03568627
28342,31,0,0,0,1.0,0.0,0.0
31242,37,0,0,0,1.0,0.0,0.0
31325,67,0,0,0,1.0,0.0,0.0
31159,79,0,0,0,1.0,0.0,0.0
34725,24,0,2,0,1.0,0.0,0.0
33821,35,0,0,0,1.0,0.0,0.0
32613,55,0,0,0,0.9921627,0.007837291,0.0
34205,0,0,0,0,1.0,0.0,0.0
32777,86,0,0,0,1.0,0.0,0.0
28556,45,0,0,0,1.0,0.0,0.0
31938,79,2,2,2,0.018293962,0.0059259,0.9757801
32750,20,0,0,0,0.7233016,0.26531094,0.011387441
34999,28,0,0,0,1.0,0.0,0.0
29913,88,0,0,0,1.0,0.0,0.0
29971,9,0,0,0,1.0,0.0,0.0
30905,32,0,0,0,0.9659922,0.034007814,0.0
31178,7,0,0,0,0.9936003,0.0063997325,0.0
30634,15,1,1,1,0.045450374,0.9513633,0.0031862697
31657,96,0,0,0,0.832923,0.10102674,0.066050306
29874,62,0,0,0,0.99063,0.009369976,0.0
31294,45,1,1,1,0.052395426,0.94432366,0.0032809204
30557,66,0,0,0,1.0,0.0,0.0
28933,47,0,0,0,1.0,0.0,0.0
30260,81,0,0,0,1.0,0.0,0.0
32151,80,0,0,0,0.8369669,0.149636,0.0133971535
33954,35,0,0,0,0.9808078,0.019192206,0.0
33756,9,0,0,0,1.0,0.0,0.0
33382,67,2,2,2,0.056677688,0.011061957,0.93226033
28251,53,0,0,0,1.0,0.0,0.0
31518,77,0,0,0,1.0,0.0,0.0
33537,83,0,0,0,1.0,0.0,0.0
34570,82,0,0,0,0.9343899,0.058885418,0.0067247297
33452,14,0,0,0,1.0,0.0,0.0
34002,78,0,0,0,0.9957729,0.004227113,0.0
31642,85,0,0,0,1.0,0.0,0.0
29541,3,0,0,0,0.98005587,0.019944148,0.0
33562,90,0,0,0,1.0,0.0,0.0
30401,31,2,2,2,0.08434784,0.014685272,0.9009669
29953,15,0,0,0,0.5390827,0.4516267,0.009290608
31489,67,0,1,1,0.40245324,0.5897086,0.007838213
33518,68,0,0,0,0.9677673,0.019826384,0.01240629
34587,57,0,0,0,0.9809966,0.01900341,0.0
29264,80,0,2,2,0.08474113,0.0073303673,0.9079285
30406,69,2,2,2,0.047041122,0.0070226453,0.94593626
33504,59,1,1,1,0.05971865,0.9347944,0.0054869466
30211,82,2,2,2,0.36580026,0.1611666,0.47303313
32015,71,0,0,0,1.0,0.0,0.0
33742,32,0,0,0,1.0,0.0,0.0
31784,69,1,1,1,0.04240451,0.9544251,0.0031704146
29030,27,0,0,0,1.0,0.0,0.0
32309,59,0,0,0,1.0,0.0,0.0
30570,25,0,0,0,1.0,0.0,0.0
30454,84,0,1,1,0.088655666,0.8991676,0.01217674
28376,49,0,0,0,1.0,0.0,0.0
31332,21,0,0,0,1.0,0.0,0.0
34339,80,2,2,2,0.016529677,0.0032237496,0.98024654
33834,94,0,0,0,1.0,0.0,0.0
28974,51,0,0,0,0.9479645,0.032432843,0.019602673
34584,22,0,0,0,0.9813595,0.018640557,0.0
34885,31,1,0,0,0.5205412,0.4344699,0.04498887
31672,29,0,0,0,0.92051834,0.070045404,0.009436266
32082,21,0,1,1,0.4368791,0.54060435,0.022516562
32810,91,0,0,0,0.99287283,0.007127183,0.0
31502,60,1,0,0,0.59593433,0.39750296,0.0065627336
33989,3,1,1,1,0.070756674,0.9292433,0.0
31324,72,0,0,0,1.0,0.0,0.0
34271,58,1,1,1,0.15360168,0.8416262,0.004772074
29097,60,1,1,1,0.12956968,0.86672956,0.0037007655
28397,52,0,0,0,0.99373215,0.0062678354,0.0
29015,10,0,1,1,0.038163364,0.95624363,0.0055929855
31472,34,0,0,0,0.99442965,0.005570361,0.0
31466,13,0,0,0,1.0,0.0,0.0
28834,79,0,0,0,1.0,0.0,0.0
32596,57,0,0,0,1.0,0.0,0.0
32399,44,0,0,0,1.0,0.0,0.0
31779,47,1,1,1,0.09652027,0.8976297,0.005849968
32501,18,0,0,0,1.0,0.0,0.0
33403,68,0,0,0,0.7361024,0.25616646,0.007731163
33433,71,0,2,0,0.4534734,0.067752786,0.4787738
33591,26,0,0,0,0.95894676,0.031159772,0.009893473
30993,18,0,0,0,0.9533844,0.027008278,0.019607315
29762,95,1,1,1,0.043820176,0.95617986,0.0
30653,41,0,0,0,1.0,0.0,0.0
33685,53,0,0,0,0.9670695,0.017506324,0.015424175
29207,58,0,0,0,0.62260205,0.0409268,0.33647114
33642,96,0,0,0,1.0,0.0,0.0
30598,4,2,2,2,0.12522799,0.046917457,0.8278546
30485,61,0,0,0,1.0,0.0,0.0
29016,83,0,0,0,1.0,0.0,0.0
29849,13,0,0,0,1.0,0.0,0.0
32134,62,0,0,0,1.0,0.0,0.0
30767,34,0,0,0,1.0,0.0,0.0
34006,29,1,1,1,0.012618866,0.9529413,0.03443989
33609,36,0,1,1,0.017069034,0.98082525,0.0021057462
28401,81,0,0,0,0.95510304,0.035978876,0.0089180805
34932,20,0,0,0,0.9569415,0.030726252,0.012332258
32143,84,2,2,2,0.05469242,0.009085553,0.936222
30721,35,1,1,1,0.045400105,0.9545999,0.0
33579,89,0,2,0,1.0,0.0,0.0
28149,8,0,0,0,1.0,0.0,0.0
28132,75,0,0,0,0.5194396,0.47141138,0.009149075
29461,62,0,0,0,0.98628134,0.013718661,0.0
34532,93,0,2,0,1.0,0.0,0.0
34649,78,0,0,0,0.97093546,0.029064504,0.0
30647,98,1,1,1,0.0136068845,0.98161995,0.0047731665
33864,21,2,2,2,0.07375334,0.015675617,0.91057104
32259,85,0,0,0,1.0,0.0,0.0
34823,54,0,2,0,1.0,0.0,0.0
34536,40,2,2,2,0.022805784,0.0063706306,0.9708236
34878,85,0,0,0,1.0,0.0,0.0
28552,96,0,0,0,1.0,0.0,0.0
31815,88,0,0,0,1.0,0.0,0.0
28710,47,1,1,1,0.07854053,0.9164218,0.0050376193
28627,81,0,1,1,0.042567413,0.94516003,0.012272548
34467,32,0,0,0,0.9600314,0.039968606,0.0
32858,17,0,1,1,0.16497442,0.61484146,0.22018418
29360,55,0,0,0,0.99098116,0.009018805,0.0
34545,43,0,0,0,0.96715266,0.016204113,0.01664327
29481,75,0,1,1,0.40780583,0.58308494,0.009109282
28553,36,0,0,0,1.0,0.0,0.0
29415,68,0,0,0,1.0,0.0,0.0
29500,73,0,1,1,0.29218072,0.59364635,0.11417297
28443,81,0,0,0,1.0,0.0,0.0
33121,53,0,1,1,0.41880828,0.5731275,0.008064207
34521,97,0,0,0,0.9870426,0.012957384,0.0
31528,10,0,0,0,1.0,0.0,0.0
34403,98,0,0,0,1.0,0.0,0.0
30663,7,0,0,0,1.0,0.0,0.0
30732,51,0,0,0,0.93286234,0.04565079,0.02148687
34098,89,0,0,0,0.9430928,0.023764983,0.03314218
33843,75,0,0,0,1.0,0.0,0.0
32427,13,0,0,0,1.0,0.0,0.0
29769,3,0,0,0,0.84508914,0.15491085,0.0
30368,29,0,0,0,1.0,0.0,0.0
28637,0,0,0,0,1.0,0.0,0.0
29593,26,0,0,0,1.0,0.0,0.0
31164,94,0,0,0,1.0,0.0,0.0
34192,85,0,0,0,1.0,0.0,0.0
29079,38,0,0,0,0.9460411,0.04477102,0.009187866
30447,5,1,1,1,0.020310288,0.9772186,0.0024711208
34365,79,0,1,1,0.12205612,0.8736246,0.0043192934
33338,43,1,1,1,0.21924534,0.57839024,0.20236447
34575,91,0,0,0,0.9949141,0.0050859014,0.0
34537,5,0,2,2,0.04164577,0.0049704886,0.95338374
30280,57,0,0,0,1.0,0.0,0.0
28516,51,0,1,1,0.43019962,0.56184655,0.007953838
29341,43,0,2,0,1.0,0.0,0.0
33499,23,0,1,1,0.17263359,0.8219856,0.00538081
31263,47,0,2,0,1.0,0.0,0.0
34222,12,0,0,0,1.0,0.0,0.0
32848,84,0,1,1,0.035671294,0.95962656,0.004702096
33985,83,0,1,1,0.039462984,0.9574314,0.0031056637
30096,56,0,0,0,1.0,0.0,0.0
34463,32,1,1,1,0.052682754,0.94731724,0.0
29417,98,0,0,0,1.0,0.0,0.0
28891,20,1,1,1,0.061969593,0.93402344,0.0040069823
32922,50,0,0,0,0.8734094,0.1265906,0.0
33622,57,0,0,0,1.0,0.0,0.0
34059,95,0,0,0,0.9900978,0.0099021625,0.0
33097,79,2,2,2,0.032244477,0.005584091,0.96217144
33608,10,1,1,1,0.39921802,0.59454185,0.0062401257
30791,92,0,2,0,1.0,0.0,0.0
28940,32,0,0,0,1.0,0.0,0.0
34615,75,0,0,0,1.0,0.0,0.0
30556,25,0,0,0,1.0,0.0,0.0
29564,4,1,1,1,0.21159,0.7831795,0.005230514
29658,92,0,0,0,0.7867514,0.19566265,0.01758599
32636,85,0,0,0,1.0,0.0,0.0
31010,50,1,1,1,0.04364499,0.956355,0.0
28396,68,0,2,2,0.20200333,0.008585265,0.7894114
30959,97,0,0,0,1.0,0.0,0.0
31334,47,0,0,0,1.0,0.0,0.0
29096,33,0,0,0,0.9838325,0.016167497,0.0
34454,98,0,0,0,0.9580749,0.027703812,0.01422126
31403,7,0,0,0,0.99566007,0.0043399334,0.0
34406,67,0,0,0,1.0,0.0,0.0
28865,8,0,0,0,1.0,0.0,0.0
34456,43,0,0,0,0.91126955,0.07745761,0.011272869
33930,65,0,0,0,1.0,0.0,0.0
29792,57,0,0,0,1.0,0.0,0.0
28447,72,0,0,0,1.0,0.0,0.0
28292,12,2,2,2,0.019472994,0.034112822,0.9464142
34719,19,0,2,0,1.0,0.0,0.0
32849,9,0,0,0,1.0,0.0,0.0
31828,21,0,0,0,1.0,0.0,0.0
33832,75,0,0,0,1.0,0.0,0.0
33274,50,0,0,0,1.0,0.0,0.0
32117,79,0,0,0,1.0,0.0,0.0
32637,42,1,1,1,0.046866443,0.9531335,0.0
32904,33,0,0,0,0.98927546,0.010724528,0.0
30467,60,0,0,0,1.0,0.0,0.0
30452,58,1,1,1,0.02909919,0.9657159,0.0051849354
34673,22,0,0,0,0.99633473,0.0036653068,0.0
33186,1,2,2,2,0.10784601,0.015695043,0.87645894
28563,42,0,0,0,1.0,0.0,0.0
31315,51,0,0,0,0.6808565,0.11367487,0.20546861
28364,0,0,0,0,1.0,0.0,0.0
29775,25,0,1,1,0.39883196,0.5919442,0.00922387
30953,95,0,0,0,1.0,0.0,0.0
28591,81,0,0,0,0.97556823,0.014755273,0.0096765235
33738,25,0,0,0,1.0,0.0,0.0
29432,62,0,0,0,1.0,0.0,0.0
34193,53,0,1,1,0.37344164,0.6181043,0.008454133
29630,7,0,0,0,1.0,0.0,0.0
33656,57,0,0,0,1.0,0.0,0.0
31981,42,0,0,0,0.9980469,0.0019531158,0.0
32878,27,0,0,0,1.0,0.0,0.0
32892,70,0,2,0,1.0,0.0,0.0
29341,45,2,2,2,0.18382506,0.040303517,0.77587146
32185,1,2,0,0,0.47488746,0.0692527,0.45585984
34619,17,0,0,0,1.0,0.0,0.0
29645,24,0,0,0,0.97709244,0.014752051,0.008155541
30395,90,0,2,0,1.0,0.0,0.0
29223,29,0,0,0,1.0,0.0,0.0
30900,97,0,0,0,0.9933136,0.006686368,0.0
34081,91,1,1,1,0.023174325,0.97682565,0.0
34264,76,0,0,0,0.9336141,0.05965109,0.006734867
28136,64,0,1,1,0.42413193,0.5637076,0.0121605275
28421,55,0,0,0,0.99124944,0.008750545,0.0
32910,70,2,2,2,0.022329295,0.0036298728,0.9740408
34794,73,0,0,0,1.0,0.0,0.0
30233,77,0,0,0,0.93733704,0.06266297,0.0
28064,53,0,0,0,1.0,0.0,0.0
31597,66,0,1,1,0.24293467,0.75060385,0.006461507
32305,74,0,0,0,1.0,0.0,0.0
31964,55,1,1,1,0.051702667,0.9482973,0.0
28569,88,0,0,0,1.0,0.0,0.0
29946,68,0,0,0,0.79771376,0.19550085,0.0067853825
34081,58,1,1,1,0.027188433,0.9707153,0.002096298
35020,49,0,0,0,0.9749175,0.01354453,0.011538009
30795,76,0,0,0,0.8713409,0.018592859,0.11006632
30183,63,0,0,0,1.0,0.0,0.0
33762,92,2,2,2,0.093755886,0.01413168,0.89211243
34772,90,0,0,0,0.81373185,0.06586853,0.12039962
34953,13,0,0,0,1.0,0.0,0.0
33158,9,0,0,0,1.0,0.0,0.0
31524,10,0,0,0,1.0,0.0,0.0
33451,79,0,0,0,1.0,0.0,0.0
32161,47,1,1,1,0.04287403,0.954046,0.00307998
29741,6,0,2,2,0.22657485,0.015967699,0.75745744
34185,73,0,1,1,0.3845686,0.60803896,0.0073924265
30338,40,1,1,1,0.053090524,0.94293255,0.0039769667
28654,93,0,0,0,1.0,0.0,0.0
29014,27,0,0,0,1.0,0.0,0.0
31045,44,0,0,0,1.0,0.0,0.0
30634,25,1,1,1,0.075775094,0.9209814,0.0032435101
29425,4,0,0,0,1.0,0.0,0.0
31421,70,0,0,0,0.51064545,0.3520016,0.13735296
34755,72,0,0,0,1.0,0.0,0.0
29583,6,0,0,0,0.9523604,0.032127608,0.015512016
30613,67,0,0,0,0.9682635,0.020331653,0.011404793
33046,78,0,0,0,0.9932546,0.0067453953,0.0
32349,42,1,1,1,0.102561764,0.8974382,0.0
29007,51,1,1,1,0.24524395,0.745526,0.009229994
31036,54,0,0,0,1.0,0.0,0.0
34579,47,0,0,0,0.7391849,0.12473334,0.1360818
30899,58,0,0,0,0.8107663,0.024775794,0.16445793
30365,85,0,0,0,1.0,0.0,0.0
28112,90,2,2,2,0.019042505,0.0033521862,0.9776053
32217,42,0,0,0,1.0,0.0,0.0
32991,17,0,2,0,1.0,0.0,0.0
28147,89,2,1,1,0.23384036,0.70046645,0.06569322
33337,41,0,0,0,1.0,0.0,0.0
34365,1,0,1,1,0.27142712,0.72237194,0.006200943
33700,67,0,1,1,0.14253499,0.85220546,0.0052594664
30200,50,0,0,0,1.0,0.0,0.0
31710,62,0,0,0,1.0,0.0,0.0
34781,42,0,0,0,1.0,0.0,0.0
31063,54,0,0,0,1.0,0.0,0.0
33393,4,0,0,0,0.9395149,0.03156885,0.028916286
33048,51,0,0,0,1.0,0.0,0.0
34743,61,0,0,0,0.91079247,0.07734131,0.011866269
31196,45,1,1,1,0.19244994,0.8018704,0.0056796875
33086,55,0,0,0,0.98630154,0.013698461,0.0
34253,56,0,2,2,0.39055875,0.019579846,0.5898614
28302,77,0,0,0,0.99285114,0.0071488786,0.0
34784,85,0,0,0,1.0,0.0,0.0
29131,89,0,0,0,1.0,0.0,0.0
29134,2,0,0,0,1.0,0.0,0.0
34105,19,0,2,2,0.3392181,0.19994386,0.46083808
28521,52,0,0,0,0.99309117,0.0069088545,0.0
34741,54,0,0,0,0.9267225,0.03398104,0.039296422
31411,89,0,0,0,0.9251059,0.037206236,0.037687827
30478,11,0,0,0,1.0,0.0,0.0
32883,88,0,0,0,1.0,0.0,0.0
34623,92,0,2,0,1.0,0.0,0.0
33945,92,0,0,0,1.0,0.0,0.0
30592,67,0,0,0,0.68791056,0.066131614,0.24595784
31543,55,0,0,0,1.0,0.0,0.0
31826,92,0,0,0,1.0,0.0,0.0
28513,42,0,1,1,0.051109605,0.9488904,0.0
32572,53,0,0,0,1.0,0.0,0.0
32199,25,0,0,0,1.0,0.0,0.0
29246,11,0,2,2,0.30992296,0.04818516,0.64189184
33237,39,0,0,0,0.9949133,0.005086698,0.0
29348,96,0,2,0,1.0,0.0,0.0
31243,44,0,0,0,1.0,0.0,0.0
34509,85,0,0,0,1.0,0.0,0.0
29365,36,0,0,0,0.93999726,0.045429297,0.014573436
29871,30,0,0,0,0.9924593,0.007540711,0.0
29333,25,0,0,0,1.0,0.0,0.0
29661,26,0,1,1,0.18268779,0.81185555,0.0054566665
31120,60,0,1,1,0.2825236,0.71079946,0.006676897
29953,71,0,0,0,0.5430639,0.448473,0.008463132
30099,17,0,0,0,1.0,0.0,0.0
31119,20,1,1,1,0.29197294,0.70088965,0.007137445
32357,11,1,1,1,0.09034543,0.9064326,0.0032219645
34521,24,0,0,0,1.0,0.0,0.0
29388,34,0,0,0,0.9965206,0.0034794027,0.0
32927,58,1,1,1,0.24797496,0.7462821,0.0057428973
30234,72,0,0,0,1.0,0.0,0.0
30476,20,0,0,0,1.0,0.0,0.0
28405,65,0,0,0,0.92975485,0.04698392,0.023261288
34382,66,0,0,0,0.52871543,0.45813844,0.0131461695
34539,18,0,2,0,1.0,0.0,0.0
31367,99,0,2,0,1.0,0.0,0.0
29385,47,0,0,0,0.63558733,0.3504597,0.013952915
34610,23,0,0,0,1.0,0.0,0.0
33303,60,0,0,0,0.96134007,0.030325275,0.008334643
33403,91,0,0,0,0.7101069,0.28989312,0.0
29534,92,0,0,0,1.0,0.0,0.0
34723,16,0,2,2,0.1100916,0.03583741,0.85407096
32518,23,2,2,2,0.018417163,0.004193877,0.977389
28255,5,0,0,0,1.0,0.0,0.0
30949,9,0,0,0,1.0,0.0,0.0
33951,28,0,0,0,1.0,0.0,0.0
31294,28,0,1,1,0.1443966,0.85560346,0.0
34924,91,0,0,0,1.0,0.0,0.0
34802,24,0,0,0,1.0,0.0,0.0
33696,1,0,1,1,0.28315803,0.71094656,0.005895376
32881,52,0,0,0,1.0,0.0,0.0
28874,9,0,0,0,1.0,0.0,0.0
30007,27,0,0,0,1.0,0.0,0.0
32003,30,0,0,0,1.0,0.0,0.0
31893,10,0,0,0,0.8227219,0.05250151,0.12477658
31303,50,0,0,0,0.831226,0.16877402,0.0
30991,3,0,0,0,0.9879155,0.012084459,0.0
31252,49,0,0,0,1.0,0.0,0.0
31289,53,1,0,0,0.6751539,0.3181586,0.006687546
28048,95,0,0,0,0.99503005,0.004969912,0.0
28237,37,0,0,0,1.0,0.0,0.0
31040,52,0,0,0,1.0,0.0,0.0
33759,1,2,2,2,0.13402127,0.018751344,0.84722745
29527,30,0,0,0,1.0,0.0,0.0
33197,97,0,0,0,0.9936281,0.006371937,0.0
32622,17,0,0,0,0.81388605,0.05771027,0.12840365
33177,57,0,0,0,1.0,0.0,0.0
33222,73,0,1,0,0.44785348,0.54416174,0.007984765
28966,31,0,2,0,1.0,0.0,0.0
28080,84,0,0,0,1.0,0.0,0.0
33704,51,0,1,1,0.39994743,0.59220034,0.007852254
33824,0,0,0,0,1.0,0.0,0.0
33507,73,1,1,1,0.05217935,0.9446032,0.0032174739
29671,11,0,0,0,0.62101406,0.37187746,0.0071084877
31770,30,0,0,0,0.8688,0.13120008,0.0
30735,81,0,0,0,0.9646982,0.021769082,0.013532718
33038,13,0,0,0,1.0,0.0,0.0
28109,81,0,0,0,0.9679481,0.020352673,0.0116992835
33959,95,0,0,0,0.99203104,0.007968966,0.0
32193,24,0,0,0,1.0,0.0,0.0
29140,9,0,0,0,1.0,0.0,0.0
31391,14,1,1,1,0.040524855,0.95610577,0.0033693796
28511,41,0,1,1,0.24587603,0.74888426,0.0052397144
31564,35,0,0,0,0.99010855,0.009891407,0.0
31160,50,0,0,0,1.0,0.0,0.0
29438,55,0,0,0,1.0,0.0,0.0
33830,90,0,0,0,1.0,0.0,0.0
31712,57,0,0,0,1.0,0.0,0.0
28265,79,0,0,0,1.0,0.0,0.0
28638,19,1,1,1,0.017759778,0.97865045,0.0035897812
28283,98,0,2,0,1.0,0.0,0.0
33749,85,0,0,0,1.0,0.0,0.0
32295,27,0,0,0,1.0,0.0,0.0
28138,21,0,1,0,0.4863846,0.5031561,0.010459279
31825,63,0,0,0,1.0,0.0,0.0
34091,96,0,0,0,0.98009557,0.012780204,0.00712427
28974,24,0,0,0,0.97853535,0.013939208,0.007525435
29531,25,0,0,0,1.0,0.0,0.0
28442,52,0,0,0,0.97936296,0.020637028,0.0
34784,41,0,0,0,0.65712374,0.18050411,0.16237211
32095,89,0,0,0,1.0,0.0,0.0
33850,30,0,0,0,1.0,0.0,0.0
31331,64,0,0,0,1.0,0.0,0.0
29423,37,0,0,0,1.0,0.0,0.0
28847,52,0,0,0,1.0,0.0,0.0
33791,4,1,1,1,0.16166496,0.8341671,0.0041679624
31625,62,0,0,0,1.0,0.0,0.0
29854,81,1,1,1,0.07916868,0.9173812,0.0034501494
30124,64,0,2,0,1.0,0.0,0.0
30155,43,0,1,1,0.04162545,0.9554439,0.0029306437
28207,36,2,2,2,0.024943167,0.0035843176,0.97147256
31712,8,0,0,0,1.0,0.0,0.0
28902,69,1,1,1,0.10493203,0.88840854,0.006659468
34113,79,0,0,0,1.0,0.0,0.0
31929,33,0,0,0,1.0,0.0,0.0
33894,1,0,1,1,0.24193321,0.75311255,0.0049543027
33924,35,0,0,0,1.0,0.0,0.0
31918,45,0,0,0,1.0,0.0,0.0
33787,25,0,1,1,0.28742212,0.70756453,0.0050133467
30655,67,0,0,0,1.0,0.0,0.0
32145,98,0,0,0,0.96405643,0.019130757,0.016812785
28880,55,0,0,0,0.99483716,0.0051628402,0.0
34540,94,0,2,0,1.0,0.0,0.0
34156,20,2,2,2,0.0826754,0.0041353693,0.91318923
32937,70,1,1,1,0.060829315,0.9356796,0.0034910846
28113,20,0,0,0,0.91546,0.037516944,0.047023088
28403,34,0,0,0,0.992527,0.007473012,0.0
28661,34,0,0,0,1.0,0.0,0.0
32690,31,0,0,0,1.0,0.0,0.0
33927,17,0,0,0,1.0,0.0,0.0
33016,39,1,0,0,0.86225563,0.13774437,0.0
33288,95,0,0,0,0.992955,0.0070449673,0.0
28723,82,0,0,0,0.9454611,0.026296869,0.028242059
28446,8,0,0,0,1.0,0.0,0.0
33236,29,1,1,1,0.01591916,0.9803443,0.0037365817
30201,89,0,0,0,1.0,0.0,0.0
33469,91,0,0,0,1.0,0.0,0.0
32525,92,2,2,2,0.039122503,0.0043929173,0.9564846
34635,10,2,2,2,0.066646606,0.010731261,0.92262214
31555,13,0,0,0,1.0,0.0,0.0
29888,2,0,0,0,1.0,0.0,0.0
28556,4,0,0,0,1.0,0.0,0.0
33661,81,0,0,0,1.0,0.0,0.0
29730,81,0,1,1,0.23783848,0.65452605,0.10763549
32915,38,0,0,0,0.96921796,0.02352328,0.007258795
29156,15,2,2,2,0.077126965,0.024196388,0.89867663
30121,48,2,2,2,0.09268547,0.048349727,0.8589648
32178,19,0,0,0,0.88386136,0.060663983,0.055474672
28381,70,0,0,0,1.0,0.0,0.0
29707,84,0,0,0,1.0,0.0,0.0
28929,18,0,0,0,1.0,0.0,0.0
28373,8,0,0,0,1.0,0.0,0.0
32598,19,0,0,0,1.0,0.0,0.0
31473,14,2,2,2,0.076366045,0.0049732164,0.91866076
34212,71,0,0,0,1.0,0.0,0.0
31594,39,0,0,0,0.99326247,0.0067375274,0.0
32316,64,0,1,1,0.40884507,0.46451205,0.12664294
30417,42,0,0,0,0.99062836,0.009371672,0.0
32178,14,0,0,0,0.70138633,0.26253283,0.03608085
29951,85,0,0,0,1.0,0.0,0.0
31219,30,0,0,0,0.89808255,0.101917446,0.0
30066,70,0,0,0,0.9230448,0.02669423,0.050260965
28231,71,1,1,0,0.46755052,0.5256359,0.0068135858
34446,57,0,0,0,0.9940407,0.005959286,0.0
34059,29,0,2,0,1.0,0.0,0.0
28576,6,0,2,0,1.0,0.0,0.0
34531,15,2,2,2,0.027407361,0.0045721037,0.96802056
31353,15,0,0,0,1.0,0.0,0.0
31956,47,0,0,0,0.96772176,0.024631478,0.0076467283
29215,35,0,0,0,1.0,0.0,0.0
33725,63,0,0,0,1.0,0.0,0.0
33146,37,0,0,0,1.0,0.0,0.0
31958,38,0,0,0,0.9635332,0.02830819,0.008158607
30228,52,0,0,0,0.99397355,0.0060264575,0.0
29890,72,0,0,0,1.0,0.0,0.0
33939,85,0,0,0,1.0,0.0,0.0
34650,75,0,0,0,0.71815854,0.27365893,0.008182478
32117,57,0,0,0,1.0,0.0,0.0
29738,42,0,0,0,0.9905031,0.009496943,0.0
30301,75,0,2,0,1.0,0.0,0.0
31724,62,0,0,0,1.0,0.0,0.0
29848,51,0,0,0,0.89752847,0.091649316,0.010822125
29753,42,0,0,0,0.9738588,0.02614123,0.0
29830,56,1,2,2,0.10817483,0.045848016,0.8459772
32200,73,0,0,0,1.0,0.0,0.0
29934,49,0,0,0,0.9730012,0.014579325,0.012419501
28558,98,0,0,0,1.0,0.0,0.0
34890,74,0,0,0,1.0,0.0,0.0
31597,51,0,1,1,0.24608389,0.7459939,0.007922198
30749,97,0,0,0,1.0,0.0,0.0
32515,48,2,2,2,0.11956334,0.038642667,0.84179395
31408,1,0,0,0,0.9314357,0.034900278,0.033663936
33689,15,0,0,0,0.93182516,0.05622742,0.011947335
31184,84,0,0,0,0.9630089,0.018124279,0.018866854
28899,19,0,1,1,0.077292435,0.917908,0.0047994936
29521,30,0,0,0,1.0,0.0,0.0
28404,3,0,0,0,0.97384715,0.026152862,0.0
33782,53,0,0,0,0.8943258,0.028640326,0.07703389
28603,45,0,0,0,0.74323034,0.24930957,0.0074601076
32492,75,0,0,0,1.0,0.0,0.0
30967,26,0,0,0,1.0,0.0,0.0
34766,9,0,0,0,1.0,0.0,0.0
28265,99,0,0,0,1.0,0.0,0.0
29732,33,0,0,0,1.0,0.0,0.0
33160,51,0,0,0,1.0,0.0,0.0
34875,93,0,1,1,0.20663792,0.4678427,0.3255194
32398,74,0,0,0,1.0,0.0,0.0
30932,77,0,0,0,0.9940813,0.0059186923,0.0
33955,49,0,2,0,1.0,0.0,0.0
32230,76,0,0,0,0.84569675,0.023783185,0.1305201
34471,58,0,1,1,0.031616867,0.96589667,0.00248644
32408,74,0,0,0,1.0,0.0,0.0
33958,0,0,0,0,1.0,0.0,0.0
32402,84,0,0,0,1.0,0.0,0.0
29338,40,0,0,0,1.0,0.0,0.0
33035,55,0,0,0,0.99600655,0.0039934306,0.0
28394,43,0,0,0,0.7734002,0.042093426,0.1845063
34488,17,0,2,2,0.3466544,0.06395093,0.5893947
28149,1,1,1,1,0.26848614,0.718125,0.0133888265
30754,34,0,0,0,1.0,0.0,0.0
31460,12,2,2,2,0.04002043,0.0067821075,0.9531975
32413,28,0,0,0,0.9792017,0.020798327,0.0
29655,36,0,0,0,0.89227283,0.0953873,0.012339902
33665,59,0,2,0,1.0,0.0,0.0
33761,3,0,0,0,0.9607906,0.03920946,0.0
31775,32,1,1,1,0.05894849,0.9410515,0.0
34462,61,0,1,1,0.18259159,0.812395,0.00501349
33345,91,0,0,0,1.0,0.0,0.0
30639,52,0,0,0,0.9967931,0.0032069357,0.0
34517,28,0,0,0,1.0,0.0,0.0
29771,13,0,0,0,1.0,0.0,0.0
34470,31,1,1,1,0.025696708,0.9720216,0.0022817089
33437,26,0,0,0,0.52195793,0.33196238,0.14607967
29796,2,0,0,0,1.0,0.0,0.0
31460,72,0,0,0,1.0,0.0,0.0
29081,68,0,0,0,0.9358749,0.056445226,0.0076798545
31952,40,0,0,0,0.95960665,0.018421687,0.02197169
28618,81,0,1,1,0.30428928,0.6897144,0.0059963027
33095,31,2,2,2,0.026414638,0.0035371627,0.9700482
28493,2,0,0,0,0.967579,0.022707978,0.009712988
31050,12,0,0,0,1.0,0.0,0.0
29114,92,0,0,0,1.0,0.0,0.0
30181,46,0,0,0,1.0,0.0,0.0
30558,63,0,0,0,1.0,0.0,0.0
31831,44,0,0,0,1.0,0.0,0.0
28957,63,0,0,0,0.9561507,0.043849256,0.0
32254,40,0,1,1,0.14905466,0.8448324,0.0061129485
29016,67,1,1,1,0.013527308,0.98320204,0.0032705786
32563,12,0,0,0,0.9040731,0.045756742,0.050170165
29230,82,0,0,0,1.0,0.0,0.0
31677,44,0,0,0,1.0,0.0,0.0
31462,67,0,2,0,1.0,0.0,0.0
34606,66,0,0,0,1.0,0.0,0.0
29598,5,0,1,1,0.039990943,0.93451434,0.025494743
29114,13,0,0,0,1.0,0.0,0.0
33895,84,0,1,1,0.32625863,0.666394,0.0073473724
28256,21,0,0,0,1.0,0.0,0.0
31658,47,0,2,2,0.17823087,0.016537353,0.8052318
28469,51,0,0,0,1.0,0.0,0.0
31382,66,0,0,0,0.92062384,0.06678599,0.012590188
32474,84,0,0,0,1.0,0.0,0.0
35001,23,0,0,0,1.0,0.0,0.0
33826,63,0,0,0,1.0,0.0,0.0
31906,44,0,0,0,1.0,0.0,0.0
30280,96,0,0,0,1.0,0.0,0.0
33427,43,0,0,0,0.9206145,0.045734815,0.033650678
32605,96,0,2,0,1.0,0.0,0.0
32731,1,0,0,0,0.69742763,0.2932944,0.009278019
33003,49,0,0,0,0.9657857,0.016681487,0.017532807
31759,26,0,0,0,0.9770951,0.014027489,0.008877415
34309,87,0,0,0,1.0,0.0,0.0
31000,34,0,0,0,0.9685974,0.03140261,0.0
32229,16,0,2,0,1.0,0.0,0.0
28218,78,0,0,0,0.8735998,0.12640014,0.0
33835,82,0,0,0,1.0,0.0,0.0
29658,32,0,0,0,0.87874025,0.12125976,0.0
31879,5,1,1,1,0.03468251,0.96181023,0.0035072796
28580,34,0,0,0,0.94550395,0.05449608,0.0
29142,52,0,0,0,1.0,0.0,0.0
30048,85,0,0,0,1.0,0.0,0.0
29355,54,0,2,0,1.0,0.0,0.0
30166,47,0,0,0,1.0,0.0,0.0
29683,61,1,1,1,0.01544011,0.9797177,0.0048422217
29402,83,0,0,0,0.7276829,0.10056396,0.17175317
31461,63,0,0,0,0.99174106,0.008258938,0.0
35004,1,0,2,0,1.0,0.0,0.0
34846,92,1,1,1,0.19076188,0.80366945,0.0055686953
33456,41,0,0,0,1.0,0.0,0.0
33708,37,0,0,0,1.0,0.0,0.0
30585,0,0,0,0,1.0,0.0,0.0
30818,65,0,1,1,0.08121558,0.91544694,0.0033375074
30460,73,1,1,1,0.013655787,0.981779,0.0045652757
29695,14,0,0,0,1.0,0.0,0.0
34654,51,0,1,1,0.19054149,0.8038774,0.005581079
28436,70,0,0,0,0.8647754,0.041243166,0.093981326
31827,38,0,0,0,1.0,0.0,0.0
32057,95,0,0,0,0.9709498,0.029050212,0.0
29590,77,0,0,0,0.99414784,0.0058521545,0.0
33106,21,0,0,0,0.9766424,0.017677989,0.005679692
28996,48,0,1,0,0.48153868,0.508658,0.009803317
34209,49,0,0,0,1.0,0.0,0.0
34648,57,0,0,0,0.9750525,0.024947507,0.0
32552,39,0,0,0,0.98305285,0.016947137,0.0
34809,87,0,0,0,1.0,0.0,0.0
31908,63,0,0,0,1.0,0.0,0.0
31702,80,1,1,1,0.15817332,0.47454312,0.36728358
32237,70,0,2,2,0.0899764,0.0090982625,0.9009253
31626,55,0,0,0,1.0,0.0,0.0
28560,64,0,0,0,1.0,0.0,0.0
32310,28,0,0,0,1.0,0.0,0.0
30588,93,0,2,0,1.0,0.0,0.0
31115,87,0,0,0,0.99489856,0.0051014586,0.0
33700,81,0,1,1,0.37602705,0.6169574,0.007015521
33049,94,1,2,2,0.072250046,0.24823116,0.6795188
32258,78,0,0,0,0.9694754,0.03052463,0.0
31708,25,0,0,0,1.0,0.0,0.0
28767,48,0,2,2,0.15569007,0.041534618,0.8027753
31265,42,0,0,0,1.0,0.0,0.0
34758,35,0,0,0,0.9864306,0.013569385,0.0
28271,98,0,0,0,1.0,0.0,0.0
30437,7,0,0,0,0.99332273,0.006677285,0.0
31547,94,0,0,0,1.0,0.0,0.0
28591,57,0,0,0,0.98961824,0.010381737,0.0
28960,93,2,2,2,0.15196243,0.050745994,0.79729164
32758,9,0,0,0,1.0,0.0,0.0
31601,24,1,1,1,0.011977205,0.98250085,0.005521952
28986,86,0,0,0,0.8331497,0.16685037,0.0
34100,74,0,0,0,0.71253324,0.054189485,0.23327726
33063,72,0,0,0,1.0,0.0,0.0
29550,74,0,0,0,0.968828,0.025498137,0.005673869
28363,45,0,0,0,1.0,0.0,0.0
34658,25,1,1,1,0.38840568,0.60472715,0.0068672476
28345,25,0,2,2,0.23108277,0.2398712,0.529046
34495,79,0,0,0,1.0,0.0,0.0
31435,84,0,0,0,1.0,0.0,0.0
30551,58,0,2,0,0.13946173,0.41619754,0.4443407
29061,14,2,2,2,0.039078515,0.024637233,0.93628424
30441,55,0,0,0,0.9925256,0.007474427,0.0
31785,80,1,1,1,0.025690066,0.9711844,0.0031255267
29636,49,0,2,0,1.0,0.0,0.0
32604,47,2,0,0,0.51261806,0.032061078,0.45532086
31071,32,0,0,0,0.9883404,0.011659619,0.0
28477,80,0,2,0,1.0,0.0,0.0
34046,8,0,0,0,1.0,0.0,0.0
28588,28,0,0,0,0.98203564,0.017964402,0.0
34771,17,0,0,0,0.9337465,0.024489589,0.041763928
30623,85,0,0,0,1.0,0.0,0.0
33813,99,0,0,0,0.73772395,0.07411939,0.18815671
31026,71,0,0,0,0.9422257,0.022301342,0.03547297
34892,81,0,0,0,1.0,0.0,0.0
35015,54,0,2,0,1.0,0.0,0.0
29589,62,0,0,0,0.9949534,0.0050466135,0.0
34704,2,0,0,0,1.0,0.0,0.0
28792,18,0,0,0,0.94317776,0.04616336,0.010658879
34099,48,0,0,0,0.84300405,0.09971573,0.05728024
33301,37,0,0,0,1.0,0.0,0.0
34685,43,0,0,0,1.0,0.0,0.0
33787,53,0,1,1,0.32553816,0.66946465,0.0049971924
31457,77,0,0,0,1.0,0.0,0.0
28622,51,0,1,1,0.14705172,0.8469486,0.0059995763
28756,48,0,0,0,1.0,0.0,0.0
32044,62,0,0,0,0.9925759,0.0074241236,0.0
33292,43,0,0,0,0.9732482,0.013170182,0.013581666
30485,85,0,0,0,1.0,0.0,0.0
30306,87,0,0,0,0.9595444,0.04045558,0.0
30323,72,0,0,0,1.0,0.0,0.0
29439,64,0,2,0,1.0,0.0,0.0
32074,34,1,1,1,0.12404589,0.8759541,0.0
33269,20,0,0,0,1.0,0.0,0.0
30130,36,0,2,2,0.16345194,0.009897523,0.8266505
28112,19,0,0,0,0.94399154,0.015135623,0.040872823
31788,76,0,0,0,0.70748657,0.28104037,0.011473027
34804,66,0,0,0,1.0,0.0,0.0
29799,59,0,0,0,1.0,0.0,0.0
31274,38,0,0,0,0.9773546,0.017584138,0.005061255
28617,45,0,1,1,0.43887246,0.5546347,0.006492863
32285,98,1,1,1,0.013473362,0.98103094,0.0054957024
33293,49,0,0,0,0.97596306,0.012730487,0.011306458
32457,69,1,1,1,0.040472303,0.9563422,0.0031854778
29871,18,0,0,0,0.8962934,0.08415799,0.019548628
32897,53,0,2,0,1.0,0.0,0.0
31500,70,0,1,1,0.37305307,0.61925447,0.0076925075
28156,52,0,0,0,1.0,0.0,0.0
34288,35,0,0,0,0.9953531,0.0046469113,0.0
28207,0,0,0,0,1.0,0.0,0.0
29841,59,0,0,0,0.9022461,0.028920986,0.06883285
29365,61,0,0,0,0.9668725,0.023351274,0.009776233
28197,99,0,2,0,1.0,0.0,0.0
31025,52,0,0,0,0.9963195,0.003680526,0.0
28818,1,1,1,1,0.29648364,0.69378006,0.009736331
30001,29,0,0,0,1.0,0.0,0.0
34171,37,0,0,0,1.0,0.0,0.0
31203,62,0,0,0,0.97568125,0.024318771,0.0
31118,24,0,1,1,0.40232167,0.5912355,0.0064428267
34974,22,0,0,0,1.0,0.0,0.0
30407,69,0,2,2,0.1045671,0.005729967,0.889703
33237,48,1,1,1,0.12998125,0.84689736,0.02312141
34733,75,0,0,0,0.8603365,0.040504962,0.09915857
35030,33,0,0,0,0.9890679,0.010932113,0.0
31833,63,0,0,0,1.0,0.0,0.0
33706,30,0,0,0,0.987206,0.012794024,0.0
29896,21,0,0,0,1.0,0.0,0.0
29036,87,0,0,0,1.0,0.0,0.0
33339,54,0,0,0,1.0,0.0,0.0
28948,3,0,0,0,1.0,0.0,0.0
30638,40,0,1,1,0.035891376,0.9604615,0.0036471314
32670,95,0,0,0,0.9528302,0.047169797,0.0
30896,24,0,0,0,0.9778863,0.011083096,0.011030526
28633,94,1,1,1,0.017635837,0.9621869,0.020177333
31439,19,0,0,0,1.0,0.0,0.0
30524,0,0,0,0,1.0,0.0,0.0
31966,88,1,1,1,0.18522793,0.81006587,0.004706209
32889,72,0,0,0,1.0,0.0,0.0
30594,21,2,2,2,0.112204306,0.017603237,0.87019247
34817,62,0,0,0,1.0,0.0,0.0
34568,50,0,0,0,0.99337876,0.006621261,0.0
32225,94,0,2,0,1.0,0.0,0.0
32006,92,0,0,0,1.0,0.0,0.0
28303,73,0,2,2,0.24989545,0.012508239,0.73759633
33659,78,0,0,0,1.0,0.0,0.0
30203,43,0,0,0,1.0,0.0,0.0
29279,23,1,1,1,0.042458005,0.9533003,0.004241705
31470,7,0,0,0,0.99207276,0.007927217,0.0
33418,66,0,0,0,0.97288465,0.023516916,0.0035984616
32659,64,0,0,0,0.7437154,0.028221333,0.22806326
28063,67,0,0,0,0.4441496,0.4244413,0.13140911
28669,76,0,0,0,1.0,0.0,0.0
32661,28,0,0,0,0.9846119,0.015388075,0.0
33739,33,0,0,0,1.0,0.0,0.0
32752,24,0,0,0,0.92999184,0.042864114,0.027144047
33412,1,1,1,1,0.06104478,0.9359688,0.002986408
31326,40,0,0,0,1.0,0.0,0.0
30548,32,0,0,0,1.0,0.0,0.0
29144,79,0,0,0,1.0,0.0,0.0
28397,5,0,0,0,0.96790737,0.022126902,0.0099657085
32603,93,0,0,0,1.0,0.0,0.0
28899,66,0,1,0,0.4484128,0.5466575,0.0049296957
34179,70,0,0,0,0.49969965,0.4923544,0.007946002
33451,51,0,0,0,1.0,0.0,0.0
33469,31,0,2,0,1.0,0.0,0.0
28563,58,0,0,0,1.0,0.0,0.0
28894,14,1,1,1,0.036869477,0.9599974,0.003133144
31904,73,0,0,0,1.0,0.0,0.0
31748,70,0,0,0,0.873588,0.028969748,0.09744221
31179,22,0,0,0,0.9618528,0.038147204,0.0
29716,67,0,0,0,1.0,0.0,0.0
34395,92,1,1,1,0.034160245,0.9499122,0.01592761
33302,97,0,0,0,0.98739725,0.01260275,0.0
29856,38,1,1,1,0.052820917,0.9444808,0.002698298
29730,9,0,0,0,1.0,0.0,0.0
28197,38,0,0,0,0.89836836,0.09576876,0.005862884
32684,45,0,0,0,1.0,0.0,0.0
28474,61,0,0,0,1.0,0.0,0.0
29164,76,0,2,0,1.0,0.0,0.0
28087,60,0,0,0,1.0,0.0,0.0
29769,67,0,1,1,0.24524705,0.7467552,0.00799778
33303,34,0,0,0,0.9667559,0.03324412,0.0
29286,93,0,0,0,0.9683275,0.0226495,0.009022969
31437,30,0,0,0,1.0,0.0,0.0
33867,0,0,0,0,1.0,0.0,0.0
28925,71,0,0,0,1.0,0.0,0.0
31716,62,0,0,0,1.0,0.0,0.0
29022,12,0,0,0,1.0,0.0,0.0
28379,46,0,0,0,1.0,0.0,0.0
28268,84,0,0,0,1.0,0.0,0.0
32956,46,0,0,0,1.0,0.0,0.0
28106,36,2,2,2,0.024813436,0.004024594,0.971162
30302,14,0,2,0,1.0,0.0,0.0
33926,49,0,0,0,1.0,0.0,0.0
32112,24,0,0,0,1.0,0.0,0.0
28412,53,1,1,1,0.18063717,0.81492203,0.004440832
28550,97,0,0,0,1.0,0.0,0.0
30373,72,0,0,0,1.0,0.0,0.0
32716,11,0,0,0,0.9783977,0.015960231,0.0056420695
31002,7,0,0,0,0.8542815,0.14571851,0.0
28177,20,0,0,0,1.0,0.0,0.0
31020,55,0,0,0,0.9968152,0.0031848035,0.0
31151,59,0,0,0,1.0,0.0,0.0
31616,11,0,0,0,1.0,0.0,0.0
30254,76,0,0,0,0.9526568,0.033293467,0.014049698
28179,4,0,0,0,1.0,0.0,0.0
34716,81,0,2,0,1.0,0.0,0.0
28346,13,0,0,0,1.0,0.0,0.0
31042,22,0,0,0,1.0,0.0,0.0
32814,77,0,0,0,0.98441863,0.015581381,0.0
33261,62,0,0,0,1.0,0.0,0.0
32763,29,0,0,0,0.46939322,0.089906104,0.44070068
33131,33,0,0,0,0.9950711,0.004928882,0.0
28326,61,1,1,1,0.09286167,0.90361494,0.0035234096
33423,43,0,0,0,0.89005697,0.10573355,0.0042094383
31386,16,0,1,1,0.36923638,0.6253283,0.005435351
28651,92,0,0,0,1.0,0.0,0.0
33295,52,0,0,0,0.99450666,0.005493389,0.0
30658,28,0,0,0,1.0,0.0,0.0
31377,17,0,0,0,0.9687939,0.024157425,0.00704869
31198,34,0,1,1,0.04544195,0.954558,0.0
28565,14,0,0,0,1.0,0.0,0.0
29264,5,0,2,2,0.06906562,0.0053297966,0.9256046
32374,69,0,2,2,0.43152186,0.07379819,0.49467996
34314,60,0,0,0,1.0,0.0,0.0
31796,65,0,0,0,0.8435875,0.048156645,0.10825583
32284,31,0,0,0,1.0,0.0,0.0
29555,99,0,2,2,0.047519255,0.0069135576,0.9455672
34910,12,2,2,2,0.2120105,0.018034618,0.7699549
30286,6,0,0,0,1.0,0.0,0.0
32759,14,0,0,0,0.6049227,0.044952676,0.35012463
33474,82,0,2,2,0.2118447,0.042018574,0.7461367
33261,91,0,0,0,1.0,0.0,0.0
31298,71,0,0,0,0.54995793,0.44560352,0.004438517
30191,92,0,0,0,1.0,0.0,0.0
28988,44,0,0,0,1.0,0.0,0.0
32665,38,0,2,2,0.12830889,0.25523922,0.61645186
28405,36,0,0,0,0.8855356,0.08529357,0.029170856
30494,8,0,0,0,1.0,0.0,0.0
31718,41,0,0,0,1.0,0.0,0.0
30438,78,0,0,0,0.5578069,0.44219312,0.0
28274,23,0,0,0,1.0,0.0,0.0
28156,57,0,0,0,0.99240494,0.007595105,0.0
31405,44,0,0,0,1.0,0.0,0.0
31356,73,0,2,0,1.0,0.0,0.0
32332,66,0,0,0,0.9782869,0.017788451,0.0039246343
34676,67,0,1,1,0.26492035,0.5883231,0.14675653
32667,15,0,0,0,1.0,0.0,0.0
34763,73,0,0,0,0.9210885,0.07217327,0.006738226
29896,75,0,0,0,1.0,0.0,0.0
30654,74,0,0,0,1.0,0.0,0.0
33244,47,0,0,0,1.0,0.0,0.0
32265,70,0,1,1,0.19760482,0.79699814,0.00539707
30780,26,0,2,0,1.0,0.0,0.0
29385,31,1,1,1,0.10299126,0.8910771,0.00593162
29590,52,0,0,0,0.99381715,0.006182856,0.0
32072,92,1,1,1,0.443476,0.5497239,0.0068000867
33643,83,0,0,0,1.0,0.0,0.0
28806,1,0,0,0,0.55085754,0.44129476,0.007847702
30163,60,0,0,0,0.92691576,0.029244915,0.04383931
29796,44,0,0,0,1.0,0.0,0.0
34705,48,0,0,0,1.0,0.0,0.0
33825,89,0,0,0,1.0,0.0,0.0
28623,66,0,1,1,0.17029557,0.82524467,0.0044597583
34079,95,1,1,1,0.04257887,0.9574211,0.0
34997,9,0,0,0,1.0,0.0,0.0
29733,93,2,2,2,0.13243479,0.053054187,0.814511
31688,65,0,0,0,0.96330935,0.028517779,0.008172897
31840,39,0,0,0,1.0,0.0,0.0
32328,15,0,0,0,0.9730383,0.020435495,0.006526181
29645,61,0,0,0,0.9182423,0.025226012,0.05653171
30157,55,0,0,0,0.99704117,0.0029588437,0.0
33529,16,0,2,2,0.20962434,0.027077612,0.76329803
28650,96,0,0,0,1.0,0.0,0.0
30109,60,0,0,0,1.0,0.0,0.0
33806,1,0,0,0,0.9318644,0.06039653,0.007739076
30117,60,0,2,0,1.0,0.0,0.0
31897,53,0,0,0,1.0,0.0,0.0
31413,79,0,0,0,0.5546122,0.09985462,0.34553322
31611,86,0,0,0,0.9902046,0.009795432,0.0
28841,63,0,0,0,1.0,0.0,0.0
30580,42,0,0,0,1.0,0.0,0.0
29468,85,0,0,0,1.0,0.0,0.0
31683,49,1,1,1,0.04064166,0.95675546,0.0026028508
33405,48,1,1,1,0.122282796,0.8739908,0.0037264226
34315,78,0,0,0,1.0,0.0,0.0
33393,95,0,0,0,0.9918309,0.008169074,0.0
30055,88,0,0,0,0.96665305,0.027197309,0.006149679
33294,39,0,0,0,0.9799033,0.020096673,0.0
30732,88,0,0,0,0.9679308,0.02061647,0.0114527615
30945,95,0,0,0,1.0,0.0,0.0
30998,72,0,0,0,1.0,0.0,0.0
31048,1,0,0,0,1.0,0.0,0.0
30655,26,0,0,0,1.0,0.0,0.0
33979,78,0,0,0,0.74316746,0.25683257,0.0
30822,92,0,0,0,0.79129595,0.19962637,0.009077704
31593,11,0,1,1,0.27545837,0.717549,0.006992568
31566,26,2,2,2,0.05314332,0.0046557114,0.94220096
30674,26,0,0,0,1.0,0.0,0.0
31524,54,0,0,0,1.0,0.0,0.0
32035,89,0,2,0,1.0,0.0,0.0
32573,29,0,0,0,1.0,0.0,0.0
32865,75,0,1,1,0.08419023,0.85530365,0.06050617
30604,8,0,0,0,1.0,0.0,0.0
28375,50,0,0,0,1.0,0.0,0.0
33772,84,0,0,0,0.9452677,0.019080305,0.035652023
31342,9,0,0,0,1.0,0.0,0.0
33192,27,2,2,2,0.0377073,0.00910006,0.95319265
34434,27,0,2,0,1.0,0.0,0.0
29177,18,0,0,0,0.94396764,0.046259776,0.009772645
30449,97,0,0,0,0.9939252,0.0060747983,0.0
30160,63,0,0,0,0.99683005,0.0031699121,0.0
31134,10,0,0,0,1.0,0.0,0.0
34801,28,0,0,0,1.0,0.0,0.0
33247,87,0,0,0,1.0,0.0,0.0
32786,28,0,0,0,1.0,0.0,0.0
34169,73,0,0,0,0.91102195,0.08070445,0.008273574
31691,80,1,1,1,0.035462324,0.96036,0.0041776365
34056,8,0,0,0,1.0,0.0,0.0
30653,98,0,0,0,1.0,0.0,0.0
30093,21,0,0,0,1.0,0.0,0.0
32437,65,0,0,0,0.9696859,0.02506502,0.0052490956
32494,23,0,0,0,1.0,0.0,0.0
32161,86,0,1,1,0.38436657,0.6156335,0.0
34812,41,0,0,0,1.0,0.0,0.0
28332,97,0,0,0,0.99230695,0.0076930257,0.0
33246,1,0,0,0,1.0,0.0,0.0
32079,78,0,0,0,0.99611443,0.0038856042,0.0
33213,33,1,1,1,0.063938804,0.9360612,0.0
28291,25,0,2,2,0.16837522,0.08456936,0.7470554
34101,4,0,2,2,0.38809758,0.021786269,0.59011614
32400,3,0,0,0,1.0,0.0,0.0
31328,16,0,0,0,1.0,0.0,0.0
34814,6,0,2,0,1.0,0.0,0.0
34194,51,0,1,1,0.39515397,0.56320584,0.04164025
33392,92,0,0,0,0.97251135,0.011211485,0.0162772
33110,96,0,0,0,0.9659745,0.022303725,0.011721802
28489,68,2,2,2,0.074106336,0.013218314,0.9126754
31486,91,1,1,1,0.059346262,0.94065374,0.0
32263,22,0,0,0,0.99505687,0.004943112,0.0
29818,35,0,0,0,1.0,0.0,0.0
31576,19,0,0,0,1.0,0.0,0.0
28124,10,0,1,1,0.21677268,0.7776921,0.005535259
28145,49,1,1,1,0.044280592,0.94359875,0.012120682
28532,57,0,0,0,0.9949682,0.005031827,0.0
34477,51,0,0,0,0.9527616,0.038403332,0.0088351015
32342,30,0,0,0,0.9864875,0.013512532,0.0
32038,0,0,0,0,1.0,0.0,0.0
29748,69,0,0,0,0.9451367,0.023524597,0.031338714
29779,4,0,1,1,0.3994923,0.53964865,0.060859077
33411,32,0,0,0,0.9784004,0.021599617,0.0
33751,79,0,0,0,1.0,0.0,0.0
32475,23,0,0,0,1.0,0.0,0.0
32825,49,0,0,0,0.9543951,0.03788657,0.0077183344
29607,35,0,0,0,1.0,0.0,0.0
31134,7,0,0,0,1.0,0.0,0.0
31290,71,1,1,1,0.2776317,0.71883833,0.003529963
30108,97,0,0,0,1.0,0.0,0.0
29359,6,0,2,2,0.16068012,0.014363273,0.82495666
28525,12,1,1,1,0.025984745,0.9718482,0.0021670805
32315,17,0,2,0,1.0,0.0,0.0
28541,55,0,0,0,1.0,0.0,0.0
28707,63,0,0,0,0.9657281,0.034271877,0.0
32856,65,0,2,2,0.19465034,0.3356382,0.4697115
31903,80,0,0,0,1.0,0.0,0.0
30593,57,0,0,0,1.0,0.0,0.0
33425,66,0,0,0,0.9194674,0.05217557,0.028357087
34148,85,0,0,0,1.0,0.0,0.0
31421,23,0,0,0,0.5500006,0.15329847,0.29670092
30531,16,1,1,1,0.050672743,0.9456538,0.0036735071
30882,9,0,0,0,1.0,0.0,0.0
31412,85,0,0,0,1.0,0.0,0.0
33527,28,0,0,0,0.99440396,0.0055960617,0.0
29839,49,0,0,0,0.963857,0.017143637,0.0189994
31792,49,0,0,0,0.9325858,0.055764005,0.011650197
33586,29,0,0,0,0.9681789,0.023913767,0.007907229
29653,40,0,0,0,0.96525115,0.023671547,0.011077255
33762,42,0,0,0,1.0,0.0,0.0
33936,47,0,0,0,1.0,0.0,0.0
34084,21,1,1,1,0.04493022,0.9522855,0.0027842708
30584,62,0,0,0,1.0,0.0,0.0
30126,22,0,0,0,0.97648567,0.023514325,0.0
29872,11,0,0,0,0.9053607,0.073025,0.021614343
29480,24,0,0,0,0.5927874,0.4001943,0.0070183314
33534,43,0,0,0,1.0,0.0,0.0
31131,41,0,0,0,1.0,0.0,0.0
34683,20,0,0,0,1.0,0.0,0.0
34355,52,0,0,0,0.9928704,0.0071296063,0.0
28087,66,0,0,0,1.0,0.0,0.0
29949,82,0,1,1,0.21986054,0.7751769,0.0049626296
29414,90,0,0,0,1.0,0.0,0.0
34821,93,0,2,0,1.0,0.0,0.0
30516,47,0,2,2,0.21291241,0.027122382,0.75996524
31418,79,0,0,0,0.3882718,0.23961765,0.37211052
33386,96,0,0,0,0.6314295,0.3406512,0.027919274
28328,85,0,0,0,1.0,0.0,0.0
29196,44,0,0,0,1.0,0.0,0.0
33184,70,2,2,2,0.055624697,0.0074037854,0.93697155
34009,54,0,0,0,1.0,0.0,0.0
31518,76,1,1,1,0.017769013,0.97614676,0.0060842237
30275,2,0,0,0,1.0,0.0,0.0
30579,50,0,0,0,1.0,0.0,0.0
28882,11,0,0,0,0.9766401,0.016765332,0.006594534
29719,44,0,0,0,1.0,0.0,0.0
28271,41,0,0,0,1.0,0.0,0.0
31200,39,1,1,1,0.0722745,0.92772555,0.0
33441,61,0,0,0,0.59377456,0.2641049,0.14212057
33300,4,0,0,0,0.96298224,0.029777365,0.007240421
32051,12,0,0,0,0.95515484,0.03216934,0.012675811
33592,28,0,0,0,0.9394672,0.060532797,0.0
30526,17,1,1,1,0.16810857,0.82711834,0.004773076
31086,23,2,2,2,0.020832105,0.0039751357,0.9751928
30271,50,0,0,0,0.97539085,0.024609143,0.0
30305,42,0,0,0,0.9890195,0.010980504,0.0
29488,62,0,0,0,0.99355066,0.006449392,0.0
32981,98,0,0,0,1.0,0.0,0.0
32937,59,1,1,1,0.07691921,0.9185802,0.004500652
32442,54,0,0,0,0.7126266,0.2804652,0.006908278
33567,10,2,2,2,0.06926011,0.008983141,0.9217568
34771,60,0,0,0,0.95534986,0.018226147,0.02642403
34065,3,0,0,0,0.8328484,0.16715162,0.0
32629,76,0,0,0,0.9701682,0.023154976,0.0066768653
31432,34,0,0,0,1.0,0.0,0.0
32533,89,0,0,0,0.96594876,0.026187092,0.00786412
34286,38,0,0,0,0.9717677,0.017181566,0.011050752
29243,89,0,0,0,1.0,0.0,0.0
30027,67,0,0,0,0.7802516,0.036626637,0.18312173
35020,34,0,0,0,0.99440205,0.0055979593,0.0
31343,51,0,0,0,1.0,0.0,0.0
29798,67,0,0,0,1.0,0.0,0.0
34987,96,0,0,0,1.0,0.0,0.0
34777,70,0,2,2,0.39433625,0.019316234,0.5863475
33452,65,0,0,0,1.0,0.0,0.0
28865,57,0,0,0,1.0,0.0,0.0
34074,36,0,0,0,0.76174873,0.23001626,0.008234991
28383,99,0,2,2,0.121752046,0.10331883,0.77492917
31319,89,2,2,2,0.299103,0.044861726,0.6560353
31096,92,0,0,0,0.9349114,0.051760912,0.013327734
30386,21,0,0,0,1.0,0.0,0.0
32346,32,0,0,0,0.8780322,0.1219678,0.0
33706,92,1,1,1,0.23316243,0.761525,0.0053126416
32184,66,2,2,2,0.23656297,0.030742481,0.73269457
34112,39,0,0,0,1.0,0.0,0.0
28614,78,0,0,0,0.9915343,0.008465707,0.0
29785,2,0,1,1,0.08650995,0.8917823,0.021707758
28491,68,2,2,2,0.07412481,0.012972232,0.912903
28956,77,0,0,0,1.0,0.0,0.0
33470,3,0,0,0,1.0,0.0,0.0
30799,42,0,0,0,0.990803,0.009196987,0.0
29627,96,1,0,0,0.4953237,0.09094925,0.41372702
34451,45,0,0,0,0.9768237,0.012532548,0.010643759
33588,41,2,2,2,0.06108206,0.0103474045,0.92857057
29120,52,0,0,0,1.0,0.0,0.0
32291,24,0,0,0,1.0,0.0,0.0
30089,25,0,0,0,1.0,0.0,0.0
28847,98,0,0,0,1.0,0.0,0.0
31442,82,0,0,0,1.0,0.0,0.0
29295,93,0,0,0,0.9449029,0.03913251,0.015964659
28565,32,0,0,0,1.0,0.0,0.0
34724,93,0,2,0,1.0,0.0,0.0
29883,50,0,0,0,1.0,0.0,0.0
30473,86,0,0,0,1.0,0.0,0.0
29790,76,0,0,0,1.0,0.0,0.0
28957,11,2,2,2,0.2749518,0.037198737,0.6878495
34326,68,0,0,0,1.0,0.0,0.0
30413,29,0,0,0,0.81054413,0.024099749,0.16535616
32920,53,0,0,0,0.95845425,0.034391906,0.00715388
34384,9,0,0,0,1.0,0.0,0.0
32508,74,0,2,0,1.0,0.0,0.0
30660,72,0,0,0,1.0,0.0,0.0
33482,14,0,2,0,1.0,0.0,0.0
28260,25,0,0,0,1.0,0.0,0.0
33853,66,0,2,0,1.0,0.0,0.0
33728,82,0,0,0,1.0,0.0,0.0
28646,53,0,0,0,1.0,0.0,0.0
32679,26,0,0,0,1.0,0.0,0.0
29772,32,0,0,0,0.995728,0.004271997,0.0
33714,49,0,1,1,0.046173535,0.9478623,0.0059642033
29884,72,0,0,0,1.0,0.0,0.0
34443,21,0,0,0,0.9747499,0.019344097,0.005905935
30983,8,0,0,0,1.0,0.0,0.0
29121,24,0,0,0,1.0,0.0,0.0
34140,55,0,0,0,1.0,0.0,0.0
29835,90,2,2,2,0.039258096,0.012644583,0.94809735
33174,2,0,0,0,1.0,0.0,0.0
29180,72,0,0,0,1.0,0.0,0.0
28501,43,0,0,0,0.953689,0.031769603,0.014541423
28390,82,0,0,0,0.8902447,0.09820787,0.011547362
32674,6,0,0,0,1.0,0.0,0.0
29768,41,0,1,1,0.32764482,0.66150755,0.010847636
33660,42,0,0,0,0.9889501,0.01104994,0.0
32649,12,0,1,1,0.030731427,0.9664569,0.002811678
30275,34,0,0,0,1.0,0.0,0.0
29437,25,0,2,0,1.0,0.0,0.0
28623,82,0,1,1,0.4364918,0.5565086,0.0069995895
33843,49,0,0,0,1.0,0.0,0.0
29707,40,0,0,0,1.0,0.0,0.0
33184,45,2,2,2,0.1707969,0.031324968,0.79787815
33351,30,0,0,0,1.0,0.0,0.0
29773,28,0,0,0,0.9950666,0.004933449,0.0
32259,30,0,0,0,0.9545952,0.04540474,0.0
31862,44,0,0,0,1.0,0.0,0.0
30209,39,0,0,0,1.0,0.0,0.0
31664,27,0,0,0,0.8474338,0.06073038,0.09183583
29644,35,0,0,0,0.9663566,0.033643443,0.0
30796,26,2,2,2,0.027461473,0.003289246,0.9692493
33435,36,0,2,2,0.27112466,0.060942482,0.66793287
32986,28,0,0,0,1.0,0.0,0.0
30659,39,0,0,0,1.0,0.0,0.0
34806,1,0,0,0,1.0,0.0,0.0
34790,65,0,0,0,1.0,0.0,0.0
33444,22,0,0,0,1.0,0.0,0.0
30356,9,0,0,0,1.0,0.0,0.0
29409,51,0,0,0,1.0,0.0,0.0
31191,46,0,0,0,0.9664876,0.033512414,0.0
34472,70,1,1,1,0.051503472,0.9452647,0.0032318123
30662,75,0,0,0,1.0,0.0,0.0
28687,43,0,0,0,0.9667638,0.016375648,0.016860563
30302,74,0,2,0,1.0,0.0,0.0
29685,56,0,1,1,0.038417824,0.95599985,0.005582355
33680,87,0,0,0,0.993448,0.0065520094,0.0
33310,98,1,1,1,0.14281052,0.85253537,0.0046540904
33210,91,0,0,0,0.81300676,0.18699327,0.0
34814,40,0,2,0,1.0,0.0,0.0
34930,27,0,2,2,0.13759609,0.005727536,0.8566764
31718,23,0,0,0,1.0,0.0,0.0
30654,69,0,0,0,1.0,0.0,0.0
30438,67,1,1,1,0.053996652,0.94147253,0.004530786
31079,26,0,2,0,1.0,0.0,0.0
34471,16,0,1,1,0.058919016,0.93731475,0.0037661789
33818,9,0,0,0,1.0,0.0,0.0
31782,32,0,0,0,0.994075,0.005924977,0.0
32607,26,0,2,0,1.0,0.0,0.0
32705,38,0,2,0,1.0,0.0,0.0
33893,70,0,1,1,0.054046668,0.9426327,0.0033206325
32040,87,0,0,0,0.99273884,0.0072611826,0.0
33176,5,0,0,0,1.0,0.0,0.0
31123,89,1,1,1,0.02282719,0.9738686,0.0033041595
31078,6,0,0,0,0.9730989,0.019495921,0.00740524
32511,79,2,2,2,0.1210294,0.021921944,0.85704863
32226,6,0,2,0,1.0,0.0,0.0
33235,24,1,1,1,0.019155707,0.9774266,0.0034177136
33306,42,0,0,0,0.904622,0.09537799,0.0
28657,28,0,0,0,1.0,0.0,0.0
33929,46,0,0,0,1.0,0.0,0.0
29938,52,0,0,0,0.9944266,0.005573362,0.0
33590,1,0,0,0,0.9495185,0.034975193,0.015506325
32033,74,0,2,0,1.0,0.0,0.0
33162,84,0,0,0,1.0,0.0,0.0
29763,12,0,1,1,0.038434066,0.9585784,0.0029874966
31155,80,0,0,0,1.0,0.0,0.0
29495,23,0,1,1,0.026777087,0.8654995,0.1077234
33338,12,0,0,0,1.0,0.0,0.0
29978,12,0,0,0,1.0,0.0,0.0
32126,49,0,2,0,1.0,0.0,0.0
33300,64,0,0,0,0.96173275,0.029456312,0.008810916
30859,83,0,0,0,1.0,0.0,0.0
30468,65,0,0,0,1.0,0.0,0.0
32474,25,0,0,0,1.0,0.0,0.0
34440,71,0,0,0,0.91826296,0.039918453,0.04181861
32649,72,0,0,0,1.0,0.0,0.0
29998,63,0,0,0,1.0,0.0,0.0
32127,80,0,2,0,1.0,0.0,0.0
33745,74,0,0,0,1.0,0.0,0.0
33352,76,0,0,0,1.0,0.0,0.0
30722,83,1,1,1,0.057271957,0.9391443,0.003583739
29644,41,0,0,0,0.9707521,0.023653146,0.0055947723
28137,38,0,0,0,0.5952797,0.3970639,0.0076563754
32055,26,0,0,0,0.9311318,0.05875133,0.010116935
34720,13,0,0,0,1.0,0.0,0.0
32600,3,0,0,0,1.0,0.0,0.0
33385,38,0,0,0,0.93778366,0.024980448,0.037235938
28312,60,0,0,0,0.94371593,0.048666365,0.007617725
31408,24,0,0,0,0.9386941,0.025570782,0.03573504
33003,28,0,0,0,0.98055065,0.019449316,0.0
28150,9,0,0,0,1.0,0.0,0.0
29642,43,2,2,2,0.04957281,0.011132748,0.9392944
32044,93,0,0,0,0.69489247,0.29516974,0.009937783
32547,29,0,0,0,0.8883601,0.09521255,0.0164274
33621,17,0,1,1,0.035987027,0.95846206,0.0055509205
31425,32,0,0,0,0.99461037,0.0053896117,0.0
28807,89,0,0,0,0.65158224,0.34213993,0.006277809
32952,21,0,0,0,1.0,0.0,0.0
28188,75,0,2,0,1.0,0.0,0.0
33050,22,0,0,0,1.0,0.0,0.0
29049,90,0,0,0,1.0,0.0,0.0
29069,70,0,2,0,1.0,0.0,0.0
33541,34,0,0,0,1.0,0.0,0.0
32086,36,1,1,1,0.2172877,0.7609096,0.02180268
29910,11,0,0,0,1.0,0.0,0.0
34783,51,0,0,0,1.0,0.0,0.0
29360,59,0,0,0,0.91774446,0.024689676,0.057565887
28298,30,0,0,0,0.98855966,0.011440304,0.0
33420,16,0,0,0,0.84473205,0.14760523,0.0076627308
30014,87,0,0,0,0.96585536,0.034144655,0.0
33597,0,0,0,0,1.0,0.0,0.0
33361,57,0,0,0,1.0,0.0,0.0
33055,24,0,0,0,1.0,0.0,0.0
29671,49,0,1,0,0.47767556,0.5148792,0.007445295
33273,66,0,0,0,1.0,0.0,0.0
34391,85,0,0,0,1.0,0.0,0.0
32963,86,0,0,0,1.0,0.0,0.0
34638,43,0,0,0,0.91264135,0.032596976,0.05476173
28335,42,0,0,0,0.9910027,0.008997284,0.0
32422,62,0,0,0,0.99280435,0.0071956753,0.0
32438,54,0,0,0,0.9454664,0.039615054,0.014918541
28406,27,0,0,0,0.6693365,0.16250663,0.16815692
30180,65,0,0,0,1.0,0.0,0.0
28991,74,0,1,1,0.21454048,0.7806801,0.0047794254
34613,99,0,0,0,1.0,0.0,0.0
32250,17,0,0,0,0.7801335,0.21193683,0.007929703
30645,45,0,1,1,0.1233702,0.82089067,0.055739135
33764,73,0,2,0,1.0,0.0,0.0
31974,66,0,0,0,0.7601457,0.23315479,0.006699519
33759,45,0,2,0,1.0,0.0,0.0
31620,17,0,0,0,1.0,0.0,0.0
34302,93,0,0,0,1.0,0.0,0.0
29098,82,0,0,0,0.8673343,0.12794463,0.0047210953
30855,49,0,0,0,1.0,0.0,0.0
34681,56,0,2,2,0.2373522,0.09112415,0.67152363
33255,99,0,0,0,1.0,0.0,0.0
34717,2,0,2,0,1.0,0.0,0.0
34290,85,0,0,0,1.0,0.0,0.0
32054,37,0,0,0,1.0,0.0,0.0
29092,29,1,1,1,0.35243043,0.64027137,0.0072982567
30206,0,0,0,0,1.0,0.0,0.0
35024,18,0,0,0,0.9211465,0.032167647,0.046685904
32936,40,1,1,1,0.03738708,0.9596581,0.00295486
28916,60,0,0,0,0.81167805,0.09634765,0.09197431
35007,48,2,2,2,0.07288959,0.014573518,0.9125369
33268,56,0,0,0,1.0,0.0,0.0
29865,87,0,0,0,0.9918344,0.008165573,0.0
29140,41,0,0,0,1.0,0.0,0.0
30626,8,0,0,0,1.0,0.0,0.0
30332,17,1,1,1,0.047137685,0.9498015,0.0030607919
33488,85,0,0,0,1.0,0.0,0.0
30599,22,0,0,0,1.0,0.0,0.0
32139,98,2,2,2,0.089213155,0.0075610727,0.9032258
30365,25,0,0,0,1.0,0.0,0.0
31478,23,0,0,0,0.70351326,0.068237096,0.22824964
32992,3,0,0,0,0.97922814,0.020771863,0.0
29609,21,0,0,0,1.0,0.0,0.0
31944,45,0,0,0,0.9697909,0.0153410565,0.014868104
28101,31,0,2,0,1.0,0.0,0.0
34897,5,0,0,0,1.0,0.0,0.0
28108,30,0,0,0,1.0,0.0,0.0
33001,72,0,0,0,1.0,0.0,0.0
33044,14,2,0,0,0.6639989,0.053588774,0.28241235
33782,63,0,0,0,0.981478,0.018521983,0.0
30484,1,0,0,0,1.0,0.0,0.0
34460,19,0,1,1,0.20685641,0.7878945,0.0052490644
31019,85,0,0,0,1.0,0.0,0.0
29334,22,0,0,0,1.0,0.0,0.0
34670,70,0,0,0,0.53717315,0.45255646,0.010270336
32906,94,0,0,0,0.9372587,0.01397825,0.04876307
30391,1,0,0,0,1.0,0.0,0.0
31638,14,1,0,0,0.9765719,0.020306952,0.0031211502
32995,61,0,2,2,0.4300715,0.041107778,0.5288207
33398,4,0,0,0,0.9590371,0.026773889,0.014188999
32383,18,0,0,0,1.0,0.0,0.0
28228,1,0,1,1,0.21165696,0.78319365,0.0051493505
33130,81,0,1,1,0.43660685,0.55641603,0.0069770864
34801,30,0,0,0,1.0,0.0,0.0
28546,31,0,0,0,1.0,0.0,0.0
28219,72,0,0,0,1.0,0.0,0.0
29479,0,0,0,0,1.0,0.0,0.0
31142,0,0,0,0,1.0,0.0,0.0
32393,28,0,0,0,1.0,0.0,0.0
31887,49,0,0,0,0.9582013,0.026067857,0.015730888
32810,73,0,0,0,0.7470697,0.016021522,0.2369088
30159,22,0,0,0,0.9963829,0.0036171079,0.0
33739,52,0,0,0,1.0,0.0,0.0
29951,10,0,1,1,0.19372909,0.8009446,0.005326336
33842,6,0,0,0,1.0,0.0,0.0
32048,46,0,0,0,0.99179965,0.0082004005,0.0
28120,84,0,0,0,0.9255925,0.058173727,0.016233806
34850,46,0,1,1,0.42516446,0.57483554,0.0
33061,18,0,0,0,1.0,0.0,0.0
34329,48,0,0,0,1.0,0.0,0.0
28549,43,0,0,0,1.0,0.0,0.0
32921,71,0,0,0,0.9389114,0.053527333,0.0075612552
33158,24,0,0,0,1.0,0.0,0.0
29507,28,0,0,0,1.0,0.0,0.0
29645,99,2,2,2,0.027045436,0.0042474736,0.9687071
33412,32,0,0,0,0.9677477,0.032252334,0.0
31207,58,1,1,1,0.032811686,0.9641191,0.0030692427
30349,31,0,1,1,0.42396107,0.56360936,0.012429586
29822,86,0,0,0,0.97824,0.021759978,0.0
33666,32,0,0,0,1.0,0.0,0.0
32028,80,0,0,0,1.0,0.0,0.0
31336,15,0,0,0,1.0,0.0,0.0
33378,17,0,0,0,0.7640909,0.061648544,0.17426053
32289,87,0,0,0,1.0,0.0,0.0
34639,41,0,2,2,0.1736966,0.014159954,0.81214345
33870,1,0,0,0,0.91193175,0.025905496,0.062162783
34529,28,0,0,0,0.98367876,0.016321233,0.0
29875,98,0,0,0,0.7712061,0.18983535,0.038958564
32828,90,0,1,1,0.16369879,0.8297279,0.0065733404
28676,23,0,2,0,1.0,0.0,0.0
29738,27,2,2,2,0.02762196,0.003398894,0.9689791
31104,51,0,1,1,0.36942634,0.62098235,0.009591312
32925,50,1,1,1,0.04827307,0.9517269,0.0
32285,27,0,0,0,1.0,0.0,0.0
34382,66,0,0,0,0.52871543,0.45813844,0.0131461695
29716,63,0,0,0,1.0,0.0,0.0
31304,36,0,1,1,0.32587585,0.66273755,0.01138661
32988,68,0,2,2,0.25462425,0.015139496,0.7302363
31394,86,1,1,1,0.050719958,0.94928,0.0
32960,61,0,0,0,1.0,0.0,0.0
35003,88,0,0,0,1.0,0.0,0.0
34526,33,0,0,0,0.98425174,0.015748214,0.0
32593,2,0,0,0,1.0,0.0,0.0
34813,72,0,0,0,1.0,0.0,0.0
33747,56,0,0,0,1.0,0.0,0.0
33405,93,1,1,1,0.14529558,0.85054976,0.0041546696
31456,80,0,2,0,1.0,0.0,0.0
30813,16,1,1,1,0.13867809,0.85725087,0.004070961
34823,98,2,2,2,0.04974723,0.008600099,0.94165266
28260,31,0,0,0,1.0,0.0,0.0
30634,82,0,1,1,0.12346165,0.87312186,0.0034164658
31481,42,0,0,0,0.9707605,0.029239487,0.0
32181,23,0,0,0,0.5824484,0.15506722,0.26248434
31266,89,1,2,2,0.2838819,0.15369098,0.56242716
31472,34,0,0,0,0.99442965,0.005570361,0.0
28051,38,0,0,0,0.91259384,0.04254902,0.044857133
29994,56,0,0,0,1.0,0.0,0.0
34319,6,0,0,0,1.0,0.0,0.0
34597,65,0,0,0,1.0,0.0,0.0
33177,43,0,0,0,1.0,0.0,0.0
34870,58,1,1,1,0.040301844,0.9027207,0.056977443
31819,38,0,0,0,1.0,0.0,0.0
30638,78,0,0,0,0.9959825,0.0040174685,0.0
34707,0,0,0,0,1.0,0.0,0.0
28848,31,0,0,0,1.0,0.0,0.0
32325,49,0,1,1,0.054557253,0.930866,0.014576719
33754,51,0,0,0,0.58156437,0.08770148,0.3307341
31140,95,0,0,0,1.0,0.0,0.0
30192,17,0,0,0,1.0,0.0,0.0
34565,78,0,0,0,0.9927184,0.007281587,0.0
28792,94,0,0,0,0.94984806,0.0397496,0.010402369
33918,97,0,0,0,0.96349394,0.036506064,0.0
29895,52,0,0,0,1.0,0.0,0.0
34620,43,0,2,0,1.0,0.0,0.0
29525,92,0,0,0,1.0,0.0,0.0
29470,29,1,1,1,0.15232435,0.8430199,0.004655662
30440,11,0,1,1,0.33447003,0.65770227,0.007827729
34121,61,0,0,0,1.0,0.0,0.0
31233,76,0,0,0,1.0,0.0,0.0
32848,38,0,1,1,0.1962169,0.7904629,0.013320178
28716,92,0,0,0,0.96730274,0.019282857,0.013414326
34299,37,0,0,0,1.0,0.0,0.0
31745,37,0,0,0,1.0,0.0,0.0
28063,99,0,1,1,0.40272954,0.49914145,0.098129064
30693,61,0,2,0,1.0,0.0,0.0
32020,55,0,0,0,1.0,0.0,0.0
31063,38,0,0,0,1.0,0.0,0.0
33356,32,0,0,0,1.0,0.0,0.0
29672,3,0,0,0,0.9796443,0.020355672,0.0
32424,33,0,0,0,1.0,0.0,0.0
30307,56,0,0,0,0.61359817,0.056954715,0.32944715
29261,31,0,2,2,0.07154743,0.0053980467,0.9230545
30388,50,0,0,0,1.0,0.0,0.0
34439,98,2,2,2,0.018479755,0.0029674289,0.9785528
34912,46,0,0,0,0.98415345,0.015846513,0.0
34734,42,0,0,0,0.9909392,0.009060798,0.0
31816,80,0,0,0,1.0,0.0,0.0
33948,55,0,0,0,0.9917815,0.008218515,0.0
34577,52,0,0,0,0.99712616,0.0028738845,0.0
32195,16,1,1,1,0.028868495,0.953608,0.017523522
34433,81,0,2,0,1.0,0.0,0.0
30230,7,0,0,0,0.9827108,0.01728922,0.0
31920,19,0,0,0,1.0,0.0,0.0
33232,13,0,0,0,1.0,0.0,0.0
28510,79,0,1,1,0.17001796,0.8212764,0.008705601
32287,51,0,0,0,1.0,0.0,0.0
28127,89,0,1,1,0.22991875,0.76464987,0.0054314197
30100,27,0,0,0,1.0,0.0,0.0
28952,57,0,0,0,1.0,0.0,0.0
31246,33,0,0,0,1.0,0.0,0.0
33364,72,0,0,0,1.0,0.0,0.0
30493,38,0,2,2,0.2638626,0.038201034,0.69793636
34429,65,0,2,0,1.0,0.0,0.0
28940,16,0,0,0,1.0,0.0,0.0
33465,53,0,0,0,1.0,0.0,0.0
31986,74,0,0,0,0.9276225,0.03476415,0.037613317
31926,73,0,0,0,1.0,0.0,0.0
32764,39,0,0,0,0.9866275,0.013372437,0.0
30534,35,0,0,0,0.93856287,0.061437126,0.0
29016,93,0,1,1,0.051432494,0.91512114,0.033446375
34597,0,0,0,0,1.0,0.0,0.0
30855,44,0,0,0,1.0,0.0,0.0
32363,79,0,1,1,0.039126348,0.9562178,0.004655818
32853,40,0,1,1,0.17839482,0.6621824,0.15942277
34207,6,1,1,1,0.015119524,0.980666,0.0042145066
33778,30,0,0,0,0.98681796,0.013182019,0.0
28744,88,0,0,0,1.0,0.0,0.0
29091,82,1,0,0,0.5792292,0.4141515,0.006619371
29444,68,0,2,0,1.0,0.0,0.0
31260,8,0,0,0,1.0,0.0,0.0
28291,38,0,0,0,0.90104,0.09241157,0.006548376
30256,65,0,0,0,0.94870824,0.025660561,0.025631195
29517,6,0,0,0,1.0,0.0,0.0
31313,97,0,0,0,0.9920339,0.007966089,0.0
29187,78,0,0,0,0.9619514,0.038048632,0.0
33427,53,0,0,0,0.9201837,0.04217732,0.03763895
33563,37,0,0,0,1.0,0.0,0.0
33846,69,0,0,0,1.0,0.0,0.0
32020,60,0,0,0,1.0,0.0,0.0
32485,44,0,0,0,1.0,0.0,0.0
31820,66,0,0,0,1.0,0.0,0.0
31051,32,0,0,0,1.0,0.0,0.0
30825,36,0,1,1,0.14648153,0.84920293,0.0043155393
32376,17,0,0,0,1.0,0.0,0.0
34544,34,0,0,0,0.9938191,0.006180837,0.0
29733,46,0,0,0,1.0,0.0,0.0
31343,21,0,0,0,1.0,0.0,0.0
33564,30,0,0,0,1.0,0.0,0.0
30930,17,0,0,0,0.9387393,0.028359454,0.03290123
33019,79,1,1,1,0.18082908,0.8155504,0.0036205295
32056,17,0,0,0,0.9436946,0.046090245,0.010215173
29160,58,2,2,2,0.060317427,0.010708831,0.92897373
34710,3,0,0,0,1.0,0.0,0.0
34217,4,0,0,0,1.0,0.0,0.0
35026,52,0,0,0,0.9925209,0.0074790767,0.0
31250,51,0,0,0,1.0,0.0,0.0
32821,90,0,2,2,0.27279046,0.08295887,0.6442507
28698,13,0,0,0,1.0,0.0,0.0
34166,6,0,0,0,0.9595382,0.029619414,0.010842394
28831,44,0,0,0,1.0,0.0,0.0
30143,49,0,1,1,0.29112956,0.7021118,0.006758707
33068,48,0,0,0,1.0,0.0,0.0
34977,4,0,0,0,1.0,0.0,0.0
33363,14,0,0,0,1.0,0.0,0.0
29690,30,0,0,0,1.0,0.0,0.0
30640,74,1,1,1,0.34468293,0.6337855,0.021531628
32374,39,0,0,0,0.99410343,0.0058965613,0.0
34094,37,0,0,0,1.0,0.0,0.0
35019,94,2,2,2,0.06802471,0.013531289,0.918444
31220,23,1,1,1,0.12969068,0.63758415,0.23272523
33814,89,0,0,0,0.7828439,0.03477633,0.18237978
29059,99,2,2,2,0.08674541,0.018686008,0.89456856
30771,85,0,0,0,1.0,0.0,0.0
34627,78,0,0,0,0.99349034,0.006509661,0.0
32367,82,0,0,0,0.9557661,0.029082438,0.015151517
31441,90,0,0,0,1.0,0.0,0.0
34519,47,0,0,0,1.0,0.0,0.0
32031,70,0,2,0,1.0,0.0,0.0
32812,30,0,0,0,0.99095005,0.009049968,0.0
31810,7,0,0,0,1.0,0.0,0.0
29297,50,0,0,0,0.9963382,0.0036618432,0.0
30096,46,0,0,0,1.0,0.0,0.0
30375,6,0,0,0,1.0,0.0,0.0
29900,28,0,0,0,1.0,0.0,0.0
30371,12,0,0,0,1.0,0.0,0.0
29806,7,0,0,0,1.0,0.0,0.0
29391,98,0,0,0,0.6223223,0.36274773,0.014929928
29967,26,1,1,1,0.014163281,0.98415846,0.0016783164
31188,34,0,0,0,0.9911478,0.0088521475,0.0
30582,22,0,0,0,1.0,0.0,0.0
30266,84,0,0,0,0.5088366,0.14041334,0.35075006
28244,64,0,0,0,0.700885,0.2269746,0.07214042
28174,46,0,0,0,1.0,0.0,0.0
28913,95,0,0,0,0.98752815,0.012471804,0.0
31086,59,0,0,0,0.93244064,0.041420154,0.026139187
32290,40,0,0,0,1.0,0.0,0.0
28236,95,0,0,0,0.9896714,0.010328591,0.0
32682,6,0,0,0,1.0,0.0,0.0
30698,89,0,0,0,0.91517985,0.037539862,0.04728028
31457,51,0,2,0,1.0,0.0,0.0
28108,50,0,0,0,0.99376804,0.0062319827,0.0
29864,8,0,0,0,1.0,0.0,0.0
30304,27,0,2,0,1.0,0.0,0.0
32060,63,1,1,1,0.10015463,0.89984536,0.0
30769,72,0,0,0,1.0,0.0,0.0
33591,5,0,0,0,0.5161003,0.17044862,0.3134511
30597,32,0,0,0,0.99051255,0.009487443,0.0
33617,52,0,0,0,0.9931985,0.006801486,0.0
30459,82,0,1,1,0.15818718,0.8338103,0.008002507
29728,44,0,0,0,1.0,0.0,0.0
32078,47,0,1,1,0.03482611,0.96124125,0.00393268
30812,28,1,1,1,0.09539606,0.90460396,0.0
30203,63,0,0,0,1.0,0.0,0.0
29330,73,0,0,0,1.0,0.0,0.0
32256,79,1,1,1,0.049900994,0.9461263,0.003972727
29693,80,0,0,0,1.0,0.0,0.0
29689,24,0,0,0,1.0,0.0,0.0
34541,6,0,2,2,0.23609191,0.02790435,0.73600376
29347,44,0,0,0,1.0,0.0,0.0
30358,60,1,2,2,0.16242807,0.2015122,0.63605976
30445,13,0,0,0,1.0,0.0,0.0
29961,54,1,1,1,0.37914154,0.61229086,0.008567595
31937,2,0,2,0,1.0,0.0,0.0
30752,37,0,0,0,1.0,0.0,0.0
33047,51,0,0,0,1.0,0.0,0.0
31946,82,0,0,0,0.9687415,0.025724262,0.00553427
34610,18,0,0,0,1.0,0.0,0.0
29781,54,1,1,1,0.09200044,0.8445129,0.06348669
30834,49,0,1,1,0.33512235,0.64421624,0.020661457
31603,52,0,0,0,0.9932059,0.0067940555,0.0
34926,23,0,2,0,1.0,0.0,0.0
28841,9,0,0,0,1.0,0.0,0.0
30189,29,0,0,0,1.0,0.0,0.0
32369,29,0,0,0,0.77359205,0.16638835,0.060019623
30578,55,0,0,0,1.0,0.0,0.0
32899,91,0,0,0,0.991082,0.008917955,0.0
29002,48,0,1,1,0.20187342,0.7930359,0.0050906627
32253,74,0,1,1,0.18207471,0.8128306,0.0050947005
30531,67,1,1,1,0.04301837,0.95364004,0.003341558
33455,77,0,0,0,1.0,0.0,0.0
30910,53,0,1,1,0.17870966,0.8168663,0.004424108
28423,28,0,0,0,0.9859308,0.014069195,0.0
28984,38,0,0,0,0.93929565,0.05280221,0.007902159
31368,54,0,0,0,0.5254608,0.028064603,0.44647467
33737,58,0,0,0,1.0,0.0,0.0
32036,97,0,0,0,1.0,0.0,0.0
34169,97,0,0,0,0.95381355,0.046186436,0.0
32920,93,0,0,0,0.94265604,0.05048654,0.006857445
31450,11,0,0,0,1.0,0.0,0.0
32965,59,0,0,0,1.0,0.0,0.0
35028,29,0,0,0,0.96532184,0.026415545,0.008262652
34253,79,0,0,0,0.9288942,0.024653066,0.046452742
31173,59,2,2,2,0.09638998,0.02295591,0.8806541
33125,41,1,1,1,0.30857295,0.6837346,0.0076925163
34709,88,0,0,0,0.9459931,0.026302613,0.02770427
28470,13,0,0,0,1.0,0.0,0.0
31416,57,0,0,0,0.99544233,0.004557684,0.0
31024,73,0,0,0,0.85936475,0.104704976,0.035930317
34280,56,0,0,0,0.8897782,0.102861874,0.0073598945
30604,88,0,0,0,0.9714869,0.023611557,0.0049015163
33811,10,0,0,0,0.9246984,0.028569851,0.04673171
28371,39,0,0,0,1.0,0.0,0.0
30343,48,0,0,0,0.8797149,0.11257678,0.0077083283
32977,22,0,0,0,1.0,0.0,0.0
31780,13,0,0,0,1.0,0.0,0.0
29908,53,0,0,0,1.0,0.0,0.0
33548,9,0,0,0,1.0,0.0,0.0
34595,64,0,0,0,1.0,0.0,0.0
28161,24,0,0,0,1.0,0.0,0.0
33152,13,0,0,0,1.0,0.0,0.0
31924,58,0,0,0,1.0,0.0,0.0
34746,8,0,0,0,1.0,0.0,0.0
31525,61,0,0,0,1.0,0.0,0.0
30255,81,0,0,0,1.0,0.0,0.0
34035,71,0,0,0,1.0,0.0,0.0
31934,81,0,2,0,1.0,0.0,0.0
28771,9,0,0,0,1.0,0.0,0.0
28592,74,0,0,0,0.96816504,0.025560677,0.0062742564
31490,73,0,0,0,0.50249964,0.48843887,0.009061544
30007,13,0,0,0,1.0,0.0,0.0
33185,35,0,0,0,0.9786264,0.021373644,0.0
30038,41,0,0,0,0.93069375,0.053104773,0.016201483
29825,84,0,2,0,1.0,0.0,0.0
31677,20,1,1,1,0.36773485,0.6222798,0.009985321
33283,15,0,2,0,1.0,0.0,0.0
29786,24,1,1,1,0.122412,0.8219404,0.055647563
30509,34,0,0,0,0.99397993,0.0060200994,0.0
30933,51,0,0,0,0.69670874,0.047885116,0.25540617
29680,9,0,0,0,1.0,0.0,0.0
29879,17,0,0,0,1.0,0.0,0.0
34553,44,0,0,0,1.0,0.0,0.0
28577,37,0,0,0,1.0,0.0,0.0
29395,64,0,0,0,0.92900854,0.03186399,0.039127473
32397,67,0,0,0,1.0,0.0,0.0
28918,64,0,0,0,0.6865728,0.037396193,0.27603105
33049,87,0,0,0,0.9825255,0.017474474,0.0
32713,25,0,0,0,0.87926465,0.022157729,0.09857764
30710,37,0,0,0,1.0,0.0,0.0
28240,35,0,0,0,0.993586,0.0064139967,0.0
30741,44,0,0,0,1.0,0.0,0.0
28176,53,0,0,0,1.0,0.0,0.0
33070,96,0,0,0,1.0,0.0,0.0
32898,41,0,2,0,1.0,0.0,0.0
30607,77,0,0,0,0.9927656,0.007234352,0.0
33327,63,0,0,0,0.99721503,0.0027849227,0.0
28675,10,2,2,2,0.08831988,0.01578382,0.8958963
28276,55,0,0,0,0.9777525,0.022247514,0.0
30302,13,0,0,0,1.0,0.0,0.0
29482,79,0,1,1,0.13583721,0.85907966,0.005083029
33173,52,0,0,0,1.0,0.0,0.0
28743,74,0,0,0,1.0,0.0,0.0
28840,20,0,0,0,1.0,0.0,0.0
31048,10,0,0,0,1.0,0.0,0.0
31070,61,0,2,0,1.0,0.0,0.0
32111,85,0,0,0,1.0,0.0,0.0
28784,97,0,0,0,0.99218524,0.007814786,0.0
34292,20,0,0,0,0.728415,0.12517343,0.14641151
28315,52,0,0,0,0.77681535,0.22318462,0.0
34506,44,0,0,0,1.0,0.0,0.0
29464,33,0,0,0,0.9194343,0.08056569,0.0
28526,38,0,1,1,0.28467143,0.7097209,0.0056076944
30721,74,1,1,1,0.04628606,0.9510004,0.002713532
34302,67,0,0,0,1.0,0.0,0.0
32007,12,0,0,0,1.0,0.0,0.0
29793,75,1,1,1,0.022736276,0.9653356,0.011928155
29125,1,0,0,0,1.0,0.0,0.0
31909,88,0,0,0,1.0,0.0,0.0
28637,37,0,0,0,1.0,0.0,0.0
28844,5,0,0,0,1.0,0.0,0.0
28109,37,0,0,0,1.0,0.0,0.0
28396,87,0,0,0,0.9928457,0.007154262,0.0
31602,96,0,1,1,0.19621697,0.7900985,0.013684597
28380,15,0,0,0,1.0,0.0,0.0
31223,8,0,0,0,1.0,0.0,0.0
33207,17,0,0,0,0.9447434,0.045687877,0.009568729
29340,51,0,0,0,1.0,0.0,0.0
28782,72,0,0,0,1.0,0.0,0.0
34187,34,0,0,0,0.99725467,0.0027453403,0.0
34788,97,0,0,0,1.0,0.0,0.0
28261,26,0,0,0,1.0,0.0,0.0
32992,2,0,2,0,1.0,0.0,0.0
30893,25,2,2,2,0.056405533,0.004820294,0.93877417
34904,11,0,1,1,0.39018768,0.55255437,0.05725796
28956,45,0,2,0,1.0,0.0,0.0
34687,77,0,0,0,1.0,0.0,0.0
33799,81,0,1,1,0.08752315,0.9083827,0.004094161
28203,91,0,0,0,0.992729,0.0072709783,0.0
28770,18,0,2,0,1.0,0.0,0.0
33322,10,0,1,1,0.16255291,0.83251333,0.004933772
30378,86,0,0,0,1.0,0.0,0.0
33054,28,0,0,0,0.9745769,0.025423083,0.0
30944,18,0,0,0,0.6913586,0.17520104,0.13344032
28951,2,0,0,0,1.0,0.0,0.0
28399,88,0,0,0,0.9538941,0.03193101,0.014174942
30387,84,0,0,0,1.0,0.0,0.0
32171,14,1,1,1,0.052720897,0.943697,0.0035821463
31843,27,0,2,0,1.0,0.0,0.0
29195,49,0,0,0,0.93451977,0.05670183,0.008778385
34975,80,0,1,1,0.07832015,0.87766796,0.044011917
34905,75,0,0,0,1.0,0.0,0.0
34018,32,0,0,0,1.0,0.0,0.0
29852,35,1,1,1,0.051828567,0.94817144,0.0
31546,74,0,0,0,1.0,0.0,0.0
29073,51,0,0,0,0.71685845,0.10762743,0.17551412
28939,90,0,0,0,1.0,0.0,0.0
28743,58,0,0,0,1.0,0.0,0.0
33275,45,0,0,0,1.0,0.0,0.0
32792,84,0,0,0,1.0,0.0,0.0
28110,88,2,2,2,0.12361673,0.086451925,0.78993136
32043,66,0,0,0,0.9692054,0.024043132,0.006751534
33042,48,0,0,0,0.81808305,0.10915073,0.07276625
29815,5,0,0,0,1.0,0.0,0.0
30529,88,1,1,1,0.056301866,0.9409736,0.0027245646
30589,19,0,2,0,1.0,0.0,0.0
28903,94,1,1,1,0.15431346,0.8398149,0.00587166
31332,31,0,0,0,1.0,0.0,0.0
29372,43,1,1,1,0.14647083,0.8488323,0.0046968255
29001,25,0,1,1,0.116972946,0.87771875,0.0053083175
31082,47,0,2,0,1.0,0.0,0.0
28644,3,0,0,0,1.0,0.0,0.0
34660,30,1,1,1,0.25617394,0.7438261,0.0
34971,20,1,1,1,0.016491126,0.9774799,0.006029046
34952,79,1,1,1,0.25551432,0.73346263,0.011023022
32216,58,0,0,0,1.0,0.0,0.0
29157,81,0,2,0,1.0,0.0,0.0
30360,45,1,1,1,0.047919203,0.6500345,0.30204627
29050,57,0,0,0,1.0,0.0,0.0
31115,44,0,0,0,1.0,0.0,0.0
31413,74,0,0,0,0.6801542,0.06594025,0.25390556
31891,69,0,0,0,1.0,0.0,0.0
29282,45,0,0,0,0.9729173,0.020940237,0.0061424915
31355,64,0,0,0,1.0,0.0,0.0
34971,51,2,2,0,0.35461017,0.24074902,0.40464082
31776,22,1,1,1,0.06883739,0.9311626,0.0
34414,22,0,0,0,1.0,0.0,0.0
34812,82,0,0,0,1.0,0.0,0.0
31896,79,1,2,0,0.2600082,0.33763316,0.40235865
32497,45,0,0,0,1.0,0.0,0.0
29615,86,0,0,0,1.0,0.0,0.0
31089,52,0,0,0,0.99368286,0.00631713,0.0
32215,91,0,0,0,1.0,0.0,0.0
30251,65,0,0,0,0.9693482,0.020916784,0.00973506
34521,38,0,0,0,1.0,0.0,0.0
33708,13,0,0,0,1.0,0.0,0.0
31374,24,0,0,0,0.97559065,0.017220765,0.007188613
31456,29,0,2,0,1.0,0.0,0.0
32689,85,0,0,0,1.0,0.0,0.0
33277,78,0,0,0,0.9891523,0.010847697,0.0
33411,16,1,1,1,0.04430694,0.95259976,0.0030932757
32141,76,0,2,0,1.0,0.0,0.0
34587,30,0,0,0,0.97761506,0.022384949,0.0
34682,22,0,0,0,0.9820771,0.017922867,0.0
33586,89,0,2,2,0.15395537,0.022154618,0.82389003
30197,39,0,0,0,1.0,0.0,0.0
33587,29,0,0,0,0.9686567,0.023428252,0.007915021
28407,70,0,0,0,0.67537326,0.31622714,0.008399578
28674,27,2,2,2,0.014144194,0.017523024,0.9683328
32980,40,0,0,0,1.0,0.0,0.0
30774,26,0,0,0,1.0,0.0,0.0
31468,97,0,0,0,0.9899183,0.010081736,0.0
30595,4,0,2,0,1.0,0.0,0.0
31536,74,0,0,0,1.0,0.0,0.0
34914,96,0,2,0,1.0,0.0,0.0
29303,87,0,0,0,0.9919823,0.008017707,0.0
34598,31,0,0,0,1.0,0.0,0.0
31687,57,0,0,0,0.9911057,0.008894344,0.0
29933,91,0,0,0,0.99072385,0.009276169,0.0
31322,40,0,0,0,1.0,0.0,0.0
33746,40,0,0,0,1.0,0.0,0.0
33127,35,0,0,0,0.69414407,0.30585596,0.0
32234,87,0,0,0,0.99224365,0.007756373,0.0
29028,45,0,0,0,1.0,0.0,0.0
30799,15,0,0,0,0.9723959,0.019804174,0.007799937
30810,90,0,0,0,0.5419501,0.44548473,0.012565163
34733,23,0,2,2,0.038549874,0.009830787,0.9516193
32078,42,0,1,0,0.4903736,0.5096264,0.0
31272,58,0,2,2,0.09923501,0.0100048045,0.8907602
34370,56,1,1,1,0.16007087,0.8350798,0.0048492556
28945,65,0,0,0,1.0,0.0,0.0
28225,14,0,1,1,0.032141116,0.96331155,0.0045473506
34405,49,0,0,0,1.0,0.0,0.0
33347,58,0,0,0,1.0,0.0,0.0
32905,67,2,2,2,0.052120797,0.010298245,0.93758094
31379,32,0,0,0,0.9915196,0.008480426,0.0
30980,7,0,0,0,0.97767484,0.022325119,0.0
34414,31,0,0,0,1.0,0.0,0.0
34821,4,2,2,2,0.124999985,0.048463926,0.82653606
29770,46,0,0,0,0.6244101,0.37558994,0.0
31758,10,0,0,0,0.9674867,0.013594174,0.018919144
29512,84,0,0,0,1.0,0.0,0.0
30762,25,0,0,0,1.0,0.0,0.0
34182,53,0,0,0,0.5641807,0.4283084,0.0075108996
29665,25,0,0,0,0.5188716,0.47128525,0.009843192
34137,24,0,0,0,1.0,0.0,0.0
29853,22,1,1,1,0.04098358,0.95901644,0.0
32392,89,0,0,0,1.0,0.0,0.0
31864,55,0,0,0,0.9320608,0.067939214,0.0
28542,6,1,1,1,0.031428453,0.9516877,0.016883874
29642,57,0,0,0,0.9914729,0.008527108,0.0
30535,71,0,0,0,0.80942374,0.18483354,0.005742704
34083,13,0,0,0,1.0,0.0,0.0
31613,37,0,0,0,1.0,0.0,0.0
31924,88,0,0,0,1.0,0.0,0.0
30942,58,1,1,1,0.16479339,0.77747697,0.05772963
34793,27,0,0,0,1.0,0.0,0.0
29070,17,0,0,0,0.95931983,0.032312937,0.008367256
28966,7,0,0,0,0.9915673,0.008432715,0.0
32256,31,1,1,1,0.043957494,0.9518836,0.0041589434
33034,25,0,0,0,0.9118039,0.07764663,0.010549467
31825,49,0,0,0,1.0,0.0,0.0
29678,96,0,1,1,0.3558189,0.6383572,0.0058238767
33179,47,0,0,0,1.0,0.0,0.0
29147,24,0,0,0,1.0,0.0,0.0
32777,40,0,0,0,1.0,0.0,0.0
33307,28,0,0,0,0.7021219,0.2978781,0.0
31915,29,0,0,0,1.0,0.0,0.0
31429,53,0,0,0,1.0,0.0,0.0
31472,75,0,0,0,0.9623282,0.019088227,0.018583586
30572,87,0,0,0,1.0,0.0,0.0
33809,32,0,0,0,0.99649686,0.0035031438,0.0
29745,16,0,0,0,0.9544695,0.03697345,0.0085570365
34458,68,0,0,0,0.80983084,0.18343702,0.0067321793
29272,41,1,0,0,0.8887766,0.09871986,0.0125035355
29568,24,1,1,1,0.099196896,0.8951985,0.005604622
29359,72,0,0,0,1.0,0.0,0.0
29859,33,0,0,0,0.8986557,0.10134427,0.0
31249,33,0,0,0,1.0,0.0,0.0
29762,22,1,1,1,0.060734496,0.9392655,0.0
34053,85,0,0,0,1.0,0.0,0.0
32163,75,1,1,1,0.03620629,0.9611355,0.0026581835
28428,71,0,0,0,0.9689314,0.021666778,0.009401873
29455,0,0,0,0,1.0,0.0,0.0
32602,94,0,0,0,1.0,0.0,0.0
33055,58,0,0,0,1.0,0.0,0.0
32936,17,1,1,1,0.056869473,0.9395472,0.0035833893
34429,67,0,2,0,1.0,0.0,0.0
30855,18,0,0,0,1.0,0.0,0.0
33970,76,0,2,2,0.2679684,0.009023741,0.7230079
32636,66,1,1,1,0.22187877,0.7728436,0.0052776784
30548,1,0,1,1,0.33300775,0.60227495,0.06471727
34935,90,0,0,0,0.5822289,0.3944708,0.02330031
33712,99,1,1,1,0.07548816,0.91810775,0.0064040907
32547,19,1,1,1,0.06620147,0.93041754,0.0033810283
28087,35,0,0,0,1.0,0.0,0.0
33794,56,0,1,1,0.081858896,0.9149427,0.0031984209
30053,19,1,1,1,0.0660239,0.9303612,0.0036148871
34296,61,2,2,2,0.29156297,0.072458684,0.63597834
30281,51,0,0,0,1.0,0.0,0.0
34204,89,0,1,1,0.09219017,0.8997509,0.008058848
34028,74,0,0,0,1.0,0.0,0.0
28568,26,0,0,0,1.0,0.0,0.0
32184,72,0,0,0,1.0,0.0,0.0
31909,27,0,0,0,1.0,0.0,0.0
32358,96,0,1,1,0.13600504,0.8602135,0.003781463
34550,21,0,0,0,0.9473102,0.04194805,0.01074167
31179,18,0,0,0,0.9401366,0.036792304,0.023071118
30345,37,0,0,0,1.0,0.0,0.0
31848,36,0,2,0,1.0,0.0,0.0
28798,76,0,1,1,0.25484496,0.728478,0.01667708
33200,18,0,0,0,0.8922285,0.047540087,0.06023144
31795,78,0,0,0,0.99334794,0.0066520786,0.0
34299,78,0,0,0,0.9869575,0.013042507,0.0
29103,71,0,0,0,0.9209855,0.06610556,0.012908958
32588,91,0,0,0,1.0,0.0,0.0
34994,79,0,0,0,1.0,0.0,0.0
33388,50,0,0,0,0.99213153,0.007868453,0.0
32868,77,0,0,0,1.0,0.0,0.0
33181,14,0,2,0,1.0,0.0,0.0
32029,15,0,2,2,0.36027336,0.059588194,0.58013844
30555,74,0,0,0,1.0,0.0,0.0
29220,96,0,0,0,1.0,0.0,0.0
34842,97,0,0,0,0.8732461,0.12675394,0.0
32336,93,0,0,0,0.9771931,0.017509425,0.0052974527
29856,65,1,1,1,0.049450684,0.9477236,0.002825648
34263,35,0,0,0,0.95513844,0.044861548,0.0
30687,35,0,0,0,1.0,0.0,0.0
32634,70,0,0,0,0.7122826,0.28071985,0.006997606
29389,23,0,0,0,0.90269303,0.0763897,0.020917304
32586,13,0,0,0,1.0,0.0,0.0
30649,15,1,1,1,0.017167645,0.95618284,0.026649522
30727,34,0,0,0,0.9915165,0.008483527,0.0
34745,43,0,0,0,0.8749472,0.11565185,0.0094009405
29873,88,0,0,0,0.9657767,0.015305913,0.018917358
30074,46,0,0,0,0.988831,0.011169012,0.0
33862,64,2,2,2,0.07125269,0.011019749,0.9177276
28702,31,1,1,1,0.020365255,0.9773475,0.0022872975
29181,58,1,1,1,0.2782733,0.7160393,0.0056873905
31020,34,0,0,0,0.9952102,0.0047898157,0.0
31631,70,0,0,0,1.0,0.0,0.0
29082,32,0,0,0,0.9769849,0.023015065,0.0
30936,74,0,2,2,0.32059428,0.047507573,0.63189816
29459,2,0,2,2,0.20488283,0.030111723,0.76500547
28253,99,0,0,0,1.0,0.0,0.0
30518,3,0,0,0,0.97729385,0.0227062,0.0
31344,78,0,0,0,1.0,0.0,0.0
30879,19,0,2,0,1.0,0.0,0.0
33289,62,0,0,0,0.9910605,0.008939459,0.0
32362,16,0,1,1,0.07397357,0.92162836,0.004398086
28891,86,1,1,1,0.1210969,0.8789031,0.0
28047,79,0,0,0,0.6391181,0.3357923,0.02508961
34446,31,0,0,0,0.96922106,0.014896614,0.015882349
28095,34,0,0,0,0.98471636,0.015283638,0.0
30226,55,0,0,0,0.9924878,0.0075121946,0.0
34233,50,0,0,0,1.0,0.0,0.0
28304,36,0,2,2,0.4069736,0.023597393,0.56942904
31931,29,0,0,0,1.0,0.0,0.0
33838,25,0,0,0,1.0,0.0,0.0
28692,69,0,0,0,0.9328236,0.020012885,0.04716355
33419,96,0,0,0,0.9818296,0.012304142,0.005866295
31054,99,0,0,0,1.0,0.0,0.0
29252,0,0,0,0,1.0,0.0,0.0
30262,97,0,0,0,0.9704469,0.029553127,0.0
31653,94,0,2,2,0.14932704,0.055729266,0.7949437
28492,20,0,0,0,0.96197534,0.019240927,0.018783776
28131,73,0,1,1,0.30331698,0.69053596,0.00614708
33098,59,0,0,0,0.9096409,0.032036092,0.05832304
31030,97,0,0,0,0.98095775,0.019042231,0.0
30416,14,0,0,0,0.9679539,0.017033152,0.01501293
32585,67,0,0,0,1.0,0.0,0.0
28032,62,0,0,0,0.9579198,0.04208023,0.0
34036,79,0,0,0,1.0,0.0,0.0
32974,16,0,0,0,1.0,0.0,0.0
28824,93,0,1,1,0.3081184,0.6815894,0.010292115
31226,34,0,0,0,1.0,0.0,0.0
29155,47,0,2,0,1.0,0.0,0.0
33398,29,0,0,0,0.9566773,0.028863018,0.014459675
30659,18,0,0,0,1.0,0.0,0.0
31354,5,0,0,0,1.0,0.0,0.0
32297,69,0,0,0,1.0,0.0,0.0
34299,89,0,0,0,1.0,0.0,0.0
33329,19,0,0,0,0.8663806,0.07782337,0.055796023
32513,94,0,2,0,1.0,0.0,0.0
28568,38,0,0,0,1.0,0.0,0.0
31452,85,0,0,0,1.0,0.0,0.0
30009,87,0,0,0,0.9844141,0.015585884,0.0
33104,42,0,0,0,0.99207467,0.007925339,0.0
33926,49,0,0,0,1.0,0.0,0.0
28624,73,0,1,1,0.43506014,0.5536109,0.011329022
34359,82,0,0,0,0.9378605,0.05532624,0.0068132645
32151,84,0,0,0,0.78943604,0.11889369,0.09167026
33867,81,0,0,0,0.96560293,0.020176047,0.014221042
28247,30,0,0,0,1.0,0.0,0.0
33136,80,1,1,1,0.014383133,0.9821123,0.0035045685
31281,37,0,0,0,1.0,0.0,0.0
32435,93,0,0,0,0.9776026,0.017543646,0.0048537753
28381,66,0,0,0,1.0,0.0,0.0
34944,99,0,0,0,0.5468696,0.43037516,0.022755282
32896,41,0,2,0,1.0,0.0,0.0
30472,67,0,0,0,1.0,0.0,0.0
33203,32,0,0,0,0.9906734,0.009326559,0.0
29826,13,0,0,0,1.0,0.0,0.0
31080,31,2,2,2,0.01571649,0.004189667,0.9800939
28551,30,0,0,0,1.0,0.0,0.0
29431,26,0,0,0,1.0,0.0,0.0
28145,11,0,1,1,0.32120815,0.6571894,0.021602439
30203,21,0,0,0,1.0,0.0,0.0
30560,2,0,0,0,1.0,0.0,0.0
28369,75,0,0,0,1.0,0.0,0.0
34148,2,2,2,2,0.06279167,0.013342697,0.9238657
29732,21,0,2,2,0.097606756,0.02455534,0.87783796
33674,6,0,2,2,0.23611936,0.0199969,0.7438837
33900,60,0,0,0,0.8573707,0.1257796,0.016849734
33701,22,0,0,0,0.9908959,0.009104061,0.0
34484,67,0,1,0,0.20788501,0.4328153,0.3592997
31860,58,0,0,0,0.9709472,0.019840423,0.009212379
34717,60,0,2,0,1.0,0.0,0.0
28991,46,1,1,1,0.075329505,0.92467046,0.0
32854,29,1,1,1,0.099878,0.7896026,0.11051942
31935,62,0,0,0,1.0,0.0,0.0
34663,43,1,1,1,0.041633412,0.95556337,0.0028032195
30457,23,1,1,1,0.04575535,0.80744237,0.1468023
28418,10,0,0,0,0.92211354,0.066877276,0.011009221
29116,88,0,0,0,1.0,0.0,0.0
32537,91,1,0,0,0.747773,0.25222704,0.0
34986,0,0,0,0,1.0,0.0,0.0
29995,14,0,0,0,1.0,0.0,0.0
29463,60,0,0,0,0.9275148,0.06320526,0.009279956
30824,83,0,0,0,0.54672337,0.4375561,0.01572056
31010,68,1,1,1,0.06842243,0.92830384,0.003273738
30635,67,0,1,1,0.1597037,0.83515275,0.0051435633
34234,14,0,0,0,1.0,0.0,0.0
30759,48,0,0,0,1.0,0.0,0.0
32758,50,0,0,0,0.99456936,0.0054306425,0.0
29864,7,0,0,0,0.9918641,0.008135891,0.0
30139,5,0,0,0,0.69684494,0.295408,0.0077470676
31315,73,0,0,0,0.72090805,0.114049174,0.16504283
28471,67,0,0,0,1.0,0.0,0.0
30905,78,0,0,0,0.93791914,0.062080864,0.0
30353,6,0,0,0,0.8855703,0.05623999,0.058189657
34538,53,0,0,0,0.9805386,0.014776308,0.004685105
33528,95,0,0,0,0.9936506,0.006349388,0.0
32976,30,0,0,0,1.0,0.0,0.0
28714,49,0,0,0,0.92425996,0.06573847,0.01000159
28441,88,0,0,0,1.0,0.0,0.0
34388,17,0,0,0,1.0,0.0,0.0
28254,62,0,0,0,1.0,0.0,0.0
33610,93,0,0,0,0.60398066,0.39019424,0.0058250995
32225,39,0,0,0,1.0,0.0,0.0
34627,24,0,2,2,0.0870235,0.0119593935,0.9010171
30340,41,1,1,1,0.06607844,0.92865855,0.0052630426
29601,77,0,0,0,1.0,0.0,0.0
29600,89,0,0,0,1.0,0.0,0.0
29678,60,0,1,0,0.46966362,0.5240572,0.00627919
34274,71,1,1,1,0.08525005,0.91111517,0.0036348142
29337,47,0,0,0,1.0,0.0,0.0
34690,51,0,0,0,1.0,0.0,0.0
34536,91,0,0,0,1.0,0.0,0.0
31273,96,0,2,0,1.0,0.0,0.0
28595,21,0,0,0,0.97586673,0.017595015,0.0065382766
32866,86,0,0,0,0.98112553,0.018874465,0.0
33006,25,0,0,0,0.9712059,0.017498178,0.011295932
32114,61,0,0,0,1.0,0.0,0.0
30992,23,2,2,2,0.016784474,0.0052103885,0.9780051
29655,3,0,0,0,0.97793114,0.022068858,0.0
29529,87,0,0,0,1.0,0.0,0.0
30028,31,2,2,2,0.016180677,0.00282287,0.9809965
30125,91,0,0,0,0.9892821,0.010717877,0.0
28050,15,0,0,0,0.9133813,0.035647236,0.050971508
33312,45,1,1,1,0.06420684,0.9312611,0.004532047
32946,87,0,0,0,1.0,0.0,0.0
32557,25,0,0,0,0.96506655,0.022857036,0.012076442
30903,46,0,0,0,0.9704648,0.02953514,0.0
29332,34,0,0,0,1.0,0.0,0.0
34073,56,0,0,0,0.9602853,0.032937706,0.006777011
34550,99,0,0,0,0.9308465,0.04984218,0.019311292
31146,33,0,0,0,1.0,0.0,0.0
28203,29,2,2,2,0.028221313,0.005783769,0.9659949
32837,80,1,1,1,0.26923984,0.7224591,0.008301127
33470,89,0,0,0,1.0,0.0,0.0
30235,15,0,1,1,0.18873826,0.80795753,0.0033042578
30649,10,0,0,0,1.0,0.0,0.0
32885,76,0,0,0,1.0,0.0,0.0
30736,14,0,0,0,0.5880313,0.40072107,0.011247621
31003,51,0,0,0,0.735701,0.25681984,0.007479161
30141,79,0,1,1,0.25513342,0.7377367,0.007129933
30701,93,0,0,0,0.9680998,0.026039347,0.00586089
31101,35,1,1,1,0.07574555,0.9242545,0.0
32678,42,0,0,0,1.0,0.0,0.0
29182,72,0,0,0,1.0,0.0,0.0
31889,14,0,0,0,0.7451738,0.22064583,0.034180325
29743,44,0,0,0,1.0,0.0,0.0
33295,48,0,0,0,0.9519204,0.03755526,0.0105243195
31278,44,0,0,0,1.0,0.0,0.0
29539,26,0,2,0,1.0,0.0,0.0
30515,31,0,2,2,0.18235782,0.009213806,0.8084284
34726,27,2,2,2,0.014013014,0.003018316,0.9829687
29177,75,0,0,0,0.8920242,0.092204705,0.015771138
28167,5,0,0,0,1.0,0.0,0.0
34859,45,0,0,0,0.97009003,0.018266534,0.011643422
31408,46,0,0,0,0.6215276,0.3784724,0.0
35002,25,0,0,0,1.0,0.0,0.0
32659,65,0,0,0,0.7058245,0.039617658,0.25455785
29640,39,0,0,0,0.97871727,0.021282716,0.0
33656,38,0,0,0,1.0,0.0,0.0
28087,31,0,0,0,1.0,0.0,0.0
28262,11,0,0,0,1.0,0.0,0.0
31120,1,1,1,1,0.11749825,0.87571424,0.0067875255
28432,80,0,0,0,0.8826258,0.0681528,0.049221434
28049,29,0,0,0,0.89439017,0.04992555,0.05568427
28462,20,0,0,0,1.0,0.0,0.0
30980,25,0,2,2,0.14658177,0.032970022,0.8204482
34877,16,0,0,0,1.0,0.0,0.0
28608,71,0,1,1,0.33143687,0.6619021,0.0066610137
31007,67,1,1,1,0.1931089,0.8012918,0.00559933
29881,8,0,0,0,1.0,0.0,0.0
34838,75,0,2,2,0.28298885,0.0672017,0.6498095
30977,34,0,0,0,1.0,0.0,0.0
28364,41,0,0,0,1.0,0.0,0.0
32671,42,0,0,0,1.0,0.0,0.0
34378,41,0,1,1,0.24763907,0.74312633,0.00923463
32311,95,0,0,0,1.0,0.0,0.0
29519,45,0,0,0,1.0,0.0,0.0
31562,49,0,2,2,0.22237143,0.00932727,0.7683013
34515,34,0,0,0,1.0,0.0,0.0
33397,60,0,0,0,0.97539395,0.018618667,0.0059873983
29869,85,0,0,0,1.0,0.0,0.0
28837,39,0,0,0,1.0,0.0,0.0
28977,13,0,0,0,1.0,0.0,0.0
28128,17,0,1,1,0.43053836,0.5625499,0.0069118077
29582,95,0,0,0,0.9934744,0.0065255933,0.0
28262,93,0,0,0,1.0,0.0,0.0
32296,10,0,0,0,1.0,0.0,0.0
32487,98,0,0,0,1.0,0.0,0.0
28572,15,0,2,0,1.0,0.0,0.0
30972,80,0,2,0,1.0,0.0,0.0
29830,33,0,0,0,0.98665863,0.013341371,0.0
32095,48,0,0,0,1.0,0.0,0.0
30947,57,0,0,0,1.0,0.0,0.0
34617,53,0,0,0,1.0,0.0,0.0
30663,48,0,0,0,1.0,0.0,0.0
34390,97,0,0,0,1.0,0.0,0.0
32882,57,0,0,0,1.0,0.0,0.0
29335,16,0,0,0,1.0,0.0,0.0
29650,54,0,0,0,0.9707945,0.017729161,0.01147637
29269,69,0,0,0,0.9468422,0.04180447,0.011353305
30364,24,0,0,0,1.0,0.0,0.0
30671,64,0,0,0,1.0,0.0,0.0
29195,11,0,0,0,0.9688513,0.01876113,0.012387596
28480,85,0,0,0,1.0,0.0,0.0
31096,4,0,0,0,0.9031014,0.049788736,0.047109928
33347,37,0,0,0,1.0,0.0,0.0
29616,47,0,0,0,1.0,0.0,0.0
34417,45,0,0,0,1.0,0.0,0.0
28065,36,0,1,1,0.44321308,0.46609297,0.09069393
33283,53,0,0,0,0.7775515,0.031429317,0.19101925
29625,65,0,0,0,1.0,0.0,0.0
29584,6,0,0,0,0.94746363,0.030287622,0.022248786
32106,96,0,0,0,1.0,0.0,0.0
30511,66,0,0,0,0.9726313,0.020656688,0.006712032
28035,17,0,1,1,0.07254997,0.92260563,0.0048444197
28438,42,0,0,0,0.98052174,0.019478299,0.0
32861,88,0,1,1,0.28197402,0.4945807,0.22344533
29842,81,0,0,0,0.9701035,0.021420158,0.008476342
31313,0,0,0,0,1.0,0.0,0.0
32959,34,0,0,0,1.0,0.0,0.0
34128,87,0,0,0,1.0,0.0,0.0
34795,80,0,0,0,1.0,0.0,0.0
33638,87,0,0,0,1.0,0.0,0.0
29466,47,0,1,1,0.40605155,0.5880016,0.0059468457
28232,16,0,1,1,0.3024019,0.68904245,0.008555597
29016,8,0,0,0,1.0,0.0,0.0
34068,0,0,0,0,1.0,0.0,0.0
32144,26,0,0,0,0.49064323,0.031813964,0.47754285
33259,29,0,0,0,1.0,0.0,0.0
28104,51,0,2,0,1.0,0.0,0.0
34711,8,0,0,0,1.0,0.0,0.0
34202,39,0,0,0,0.97615653,0.023843467,0.0
31736,18,0,0,0,1.0,0.0,0.0
28498,94,0,0,0,0.9731651,0.019494383,0.0073405583
31372,17,0,0,0,0.96800274,0.024125429,0.007871788
30954,31,0,0,0,1.0,0.0,0.0
34567,82,0,0,0,0.9258025,0.06608251,0.00811497
30434,15,0,1,1,0.3105005,0.6829428,0.0065566916
34069,16,0,0,0,0.97062844,0.022437502,0.006934063
33021,68,1,1,1,0.045072578,0.9520536,0.0028738629
33082,44,0,0,0,1.0,0.0,0.0
34856,24,0,1,1,0.071668506,0.9249437,0.0033878281
34985,2,0,0,0,1.0,0.0,0.0
29070,77,0,0,0,0.9915261,0.008473856,0.0
34553,75,1,0,0,0.87447464,0.11472794,0.010797455
30157,62,0,0,0,0.99414265,0.005857386,0.0
33695,95,1,1,1,0.048546106,0.9514539,0.0
34549,40,0,0,0,0.95646363,0.03558974,0.007946581
28039,1,1,1,1,0.10706872,0.88851297,0.0044183247
34429,69,2,2,2,0.06286889,0.009277133,0.927854
28116,37,0,0,0,1.0,0.0,0.0
31264,99,2,2,2,0.11128043,0.01727347,0.87144613
28891,15,1,1,1,0.10308157,0.89202183,0.0048966333
32543,37,0,0,0,1.0,0.0,0.0
34368,70,1,1,1,0.30346453,0.6900128,0.006522725
30663,30,0,0,0,1.0,0.0,0.0
32095,35,0,0,0,1.0,0.0,0.0
30636,70,0,1,1,0.06646768,0.9295972,0.003935158
31693,77,0,0,0,0.9926316,0.007368413,0.0
30244,62,0,0,0,0.94347304,0.056527,0.0
31634,43,0,0,0,1.0,0.0,0.0
34549,0,0,0,0,1.0,0.0,0.0
30771,74,0,0,0,1.0,0.0,0.0
29045,55,0,0,0,1.0,0.0,0.0
33464,87,0,0,0,1.0,0.0,0.0
32256,47,0,1,0,0.4640224,0.5285268,0.007450898
34965,12,1,1,1,0.011917802,0.98273075,0.0053514363
33916,61,0,0,0,1.0,0.0,0.0
30107,39,0,0,0,0.98083395,0.019166045,0.0
31740,15,0,2,0,1.0,0.0,0.0
29772,26,1,1,1,0.022779858,0.9751585,0.0020615705
34102,64,0,2,2,0.37492672,0.020218853,0.60485446
31218,82,0,0,0,0.8608618,0.08900522,0.050132994
30737,52,0,0,0,0.9972548,0.0027452111,0.0
32009,74,0,0,0,1.0,0.0,0.0
29744,98,0,0,0,0.9536528,0.028440865,0.01790636
33091,84,2,2,2,0.021200199,0.0032374468,0.97556233
32866,68,0,0,0,1.0,0.0,0.0
32271,94,0,0,0,0.8407013,0.0932282,0.06607048
28384,46,0,0,0,1.0,0.0,0.0
34879,27,0,0,0,1.0,0.0,0.0
30474,8,0,0,0,1.0,0.0,0.0
30750,69,0,0,0,0.5982247,0.25454026,0.147235
30254,7,0,0,0,0.99668086,0.0033191293,0.0
32903,2,0,2,0,1.0,0.0,0.0
30735,14,0,1,1,0.30926394,0.68422216,0.006513883
33261,23,0,0,0,1.0,0.0,0.0
28095,76,0,2,0,1.0,0.0,0.0
30294,28,1,0,0,0.9176688,0.08233117,0.0
29364,38,0,0,0,0.96416366,0.01830703,0.017529337
30489,57,0,0,0,1.0,0.0,0.0
33086,28,0,0,0,1.0,0.0,0.0
29135,76,0,0,0,1.0,0.0,0.0
34902,83,0,0,0,1.0,0.0,0.0
31917,26,0,0,0,1.0,0.0,0.0
33269,28,0,0,0,1.0,0.0,0.0
33891,38,0,1,1,0.07770565,0.91890013,0.0033941607
28159,4,1,1,1,0.08498751,0.8968393,0.018173167
31905,90,0,0,0,1.0,0.0,0.0
33444,94,0,0,0,1.0,0.0,0.0
30079,2,0,1,1,0.42569444,0.4591414,0.11516419
34170,28,0,0,0,0.75938076,0.24061924,0.0
34221,54,0,0,0,1.0,0.0,0.0
33734,46,0,0,0,1.0,0.0,0.0
34884,45,0,0,0,1.0,0.0,0.0
32405,98,0,0,0,1.0,0.0,0.0
28388,93,1,1,1,0.15615672,0.8330632,0.010780133
34325,0,0,0,0,1.0,0.0,0.0
32766,58,0,0,0,1.0,0.0,0.0
32819,69,0,0,0,0.9738477,0.016732406,0.009419948
29462,77,0,0,0,0.94218636,0.057813685,0.0
30363,24,0,0,0,1.0,0.0,0.0
32729,40,0,0,0,0.91511554,0.073268086,0.011616394
34829,63,0,0,0,0.9924935,0.007506474,0.0
32182,15,0,2,2,0.3061243,0.033163257,0.6607124
34002,64,1,1,1,0.23463611,0.6651317,0.10023222
32718,89,0,0,0,0.96459323,0.030405777,0.005001061
31339,91,0,0,0,1.0,0.0,0.0
30207,87,0,0,0,1.0,0.0,0.0
29688,95,0,0,0,1.0,0.0,0.0
28215,99,0,0,0,0.5334153,0.1025136,0.36407107
29343,24,0,2,0,1.0,0.0,0.0
30254,38,0,0,0,0.97264534,0.0155722415,0.011782446
29591,9,0,0,0,1.0,0.0,0.0
34791,23,0,0,0,1.0,0.0,0.0
31737,91,0,0,0,1.0,0.0,0.0
31996,9,0,0,0,1.0,0.0,0.0
33053,2,1,1,1,0.18818559,0.6972487,0.11456574
34957,51,0,1,1,0.3722169,0.619485,0.008298088
28566,51,0,0,0,1.0,0.0,0.0
30806,94,0,0,0,0.9090729,0.040233918,0.05069323
28478,80,0,2,0,1.0,0.0,0.0
29694,78,0,0,0,1.0,0.0,0.0
33564,12,0,2,0,1.0,0.0,0.0
30519,19,0,0,0,0.9146384,0.07659866,0.008762953
34770,83,0,0,0,0.919353,0.040981226,0.039665744
34569,95,0,0,0,0.99047965,0.009520327,0.0
34833,29,0,0,0,0.97020715,0.020470686,0.009322213
33471,22,0,0,0,1.0,0.0,0.0
31565,67,0,0,0,0.491322,0.034255583,0.4744224
33176,56,0,0,0,1.0,0.0,0.0
29168,8,0,0,0,1.0,0.0,0.0
31895,2,0,0,0,0.4376508,0.3589313,0.20341784
29800,66,0,0,0,1.0,0.0,0.0
31006,89,1,1,1,0.36786333,0.62475425,0.0073824283
34187,34,0,0,0,0.99725467,0.0027453403,0.0
28118,99,0,0,0,0.9442313,0.0276751,0.028093612
28075,74,0,0,0,1.0,0.0,0.0
28744,19,0,0,0,1.0,0.0,0.0
28358,29,0,0,0,1.0,0.0,0.0
32833,82,0,0,0,0.5374229,0.4539051,0.008672014
30205,51,0,2,0,1.0,0.0,0.0
30407,10,0,2,2,0.14419478,0.010527926,0.8452773
34418,70,0,0,0,1.0,0.0,0.0
28425,95,0,0,0,0.99081117,0.009188848,0.0
34911,36,2,2,2,0.13369244,0.018386716,0.84792084
28201,47,2,2,2,0.09866827,0.034622826,0.86670893
34004,5,1,1,1,0.010836011,0.97816306,0.011000908
34057,25,2,2,2,0.041809507,0.005617203,0.9525733
33650,69,0,0,0,1.0,0.0,0.0
33810,20,0,0,0,0.86121124,0.098642394,0.040146407
29529,40,0,0,0,1.0,0.0,0.0
34878,5,1,1,1,0.077000916,0.90014243,0.022856653
32617,51,0,0,0,0.8097005,0.03930932,0.1509902
32188,99,0,0,0,1.0,0.0,0.0
28145,58,1,1,1,0.016770214,0.96451867,0.01871114
33797,21,1,1,1,0.049402274,0.94745004,0.003147647
32299,31,0,0,0,1.0,0.0,0.0
33919,67,0,0,0,1.0,0.0,0.0
33801,1,1,1,1,0.06178215,0.93531376,0.0029041448
30014,40,2,2,2,0.18751751,0.029999776,0.78248274
34390,97,0,0,0,1.0,0.0,0.0
34024,22,0,0,0,1.0,0.0,0.0
28732,71,0,1,0,0.41847748,0.43252772,0.14899479
32824,12,0,0,0,0.9348151,0.05252809,0.012656788
29002,33,0,0,0,0.98687196,0.013128083,0.0
28530,62,0,0,0,0.9901459,0.009854052,0.0
34455,78,0,0,0,0.9613217,0.03867831,0.0
28504,98,0,0,0,0.7891241,0.19792916,0.0129467985
28800,22,1,1,1,0.06796047,0.93203956,0.0
34040,22,0,0,0,1.0,0.0,0.0
34795,16,0,0,0,1.0,0.0,0.0
32666,79,1,1,1,0.032423176,0.8876984,0.07987838
29138,80,0,0,0,1.0,0.0,0.0
34343,21,0,0,0,0.9450728,0.012692348,0.04223486
29111,3,0,0,0,0.9903119,0.00968806,0.0
34879,10,0,0,0,1.0,0.0,0.0
34398,77,0,0,0,1.0,0.0,0.0
33258,60,0,0,0,1.0,0.0,0.0
33780,32,0,0,0,0.98636955,0.013630436,0.0
34297,78,0,0,0,0.9923079,0.0076920646,0.0
31605,13,0,0,0,1.0,0.0,0.0
30654,11,0,1,1,0.0973299,0.8738836,0.028786419
33608,31,1,1,1,0.023861438,0.9738796,0.002258996
28828,61,1,1,1,0.039421815,0.94942,0.011158239
33907,67,1,1,1,0.12795249,0.847901,0.024146551
34924,60,0,0,0,0.9332499,0.018803747,0.047946375
33797,32,0,0,0,0.9899109,0.010089143,0.0
33365,30,0,0,0,1.0,0.0,0.0
34835,19,0,0,0,0.97435516,0.018346483,0.0072983657
33229,57,0,0,0,0.99561155,0.0043884576,0.0
28124,68,0,1,1,0.21876495,0.7758221,0.0054129893
29372,90,1,1,1,0.109408475,0.8859941,0.0045974604
32007,2,0,0,0,1.0,0.0,0.0
29922,70,0,2,0,1.0,0.0,0.0
29514,74,0,0,0,1.0,0.0,0.0
34602,52,0,0,0,1.0,0.0,0.0
30615,84,0,0,0,0.88570476,0.1017995,0.012495764
34774,24,0,0,0,0.73455364,0.05045489,0.21499151
30177,13,0,0,0,1.0,0.0,0.0
31517,95,0,0,0,0.9770894,0.022910593,0.0
30135,46,0,0,0,0.95718044,0.042819556,0.0
29562,3,0,0,0,0.7894243,0.21057571,0.0
31645,72,0,0,0,1.0,0.0,0.0
31570,46,0,0,0,0.991874,0.008126039,0.0
28810,33,0,0,0,0.9940277,0.005972302,0.0
29013,76,0,0,0,1.0,0.0,0.0
33324,97,0,0,0,0.9945291,0.005470888,0.0
28389,3,0,0,0,0.9504041,0.04959585,0.0
34447,63,0,0,0,0.98974913,0.010250855,0.0
29026,85,0,0,0,1.0,0.0,0.0
32592,43,0,0,0,1.0,0.0,0.0
30537,48,0,1,1,0.25326318,0.73895854,0.0077783256
33266,76,0,0,0,1.0,0.0,0.0
28339,32,0,0,0,0.99422807,0.005771905,0.0
33161,88,0,0,0,1.0,0.0,0.0
31866,45,0,0,0,0.5437272,0.45004767,0.006225118
30550,54,0,0,0,1.0,0.0,0.0
28805,28,0,0,0,0.9728999,0.027100097,0.0
28436,77,0,0,0,0.9945088,0.0054912088,0.0
34416,76,0,0,0,1.0,0.0,0.0
28320,74,1,1,1,0.35810772,0.6358246,0.0060676187
34232,83,0,0,0,1.0,0.0,0.0
31756,18,0,0,0,0.9430416,0.023383059,0.033575237
29550,10,0,0,0,0.97772366,0.015960244,0.0063161207
28200,64,2,2,2,0.059984677,0.012600399,0.92741495
33558,71,0,0,0,1.0,0.0,0.0
32879,45,0,0,0,1.0,0.0,0.0
35011,42,0,0,0,1.0,0.0,0.0
29448,49,2,2,2,0.0679195,0.010024471,0.9220561
31027,33,0,0,0,0.9945065,0.0054935166,0.0
28439,11,0,2,2,0.3950468,0.106790215,0.49816296
32931,26,1,1,1,0.045957714,0.95029503,0.0037472174
30874,15,0,0,0,1.0,0.0,0.0
34083,18,1,1,1,0.08744822,0.9086345,0.0039172717
34807,44,0,0,0,1.0,0.0,0.0
28865,19,0,2,0,1.0,0.0,0.0
29591,69,2,2,2,0.26200825,0.037524503,0.7004672
29326,9,0,0,0,1.0,0.0,0.0
34003,98,2,0,0,0.6827516,0.11865532,0.19859305
32311,2,0,0,0,0.6063315,0.104206406,0.28946206
28521,76,0,1,0,0.48118752,0.5122756,0.006536909
32087,7,0,0,0,0.99583405,0.004165932,0.0
31558,79,2,2,2,0.016694596,0.0034967319,0.9798087
32285,97,0,0,0,1.0,0.0,0.0
34740,7,0,0,0,0.9943043,0.0056957286,0.0
32717,50,0,0,0,0.9934219,0.00657807,0.0
29440,36,0,2,0,1.0,0.0,0.0
29250,34,0,0,0,0.94724584,0.052754156,0.0
32661,80,2,2,2,0.19446567,0.22970343,0.57583094
29692,84,0,0,0,1.0,0.0,0.0
30721,6,1,1,1,0.04738471,0.9498105,0.0028048297
32811,82,0,0,0,0.96633106,0.027372811,0.0062960824
28722,31,0,0,0,0.938662,0.026429076,0.03490901
32245,17,0,0,0,0.9684917,0.023145773,0.0083625065
32249,8,0,0,0,1.0,0.0,0.0
34390,83,1,1,1,0.09640689,0.61021304,0.2933801
33270,69,0,0,0,1.0,0.0,0.0
34684,5,1,1,1,0.012233187,0.9770496,0.010717188
34301,39,0,0,0,1.0,0.0,0.0
34566,73,0,1,1,0.311522,0.67728686,0.01119107
30368,41,0,0,0,1.0,0.0,0.0
32453,16,1,1,1,0.044944458,0.9515338,0.0035217598
29776,24,0,1,1,0.41892865,0.553178,0.027893383
34911,85,0,0,0,1.0,0.0,0.0
32963,17,0,0,0,1.0,0.0,0.0
31688,72,0,0,0,1.0,0.0,0.0
30258,94,0,0,0,0.90220374,0.04571977,0.05207657
29467,19,0,1,1,0.27082434,0.7253025,0.0038731487
29322,22,0,0,0,1.0,0.0,0.0
28165,92,0,1,1,0.32416207,0.6101633,0.06567465
29537,89,0,2,2,0.21867403,0.070773065,0.7105529
29064,33,0,0,0,0.9903267,0.009673275,0.0
33247,92,0,0,0,1.0,0.0,0.0
29752,75,0,0,0,0.900519,0.087030634,0.012450347
30547,42,0,0,0,0.99613816,0.0038618771,0.0
29686,26,1,1,1,0.0141993575,0.98284113,0.0029594367
31059,10,0,0,0,1.0,0.0,0.0
34941,60,0,1,1,0.18440814,0.8107141,0.0048776306
33727,54,0,0,0,1.0,0.0,0.0
32317,83,0,2,0,1.0,0.0,0.0
29665,55,1,1,1,0.053037662,0.94696236,0.0
28089,98,0,0,0,1.0,0.0,0.0
34530,37,0,0,0,1.0,0.0,0.0
28553,75,0,0,0,1.0,0.0,0.0
31496,21,0,1,0,0.45120192,0.54075354,0.008044539
28713,40,1,1,1,0.0959652,0.89872044,0.005314388
34444,37,0,0,0,1.0,0.0,0.0
31033,54,0,0,0,0.35056958,0.30099046,0.34843993
33362,94,0,0,0,1.0,0.0,0.0
33729,82,0,0,0,1.0,0.0,0.0
30866,89,0,0,0,1.0,0.0,0.0
29322,58,0,0,0,1.0,0.0,0.0
31942,40,2,2,2,0.022416111,0.0034602177,0.9741237
34190,77,0,0,0,0.974474,0.025525985,0.0
34792,59,0,0,0,1.0,0.0,0.0
33454,72,0,0,0,1.0,0.0,0.0
29547,96,0,0,0,0.95989645,0.0284421,0.011661507
28500,40,0,0,0,0.9592217,0.029728625,0.011049622
29221,11,0,0,0,1.0,0.0,0.0
34482,33,0,0,0,0.994537,0.005463043,0.0
33446,40,0,0,0,1.0,0.0,0.0
32942,20,0,1,1,0.16009359,0.8303988,0.009507625
33616,53,0,1,1,0.44067445,0.5350501,0.024275433
31275,65,0,0,0,0.9605846,0.017238699,0.022176722
29051,22,0,0,0,1.0,0.0,0.0
29817,52,0,0,0,1.0,0.0,0.0
29735,97,0,0,0,0.99282384,0.007176175,0.0
32380,97,0,0,0,1.0,0.0,0.0
31026,56,0,0,0,0.9208982,0.03808084,0.041020986
32225,57,0,0,0,1.0,0.0,0.0
30370,8,0,0,0,1.0,0.0,0.0
29114,88,1,1,1,0.19770229,0.58313227,0.21916549
32642,33,0,1,1,0.05661406,0.94338596,0.0
30563,47,0,0,0,1.0,0.0,0.0
29186,93,1,1,1,0.06973172,0.92681426,0.0034540656
31051,63,0,0,0,1.0,0.0,0.0
28683,74,0,0,0,0.9587764,0.03526635,0.0059572244
28545,20,0,0,0,1.0,0.0,0.0
33874,92,0,0,0,0.96871614,0.018132063,0.01315174
35032,46,0,0,0,0.96455795,0.035442065,0.0
32611,25,2,2,2,0.044337202,0.0070726154,0.9485902
33052,82,2,0,0,0.42900562,0.23386127,0.33713314
34494,74,0,0,0,0.71069914,0.16340035,0.1259005
29061,8,0,0,0,1.0,0.0,0.0
34615,89,0,0,0,1.0,0.0,0.0
28668,76,0,0,0,1.0,0.0,0.0
34787,7,0,0,0,0.9910771,0.008922906,0.0
34007,98,2,2,2,0.067410335,0.0645467,0.86804295
28820,52,0,0,0,0.9952385,0.0047614593,0.0
32938,77,0,0,0,0.9901926,0.009807413,0.0
30046,92,1,1,1,0.17962547,0.8155325,0.004842076
28242,96,0,0,0,1.0,0.0,0.0
30224,11,0,0,0,0.8611548,0.02730768,0.1115375
32280,64,1,1,1,0.08136264,0.8688543,0.049783085
34058,56,0,2,2,0.089013785,0.061163723,0.8498225
31346,71,0,0,0,1.0,0.0,0.0
29531,66,0,0,0,1.0,0.0,0.0
30793,17,0,0,0,0.9265574,0.05920499,0.014237527
34170,76,0,0,0,0.83481145,0.15867975,0.006508732
29598,38,0,0,0,1.0,0.0,0.0
32680,70,0,0,0,1.0,0.0,0.0
33527,77,0,0,0,0.99255574,0.0074442388,0.0
33833,70,0,0,0,1.0,0.0,0.0
33315,38,1,1,1,0.06633216,0.9302549,0.0034129699
30292,38,0,0,0,1.0,0.0,0.0
33164,24,0,0,0,1.0,0.0,0.0
31628,11,0,0,0,1.0,0.0,0.0
31088,76,2,2,2,0.033529628,0.00472537,0.961745
32772,58,0,0,0,1.0,0.0,0.0
32837,94,1,1,1,0.41614068,0.5748559,0.009003426
34757,58,1,1,1,0.030087322,0.96725625,0.0026564563
28601,81,0,0,0,0.9263726,0.06481995,0.008807491
28785,13,0,0,0,1.0,0.0,0.0
28710,4,0,0,0,0.79710424,0.19925193,0.0036437993
28560,77,0,0,0,1.0,0.0,0.0
34711,54,0,0,0,1.0,0.0,0.0
29753,42,0,0,0,0.9738588,0.02614123,0.0
34330,2,0,0,0,1.0,0.0,0.0
33365,22,0,0,0,1.0,0.0,0.0
34880,71,0,0,0,1.0,0.0,0.0
30972,30,0,0,0,1.0,0.0,0.0
31463,62,0,0,0,0.990456,0.009544025,0.0
34191,73,0,1,1,0.060612198,0.93506134,0.004326457
34310,9,0,0,0,1.0,0.0,0.0
31595,12,1,1,1,0.26204363,0.7295523,0.008404009
32364,5,0,1,1,0.04487451,0.9505993,0.0045262175
31662,13,0,0,0,1.0,0.0,0.0
30071,91,0,0,0,0.99361134,0.006388654,0.0
28686,41,0,0,0,0.8579399,0.026515976,0.11554414
32962,21,0,0,0,1.0,0.0,0.0
34077,51,1,1,1,0.18174747,0.8134514,0.0048010503
30374,10,0,0,0,1.0,0.0,0.0
28364,13,0,0,0,1.0,0.0,0.0
34221,30,0,0,0,1.0,0.0,0.0
29691,65,1,1,1,0.089877,0.90365005,0.0064729555
30991,10,0,0,0,0.9766445,0.016618527,0.0067369672
31351,56,0,0,0,1.0,0.0,0.0
32475,51,0,2,2,0.4032494,0.12017804,0.47657254
34172,54,0,1,1,0.16532888,0.82905024,0.0056209015
28233,7,0,0,0,0.9943967,0.005603318,0.0
28559,27,0,0,0,1.0,0.0,0.0
33088,29,0,2,0,1.0,0.0,0.0
31094,87,0,0,0,0.9898339,0.010166116,0.0
29567,29,1,1,1,0.21986936,0.77526355,0.004867115
28077,51,0,0,0,1.0,0.0,0.0
31893,10,0,0,0,0.8227219,0.05250151,0.12477658
31994,31,0,0,0,1.0,0.0,0.0
28475,14,0,2,0,1.0,0.0,0.0
34652,34,1,1,1,0.057849724,0.9421503,0.0
28449,94,0,0,0,1.0,0.0,0.0
29720,84,0,0,0,1.0,0.0,0.0
29536,49,2,2,2,0.060831647,0.010871079,0.9282973
31694,39,0,0,0,0.9949843,0.0050156834,0.0
32024,67,0,0,0,1.0,0.0,0.0
32304,78,0,0,0,1.0,0.0,0.0
32821,48,0,0,0,0.9577454,0.029748203,0.012506414
31827,52,0,0,0,1.0,0.0,0.0
31507,87,0,0,0,0.99428225,0.005717755,0.0
34446,79,0,2,0,1.0,0.0,0.0
33659,91,0,0,0,0.98555344,0.01444659,0.0
30177,13,0,0,0,1.0,0.0,0.0
28585,77,0,0,0,0.989051,0.010949054,0.0
29474,64,0,1,1,0.13638934,0.85711515,0.0064955256
28486,88,0,0,0,0.48257518,0.47350642,0.04391841
32492,37,0,0,0,1.0,0.0,0.0
28303,30,0,0,0,0.98493356,0.0150664495,0.0
30666,99,0,0,0,1.0,0.0,0.0
34298,86,0,0,0,1.0,0.0,0.0
31886,9,0,0,0,1.0,0.0,0.0
28211,50,0,0,0,0.99393034,0.006069624,0.0
34209,1,0,0,0,1.0,0.0,0.0
32158,65,1,1,1,0.21094674,0.78394574,0.0051075188
33343,8,0,0,0,1.0,0.0,0.0
34310,47,0,0,0,1.0,0.0,0.0
30402,74,0,2,0,1.0,0.0,0.0
31137,26,0,0,0,1.0,0.0,0.0
29507,10,0,0,0,1.0,0.0,0.0
28388,24,2,2,2,0.07609523,0.01115376,0.912751
30529,48,1,1,1,0.041696522,0.9557732,0.0025302533
34317,62,0,0,0,1.0,0.0,0.0
28087,48,0,0,0,1.0,0.0,0.0
31135,71,0,0,0,1.0,0.0,0.0
34135,54,0,0,0,1.0,0.0,0.0
29027,37,0,0,0,1.0,0.0,0.0
32987,24,0,0,0,1.0,0.0,0.0
31961,54,0,0,0,0.8847877,0.106557444,0.008654941
32816,76,0,0,0,0.9789428,0.015092136,0.0059650266
29539,65,0,2,0,1.0,0.0,0.0
32849,32,0,0,0,0.9946048,0.0053951736,0.0
34242,52,0,0,0,1.0,0.0,0.0
30279,71,0,0,0,1.0,0.0,0.0
32979,58,0,0,0,1.0,0.0,0.0
31188,7,0,0,0,0.99395895,0.006041016,0.0
31313,75,0,1,1,0.23381999,0.74069077,0.025489233
31627,54,0,0,0,1.0,0.0,0.0
29179,54,0,0,0,0.6062273,0.38599494,0.0077778194
31392,79,1,1,1,0.04644258,0.94915205,0.004405392
33012,93,0,0,0,0.9770478,0.01746498,0.0054871924
31854,83,0,2,0,1.0,0.0,0.0
31643,61,0,0,0,1.0,0.0,0.0
31408,52,0,0,0,0.99216306,0.007836894,0.0
30166,63,0,0,0,0.9950679,0.004932115,0.0
31730,39,0,0,0,1.0,0.0,0.0
28471,86,0,0,0,1.0,0.0,0.0
33343,3,0,0,0,1.0,0.0,0.0
34361,23,0,0,0,0.5043428,0.48769006,0.007967118
32100,96,0,0,0,1.0,0.0,0.0
28879,23,2,2,2,0.17056058,0.016639432,0.8128
34315,1,0,0,0,1.0,0.0,0.0
28141,5,1,1,1,0.19198558,0.8036784,0.004335987
34705,95,0,0,0,1.0,0.0,0.0
28294,26,0,0,0,0.95451665,0.026271366,0.019211983
32100,36,0,0,0,1.0,0.0,0.0
28096,11,0,2,0,1.0,0.0,0.0
31454,66,0,2,0,1.0,0.0,0.0
31691,29,1,1,1,0.11424044,0.8798449,0.005914716
32232,63,0,0,0,0.99351406,0.0064859707,0.0
28339,18,0,0,0,0.9129595,0.050141186,0.03689936
34291,4,0,0,0,0.8899842,0.057643592,0.052372236
33846,34,0,0,0,1.0,0.0,0.0
31792,74,0,0,0,0.9221925,0.040745083,0.037062407
34028,7,0,0,0,1.0,0.0,0.0
33805,70,0,0,0,0.9658034,0.027650537,0.0065461234
28812,20,0,1,1,0.43422458,0.55763555,0.008139857
34559,64,1,1,1,0.037968174,0.95899093,0.0030409424
28971,94,0,0,0,0.9316209,0.01744386,0.050935257
32421,4,0,0,0,0.65112495,0.035680674,0.3131944
31233,14,0,0,0,1.0,0.0,0.0
33170,50,0,0,0,1.0,0.0,0.0
33094,64,0,2,2,0.09505322,0.010304281,0.8946425
32463,45,0,0,0,0.94735926,0.034295622,0.018345136
29439,33,0,0,0,1.0,0.0,0.0
33524,98,0,0,0,0.54727274,0.32110158,0.13162568
28774,72,0,0,0,1.0,0.0,0.0
28473,38,0,0,0,1.0,0.0,0.0
34399,0,0,0,0,1.0,0.0,0.0
32641,43,1,1,1,0.026493534,0.97106653,0.0024398887
31499,14,1,1,1,0.06442159,0.93110347,0.004474996
34971,8,0,0,0,1.0,0.0,0.0
34581,66,0,0,0,1.0,0.0,0.0
30777,27,0,0,0,1.0,0.0,0.0
33535,1,0,0,0,1.0,0.0,0.0
28512,18,0,1,0,0.44656536,0.545931,0.0075036846
34244,30,0,0,0,0.98747754,0.012522483,0.0
31769,14,0,0,0,0.91219,0.07784485,0.009965161
28776,15,2,2,2,0.029569171,0.005499726,0.9649311
28958,2,0,2,0,1.0,0.0,0.0
31981,11,0,0,0,0.964444,0.022966366,0.012589641
31196,20,1,1,1,0.19525532,0.79947275,0.005271943
34148,65,0,2,0,1.0,0.0,0.0
33965,96,1,0,0,0.80890614,0.032778215,0.15831564
33790,3,1,1,1,0.049901195,0.9500988,0.0
31860,44,0,0,0,1.0,0.0,0.0
31015,77,0,0,0,0.98838764,0.011612359,0.0
28146,38,0,1,1,0.4135151,0.5410647,0.045420248
31778,84,0,1,1,0.31423718,0.67707384,0.008689034
31261,81,0,0,0,1.0,0.0,0.0
33130,45,0,1,1,0.44169635,0.55121136,0.007092308
31339,46,0,0,0,1.0,0.0,0.0
31262,11,2,0,0,0.5064032,0.039366636,0.4542302
28096,49,0,2,0,1.0,0.0,0.0
28392,25,0,2,2,0.041454326,0.0053725927,0.9531731
28148,4,0,1,1,0.24750073,0.7144708,0.03802846
29141,8,0,0,0,1.0,0.0,0.0
32627,50,0,0,0,0.9927293,0.0072706547,0.0
31267,40,2,2,2,0.09923574,0.01625322,0.88451105
30709,65,0,0,0,0.97640854,0.017354226,0.006237258
32008,18,0,0,0,1.0,0.0,0.0
30853,91,0,0,0,1.0,0.0,0.0
31426,78,0,0,0,1.0,0.0,0.0
34063,82,0,0,0,0.9693955,0.024897348,0.005707177
33717,93,1,1,1,0.041727398,0.9545951,0.0036775586
33780,95,0,0,0,0.99173766,0.008262345,0.0
29024,55,0,0,0,1.0,0.0,0.0
29507,94,0,0,0,1.0,0.0,0.0
30214,16,2,2,2,0.08866314,0.035570554,0.8757663
31310,41,0,0,0,0.93545026,0.044181537,0.020368244
28196,82,0,2,2,0.26892763,0.13059938,0.600473
33973,43,0,0,0,0.9690732,0.018740863,0.012186006
29026,85,0,0,0,1.0,0.0,0.0
29254,70,0,2,0,1.0,0.0,0.0
31345,11,0,0,0,1.0,0.0,0.0
32939,14,0,1,1,0.042732865,0.95402074,0.0032463374
33722,5,0,0,0,1.0,0.0,0.0
29305,57,0,0,0,0.97456384,0.025436165,0.0
33065,45,0,0,0,1.0,0.0,0.0
28947,83,0,0,0,1.0,0.0,0.0
31368,30,0,0,0,0.98352134,0.016478667,0.0
31287,4,0,0,0,0.9384552,0.05246034,0.009084437
30761,55,0,0,0,1.0,0.0,0.0
33247,24,0,0,0,1.0,0.0,0.0
29297,69,0,0,0,0.89365184,0.056870688,0.0494774
28507,13,0,0,0,1.0,0.0,0.0
32268,37,0,0,0,1.0,0.0,0.0
30067,69,0,0,0,0.76336443,0.18631898,0.050316595
28052,72,0,0,0,1.0,0.0,0.0
31740,66,2,2,2,0.10350676,0.016832175,0.8796611
28689,77,0,0,0,0.99217576,0.007824254,0.0
29202,88,0,0,0,0.94007343,0.0257882,0.034138355
32038,91,0,0,0,0.991009,0.008991027,0.0
28891,65,1,1,1,0.098966196,0.8934739,0.0075599137
31650,85,0,0,0,1.0,0.0,0.0
32193,59,0,0,0,1.0,0.0,0.0
28842,44,0,0,0,1.0,0.0,0.0
31897,29,0,2,0,0.4736977,0.045817517,0.48048478
34360,50,0,0,0,0.9602946,0.0397054,0.0
30635,94,0,1,1,0.29881388,0.6914974,0.009688816
28489,81,0,0,0,0.9683927,0.020267123,0.011340119
28393,48,1,1,1,0.14422275,0.85577726,0.0
34161,56,0,0,0,0.9723856,0.017585207,0.010029203
28362,97,0,0,0,1.0,0.0,0.0
33594,13,0,0,0,1.0,0.0,0.0
29646,52,0,0,0,0.990185,0.009814979,0.0
31132,83,0,1,1,0.27627844,0.6917531,0.03196845
33817,28,0,0,0,1.0,0.0,0.0
31177,9,0,0,0,1.0,0.0,0.0
28638,29,0,0,0,1.0,0.0,0.0
33967,87,0,0,0,0.9938883,0.0061116456,0.0
33782,5,0,0,0,0.9486696,0.034825087,0.016505327
28827,54,0,1,1,0.084517516,0.90327233,0.012210147
33143,2,1,1,1,0.012522875,0.9840588,0.0034183129
29399,71,0,0,0,0.62771505,0.10783892,0.26444605
31256,86,0,0,0,1.0,0.0,0.0
33385,45,0,0,0,0.9694091,0.011928678,0.018662237
29841,53,0,0,0,0.9729446,0.019469853,0.007585499
34229,20,0,0,0,1.0,0.0,0.0
30856,34,0,0,0,1.0,0.0,0.0
34567,49,0,0,0,0.9690206,0.025795484,0.0051839645
33537,31,0,0,0,0.81033057,0.12503366,0.06463581
34178,11,0,0,0,0.58607775,0.40648413,0.007438115
32794,3,0,0,0,0.97877645,0.021223558,0.0
30207,45,0,2,0,1.0,0.0,0.0
30935,38,0,0,0,1.0,0.0,0.0
28354,57,0,0,0,1.0,0.0,0.0
30116,77,0,0,0,0.9857034,0.014296588,0.0
30037,15,0,0,0,0.9629879,0.027622152,0.0093899835
32088,94,0,2,2,0.17676952,0.24237467,0.58085585
28462,71,0,0,0,1.0,0.0,0.0
29348,44,0,0,0,1.0,0.0,0.0
34205,32,0,0,0,0.98868775,0.011312217,0.0
32385,81,0,0,0,1.0,0.0,0.0
33038,64,0,0,0,0.96188116,0.02316559,0.014953227
34478,61,0,0,0,0.9605722,0.02751239,0.01191545
33320,79,0,1,1,0.028267743,0.96843415,0.0032981283
30507,71,0,0,0,0.9679551,0.027563248,0.0044816155
30577,76,0,0,0,1.0,0.0,0.0
29656,14,0,0,0,0.93907064,0.048836403,0.012092959
33567,32,0,0,0,1.0,0.0,0.0
34748,34,1,1,1,0.039658792,0.9603412,0.0
28189,52,0,0,0,1.0,0.0,0.0
34126,27,0,0,0,1.0,0.0,0.0
33063,98,0,0,0,1.0,0.0,0.0
29758,58,1,1,1,0.17597203,0.8195653,0.004462678
33007,34,0,0,0,0.9941245,0.0058754897,0.0
31422,60,0,0,0,1.0,0.0,0.0
31674,52,0,0,0,0.8654501,0.13454993,0.0
31433,87,0,0,0,1.0,0.0,0.0
33708,71,1,1,1,0.18755934,0.8072023,0.005238423
30149,94,1,1,1,0.32832214,0.6638385,0.007839382
29912,94,0,0,0,1.0,0.0,0.0
29543,47,0,0,0,0.9432697,0.019817624,0.036912676
33288,73,2,2,2,0.052644078,0.008276627,0.93907934
31480,42,0,0,0,0.9641116,0.035888385,0.0
28903,79,1,1,1,0.039953407,0.9552783,0.0047682826
34599,57,0,0,0,1.0,0.0,0.0
34407,27,0,0,0,1.0,0.0,0.0
29591,40,2,2,2,0.2581924,0.03861065,0.70319694
31858,8,0,0,0,1.0,0.0,0.0
34740,47,0,0,0,0.97144693,0.020864494,0.0076885787
28907,6,0,0,0,0.9567689,0.031106425,0.012124729
31552,64,2,2,2,0.088301495,0.02098041,0.8907181
29856,12,1,1,1,0.031822674,0.96566474,0.0025126326
29263,2,0,0,0,0.9540689,0.026826624,0.019104501
33606,5,0,1,1,0.43627924,0.55036074,0.0133601
34010,79,0,0,0,1.0,0.0,0.0
29006,15,1,1,1,0.015579942,0.98263526,0.0017848349
32963,65,0,0,0,1.0,0.0,0.0
31896,66,0,0,0,1.0,0.0,0.0
34795,65,0,0,0,1.0,0.0,0.0
30466,62,0,0,0,1.0,0.0,0.0
33963,61,0,0,0,0.94457424,0.030514129,0.024911635
30116,70,0,2,0,1.0,0.0,0.0
29134,74,0,0,0,1.0,0.0,0.0
28215,27,0,0,0,0.8678318,0.091474555,0.040693663
32990,84,0,2,0,1.0,0.0,0.0
29335,35,0,0,0,1.0,0.0,0.0
28694,79,0,0,0,0.9467911,0.0369715,0.016237373
32835,96,0,1,0,0.495841,0.49670708,0.0074518993
30999,15,0,0,0,0.9255993,0.06481642,0.009584343
34952,95,0,0,0,0.9904493,0.00955069,0.0
34799,51,0,0,0,1.0,0.0,0.0
33406,98,1,1,1,0.13642186,0.85969746,0.0038807178
29044,17,0,0,0,1.0,0.0,0.0
33365,28,0,0,0,1.0,0.0,0.0
30751,45,0,0,0,1.0,0.0,0.0
32785,4,0,0,0,1.0,0.0,0.0
31954,8,0,0,0,1.0,0.0,0.0
29372,58,1,1,1,0.18496689,0.8102728,0.0047602914
28323,55,1,1,1,0.05208382,0.9479162,0.0
33920,67,0,0,0,1.0,0.0,0.0
31439,72,0,0,0,1.0,0.0,0.0
33924,42,0,0,0,1.0,0.0,0.0
28819,88,0,1,0,0.4715762,0.51955426,0.008869528
32264,14,0,1,1,0.30639935,0.68631333,0.0072873095
29755,7,0,0,0,0.8309833,0.16901676,0.0
33541,50,0,0,0,1.0,0.0,0.0
32755,85,0,0,0,1.0,0.0,0.0
33306,74,0,0,0,0.8384241,0.15462124,0.0069546914
32774,12,0,0,0,1.0,0.0,0.0
30466,4,0,0,0,1.0,0.0,0.0
31675,53,0,0,0,0.7515165,0.24092478,0.0075587016
34432,80,0,2,0,1.0,0.0,0.0
29962,95,0,0,0,0.99385333,0.0061466387,0.0
33310,30,1,1,1,0.03920766,0.96079236,0.0
31669,0,0,0,0,1.0,0.0,0.0
31548,58,0,2,0,1.0,0.0,0.0
31564,87,0,0,0,0.9917016,0.0082983915,0.0
29507,70,0,0,0,1.0,0.0,0.0
29349,35,0,0,0,0.98233545,0.017664576,0.0
30570,94,0,0,0,1.0,0.0,0.0
33437,81,0,0,0,0.68120015,0.069046594,0.24975325
28103,93,0,2,0,1.0,0.0,0.0
35013,33,0,0,0,1.0,0.0,0.0
28557,6,0,0,0,1.0,0.0,0.0
31674,21,0,0,0,0.7649613,0.22778884,0.007249919
29483,8,0,0,0,1.0,0.0,0.0
31944,25,0,0,0,0.9052381,0.030014234,0.06474768
35011,78,0,0,0,0.99211425,0.007885714,0.0
28077,32,0,0,0,1.0,0.0,0.0
30262,11,0,0,0,0.5894179,0.23155329,0.17902885
30778,80,0,0,0,1.0,0.0,0.0
33995,4,0,1,1,0.061876576,0.9347204,0.003402995
33258,61,0,0,0,1.0,0.0,0.0
32569,88,0,2,2,0.3769978,0.09457791,0.5284243
29795,0,0,0,0,1.0,0.0,0.0
32828,29,0,1,1,0.27920133,0.71484137,0.005957327
31853,4,0,0,0,0.95713687,0.029728865,0.013134245
31944,75,0,0,0,0.879058,0.046029616,0.07491239
33675,13,0,0,0,1.0,0.0,0.0
31151,84,0,0,0,1.0,0.0,0.0
29804,0,0,0,0,1.0,0.0,0.0
30096,80,0,0,0,1.0,0.0,0.0
29035,12,0,0,0,1.0,0.0,0.0
31763,9,0,0,0,1.0,0.0,0.0
33194,43,0,0,0,0.96775067,0.017389834,0.0148595385
28166,7,0,0,0,1.0,0.0,0.0
34403,31,0,0,0,1.0,0.0,0.0
32959,54,0,0,0,1.0,0.0,0.0
33066,47,0,0,0,1.0,0.0,0.0
33225,31,1,1,1,0.25688976,0.7367379,0.0063723414
28537,61,0,0,0,1.0,0.0,0.0
33830,49,0,0,0,1.0,0.0,0.0
31112,56,0,0,0,0.6273268,0.36594716,0.0067260466
28239,0,0,0,0,1.0,0.0,0.0
33148,42,0,0,0,1.0,0.0,0.0
31184,63,0,0,0,0.9938703,0.006129653,0.0
31341,20,0,0,0,1.0,0.0,0.0
30369,46,0,0,0,1.0,0.0,0.0
28298,79,0,2,2,0.1247302,0.010064743,0.8652051
29698,58,0,0,0,1.0,0.0,0.0
32669,41,0,0,0,1.0,0.0,0.0
34032,65,0,0,0,1.0,0.0,0.0
32448,55,0,0,0,0.59599763,0.40400237,0.0
33238,39,0,0,0,0.9929511,0.007048871,0.0
29277,99,1,1,1,0.024146063,0.97309476,0.0027591886
28681,75,0,0,0,0.961428,0.0184973,0.020074703
29179,38,0,0,0,0.8149153,0.17751601,0.007568693
30266,31,0,0,0,0.56097424,0.09252385,0.34650195
28235,78,0,0,0,0.9951759,0.0048240777,0.0
32687,20,0,0,0,1.0,0.0,0.0
33923,86,0,0,0,1.0,0.0,0.0
34815,54,0,2,0,1.0,0.0,0.0
30480,14,0,0,0,1.0,0.0,0.0
32991,2,0,2,0,1.0,0.0,0.0
33825,57,0,0,0,1.0,0.0,0.0
31968,83,1,1,1,0.039809853,0.95740736,0.0027827197
33725,90,0,1,0,1.0,0.0,0.0
31114,3,0,0,0,0.6351379,0.36486208,0.0
32170,27,1,1,1,0.019668244,0.9775173,0.0028144778
33844,62,0,0,0,1.0,0.0,0.0
34481,58,0,1,1,0.3368113,0.6414953,0.021693403
31897,98,0,0,0,0.40282273,0.37667295,0.2205043
31076,78,0,0,0,1.0,0.0,0.0
33001,2,0,2,0,1.0,0.0,0.0
28651,9,0,0,0,1.0,0.0,0.0
31378,1,0,0,0,0.96845084,0.016700123,0.014849047
29481,77,0,0,0,0.98610103,0.013898959,0.0
28471,47,0,0,0,1.0,0.0,0.0
31261,29,0,2,2,0.3981576,0.062029865,0.53981256
33189,77,0,0,0,0.9923702,0.0076298015,0.0
31019,21,0,0,0,0.92098737,0.073352784,0.0056597735
33027,23,1,1,1,0.024076678,0.9731266,0.0027966504
30016,37,0,0,0,1.0,0.0,0.0
29563,94,0,1,1,0.38612023,0.60856146,0.0053182836
34119,36,0,0,0,1.0,0.0,0.0
34634,66,0,0,0,0.9786064,0.01670118,0.0046924637
30209,45,0,2,0,1.0,0.0,0.0
31641,32,0,0,0,1.0,0.0,0.0
32821,86,0,0,0,0.9898851,0.010114912,0.0
34230,31,0,0,0,1.0,0.0,0.0
31821,61,0,0,0,1.0,0.0,0.0
28721,12,0,0,0,0.874686,0.09678478,0.028529212
29065,70,0,2,0,1.0,0.0,0.0
31627,74,0,0,0,1.0,0.0,0.0
28209,94,0,0,0,0.96986043,0.021916252,0.008223306
29709,10,0,0,0,1.0,0.0,0.0
32653,7,0,0,0,0.99614173,0.0038582548,0.0
32838,81,1,1,1,0.19326362,0.8002238,0.0065125516
33016,81,1,0,0,0.66190666,0.3302119,0.007881413
28075,80,0,0,0,1.0,0.0,0.0
31338,5,0,0,0,1.0,0.0,0.0
34684,19,0,0,0,1.0,0.0,0.0
33126,46,1,1,1,0.032369595,0.96763045,0.0
31718,9,0,0,0,1.0,0.0,0.0
33489,3,0,0,0,0.99035716,0.009642855,0.0
31765,91,0,0,0,0.9863842,0.013615781,0.0
34437,68,0,0,0,0.6367681,0.020102557,0.3431293
33786,19,0,0,0,0.5983206,0.39605615,0.005623235
31502,15,1,1,1,0.23101251,0.7622353,0.0067522377
32347,3,0,0,0,0.7585475,0.24145253,0.0
34177,83,0,1,0,0.45700184,0.53205806,0.0109401345
31715,81,0,0,0,1.0,0.0,0.0
34627,9,0,0,0,1.0,0.0,0.0
34752,20,1,1,1,0.040280554,0.9571074,0.0026120045
32018,4,0,0,0,1.0,0.0,0.0
30350,38,0,0,0,0.9568002,0.024672894,0.018526822
32221,34,0,0,0,1.0,0.0,0.0
34079,81,1,1,1,0.16364568,0.8319471,0.0044072806
33208,51,0,0,0,0.9188296,0.07089623,0.010274185
30211,47,2,2,2,0.14153573,0.08438312,0.7740812
32515,71,0,0,0,0.82950026,0.14426191,0.02623783
29876,21,0,0,0,0.75700706,0.10129975,0.14169315
31281,28,0,0,0,0.9874684,0.01253162,0.0
29052,72,0,0,0,1.0,0.0,0.0
28184,59,0,0,0,0.52845955,0.3061073,0.16543314
31520,64,0,0,0,1.0,0.0,0.0
33201,39,0,0,0,0.9746203,0.025379708,0.0
29579,20,0,1,1,0.15873528,0.8350165,0.006248237
30707,57,0,0,0,0.98991174,0.010088297,0.0
30378,44,0,0,0,1.0,0.0,0.0
28994,60,0,1,0,0.48066974,0.5125448,0.0067854673
30105,78,0,0,0,1.0,0.0,0.0
32902,52,0,0,0,0.99148595,0.008514064,0.0
34857,0,0,0,0,1.0,0.0,0.0
28985,0,0,0,0,1.0,0.0,0.0
30564,40,0,0,0,1.0,0.0,0.0
33223,86,0,0,0,0.9899335,0.0100665195,0.0
28143,37,0,0,0,1.0,0.0,0.0
32973,68,0,0,0,1.0,0.0,0.0
34027,68,0,0,0,1.0,0.0,0.0
29631,66,0,2,2,0.12921576,0.027867137,0.8429171
33243,35,0,0,0,1.0,0.0,0.0
32686,9,0,0,0,1.0,0.0,0.0
28589,86,0,0,0,0.9944382,0.0055618198,0.0
32091,75,1,1,1,0.011279369,0.98466015,0.0040604956
33746,52,0,0,0,1.0,0.0,0.0
28612,23,0,1,1,0.017513242,0.98035747,0.0021292982
28665,63,0,0,0,1.0,0.0,0.0
32160,28,1,1,1,0.14825892,0.8517411,0.0
28875,26,0,2,0,1.0,0.0,0.0
31113,90,1,1,1,0.013195653,0.98472476,0.002079594
30257,85,0,0,0,1.0,0.0,0.0
33389,3,0,0,0,0.98390067,0.016099323,0.0
28477,15,0,2,0,1.0,0.0,0.0
33896,35,0,0,0,0.9740122,0.025987819,0.0
34563,61,0,0,0,0.6221895,0.37422988,0.0035805914
29267,0,0,0,0,1.0,0.0,0.0
34898,24,0,0,0,1.0,0.0,0.0
31406,93,0,0,0,0.9683557,0.020835314,0.010808905
34473,3,0,0,0,0.6431841,0.35681587,0.0
32673,45,0,0,0,1.0,0.0,0.0
31205,97,1,1,1,0.05035716,0.94964284,0.0
28947,26,0,0,0,1.0,0.0,0.0
30021,25,0,2,0,1.0,0.0,0.0
30082,67,0,0,0,1.0,0.0,0.0
31022,75,0,1,1,0.033622712,0.9633492,0.0030280708
32091,58,0,0,0,1.0,0.0,0.0
34727,76,0,2,0,1.0,0.0,0.0
33917,37,0,0,0,1.0,0.0,0.0
29222,17,0,0,0,1.0,0.0,0.0
31245,81,0,0,0,1.0,0.0,0.0
34920,18,0,2,0,1.0,0.0,0.0
32061,45,1,1,1,0.2675062,0.72643846,0.006055328
33436,23,0,1,1,0.2852371,0.5565437,0.1582192
33915,16,1,1,1,0.011982636,0.9661745,0.021842916
31972,87,0,0,0,0.96394867,0.036051348,0.0
29062,5,2,2,2,0.024946405,0.0054352493,0.9696184
34590,36,0,1,1,0.28221908,0.60602456,0.111756355
34371,61,1,1,1,0.07179016,0.92513067,0.0030792034
28845,36,0,0,0,1.0,0.0,0.0
32096,7,0,0,0,1.0,0.0,0.0
30999,58,0,0,0,0.91458976,0.0748361,0.010574194
28899,36,1,1,1,0.040256742,0.95673704,0.003006266
29909,11,0,0,0,1.0,0.0,0.0
32875,33,0,0,0,1.0,0.0,0.0
28052,87,0,0,0,0.990034,0.009965996,0.0
34756,37,0,0,0,1.0,0.0,0.0
29706,56,0,0,0,1.0,0.0,0.0
31598,31,0,1,1,0.059412926,0.93567926,0.004907869
32549,12,1,1,1,0.029122377,0.9684405,0.0024371594
32729,78,0,0,0,0.9706088,0.02939123,0.0
33281,11,0,2,0,1.0,0.0,0.0
28589,92,0,0,0,0.9727753,0.013813001,0.013411718
29060,98,0,2,0,1.0,0.0,0.0
29049,78,0,0,0,1.0,0.0,0.0
34240,56,0,2,0,1.0,0.0,0.0
31825,42,0,0,0,1.0,0.0,0.0
33272,15,0,0,0,1.0,0.0,0.0
29598,76,0,0,0,1.0,0.0,0.0
30414,15,0,0,0,0.9654326,0.027477747,0.0070896726
28651,4,0,0,0,1.0,0.0,0.0
29454,70,0,0,0,0.96747166,0.013287318,0.019241095
33766,65,0,2,0,1.0,0.0,0.0
32755,38,0,0,0,0.91909695,0.054553803,0.026349278
28547,31,0,0,0,1.0,0.0,0.0
33968,41,0,2,2,0.09103594,0.013899998,0.89506406
29813,59,0,0,0,1.0,0.0,0.0
31273,2,1,2,2,0.05162343,0.024263697,0.9241129
32054,6,0,0,0,0.9637881,0.026465647,0.0097463
34105,0,0,0,0,1.0,0.0,0.0
34120,18,0,0,0,1.0,0.0,0.0
35010,36,0,2,0,1.0,0.0,0.0
32154,92,0,1,1,0.40810642,0.5869376,0.004956009
30873,86,0,0,0,1.0,0.0,0.0
33986,28,0,0,0,0.8431048,0.15689522,0.0
33277,96,0,2,0,1.0,0.0,0.0
31116,32,0,1,1,0.28335088,0.7166491,0.0
29463,38,0,0,0,0.91714066,0.07282161,0.010037756
33752,94,0,0,0,1.0,0.0,0.0
31526,87,0,0,0,1.0,0.0,0.0
33820,80,0,1,1,0.32767656,0.49554703,0.1767764
32703,41,0,0,0,0.7790635,0.0558933,0.16504315
29273,40,1,0,0,0.602159,0.38196608,0.015874809
28780,20,2,2,2,0.06036978,0.011504754,0.9281255
33911,80,0,0,0,1.0,0.0,0.0
32448,25,1,1,1,0.054480013,0.9417244,0.0037955854
29781,5,0,1,1,0.04719858,0.8769421,0.075859345
32481,50,0,0,0,1.0,0.0,0.0
28489,1,2,2,2,0.025386533,0.0033918992,0.9712215
28537,17,0,0,0,1.0,0.0,0.0
31263,47,0,2,0,1.0,0.0,0.0
28389,58,2,2,2,0.07712983,0.027508523,0.89536166
32585,6,0,0,0,1.0,0.0,0.0
32696,40,0,0,0,1.0,0.0,0.0
28946,44,0,0,0,1.0,0.0,0.0
34406,7,0,0,0,1.0,0.0,0.0
33856,43,0,2,2,0.11512373,0.019743128,0.86513317
30802,89,0,0,0,0.6015963,0.031661615,0.36674204
30186,29,0,0,0,1.0,0.0,0.0
29430,9,0,0,0,1.0,0.0,0.0
31488,29,0,1,1,0.3940352,0.59724796,0.008716836
30775,31,0,0,0,1.0,0.0,0.0
34893,81,0,0,0,1.0,0.0,0.0
29830,29,0,0,0,0.7731841,0.10650498,0.12031088
32487,84,0,0,0,1.0,0.0,0.0
30082,23,0,0,0,1.0,0.0,0.0
33102,2,0,0,0,0.9680264,0.023780901,0.008192745
34698,45,0,0,0,1.0,0.0,0.0
32198,10,0,0,0,1.0,0.0,0.0
34981,94,0,0,0,1.0,0.0,0.0
31752,7,0,0,0,0.99431705,0.0056829476,0.0
32455,99,1,1,1,0.03839135,0.9588964,0.0027122428
30173,14,0,0,0,1.0,0.0,0.0
34607,86,0,0,0,1.0,0.0,0.0
30645,90,0,0,0,1.0,0.0,0.0
33522,79,0,0,0,0.86923665,0.06597161,0.064791776
33553,78,0,0,0,1.0,0.0,0.0
28890,31,1,1,1,0.3219126,0.67232025,0.0057671685
28084,27,0,0,0,1.0,0.0,0.0
29650,19,0,0,0,0.97830045,0.013079226,0.008620337
34576,23,1,1,1,0.17995702,0.7975986,0.022444412
28168,52,0,0,0,1.0,0.0,0.0
34256,49,0,0,0,0.6935721,0.27479786,0.03163008
29990,27,0,0,0,1.0,0.0,0.0
30585,77,0,0,0,1.0,0.0,0.0
33949,70,2,2,2,0.25311893,0.021585366,0.72529566
29674,90,1,1,1,0.01496142,0.982757,0.0022816174
32598,35,0,0,0,1.0,0.0,0.0
34276,60,0,1,1,0.13080268,0.86458343,0.004613935
29691,90,0,0,0,1.0,0.0,0.0
30196,72,0,0,0,1.0,0.0,0.0
31399,85,0,0,0,1.0,0.0,0.0
28485,94,1,2,2,0.074489176,0.014141343,0.9113695
30368,72,0,0,0,1.0,0.0,0.0
32690,65,0,0,0,1.0,0.0,0.0
34528,5,2,2,2,0.07917326,0.01456623,0.9062605
30931,14,0,0,0,0.9307308,0.034536924,0.0347323
33384,16,2,2,2,0.087508716,0.034394126,0.8780972
32955,77,0,0,0,1.0,0.0,0.0
33992,85,0,0,0,1.0,0.0,0.0
28902,57,0,0,0,0.99177176,0.008228234,0.0
33774,29,0,0,0,0.97392774,0.01979851,0.006273762
30275,58,0,0,0,1.0,0.0,0.0
34760,60,0,0,0,0.9834434,0.010874208,0.0056824153
28176,0,0,0,0,1.0,0.0,0.0
28062,3,0,0,0,0.97686356,0.023136491,0.0
31281,73,0,0,0,0.9776003,0.013443356,0.008956372
32777,47,0,0,0,1.0,0.0,0.0
28111,99,2,2,2,0.05610729,0.004140894,0.9397518
28681,89,0,2,0,1.0,0.0,0.0
31867,30,0,1,1,0.36090705,0.639093,0.0
35000,13,0,0,0,1.0,0.0,0.0
29356,63,0,0,0,0.99465454,0.005345497,0.0
31204,56,0,1,1,0.18859813,0.8065539,0.004848014
32794,37,0,0,0,1.0,0.0,0.0
33643,0,0,0,0,1.0,0.0,0.0
28746,28,0,0,0,1.0,0.0,0.0
31981,37,0,0,0,1.0,0.0,0.0
29168,42,0,0,0,0.9868327,0.013167277,0.0
34470,98,1,1,1,0.038326286,0.95909625,0.0025774809
30871,72,0,0,0,1.0,0.0,0.0
30999,69,0,0,0,0.9110897,0.07739108,0.011519169
29299,30,0,0,0,0.9930755,0.0069245473,0.0
32231,97,0,0,0,0.9907094,0.009290585,0.0
34471,71,0,1,1,0.08075058,0.9161936,0.0030558037
30326,74,0,0,0,0.94165194,0.044963907,0.013384172
32687,68,0,0,0,1.0,0.0,0.0
32860,53,1,1,1,0.115720294,0.82892925,0.05535049
31867,61,0,1,1,0.26648027,0.7291633,0.004356429
34671,60,0,0,0,0.8581842,0.120854445,0.02096137
32860,79,0,0,0,1.0,0.0,0.0
29309,93,0,0,0,1.0,0.0,0.0
34111,67,0,0,0,1.0,0.0,0.0
28759,65,0,0,0,1.0,0.0,0.0
28930,91,0,0,0,1.0,0.0,0.0
34045,32,0,0,0,1.0,0.0,0.0
28113,77,0,0,0,0.99298793,0.0070120543,0.0
29291,74,0,0,0,0.95647913,0.028012244,0.0155085465
34677,76,0,1,0,0.4239712,0.42859942,0.14742938
33510,80,0,0,0,0.9025784,0.07229407,0.02512755
33515,45,0,0,0,0.94192684,0.05237686,0.005696348
28379,26,0,0,0,1.0,0.0,0.0
28514,31,0,1,1,0.39934108,0.59268785,0.007971046
31884,43,1,1,1,0.06491898,0.9313483,0.0037327139
34864,96,0,0,0,0.6552428,0.31986973,0.024887448
29106,70,0,0,0,1.0,0.0,0.0
34076,33,1,1,1,0.054197162,0.9458028,0.0
31401,13,0,0,0,1.0,0.0,0.0
29908,99,0,0,0,1.0,0.0,0.0
34237,7,0,0,0,1.0,0.0,0.0
30009,17,0,0,0,1.0,0.0,0.0
28468,91,0,0,0,1.0,0.0,0.0
30236,61,1,1,1,0.17330965,0.8223087,0.00438167
31126,1,0,0,0,1.0,0.0,0.0
30929,89,0,0,0,0.94943255,0.023593642,0.026973724
34566,25,0,1,1,0.13575333,0.85950756,0.0047390973
30122,60,2,2,2,0.08384918,0.030515013,0.88563585
30694,36,0,0,0,0.9626517,0.02016065,0.01718759
34260,37,0,0,0,1.0,0.0,0.0
30091,50,0,0,0,1.0,0.0,0.0
29114,17,0,2,2,0.19052276,0.20682944,0.6026478
32679,9,0,0,0,1.0,0.0,0.0
34828,87,0,0,0,0.99116915,0.00883082,0.0
30998,74,0,0,0,0.9545337,0.03424098,0.011225337
34879,9,0,0,0,1.0,0.0,0.0
28088,98,0,0,0,1.0,0.0,0.0
28767,51,0,2,0,1.0,0.0,0.0
28898,22,0,0,0,0.97231466,0.027685309,0.0
33580,44,0,0,0,1.0,0.0,0.0
34827,61,0,0,0,0.9589384,0.02721965,0.013841938
34013,35,0,0,0,1.0,0.0,0.0
31147,93,0,0,0,1.0,0.0,0.0
34574,65,0,0,0,0.968646,0.018650932,0.012703004
29449,73,0,2,0,1.0,0.0,0.0
32799,33,0,0,0,0.9840374,0.015962603,0.0
29387,29,1,1,1,0.09219192,0.90223,0.0055780676
31320,15,2,2,2,0.34143814,0.17971769,0.47884414
31003,67,0,0,0,0.6554818,0.335772,0.008746173
29573,49,1,1,1,0.07836873,0.9181179,0.0035133664
30594,56,1,2,2,0.1878923,0.105445966,0.70666176
33930,37,0,0,0,1.0,0.0,0.0
29967,83,1,1,1,0.023689356,0.9742328,0.0020778605
29216,57,0,0,0,1.0,0.0,0.0
28670,63,0,0,0,1.0,0.0,0.0
33848,62,0,0,0,1.0,0.0,0.0
33041,91,0,0,0,0.991283,0.008716999,0.0
34276,82,0,0,0,0.7971078,0.19542408,0.0074681016
28164,89,0,0,0,1.0,0.0,0.0
31318,82,0,2,2,0.13716733,0.03141064,0.8314221
31293,90,1,1,1,0.017211229,0.98089635,0.0018924471
28655,24,0,0,0,1.0,0.0,0.0
31548,1,0,2,0,1.0,0.0,0.0
31620,96,0,0,0,1.0,0.0,0.0
29767,51,0,1,0,0.45794123,0.53232473,0.009734082
28985,9,0,0,0,1.0,0.0,0.0
31104,94,0,1,1,0.36244538,0.6294001,0.008154543
30105,67,0,0,0,1.0,0.0,0.0
31756,15,0,0,0,0.9749679,0.018802611,0.006229552
34073,81,0,0,0,0.9552117,0.03743853,0.0073497887
34229,87,0,0,0,1.0,0.0,0.0
34495,23,0,0,0,1.0,0.0,0.0
33550,39,0,0,0,1.0,0.0,0.0
34160,8,0,0,0,1.0,0.0,0.0
30977,36,0,2,0,1.0,0.0,0.0
28452,34,0,0,0,1.0,0.0,0.0
33979,44,0,0,0,1.0,0.0,0.0
33577,28,0,0,0,0.9754861,0.024513884,0.0
33308,14,1,1,1,0.20462473,0.7894365,0.0059387484
30078,84,0,0,0,0.51863277,0.3412378,0.14012942
29479,32,0,0,0,0.99401635,0.005983684,0.0
33524,86,0,0,0,0.9934861,0.0065138815,0.0
34857,46,0,0,0,0.97598815,0.024011835,0.0
30874,98,0,0,0,1.0,0.0,0.0
32324,93,0,2,2,0.33895057,0.03407538,0.6269741
30110,96,0,2,0,1.0,0.0,0.0
33211,87,0,0,0,0.76483244,0.23516756,0.0
34187,31,1,1,1,0.02281286,0.9749038,0.0022833527
33984,97,1,1,1,0.06888604,0.93111396,0.0
30137,79,0,0,0,0.8716963,0.11477589,0.013527787
33618,3,0,0,0,0.9863506,0.013649406,0.0
28586,8,0,0,0,1.0,0.0,0.0
34381,97,0,0,0,0.8364382,0.16356187,0.0
28287,31,0,2,0,1.0,0.0,0.0
32415,58,0,0,0,0.83159393,0.14820424,0.020201836
31864,5,0,0,0,0.8116041,0.17747211,0.010923816
30141,73,0,1,1,0.3204762,0.67187583,0.0076479674
31147,30,0,0,0,1.0,0.0,0.0
28500,90,0,0,0,0.89095765,0.0765655,0.03247684
33132,3,1,1,1,0.0943604,0.9056396,0.0
32341,78,0,0,0,0.99450463,0.0054953713,0.0
28756,51,0,0,0,1.0,0.0,0.0
30991,5,0,0,0,0.6518993,0.026503643,0.32159713
31286,88,0,0,0,0.93351257,0.054169323,0.012318148
32721,16,0,0,0,0.9713471,0.019243203,0.009409749
34215,76,0,0,0,1.0,0.0,0.0
32521,4,2,2,2,0.108005226,0.024404513,0.86759025
30260,23,0,1,1,0.18721056,0.7788459,0.033943553
32189,86,0,0,0,1.0,0.0,0.0
30182,7,0,0,0,1.0,0.0,0.0
28120,66,0,0,0,0.9274395,0.0650388,0.007521701
28861,71,0,0,0,1.0,0.0,0.0
31692,37,0,0,0,1.0,0.0,0.0
32607,90,0,2,0,1.0,0.0,0.0
28567,88,0,0,0,1.0,0.0,0.0
31962,86,0,0,0,0.874178,0.12582204,0.0
28986,54,0,0,0,0.7140654,0.2774234,0.008511196
29421,8,0,0,0,1.0,0.0,0.0
33387,98,0,0,0,0.9552213,0.016410006,0.028368698
28918,68,0,0,0,1.0,0.0,0.0
32292,68,0,0,0,1.0,0.0,0.0
30514,81,0,0,0,0.97395545,0.01758406,0.00846045
32108,42,0,0,0,1.0,0.0,0.0
32322,41,2,2,2,0.09282415,0.012597643,0.8945782
28412,55,0,1,1,0.10716113,0.8928389,0.0
32684,60,0,0,0,1.0,0.0,0.0
31423,65,0,0,0,1.0,0.0,0.0
32205,99,0,0,0,1.0,0.0,0.0
31158,64,0,0,0,1.0,0.0,0.0
31489,22,0,1,0,0.45751053,0.5424894,0.0
29283,20,1,1,1,0.06882091,0.92688537,0.004293731
33291,56,0,0,0,0.86665815,0.049771383,0.08357045
28125,89,1,1,1,0.23606901,0.7580224,0.0059085954
32470,99,0,0,0,0.6938505,0.04733423,0.25881526
32591,94,0,0,0,1.0,0.0,0.0
34968,58,1,1,1,0.013585109,0.95732343,0.029091459
33381,43,2,2,2,0.018098855,0.0028375906,0.9790636
34125,42,0,0,0,1.0,0.0,0.0
32045,6,0,0,0,0.9772987,0.0174222,0.005279114
32240,50,0,0,0,0.98402655,0.015973415,0.0
33571,51,2,2,2,0.1662847,0.034808766,0.7989065
31224,22,0,0,0,0.97784656,0.022153419,0.0
31129,42,0,0,0,1.0,0.0,0.0
32977,22,0,0,0,1.0,0.0,0.0
32255,64,0,1,1,0.16929148,0.8258241,0.004884449
30044,37,0,0,0,1.0,0.0,0.0
29830,53,2,2,2,0.085027926,0.021239411,0.89373267
29153,91,0,0,0,0.9328171,0.06718291,0.0
28671,22,0,0,0,1.0,0.0,0.0
29113,70,0,0,0,1.0,0.0,0.0
33218,53,0,1,1,0.38237086,0.6108735,0.0067555425
32645,79,1,1,1,0.028535271,0.9679474,0.0035173001
34297,47,0,0,0,1.0,0.0,0.0
30227,80,0,0,0,0.95209056,0.03528732,0.012622151
29657,8,0,0,0,1.0,0.0,0.0
32499,68,0,0,0,1.0,0.0,0.0
31721,84,0,0,0,1.0,0.0,0.0
30119,59,0,2,0,1.0,0.0,0.0
32610,97,0,0,0,1.0,0.0,0.0
31054,16,0,0,0,1.0,0.0,0.0
30025,8,0,0,0,1.0,0.0,0.0
31097,78,0,0,0,0.9723198,0.027680196,0.0
33585,49,2,2,2,0.16652878,0.012220779,0.8212504
28821,20,1,1,1,0.34117332,0.6443389,0.014487766
29734,56,0,2,2,0.12557071,0.051575515,0.8228538
31468,62,0,0,0,0.989771,0.010229007,0.0
29999,14,0,0,0,1.0,0.0,0.0
34622,31,2,2,2,0.14430243,0.015277308,0.8404203
31296,40,1,1,1,0.034900706,0.96226406,0.0028352723
32428,88,0,0,0,0.9651831,0.0218713,0.01294564
28574,98,2,2,2,0.18758963,0.027642574,0.7847678
28210,83,0,0,0,0.90318197,0.03144632,0.06537173
32250,90,0,0,0,0.5755832,0.41361225,0.010804517
29768,25,0,0,0,0.52331734,0.47025618,0.0064265104
33733,9,0,0,0,1.0,0.0,0.0
28120,5,0,0,0,0.92997676,0.057838198,0.012185007
29657,21,0,0,0,0.92183876,0.07002366,0.008137612
34436,75,0,2,0,1.0,0.0,0.0
33394,54,0,0,0,0.9739043,0.014946983,0.011148714
30702,26,0,0,0,0.9727035,0.016537875,0.010758665
34863,4,0,0,0,0.85594696,0.12971784,0.014335234
34861,93,0,0,0,0.910346,0.07793237,0.011721653
32890,53,0,0,0,1.0,0.0,0.0
29313,14,0,0,0,1.0,0.0,0.0
28566,72,0,0,0,1.0,0.0,0.0
34957,16,0,1,1,0.041682694,0.9544982,0.0038190538
29875,93,0,0,0,0.85590583,0.09100258,0.053091638
31840,35,0,0,0,1.0,0.0,0.0
29808,79,0,0,0,1.0,0.0,0.0
34958,91,0,0,0,0.99359274,0.0064072604,0.0
34743,84,0,0,0,0.8952803,0.09194218,0.012777529
32042,12,0,0,0,0.96541554,0.019156527,0.015427973
30794,97,0,0,0,0.9936822,0.0063177524,0.0
31634,9,0,0,0,1.0,0.0,0.0
31131,35,0,0,0,0.9846374,0.015362643,0.0
29535,62,0,0,0,1.0,0.0,0.0
30445,95,0,0,0,0.99408865,0.005911304,0.0
28455,63,0,0,0,1.0,0.0,0.0
34210,29,0,0,0,1.0,0.0,0.0
28564,98,0,0,0,1.0,0.0,0.0
28523,23,0,1,1,0.037105244,0.95758724,0.005307541
33308,77,1,1,1,0.049195897,0.95080405,0.0
28714,54,0,0,0,0.94935757,0.031954657,0.018687773
30998,47,0,0,0,0.9668182,0.020184504,0.012997293
32590,53,0,0,0,1.0,0.0,0.0
34038,68,0,0,0,1.0,0.0,0.0
28590,62,0,0,0,0.99154645,0.008453509,0.0
34932,58,0,0,0,0.82492304,0.02055849,0.15451849
34452,40,0,0,0,0.968567,0.02282567,0.008607317
35024,77,0,0,0,0.99354464,0.00645539,0.0
30795,94,0,2,0,1.0,0.0,0.0
30062,31,0,0,0,0.7910071,0.19667293,0.012320032
28946,20,0,0,0,1.0,0.0,0.0
30189,94,0,0,0,1.0,0.0,0.0
31235,99,0,0,0,1.0,0.0,0.0
31041,79,0,0,0,1.0,0.0,0.0
29618,42,0,0,0,1.0,0.0,0.0
34090,77,0,0,0,0.9914802,0.0085198395,0.0
33552,9,0,0,0,1.0,0.0,0.0
30795,2,0,0,0,0.7462646,0.036245473,0.21748996
33528,68,0,0,0,0.72952104,0.04748363,0.22299533
34254,94,2,2,2,0.06803573,0.012913792,0.9190505
31139,2,0,0,0,1.0,0.0,0.0
31527,57,0,0,0,1.0,0.0,0.0
32466,55,0,0,0,0.99413383,0.005866167,0.0
32906,52,0,0,0,0.994148,0.0058520157,0.0
34682,31,1,1,1,0.015057864,0.9712895,0.013652644
28097,71,2,2,2,0.109411776,0.019027557,0.87156063
32349,13,0,0,0,1.0,0.0,0.0
29691,40,1,1,1,0.018129611,0.9665901,0.015280287
33945,34,0,0,0,1.0,0.0,0.0
30353,46,0,0,0,0.99350154,0.006498458,0.0
28841,90,0,0,0,1.0,0.0,0.0
33295,5,0,0,0,0.9677766,0.021806851,0.010416541
30955,10,0,0,0,1.0,0.0,0.0
29481,89,0,0,0,0.6622646,0.3309539,0.0067815753
32488,23,0,0,0,1.0,0.0,0.0
33283,70,0,2,0,1.0,0.0,0.0
34728,71,0,2,2,0.33056363,0.04131514,0.62812126
28268,87,0,0,0,1.0,0.0,0.0
31041,19,0,0,0,1.0,0.0,0.0
29002,63,0,0,0,0.99577975,0.0042202263,0.0
28695,69,0,0,0,0.92769605,0.055899095,0.01640485
33848,94,0,0,0,1.0,0.0,0.0
29647,18,0,2,0,1.0,0.0,0.0
32152,37,0,0,0,1.0,0.0,0.0
28304,80,0,0,0,0.9595248,0.027834402,0.01264079
31607,63,0,0,0,0.9888059,0.011194064,0.0
30229,98,0,0,0,0.8577827,0.06719077,0.07502648
30401,41,0,2,0,1.0,0.0,0.0
29292,38,0,0,0,0.9589032,0.027027188,0.014069628
33598,28,1,1,1,0.046319734,0.9536803,0.0
34263,52,0,0,0,0.9410152,0.058984835,0.0
30273,31,0,0,0,1.0,0.0,0.0
31244,70,0,0,0,1.0,0.0,0.0
28119,1,0,0,0,0.93628865,0.05187821,0.0118331285
33676,71,0,2,0,1.0,0.0,0.0
32334,58,2,2,2,0.028180523,0.0042161066,0.9676034
28324,77,1,1,1,0.04072394,0.959276,0.0
34802,34,0,0,0,1.0,0.0,0.0
32950,87,0,0,0,1.0,0.0,0.0
32554,99,1,1,1,0.040224183,0.9565008,0.0032749905
29347,14,2,2,2,0.087687135,0.047396448,0.8649164
33312,88,1,1,1,0.07272781,0.92284554,0.004426677
33505,13,0,0,0,1.0,0.0,0.0
31925,87,0,0,0,1.0,0.0,0.0
33882,58,0,1,1,0.29718417,0.6983077,0.0045081917
28856,79,0,0,0,1.0,0.0,0.0
30061,55,0,0,0,0.9961074,0.0038925814,0.0
29543,67,0,2,0,1.0,0.0,0.0
28836,48,0,0,0,1.0,0.0,0.0
32492,18,0,0,0,1.0,0.0,0.0
33811,60,0,0,0,0.9192435,0.039761804,0.040994715
35025,3,0,0,0,0.9906022,0.009397756,0.0
34288,96,0,0,0,0.9392491,0.029228447,0.03152247
31808,40,0,0,0,1.0,0.0,0.0
31750,80,0,2,0,1.0,0.0,0.0
34668,19,0,1,1,0.15733626,0.83766186,0.0050019072
29372,45,1,1,1,0.17724203,0.8180467,0.004711317
33712,8,0,0,0,1.0,0.0,0.0
29889,1,0,0,0,1.0,0.0,0.0
30392,37,0,0,0,1.0,0.0,0.0
31411,87,0,0,0,0.9928679,0.007132081,0.0
34117,38,0,0,0,1.0,0.0,0.0
34569,86,0,0,0,0.99401665,0.0059833294,0.0
33912,49,0,0,0,1.0,0.0,0.0
30041,30,0,0,0,0.94004333,0.059956715,0.0
31958,40,0,0,0,0.9562283,0.031926285,0.011845424
32155,19,0,1,1,0.28210157,0.71305585,0.0048425845
28794,13,0,0,0,1.0,0.0,0.0
28280,59,0,0,0,1.0,0.0,0.0
28278,58,0,0,0,1.0,0.0,0.0
29336,45,0,0,0,1.0,0.0,0.0
32347,13,0,0,0,1.0,0.0,0.0
33397,41,0,0,0,0.9651939,0.026735732,0.00807036
28099,69,0,2,0,1.0,0.0,0.0
31120,67,1,1,1,0.060539283,0.9322803,0.0071803713
34931,96,0,0,0,0.9676368,0.023042079,0.009321091
33503,62,1,1,1,0.04343103,0.95656896,0.0
34317,47,0,0,0,1.0,0.0,0.0
29029,67,0,0,0,1.0,0.0,0.0
34866,28,0,0,0,0.9909306,0.009069412,0.0
32416,5,0,2,0,1.0,0.0,0.0
33865,96,0,0,0,0.9618397,0.029114319,0.009046012
29582,58,0,0,0,0.8695693,0.122438245,0.007992453
31453,41,0,2,0,1.0,0.0,0.0
33696,57,1,1,1,0.06268777,0.93731225,0.0
28416,34,1,1,1,0.09136227,0.9086377,0.0
32244,67,0,2,2,0.047931697,0.008160209,0.9439081
32800,33,0,0,0,0.98537886,0.014621125,0.0
33113,82,0,0,0,0.95630497,0.03587789,0.0078171715
31918,58,0,0,0,1.0,0.0,0.0
28798,27,0,1,1,0.1957985,0.7967764,0.007425084
28861,75,0,0,0,1.0,0.0,0.0
29315,97,0,0,0,1.0,0.0,0.0
28035,38,0,1,0,0.47799975,0.51750916,0.0044911252
33142,49,1,1,1,0.039875824,0.9522034,0.007920821
28186,1,0,0,0,1.0,0.0,0.0
32925,56,0,1,1,0.2500869,0.7438184,0.006094687
28122,58,0,0,0,0.76598185,0.22426431,0.0097538745
28698,4,0,0,0,0.7824262,0.21058856,0.0069852397
34720,13,0,0,0,1.0,0.0,0.0
31743,15,0,2,0,1.0,0.0,0.0
30521,62,0,0,0,0.92391384,0.07608617,0.0
32465,87,0,0,0,0.9936356,0.0063644117,0.0
28421,21,0,1,1,0.29511604,0.69846886,0.0064150686
33652,13,0,0,0,1.0,0.0,0.0
30169,62,0,0,0,0.9857135,0.014286513,0.0
29877,57,0,0,0,0.9955442,0.004455793,0.0
32926,20,0,1,1,0.17342767,0.82194966,0.004622686
29701,65,0,0,0,1.0,0.0,0.0
30271,7,0,0,0,0.9925985,0.00740148,0.0
28109,98,2,2,2,0.023214417,0.0035785304,0.97320706
32948,72,0,0,0,1.0,0.0,0.0
28418,36,1,1,1,0.07760414,0.9177677,0.004628171
34389,20,1,1,1,0.031266738,0.96003455,0.008698661
31191,48,0,0,0,0.9419081,0.047530178,0.010561685
34534,20,2,2,2,0.07469552,0.004876219,0.9204283
33098,83,0,0,0,0.9496685,0.029555282,0.020776268
29382,60,0,0,0,0.5304108,0.46475703,0.0048321653
33705,79,1,1,1,0.015732307,0.9822289,0.0020388223
28518,0,0,0,0,1.0,0.0,0.0
34648,83,0,0,0,0.90203947,0.064751424,0.033209037
32996,35,0,0,0,0.9814516,0.018548459,0.0
32788,44,0,0,0,1.0,0.0,0.0
32994,96,0,2,0,1.0,0.0,0.0
32362,4,0,0,0,0.9410897,0.049584772,0.009325601
29026,95,0,0,0,1.0,0.0,0.0
33710,90,1,1,1,0.014808037,0.9830177,0.0021742517
31573,13,0,0,0,1.0,0.0,0.0
32765,26,0,0,0,0.6416096,0.14636946,0.21202098
28749,40,0,0,0,1.0,0.0,0.0
34103,80,0,2,2,0.17626043,0.3476241,0.47611547
28554,62,0,0,0,1.0,0.0,0.0
31315,29,0,0,0,0.70619273,0.07990937,0.21389788
29874,46,0,0,0,0.9700696,0.029930439,0.0
29003,97,0,0,0,0.84899974,0.15100028,0.0
28882,88,0,0,0,0.80517477,0.026808651,0.1680165
34519,44,0,0,0,1.0,0.0,0.0
30591,43,2,2,2,0.17075634,0.019530704,0.809713
33939,22,0,0,0,1.0,0.0,0.0
30123,58,0,0,0,0.9695026,0.020953901,0.009543513
30263,16,0,0,0,1.0,0.0,0.0
31902,86,0,0,0,1.0,0.0,0.0
30002,53,0,0,0,1.0,0.0,0.0
31499,85,0,0,0,1.0,0.0,0.0
34705,12,0,0,0,1.0,0.0,0.0
31890,61,0,0,0,0.9442879,0.02245745,0.033254612
29982,37,0,0,0,1.0,0.0,0.0
32127,55,0,0,0,1.0,0.0,0.0
31831,17,0,0,0,1.0,0.0,0.0
34761,44,0,0,0,1.0,0.0,0.0
33132,5,1,1,1,0.016185002,0.98168737,0.0021276223
32810,41,2,2,2,0.066908926,0.014045506,0.9190455
28269,97,0,0,0,1.0,0.0,0.0
33744,76,0,0,0,1.0,0.0,0.0
33759,86,0,0,0,1.0,0.0,0.0
29494,19,1,1,1,0.020049294,0.9764919,0.0034588093
29960,93,0,0,0,0.6856749,0.3081022,0.00622288
28512,58,0,1,1,0.43992195,0.55298704,0.00709105
33686,99,0,0,0,0.9338312,0.047877014,0.018291794
33061,87,0,0,0,1.0,0.0,0.0
31741,33,0,0,0,1.0,0.0,0.0
28735,97,0,0,0,1.0,0.0,0.0
32905,63,0,0,0,0.9930542,0.0069457917,0.0
30263,38,0,0,0,0.76938057,0.021174164,0.20944524
34030,64,0,0,0,1.0,0.0,0.0
34770,54,0,0,0,0.8951473,0.07636024,0.028492473
32530,41,0,2,2,0.118609615,0.012292086,0.8690983
29965,92,0,1,1,0.38918284,0.60450274,0.0063144476
33218,71,0,1,1,0.43247935,0.5615375,0.005983119
32722,52,0,0,0,0.9953039,0.0046960693,0.0
34816,78,0,0,0,1.0,0.0,0.0
28607,5,0,1,1,0.028851302,0.96865255,0.0024961978
30189,51,0,0,0,1.0,0.0,0.0
34181,73,0,1,1,0.41829705,0.57353187,0.0081710825
32350,40,1,1,1,0.24737708,0.74633753,0.0062853736
33645,47,0,0,0,1.0,0.0,0.0
28077,28,0,0,0,1.0,0.0,0.0
30463,30,0,0,0,1.0,0.0,0.0
29117,2,0,0,0,1.0,0.0,0.0
28421,42,0,0,0,0.9887359,0.011264087,0.0
32830,93,0,1,1,0.23999192,0.7540271,0.0059809824
28308,3,0,0,0,0.9891545,0.010845466,0.0
28406,43,0,0,0,0.8807985,0.10011739,0.019084102
34545,92,0,0,0,0.9717845,0.014423027,0.013792499
29013,42,0,0,0,0.96070457,0.039295428,0.0
31510,66,0,1,1,0.26396197,0.72639734,0.009640741
32266,65,1,1,1,0.22629312,0.7686672,0.005039663
32278,70,0,0,0,1.0,0.0,0.0
33063,56,0,0,0,1.0,0.0,0.0
32948,70,0,0,0,0.6420423,0.046081975,0.3118758
30643,31,1,1,1,0.051577657,0.93702865,0.011393707
32535,59,0,0,0,0.90674055,0.07963087,0.013628615
31940,74,2,2,2,0.10705116,0.0800379,0.8129109
33596,19,0,1,1,0.27173275,0.722537,0.005730315
34300,72,0,0,0,1.0,0.0,0.0
31551,30,0,0,0,1.0,0.0,0.0
34774,21,0,0,0,0.6646368,0.08228862,0.2530746
29324,13,0,0,0,1.0,0.0,0.0
32074,96,1,1,1,0.20632607,0.7888078,0.004866117
33038,88,0,0,0,0.955821,0.029381009,0.014797981
33979,67,0,0,0,0.55388874,0.4363157,0.009795569
31001,63,0,0,0,0.9462184,0.053781662,0.0
34977,95,0,0,0,1.0,0.0,0.0
33844,10,0,0,0,1.0,0.0,0.0
32440,45,0,0,0,0.95709926,0.03405874,0.008842006
30514,54,0,0,0,0.9658247,0.02405637,0.010118899
32920,42,0,0,0,0.97758293,0.022417031,0.0
33420,13,0,0,0,1.0,0.0,0.0
32987,61,0,0,0,0.7079989,0.07661041,0.21539077
28612,56,0,0,0,0.52840614,0.46496665,0.00662728
29649,1,0,0,0,0.87921554,0.030458486,0.090325944
30732,73,0,0,0,0.78557485,0.2077525,0.0066726715
29828,34,0,0,0,0.98235506,0.01764496,0.0
33529,66,0,0,0,0.4581216,0.08876446,0.45311388
29920,72,0,0,0,1.0,0.0,0.0
28617,7,0,0,0,0.59484833,0.4051517,0.0
29641,47,0,0,0,0.97581774,0.019437987,0.0047442927
32632,57,0,0,0,0.96124136,0.038758647,0.0
32710,28,0,0,0,0.9815367,0.018463328,0.0
31202,98,1,1,1,0.038289182,0.9589364,0.0027743892
29699,68,0,0,0,1.0,0.0,0.0
32685,12,0,0,0,1.0,0.0,0.0
29127,49,0,0,0,1.0,0.0,0.0
33647,59,0,0,0,1.0,0.0,0.0
33137,93,0,0,0,1.0,0.0,0.0
28906,48,0,0,0,0.9408635,0.04225457,0.01688199
30609,27,2,2,2,0.019344162,0.0035792077,0.97707665
33088,23,0,2,0,1.0,0.0,0.0
33548,26,0,0,0,1.0,0.0,0.0
30762,39,0,0,0,1.0,0.0,0.0
28501,26,0,0,0,0.9684721,0.022976195,0.0085516935
28254,16,0,0,0,1.0,0.0,0.0
29187,46,1,1,1,0.039019424,0.9609806,0.0
30227,68,0,0,0,0.9790238,0.014720173,0.0062559354
30766,4,0,0,0,1.0,0.0,0.0
33659,53,0,0,0,1.0,0.0,0.0
29621,8,0,0,0,1.0,0.0,0.0
31782,62,0,0,0,0.969996,0.03000403,0.0
32844,73,1,1,1,0.37202317,0.6209968,0.0069801128
28744,45,0,0,0,1.0,0.0,0.0
34679,55,0,0,0,0.9941321,0.0058678607,0.0
28170,81,0,0,0,1.0,0.0,0.0
32736,7,1,1,1,0.04653841,0.9534616,0.0
34827,75,0,2,0,1.0,0.0,0.0
32719,42,0,0,0,0.98959535,0.010404656,0.0
28216,88,0,0,0,0.93232197,0.04838655,0.019291446
30016,51,0,2,0,1.0,0.0,0.0
31617,80,0,0,0,1.0,0.0,0.0
31632,99,0,0,0,1.0,0.0,0.0
28651,51,0,0,0,1.0,0.0,0.0
30857,61,0,0,0,1.0,0.0,0.0
29929,53,0,2,0,1.0,0.0,0.0
34557,52,1,1,1,0.027647808,0.9723522,0.0
28368,73,0,0,0,1.0,0.0,0.0
34684,59,0,0,0,1.0,0.0,0.0
32622,68,0,0,0,0.9648173,0.014749622,0.020433063
31612,10,1,1,1,0.06749649,0.78959537,0.14290816
30754,84,0,0,0,1.0,0.0,0.0
34572,16,0,0,0,0.92802006,0.057555538,0.014424386
31337,25,0,0,0,1.0,0.0,0.0
34239,55,0,0,0,1.0,0.0,0.0
30866,0,0,0,0,1.0,0.0,0.0
28597,85,0,0,0,1.0,0.0,0.0
28680,30,0,0,0,0.9884423,0.0115576815,0.0
31291,1,1,1,1,0.21824577,0.77727973,0.0044745207
34763,40,1,1,1,0.31865185,0.6729482,0.0083999755
30873,12,0,0,0,1.0,0.0,0.0
32916,24,0,0,0,0.9799683,0.013147421,0.006884254
30160,73,0,1,1,0.3981184,0.5813077,0.020573799
34560,21,1,1,1,0.039577097,0.95765465,0.0027682933
34043,72,0,0,0,1.0,0.0,0.0
30076,48,0,0,0,0.54455924,0.27404732,0.18139344
33548,0,0,0,0,1.0,0.0,0.0
34487,97,0,0,0,0.9927926,0.0072074095,0.0
30416,2,0,0,0,0.96636295,0.024460118,0.009176915
33939,4,0,0,0,1.0,0.0,0.0
31717,41,0,0,0,1.0,0.0,0.0
30864,84,0,0,0,1.0,0.0,0.0
33600,96,0,1,1,0.36064646,0.63115484,0.008198748
29191,8,0,0,0,1.0,0.0,0.0
32897,42,0,0,0,0.97345895,0.026541106,0.0
32117,57,0,0,0,1.0,0.0,0.0
34132,63,0,0,0,1.0,0.0,0.0
28761,65,0,0,0,1.0,0.0,0.0
32619,79,2,2,2,0.04999668,0.010562751,0.9394406
29202,82,0,0,0,0.9117089,0.04963001,0.038661145
30393,41,0,0,0,1.0,0.0,0.0
35009,25,0,2,0,1.0,0.0,0.0
34028,76,0,0,0,1.0,0.0,0.0
32345,46,0,0,0,0.9431458,0.056854185,0.0
34173,12,0,1,1,0.12062489,0.8752515,0.004123657
34627,99,2,2,2,0.029267833,0.0038900485,0.9668421
28174,50,0,0,0,1.0,0.0,0.0
29992,81,0,0,0,1.0,0.0,0.0
29832,74,0,0,0,0.9724458,0.022348953,0.005205296
34191,68,0,1,0,0.45671657,0.5358266,0.007456827
28902,57,0,0,0,0.99177176,0.008228234,0.0
32133,48,0,2,0,1.0,0.0,0.0
35012,72,0,0,0,1.0,0.0,0.0
33717,23,0,1,1,0.04644934,0.9198733,0.033677317
30689,33,0,0,0,1.0,0.0,0.0
31395,87,1,1,1,0.04146445,0.95853555,0.0
33339,5,0,1,1,0.20720814,0.7117536,0.08103831
32236,50,0,0,0,0.9912404,0.008759657,0.0
30602,54,0,0,0,0.80781674,0.03027527,0.16190799
29032,95,0,0,0,1.0,0.0,0.0
33145,85,0,0,0,1.0,0.0,0.0
34664,68,0,1,1,0.078726396,0.91778487,0.0034887048
29572,20,0,1,1,0.0638701,0.9328015,0.003328476
32130,95,0,0,0,1.0,0.0,0.0
30228,39,0,0,0,0.9903395,0.009660458,0.0
30240,33,1,1,1,0.09343524,0.9065648,0.0
34450,20,0,0,0,0.9640604,0.02168673,0.014252822
29394,65,0,0,0,0.94049543,0.027095659,0.032408882
30957,37,0,0,0,1.0,0.0,0.0
33812,54,0,0,0,0.7911309,0.113646954,0.09522219
32951,10,0,0,0,0.37709996,0.2759294,0.34697068
30137,10,0,0,0,0.90640295,0.08471797,0.008879069
30051,7,1,1,1,0.04681785,0.9531821,0.0
31449,25,0,0,0,1.0,0.0,0.0
33020,49,1,1,1,0.044522807,0.9525676,0.0029096087
28776,1,0,0,0,0.9713413,0.014586636,0.014072061
30586,8,0,0,0,1.0,0.0,0.0
30517,68,0,0,0,0.9669623,0.02570715,0.0073305867
28885,68,0,0,0,0.9666772,0.01752962,0.01579318
34319,85,0,0,0,1.0,0.0,0.0
28246,35,0,0,0,0.9948676,0.005132404,0.0
29609,62,0,0,0,1.0,0.0,0.0
29755,71,0,0,0,0.7483871,0.24473892,0.0068739546
31745,54,2,2,2,0.09295102,0.012244531,0.8948045
34909,89,0,0,0,1.0,0.0,0.0
29838,47,0,0,0,0.9748337,0.020313548,0.0048527657
30173,50,0,0,0,0.98633915,0.013660837,0.0
31610,82,0,0,0,1.0,0.0,0.0
32593,55,0,0,0,1.0,0.0,0.0
33591,7,0,0,0,0.9565923,0.043407656,0.0
34168,16,0,0,0,0.90373915,0.08746389,0.008796956
28240,23,1,1,1,0.026212003,0.9687756,0.005012445
30055,13,0,0,0,1.0,0.0,0.0
32646,23,1,1,1,0.023236446,0.97377604,0.0029875068
29681,42,0,0,0,0.9966129,0.0033870682,0.0
30438,64,1,1,1,0.32010522,0.67291814,0.0069766482
32154,84,0,1,1,0.29584563,0.69257236,0.011582
32423,97,0,0,0,0.98831403,0.011685947,0.0
34153,96,2,2,2,0.038576525,0.0055009616,0.9559225
34280,65,0,0,0,0.8942014,0.10227963,0.0035189518
29147,12,0,2,0,1.0,0.0,0.0
34940,97,1,1,1,0.041561145,0.9584388,0.0
29101,42,0,0,0,0.99674225,0.0032577764,0.0
33375,88,0,2,0,1.0,0.0,0.0
31767,48,0,0,0,0.90865725,0.0763762,0.014966545
34934,97,0,0,0,0.96137726,0.03862276,0.0
32942,45,0,0,0,0.9603922,0.035507996,0.0040998696
28063,67,0,0,0,0.4441496,0.4244413,0.13140911
33919,48,0,0,0,1.0,0.0,0.0
29956,43,1,1,1,0.022672612,0.9751472,0.0021802154
31310,77,0,0,0,0.9897274,0.010272606,0.0
34005,43,1,1,1,0.011482571,0.98351836,0.004999021
33956,4,0,0,0,0.95082784,0.03094709,0.018225044
30129,68,0,0,0,0.9786756,0.014646614,0.006677801
28268,34,0,0,0,1.0,0.0,0.0
30830,29,0,1,1,0.33553934,0.6515925,0.0128681995
29372,29,1,1,1,0.19597894,0.7996621,0.004358932
31341,27,0,0,0,1.0,0.0,0.0
31079,91,0,0,0,0.9903648,0.0096352,0.0
29614,67,0,0,0,1.0,0.0,0.0
31872,87,1,1,1,0.05466778,0.9453322,0.0
29247,35,0,0,0,1.0,0.0,0.0
33091,7,0,0,0,1.0,0.0,0.0
33556,26,0,0,0,1.0,0.0,0.0
34958,65,1,1,1,0.031602733,0.96633476,0.0020625275
30885,11,0,2,0,1.0,0.0,0.0
34601,47,0,0,0,1.0,0.0,0.0
33497,68,0,0,0,0.72534996,0.2659301,0.008719985
31548,79,0,2,2,0.3158776,0.0278451,0.6562773
30741,47,0,0,0,0.734597,0.047338568,0.21806446
34462,84,0,1,1,0.14498997,0.8500595,0.0049505117
30057,6,0,0,0,0.5755198,0.41636473,0.00811548
32491,94,0,0,0,1.0,0.0,0.0
30134,16,0,0,0,0.9032554,0.03574351,0.06100112
28272,73,0,0,0,1.0,0.0,0.0
33070,56,0,0,0,1.0,0.0,0.0
28033,50,0,0,0,0.7641914,0.23580861,0.0
28450,30,0,0,0,1.0,0.0,0.0
30046,80,1,1,1,0.18397157,0.81084746,0.0051809303
33794,60,1,1,1,0.077150956,0.91989195,0.0029571005
34821,97,0,0,0,0.9939274,0.006072599,0.0
30120,29,0,2,0,1.0,0.0,0.0
32231,3,0,0,0,1.0,0.0,0.0
29590,25,2,2,2,0.24586703,0.03098137,0.72315156
33940,64,0,0,0,1.0,0.0,0.0
30531,21,1,1,1,0.04610149,0.95108116,0.002817373
28707,74,0,1,1,0.058060873,0.93842375,0.0035153774
28617,98,1,1,1,0.035632595,0.9616545,0.0027129287
32847,68,0,1,1,0.34485474,0.6473371,0.007808189
32673,66,0,0,0,1.0,0.0,0.0
28094,19,0,0,0,1.0,0.0,0.0
33465,96,0,0,0,1.0,0.0,0.0
33572,32,0,0,0,1.0,0.0,0.0
29161,3,0,0,0,0.9910247,0.008975336,0.0
28779,65,0,0,0,0.93205065,0.016238471,0.051710933
32048,26,0,0,0,0.61338824,0.031737633,0.35487413
30147,33,1,1,1,0.046192523,0.9538075,0.0
30094,70,0,0,0,1.0,0.0,0.0
29546,11,0,2,0,1.0,0.0,0.0
28316,9,0,0,0,1.0,0.0,0.0
34889,93,0,0,0,1.0,0.0,0.0
32863,89,1,1,1,0.12260411,0.82055664,0.05683922
30980,78,0,0,0,0.9875749,0.012425096,0.0
34956,2,1,1,1,0.019929588,0.9774026,0.002667805
30697,83,0,0,0,0.95104665,0.03259883,0.016354557
28714,71,0,0,0,0.9645762,0.021934643,0.01348919
31728,87,0,0,0,1.0,0.0,0.0
31095,3,0,0,0,0.9750978,0.024902191,0.0
29156,36,2,2,2,0.05445525,0.020289896,0.9252549
32285,90,1,1,1,0.26379955,0.52962714,0.20657331
34481,23,0,1,1,0.17828676,0.8005701,0.021143219
34731,45,0,0,0,0.97062016,0.013965631,0.015414247
31600,54,0,1,1,0.049753748,0.9398602,0.010385936
34282,6,0,0,0,0.97014415,0.025312623,0.004543229
29868,65,0,0,0,0.9566873,0.027888747,0.015423974
29186,79,1,1,1,0.03284406,0.9645729,0.002583003
30646,85,0,0,0,1.0,0.0,0.0
31394,7,1,1,1,0.082210384,0.9177896,0.0
34682,93,0,0,0,1.0,0.0,0.0
32064,48,0,1,1,0.06647044,0.9294462,0.004083279
29485,94,1,1,1,0.021599457,0.97608465,0.0023158793
32197,17,0,0,0,1.0,0.0,0.0
33103,49,0,0,0,0.9754347,0.013265215,0.011300067
32437,20,1,1,1,0.13948713,0.86051285,0.0
33200,99,0,0,0,0.9630333,0.019486869,0.017479856
32857,63,0,0,0,0.99476534,0.0052346555,0.0
30187,76,0,0,0,1.0,0.0,0.0
30190,21,0,0,0,1.0,0.0,0.0
30515,24,0,0,0,0.97419274,0.018588694,0.0072184997
34639,87,0,0,0,0.99024767,0.009752347,0.0
31252,19,0,0,0,1.0,0.0,0.0
33874,81,0,0,0,0.97730464,0.014205805,0.0084895445
34519,48,0,0,0,1.0,0.0,0.0
30913,3,1,1,1,0.06966739,0.9303326,0.0
33654,25,0,0,0,1.0,0.0,0.0
28694,19,0,0,0,0.96832454,0.020948067,0.010727379
33875,11,0,0,0,0.97326535,0.021159407,0.005575189
32074,23,1,1,1,0.051032864,0.9420139,0.006953252
32940,11,0,0,0,0.8967936,0.09435079,0.00885559
33560,46,0,0,0,1.0,0.0,0.0
29345,25,0,2,0,1.0,0.0,0.0
31125,72,0,0,0,1.0,0.0,0.0
29717,40,0,0,0,1.0,0.0,0.0
29513,11,0,0,0,1.0,0.0,0.0
32836,88,0,0,0,0.6233869,0.37019235,0.006420783
34986,20,0,0,0,1.0,0.0,0.0
30560,2,0,0,0,1.0,0.0,0.0
32253,43,0,1,1,0.14842251,0.84656996,0.0050075785
28206,8,0,0,0,1.0,0.0,0.0
28056,59,0,2,2,0.40956876,0.057760634,0.5326706
34015,82,0,0,0,1.0,0.0,0.0
28407,82,0,0,0,0.74213386,0.24800904,0.009857137
30336,66,1,1,1,0.05718391,0.93961054,0.0032055522
31641,29,0,0,0,1.0,0.0,0.0
30206,50,0,0,0,1.0,0.0,0.0
33256,8,0,0,0,1.0,0.0,0.0
30870,43,0,0,0,1.0,0.0,0.0
30290,7,0,0,0,1.0,0.0,0.0
29295,80,0,0,0,0.91659874,0.056274332,0.027126852
34847,54,0,1,1,0.13249947,0.8631602,0.0043403534
31444,87,0,0,0,1.0,0.0,0.0
32506,27,0,0,0,1.0,0.0,0.0
32868,2,0,0,0,1.0,0.0,0.0
30880,12,0,2,0,1.0,0.0,0.0
28647,61,0,0,0,1.0,0.0,0.0
29480,69,0,0,0,0.92046845,0.051372454,0.028159067
34138,27,0,0,0,1.0,0.0,0.0
34031,29,0,0,0,1.0,0.0,0.0
29062,61,0,0,0,0.72090346,0.050747704,0.22834887
29602,81,0,0,0,1.0,0.0,0.0
29338,10,0,0,0,1.0,0.0,0.0
29762,57,0,1,1,0.25509265,0.7449074,0.0
28643,76,1,1,1,0.017716032,0.9759795,0.0063044718
31676,41,1,1,1,0.2852897,0.7075291,0.007181199
33128,5,1,1,1,0.031213444,0.96632564,0.0024609033
34376,67,0,1,1,0.20161681,0.79221594,0.0061672335
30172,76,0,0,0,1.0,0.0,0.0
33423,89,0,0,0,0.9722908,0.01907801,0.008631172
29140,50,0,0,0,1.0,0.0,0.0
31980,36,0,1,0,0.47574672,0.51032746,0.013925823
29689,77,0,0,0,1.0,0.0,0.0
32873,85,0,0,0,1.0,0.0,0.0
31007,22,1,1,1,0.06663835,0.93336165,0.0
29230,78,0,0,0,1.0,0.0,0.0
33503,3,1,1,1,0.06462129,0.93537873,0.0
32992,58,0,2,0,1.0,0.0,0.0
31387,12,0,1,1,0.23977734,0.75544715,0.004775506
32737,37,0,0,0,1.0,0.0,0.0
31622,33,0,0,0,1.0,0.0,0.0
31463,30,0,0,0,0.98836374,0.011636245,0.0
33643,0,0,0,0,1.0,0.0,0.0
32342,60,0,0,0,0.96626586,0.023956567,0.0097775
34274,26,1,1,1,0.050532993,0.94645625,0.0030107503
32589,12,0,0,0,1.0,0.0,0.0
28770,81,0,2,0,1.0,0.0,0.0
32141,13,0,0,0,1.0,0.0,0.0
29938,74,0,0,0,0.97139055,0.02227421,0.0063353037
30968,27,0,0,0,1.0,0.0,0.0
30443,97,0,0,0,0.9954792,0.0045207515,0.0
31360,64,2,2,2,0.04580046,0.014953404,0.9392461
33750,10,0,0,0,1.0,0.0,0.0
33188,13,0,0,0,1.0,0.0,0.0
32097,98,0,0,0,1.0,0.0,0.0
32950,19,0,0,0,0.54146993,0.10594136,0.35258868
32055,33,0,0,0,0.9763769,0.023623116,0.0
33562,90,0,0,0,1.0,0.0,0.0
29266,84,0,0,0,0.85571045,0.021121036,0.12316855
31113,23,1,1,1,0.014121402,0.9837366,0.0021419937
29023,97,0,0,0,1.0,0.0,0.0
30301,46,0,0,0,1.0,0.0,0.0
33895,65,0,0,0,0.7250668,0.26823008,0.006703223
33937,18,0,0,0,1.0,0.0,0.0
31296,88,0,1,1,0.4001316,0.58865446,0.011213981
29980,53,0,0,0,1.0,0.0,0.0
34214,29,0,0,0,1.0,0.0,0.0
33913,65,1,1,1,0.12951145,0.7119218,0.15856673
31580,0,0,0,0,1.0,0.0,0.0
32440,33,0,0,0,0.97058934,0.029410651,0.0
31092,34,0,0,0,0.99146646,0.00853351,0.0
29129,30,0,0,0,1.0,0.0,0.0
32302,82,0,0,0,1.0,0.0,0.0
34572,17,0,0,0,0.9469539,0.034288246,0.018757887
30085,71,0,0,0,1.0,0.0,0.0
32554,15,0,0,0,0.8882701,0.099346004,0.012383947
31483,34,0,0,0,0.7300131,0.26998693,0.0
29414,81,0,0,0,1.0,0.0,0.0
31923,88,0,0,0,1.0,0.0,0.0
33375,23,0,2,0,1.0,0.0,0.0
28492,7,0,0,0,1.0,0.0,0.0
28730,3,0,0,0,1.0,0.0,0.0
29964,5,1,1,1,0.03849434,0.95923126,0.002274423
31407,74,0,0,0,0.94265825,0.037546396,0.019795341
33353,92,0,0,0,1.0,0.0,0.0
34512,53,0,0,0,1.0,0.0,0.0
30657,82,0,0,0,1.0,0.0,0.0
34065,45,0,0,0,0.9737178,0.012775973,0.013506232
30718,38,1,1,1,0.24636306,0.74781024,0.0058267405
29225,41,0,0,0,1.0,0.0,0.0
33247,34,0,0,0,1.0,0.0,0.0
31230,99,0,0,0,1.0,0.0,0.0
29616,57,0,0,0,1.0,0.0,0.0
33700,58,0,1,1,0.020007292,0.9779337,0.002058953
31260,33,0,0,0,1.0,0.0,0.0
29221,49,0,0,0,1.0,0.0,0.0
34278,26,1,1,1,0.06561943,0.931367,0.0030136125
34087,11,0,0,0,0.7012654,0.2870122,0.011722455
32045,72,0,0,0,1.0,0.0,0.0
30818,63,0,0,0,0.9835461,0.016453914,0.0
28503,15,0,0,0,0.93316495,0.056685254,0.010149802
32101,63,0,0,0,1.0,0.0,0.0
31442,23,0,0,0,1.0,0.0,0.0
29786,39,0,0,0,0.9860059,0.013994102,0.0
31057,43,0,0,0,1.0,0.0,0.0
31551,81,0,2,0,1.0,0.0,0.0
34319,52,0,0,0,1.0,0.0,0.0
30621,85,0,0,0,1.0,0.0,0.0
32124,39,0,0,0,1.0,0.0,0.0
30742,24,0,0,0,0.78606653,0.034181777,0.17975172
30457,19,0,0,0,1.0,0.0,0.0
32638,56,1,1,1,0.17664629,0.81867343,0.004680265
30756,8,0,0,0,1.0,0.0,0.0
28281,96,0,0,0,1.0,0.0,0.0
33321,75,1,1,1,0.042503905,0.95439065,0.0031054518
34816,13,0,0,0,1.0,0.0,0.0
34273,80,1,1,1,0.028805146,0.9682968,0.0028980637
32705,69,0,2,0,1.0,0.0,0.0
32285,24,0,0,0,1.0,0.0,0.0
31823,68,0,0,0,1.0,0.0,0.0
33308,22,1,1,1,0.069883004,0.930117,0.0
28296,69,2,2,2,0.059451103,0.009422539,0.9311263
29010,40,0,1,1,0.05694437,0.93046904,0.012586597
29097,10,1,1,1,0.06924355,0.92764074,0.003115741
33377,88,0,2,0,1.0,0.0,0.0
29642,82,1,1,0,0.1573338,0.42653832,0.41612786
32576,43,0,0,0,1.0,0.0,0.0
30524,55,1,1,1,0.07218147,0.92781854,0.0
29427,48,0,0,0,1.0,0.0,0.0
29084,99,1,1,1,0.25838545,0.7360305,0.005584013
34830,93,0,2,2,0.19236562,0.024133988,0.78350043
32479,57,0,0,0,1.0,0.0,0.0
30147,94,1,1,1,0.37649596,0.6152164,0.008287618
31959,45,0,0,0,0.94520706,0.043802693,0.010990284
31365,55,0,0,0,0.9906987,0.0093012955,0.0
29090,0,0,0,0,1.0,0.0,0.0
29832,81,0,0,0,0.9807185,0.0124059105,0.006875524
32014,85,0,0,0,1.0,0.0,0.0
34344,30,0,0,0,1.0,0.0,0.0
31132,79,0,0,0,1.0,0.0,0.0
29931,11,0,0,0,0.9090831,0.029446878,0.06147
31565,88,0,0,0,0.9740642,0.021673203,0.0042626313
33240,57,0,0,0,1.0,0.0,0.0
33224,26,0,1,1,0.38314837,0.60991377,0.0069378773
30782,55,0,0,0,1.0,0.0,0.0
34288,10,0,0,0,0.92661667,0.03927805,0.034105327
29192,99,1,1,1,0.028706176,0.968433,0.0028608062
31459,57,0,0,0,0.9903909,0.009609098,0.0
29339,89,0,0,0,1.0,0.0,0.0
29305,15,1,0,0,0.41958573,0.16807917,0.41233507
28746,41,0,0,0,1.0,0.0,0.0
31918,43,0,0,0,1.0,0.0,0.0
28521,42,0,0,0,0.9937785,0.006221475,0.0
30677,78,0,0,0,1.0,0.0,0.0
33482,1,2,2,2,0.06399929,0.008758179,0.9272425
34854,10,0,1,1,0.053630218,0.943562,0.0028078202
33270,9,0,0,0,1.0,0.0,0.0
33121,42,1,1,1,0.04492704,0.955073,0.0
29980,37,0,0,0,1.0,0.0,0.0
31778,87,0,1,1,0.279074,0.720926,0.0
31940,86,0,0,0,0.9932378,0.006762198,0.0
32608,55,0,0,0,0.97693336,0.023066655,0.0
30755,4,0,0,0,1.0,0.0,0.0
33687,97,0,0,0,0.9830028,0.016997233,0.0
34152,57,0,0,0,0.9939139,0.0060861465,0.0
29012,32,0,0,0,0.9932832,0.0067167794,0.0
30737,23,0,1,1,0.31597194,0.66276145,0.021266617
33659,94,0,2,0,1.0,0.0,0.0
28216,34,0,0,0,0.9727758,0.027224185,0.0
32833,5,0,1,0,0.44859582,0.54289275,0.00851145
30903,69,0,0,0,0.9174573,0.06122685,0.021315882
33362,91,0,0,0,1.0,0.0,0.0
34773,45,0,0,0,0.7574803,0.029227063,0.21329266
33366,63,0,0,0,1.0,0.0,0.0
32827,52,0,0,0,0.78544736,0.21455266,0.0
30806,45,0,0,0,0.9533972,0.03223485,0.014367956
34582,93,0,2,2,0.23050383,0.025348775,0.7441474
32038,94,0,2,0,1.0,0.0,0.0
28172,41,0,0,0,1.0,0.0,0.0
30003,44,0,0,0,1.0,0.0,0.0
32875,20,0,0,0,1.0,0.0,0.0
32445,0,0,0,0,1.0,0.0,0.0
30960,5,0,0,0,1.0,0.0,0.0
32482,68,0,0,0,1.0,0.0,0.0
34932,74,0,0,0,0.8281808,0.040713202,0.13110605
28393,69,0,2,0,1.0,0.0,0.0
30000,26,0,0,0,1.0,0.0,0.0
33759,27,2,2,2,0.018728795,0.004888529,0.9763827
32387,37,0,0,0,1.0,0.0,0.0
30680,49,0,0,0,1.0,0.0,0.0
31359,88,0,2,2,0.29837722,0.070669375,0.6309534
34882,46,0,0,0,0.96089983,0.039100144,0.0
33562,62,0,0,0,1.0,0.0,0.0
35011,12,0,0,0,0.48823068,0.049059823,0.46270952
33265,17,0,0,0,1.0,0.0,0.0
32849,84,1,1,1,0.1345846,0.856238,0.009177432
30953,84,0,0,0,1.0,0.0,0.0
32306,43,0,0,0,1.0,0.0,0.0
28292,62,0,0,0,1.0,0.0,0.0
30646,83,1,2,0,0.15085022,0.40923503,0.43991476
30388,13,0,0,0,1.0,0.0,0.0
30880,87,0,0,0,1.0,0.0,0.0
28785,50,0,0,0,0.991268,0.008732005,0.0
30289,24,0,0,0,1.0,0.0,0.0
33650,60,0,0,0,1.0,0.0,0.0
28791,3,0,0,0,0.97524804,0.024751984,0.0
32882,77,0,0,0,1.0,0.0,0.0
28469,44,0,0,0,1.0,0.0,0.0
32674,88,0,0,0,1.0,0.0,0.0
33413,38,1,1,1,0.13190809,0.86367196,0.004419946
32322,65,0,2,0,1.0,0.0,0.0
28767,19,0,2,0,1.0,0.0,0.0
33717,32,0,0,0,0.99606216,0.0039378433,0.0
31267,65,2,2,2,0.19426681,0.024040041,0.78169316
34435,52,0,0,0,1.0,0.0,0.0
32042,11,0,0,0,0.98031324,0.014451617,0.0052351574
34917,92,2,2,2,0.088092774,0.008499181,0.90340805
32782,70,0,0,0,1.0,0.0,0.0
34451,71,0,0,0,0.95821697,0.03482007,0.006962931
31668,32,0,0,0,0.9934829,0.0065170727,0.0
32791,14,0,0,0,1.0,0.0,0.0
31828,3,0,0,0,1.0,0.0,0.0
29143,82,0,0,0,1.0,0.0,0.0
33240,62,0,0,0,0.9938063,0.0061937002,0.0
33993,52,0,0,0,0.99316174,0.0068382896,0.0
30422,90,0,0,0,0.8316003,0.12377994,0.04461977
31483,66,0,0,0,0.6163019,0.37644553,0.0072525567
30185,48,0,0,0,1.0,0.0,0.0
28598,30,0,0,0,0.97317153,0.026828492,0.0
28214,30,0,0,0,0.97520113,0.02479884,0.0
32013,86,0,0,0,1.0,0.0,0.0
34964,66,0,1,1,0.0735646,0.9117814,0.014654058
35024,50,0,0,0,0.99191695,0.008083091,0.0
32296,80,0,0,0,1.0,0.0,0.0
30957,62,0,0,0,1.0,0.0,0.0
28859,10,0,0,0,1.0,0.0,0.0
28393,85,0,0,0,1.0,0.0,0.0
32915,48,0,0,0,0.95491743,0.035318587,0.009763933
34784,32,0,0,0,1.0,0.0,0.0
32689,35,0,0,0,1.0,0.0,0.0
32343,60,0,0,0,0.9552226,0.037043158,0.007734256
30822,16,0,0,0,0.50277793,0.48707074,0.010151348
32399,84,0,0,0,1.0,0.0,0.0
32109,21,0,0,0,1.0,0.0,0.0
28309,47,0,0,0,0.9706467,0.022082869,0.007270396
28390,69,0,2,0,1.0,0.0,0.0
34379,56,0,0,0,0.89402485,0.09507393,0.010901225
32069,87,0,0,0,0.990381,0.00961901,0.0
32598,66,0,0,0,1.0,0.0,0.0
33346,31,0,0,0,1.0,0.0,0.0
34052,51,0,2,2,0.13433035,0.034769975,0.8308997
30263,0,0,0,0,1.0,0.0,0.0
32020,28,0,0,0,1.0,0.0,0.0
32316,20,0,2,0,1.0,0.0,0.0
29716,66,0,0,0,1.0,0.0,0.0
29696,30,0,0,0,1.0,0.0,0.0
29552,86,0,0,0,0.9928909,0.0071090963,0.0
30547,77,0,0,0,0.9941285,0.0058714696,0.0
30187,87,0,0,0,1.0,0.0,0.0
31837,39,0,0,0,1.0,0.0,0.0
34133,25,0,0,0,1.0,0.0,0.0
30355,62,0,0,0,0.99021,0.00978998,0.0
33780,90,0,0,0,0.95412403,0.025206253,0.020669682
33455,19,0,0,0,1.0,0.0,0.0
31062,94,0,0,0,1.0,0.0,0.0
32680,63,0,0,0,1.0,0.0,0.0
33297,74,0,0,0,0.9682138,0.025307039,0.0064791897
31199,25,1,1,1,0.17980108,0.8152431,0.0049557625
30747,65,0,2,2,0.43451798,0.0444942,0.52098787
32814,16,0,0,0,0.9323044,0.024585105,0.043110527
31130,82,0,2,0,1.0,0.0,0.0
31351,24,0,0,0,1.0,0.0,0.0
29957,8,0,0,0,1.0,0.0,0.0
33235,9,0,0,0,1.0,0.0,0.0
33239,93,1,1,1,0.09934141,0.8909472,0.00971139
33122,85,0,0,0,1.0,0.0,0.0
32090,32,0,0,0,0.9938477,0.0061522773,0.0
33080,4,0,0,0,1.0,0.0,0.0
31352,59,0,0,0,1.0,0.0,0.0
32626,10,0,2,2,0.1706313,0.01029098,0.81907773
34365,30,1,1,1,0.05393744,0.94606256,0.0
32544,73,1,1,1,0.037013378,0.9602515,0.0027351433
34293,8,0,0,0,1.0,0.0,0.0
30951,48,0,0,0,1.0,0.0,0.0
32560,71,0,0,0,0.8591568,0.10002281,0.040820442
30067,29,0,0,0,0.8486315,0.0706022,0.08076635
33658,23,2,0,0,0.7052537,0.055752266,0.23899397
32586,46,0,0,0,1.0,0.0,0.0
33138,72,0,0,0,1.0,0.0,0.0
30849,48,0,0,0,1.0,0.0,0.0
30264,90,0,0,0,1.0,0.0,0.0
34782,61,0,1,1,0.43524614,0.4712257,0.09352817
31093,33,0,0,0,0.99181485,0.008185115,0.0
31102,62,1,1,1,0.05202555,0.94797444,0.0
29455,57,0,0,0,0.9919301,0.00806987,0.0
30105,19,0,0,0,1.0,0.0,0.0
34137,36,0,0,0,0.9548872,0.03266189,0.012450846
34163,91,0,0,0,0.9914655,0.008534484,0.0
30111,21,0,2,0,1.0,0.0,0.0
29693,48,0,0,0,1.0,0.0,0.0
28182,41,0,0,0,1.0,0.0,0.0
30410,42,0,0,0,0.9880312,0.011968799,0.0
30894,13,0,0,0,1.0,0.0,0.0
28672,90,0,2,0,1.0,0.0,0.0
34223,94,0,0,0,1.0,0.0,0.0
34575,34,0,0,0,0.9965167,0.003483345,0.0
28480,41,2,2,2,0.11398786,0.021011295,0.86500084
34831,5,0,0,0,0.9673927,0.022901181,0.009706132
31565,79,0,0,0,0.633921,0.043086097,0.32299283
34073,3,0,0,0,0.9795009,0.020499099,0.0
32168,24,0,1,1,0.29714304,0.69703174,0.005825217
34581,2,0,0,0,1.0,0.0,0.0
34465,2,1,1,1,0.30035904,0.6917679,0.0078731105
32780,48,0,0,0,1.0,0.0,0.0
34428,43,0,2,0,1.0,0.0,0.0
33476,32,0,0,0,0.9897219,0.010278099,0.0
33262,42,0,0,0,1.0,0.0,0.0
28490,42,0,0,0,0.9875537,0.012446325,0.0
30529,18,1,1,1,0.05674349,0.9398687,0.0033877988
30532,54,1,1,1,0.034518328,0.96261156,0.0028701348
28953,29,0,0,0,0.8651423,0.080342956,0.054514825
28330,44,0,0,0,1.0,0.0,0.0
30461,50,0,0,0,1.0,0.0,0.0
34928,30,0,0,0,0.98562837,0.014371647,0.0
30923,24,1,1,1,0.07803132,0.9185745,0.003394165
28349,29,0,0,0,1.0,0.0,0.0
32183,60,0,2,2,0.35177532,0.025050998,0.62317365
32961,48,0,0,0,1.0,0.0,0.0
33800,17,0,1,1,0.3323264,0.6624336,0.0052400036
30343,81,0,0,0,0.95251423,0.036723413,0.010762373
33690,34,0,0,0,0.90239847,0.0976015,0.0
30854,99,0,0,0,1.0,0.0,0.0
34541,20,0,0,0,0.96961147,0.015031297,0.015357238
32822,61,0,0,0,0.9606297,0.025752747,0.013617591
32014,67,0,0,0,1.0,0.0,0.0
28813,83,0,1,1,0.2905904,0.70223147,0.0071781054
29435,63,0,0,0,1.0,0.0,0.0
32458,71,0,0,0,0.9670875,0.023459382,0.009453131
32034,15,2,2,2,0.05003495,0.009006935,0.94095814
32465,93,0,0,0,0.9359115,0.039123155,0.024965374
31713,85,0,0,0,1.0,0.0,0.0
32228,39,0,0,0,1.0,0.0,0.0
33980,66,1,1,1,0.13764574,0.8585391,0.0038151706
33701,86,0,0,0,0.9892241,0.010775917,0.0
29076,52,0,0,0,0.9942614,0.0057386365,0.0
31986,50,0,0,0,0.99580944,0.0041905493,0.0
33949,89,0,2,0,1.0,0.0,0.0
30141,69,0,1,0,0.48854208,0.49612918,0.015328767
30956,90,0,0,0,1.0,0.0,0.0
29660,7,1,1,1,0.060792673,0.9392073,0.0
29754,87,0,0,0,0.8283277,0.17167224,0.0
30696,81,0,2,2,0.093890674,0.017353782,0.88875556
30998,87,0,0,0,0.97358984,0.026410153,0.0
29411,86,0,0,0,1.0,0.0,0.0
33834,86,0,0,0,1.0,0.0,0.0
34511,7,0,0,0,1.0,0.0,0.0
34118,91,0,0,0,1.0,0.0,0.0
30811,67,1,1,1,0.4006759,0.5919858,0.007338358
31345,84,0,0,0,1.0,0.0,0.0
34388,98,0,1,1,0.24244913,0.7400341,0.017516812
28238,17,0,1,1,0.04635422,0.9484959,0.00514984
34923,98,0,0,0,0.96708316,0.01623697,0.01667991
32788,27,0,0,0,1.0,0.0,0.0
28976,96,0,0,0,0.94248104,0.038720384,0.018798586
28261,16,0,0,0,1.0,0.0,0.0
30283,29,0,0,0,1.0,0.0,0.0
33652,41,0,0,0,1.0,0.0,0.0
34280,48,0,0,0,0.8318405,0.15715256,0.011006956
33780,56,0,0,0,0.9754761,0.018528309,0.0059956163
28794,4,0,0,0,0.8707584,0.12199148,0.007250122
34913,41,0,2,0,1.0,0.0,0.0
31611,25,1,1,1,0.018423565,0.97423595,0.007340497
29221,86,0,0,0,1.0,0.0,0.0
34268,17,1,1,1,0.26957104,0.7232739,0.0071551343
30415,32,0,0,0,0.9907641,0.0092359055,0.0
32740,3,1,1,1,0.06679629,0.93320376,0.0
33351,3,0,0,0,1.0,0.0,0.0
34357,98,0,0,0,0.9625462,0.025601346,0.011852455
28553,43,0,0,0,1.0,0.0,0.0
33614,50,0,0,0,0.9944719,0.005528095,0.0
34812,54,0,2,0,1.0,0.0,0.0
33664,63,0,0,0,1.0,0.0,0.0
30430,44,0,0,0,1.0,0.0,0.0
29815,61,0,0,0,1.0,0.0,0.0
28592,3,0,0,0,0.98162705,0.01837295,0.0
31891,57,0,0,0,0.99711347,0.0028865163,0.0
32677,41,0,0,0,1.0,0.0,0.0
30468,22,0,0,0,1.0,0.0,0.0
28821,86,0,0,0,0.99424064,0.005759315,0.0
31395,36,1,1,1,0.024892844,0.97262216,0.0024849877
28496,30,0,0,0,0.9918497,0.008150291,0.0
30194,35,0,0,0,1.0,0.0,0.0
30191,92,0,0,0,1.0,0.0,0.0
28953,40,0,0,0,1.0,0.0,0.0
29599,94,0,0,0,1.0,0.0,0.0
33648,54,0,0,0,1.0,0.0,0.0
30264,45,0,2,2,0.43519375,0.056623902,0.50818235
31282,0,0,0,0,1.0,0.0,0.0
31755,62,0,0,0,1.0,0.0,0.0
33894,51,0,0,0,0.7032089,0.27971578,0.017075377
33067,34,0,0,0,1.0,0.0,0.0
34166,15,0,0,0,0.8400884,0.035863653,0.12404796
31546,22,0,0,0,1.0,0.0,0.0
30598,15,2,2,2,0.029349336,0.008083153,0.9625675
34071,3,0,0,0,0.980987,0.01901297,0.0
30640,5,0,1,1,0.25122878,0.73073137,0.018039845
33785,65,0,0,0,0.8975845,0.09580986,0.006605648
30627,51,0,1,1,0.4136324,0.57792497,0.008442705
28259,5,0,0,0,1.0,0.0,0.0
34600,58,0,0,0,1.0,0.0,0.0
29502,90,0,0,0,1.0,0.0,0.0
28604,4,0,1,1,0.31635043,0.6775752,0.006074407
31257,69,0,0,0,1.0,0.0,0.0
31191,39,0,0,0,0.97151154,0.028488459,0.0
34354,14,0,0,0,0.974196,0.013745926,0.012058085
33195,51,0,0,0,0.93854016,0.02254856,0.03891133
31048,20,0,0,0,1.0,0.0,0.0
32211,8,0,0,0,1.0,0.0,0.0
31217,32,0,0,0,0.9965498,0.003450207,0.0
32973,28,0,0,0,1.0,0.0,0.0
32500,86,0,0,0,1.0,0.0,0.0
30379,83,0,0,0,1.0,0.0,0.0
34912,5,2,2,2,0.044927318,0.0063450416,0.94872767
34302,80,0,0,0,1.0,0.0,0.0
28556,2,0,0,0,1.0,0.0,0.0
33560,57,0,0,0,1.0,0.0,0.0
34639,65,0,0,0,0.97329015,0.021771032,0.0049388567
34825,61,0,0,0,0.95841175,0.028623682,0.012964534
34773,81,0,0,0,0.73838204,0.04877606,0.21284184
28386,3,0,0,0,0.90695983,0.09304014,0.0
33311,47,1,1,1,0.16041526,0.8349483,0.0046364763
29700,74,0,0,0,1.0,0.0,0.0
34407,87,0,0,0,1.0,0.0,0.0
30182,34,0,0,0,1.0,0.0,0.0
28084,71,0,0,0,1.0,0.0,0.0
31505,20,0,1,1,0.097224504,0.8957209,0.0070546246
30521,23,0,0,0,0.6589881,0.32576844,0.015243446
31510,64,1,1,1,0.26052338,0.7297592,0.009717413
33175,11,0,0,0,1.0,0.0,0.0
28284,90,0,1,0,0.36329794,0.42764935,0.20905273
29029,77,0,0,0,1.0,0.0,0.0
34745,45,0,0,0,0.8931007,0.09848314,0.008416156
28220,12,1,1,1,0.27718106,0.7168287,0.0059902067
29970,56,0,1,1,0.2042467,0.78706294,0.008690392
34815,93,0,2,0,1.0,0.0,0.0
30102,4,0,0,0,1.0,0.0,0.0
33417,21,0,0,0,0.560518,0.43403396,0.005448043
30839,38,0,0,0,0.6624401,0.061637353,0.27592254
33692,34,1,1,1,0.068379134,0.93162084,0.0
31411,75,0,0,0,0.8302147,0.1241446,0.045640714
30396,99,0,2,0,1.0,0.0,0.0
33628,66,0,0,0,1.0,0.0,0.0
33960,24,0,0,0,0.98090404,0.01189735,0.007198649
30224,9,0,0,0,1.0,0.0,0.0
32340,95,0,0,0,0.9901895,0.009810522,0.0
34841,33,0,0,0,0.9590613,0.040938683,0.0
34451,11,0,0,0,0.97958803,0.0146195,0.0057924455
33611,79,1,1,1,0.018656671,0.9792397,0.0021036759
33036,42,0,0,0,0.99641937,0.0035806326,0.0
33274,71,0,0,0,1.0,0.0,0.0
33249,87,0,0,0,1.0,0.0,0.0
31528,88,0,0,0,1.0,0.0,0.0
30177,96,1,0,0,0.55420923,0.3432495,0.1025413
28079,47,0,0,0,1.0,0.0,0.0
28157,68,1,1,1,0.017063344,0.97575915,0.007177526
29065,68,0,0,0,0.9770553,0.017652133,0.0052924766
33894,54,0,1,1,0.25716275,0.7373819,0.005455424
34498,35,0,0,0,1.0,0.0,0.0
33956,5,2,2,2,0.020567259,0.003540456,0.9758923
30740,51,0,0,0,0.80188984,0.058848925,0.13926129
30281,80,0,0,0,1.0,0.0,0.0
30729,98,1,1,1,0.03949027,0.95725536,0.0032543868
30259,97,0,0,0,0.9866038,0.013396214,0.0
29427,40,0,0,0,1.0,0.0,0.0
29059,27,2,2,2,0.055607326,0.019090626,0.925302
28814,0,0,0,0,1.0,0.0,0.0
34256,42,0,0,0,0.98207617,0.017923847,0.0
31603,16,1,1,1,0.022638753,0.9573925,0.019968765
32549,51,0,0,0,0.9181295,0.0705386,0.011331911
31415,62,0,0,0,0.9894066,0.010593414,0.0
32131,56,0,2,0,1.0,0.0,0.0
32652,96,0,0,0,0.9558821,0.028735792,0.015382133
34124,84,0,0,0,1.0,0.0,0.0
33149,33,0,0,0,1.0,0.0,0.0
32166,85,0,0,0,1.0,0.0,0.0
28090,34,0,0,0,1.0,0.0,0.0
34020,49,0,0,0,1.0,0.0,0.0
31617,34,0,0,0,1.0,0.0,0.0
33519,65,0,0,0,0.9623957,0.021423137,0.016181108
33886,50,1,1,1,0.048846822,0.95115316,0.0
29258,30,0,0,0,1.0,0.0,0.0
35003,51,0,0,0,1.0,0.0,0.0
34118,73,0,0,0,1.0,0.0,0.0
30750,22,0,0,0,0.9876263,0.012373705,0.0
32566,96,0,0,0,1.0,0.0,0.0
33286,34,0,0,0,1.0,0.0,0.0
30447,70,1,1,1,0.24648646,0.747382,0.0061315475
30169,15,0,2,2,0.22497326,0.2603573,0.5146694
32560,48,0,0,0,0.89349186,0.052727934,0.053780183
34143,16,0,2,0,1.0,0.0,0.0
29872,57,0,0,0,0.99599814,0.0040018116,0.0
29112,56,1,2,2,0.35991964,0.08011673,0.55996364
30190,83,0,0,0,1.0,0.0,0.0
30317,96,0,0,0,0.95927113,0.018612612,0.02211626
34581,7,0,0,0,0.9866106,0.013389415,0.0
32626,16,0,2,2,0.051141996,0.008394098,0.9404639
30653,19,0,0,0,1.0,0.0,0.0
30993,43,2,2,2,0.030095352,0.0036010293,0.96630365
33570,82,0,2,0,1.0,0.0,0.0
31532,89,0,0,0,1.0,0.0,0.0
33032,55,0,0,0,0.99278957,0.0072104363,0.0
29623,53,0,0,0,0.6611537,0.3191884,0.019657943
34117,78,0,0,0,1.0,0.0,0.0
29104,86,0,0,0,0.9967045,0.0032954826,0.0
33815,12,0,0,0,0.6143824,0.03581081,0.34980682
28570,72,0,0,0,1.0,0.0,0.0
34491,94,0,0,0,1.0,0.0,0.0
31012,3,1,1,1,0.08199621,0.9180038,0.0
33097,97,0,0,0,0.9916191,0.008380905,0.0
30337,40,1,1,1,0.044948652,0.951779,0.0032723926
29424,38,0,0,0,1.0,0.0,0.0
34556,31,1,1,1,0.028761867,0.96855545,0.002682675
34682,9,0,0,0,1.0,0.0,0.0
32404,86,0,0,0,1.0,0.0,0.0
32866,32,0,0,0,1.0,0.0,0.0
33265,64,0,0,0,1.0,0.0,0.0
28595,44,0,0,0,1.0,0.0,0.0
33312,21,1,1,1,0.072725,0.92282575,0.004449227
30267,13,0,0,0,1.0,0.0,0.0
33218,13,0,0,0,1.0,0.0,0.0
33406,56,1,1,1,0.1709055,0.8248352,0.004259346
30549,81,0,0,0,0.581392,0.049631268,0.3689768
29860,53,0,1,0,0.48760545,0.5073463,0.0050483644
33463,59,0,0,0,1.0,0.0,0.0
34221,94,0,0,0,1.0,0.0,0.0
28521,21,0,1,0,0.47541508,0.51794684,0.0066380478
31333,93,0,0,0,1.0,0.0,0.0
30885,30,0,0,0,0.9886092,0.011390775,0.0
32603,84,0,2,0,1.0,0.0,0.0
30316,20,0,0,0,0.96586585,0.016784688,0.017349495
29899,57,0,0,0,1.0,0.0,0.0
28460,37,0,0,0,1.0,0.0,0.0
30618,14,1,0,0,0.6320144,0.35953307,0.00845261
33639,86,0,0,0,1.0,0.0,0.0
33863,49,0,2,0,1.0,0.0,0.0
30055,87,0,1,1,0.11209824,0.8879018,0.0
33802,65,0,0,0,0.96888375,0.023125803,0.007990452
31234,33,0,0,0,1.0,0.0,0.0
33146,61,1,1,1,0.03616126,0.9343073,0.029531468
31041,76,0,0,0,1.0,0.0,0.0
31868,1,1,1,1,0.15114553,0.84473234,0.004122149
29913,86,0,0,0,1.0,0.0,0.0
33927,27,0,0,0,1.0,0.0,0.0
28282,43,0,0,0,1.0,0.0,0.0
29148,53,0,2,0,1.0,0.0,0.0
33498,63,0,0,0,0.5785828,0.4214172,0.0
28336,42,0,0,0,0.99069196,0.009308008,0.0
30514,46,0,0,0,0.9903313,0.0096686995,0.0
29040,78,0,0,0,1.0,0.0,0.0
29609,91,0,0,0,1.0,0.0,0.0
33974,58,0,0,0,0.9536083,0.032584816,0.013806827
34752,91,0,0,0,0.93803257,0.061967403,0.0
31873,68,1,1,1,0.04331171,0.9541276,0.0025606458
32718,14,0,0,0,0.8805543,0.032491148,0.08695456
30146,44,0,0,0,1.0,0.0,0.0
29280,60,1,1,1,0.10116486,0.89397573,0.004859442
32896,3,0,0,0,1.0,0.0,0.0
30900,70,0,0,0,0.92053753,0.02170813,0.05775437
34930,30,0,0,0,0.98530394,0.01469607,0.0
30886,47,0,2,0,1.0,0.0,0.0
34784,25,0,0,0,0.4835645,0.38847098,0.12796451
29414,54,0,0,0,1.0,0.0,0.0
32136,80,2,2,2,0.017014498,0.003532892,0.9794526
28061,12,0,0,0,0.59711385,0.19414403,0.20874216
33297,3,0,0,0,0.98573315,0.014266871,0.0
29032,57,0,0,0,1.0,0.0,0.0
34459,3,0,0,0,0.8339021,0.16609785,0.0
29317,45,0,0,0,1.0,0.0,0.0
28157,69,0,0,0,1.0,0.0,0.0
32624,87,0,0,0,0.986307,0.013693007,0.0
32698,96,0,0,0,1.0,0.0,0.0
34170,83,0,0,0,0.7303725,0.25942877,0.010198762
29360,48,0,0,0,0.951961,0.027997872,0.020041188
34905,11,0,0,0,0.93699855,0.03851163,0.02448985
31809,82,0,0,0,1.0,0.0,0.0
30501,48,2,2,2,0.097652525,0.022319006,0.8800285
28415,52,0,1,1,0.34346056,0.65653944,0.0
33654,61,0,0,0,1.0,0.0,0.0
31594,54,1,1,1,0.022092436,0.97574735,0.0021602043
32075,30,0,0,0,0.9918381,0.008161875,0.0
30453,97,0,0,0,0.984971,0.015028972,0.0
29481,1,0,0,0,0.6065806,0.38529354,0.008125847
31287,31,0,0,0,0.8742689,0.11432049,0.011410632
32732,1,1,1,1,0.2668106,0.72641546,0.0067739235
31890,10,0,0,0,0.92377913,0.038497824,0.037723083
33149,58,0,0,0,1.0,0.0,0.0
29410,50,0,0,0,0.97504485,0.024955148,0.0
34450,68,0,0,0,0.97405994,0.01949362,0.006446452
31916,11,0,0,0,1.0,0.0,0.0
33759,70,0,2,0,1.0,0.0,0.0
29448,42,0,0,0,0.99202937,0.00797067,0.0
29737,59,0,0,0,0.8415123,0.018632654,0.13985506
32023,79,0,0,0,1.0,0.0,0.0
29728,26,2,2,2,0.052452967,0.009611405,0.93793565
33614,10,1,1,1,0.052041452,0.94446874,0.0034898387
33880,24,0,1,1,0.16406862,0.8287252,0.007206121
34607,47,0,0,0,1.0,0.0,0.0
34371,98,1,1,1,0.053444576,0.94335735,0.0031980835
34314,30,0,0,0,1.0,0.0,0.0
33501,46,1,1,1,0.028256185,0.9717438,0.0
30610,19,0,0,0,0.9780301,0.013635154,0.0083348155
33706,67,1,1,1,0.012036679,0.98631513,0.0016481674
34955,36,0,1,1,0.3392306,0.6525789,0.008190577
30267,14,0,0,0,1.0,0.0,0.0
32693,59,0,0,0,1.0,0.0,0.0
28420,54,0,0,0,0.94523126,0.03997013,0.014798627
28165,64,0,0,0,1.0,0.0,0.0
31041,64,0,0,0,1.0,0.0,0.0
29142,70,0,0,0,1.0,0.0,0.0
32226,21,2,2,2,0.047435835,0.009849215,0.942715
33579,14,2,2,2,0.046186652,0.00688141,0.94693196
31666,58,0,0,0,0.9734726,0.018260503,0.008266948
29218,82,0,0,0,1.0,0.0,0.0
31387,17,0,1,1,0.29673702,0.69789225,0.0053706923
28954,42,0,0,0,1.0,0.0,0.0
29462,7,0,0,0,0.9499787,0.0500213,0.0
30567,72,0,0,0,1.0,0.0,0.0
32773,23,0,0,0,1.0,0.0,0.0
30632,73,1,1,1,0.1253355,0.8682464,0.006418186
28227,98,0,1,1,0.037970986,0.95861185,0.003417198
33136,81,0,1,1,0.1766703,0.81560624,0.007723448
29899,48,0,0,0,1.0,0.0,0.0
33945,45,0,0,0,1.0,0.0,0.0
31189,83,0,0,0,0.94554925,0.045015097,0.0094356835
28459,66,0,0,0,1.0,0.0,0.0
32524,98,0,2,2,0.21467705,0.0112921195,0.77403086
29213,68,0,0,0,1.0,0.0,0.0
29672,84,1,1,1,0.023046788,0.97487694,0.002076274
28565,96,0,0,0,1.0,0.0,0.0
31346,93,0,0,0,1.0,0.0,0.0
30838,27,0,0,0,0.58315986,0.056191836,0.3606483
33320,37,0,0,0,1.0,0.0,0.0
33307,38,0,0,0,0.71581924,0.27694064,0.0072401436
34594,91,0,0,0,1.0,0.0,0.0
33979,94,0,0,0,0.5937068,0.39728627,0.009006953
28946,25,0,0,0,1.0,0.0,0.0
30567,49,0,0,0,1.0,0.0,0.0
30140,34,1,1,1,0.070952594,0.9290474,0.0
30028,32,0,0,0,0.9943081,0.005691884,0.0
28085,77,0,0,0,1.0,0.0,0.0
31328,49,0,0,0,1.0,0.0,0.0
28949,28,0,0,0,1.0,0.0,0.0
31300,14,1,1,1,0.038946822,0.95806366,0.0029895492
31480,5,0,0,0,0.8760997,0.1105527,0.0133476155
29211,1,0,0,0,1.0,0.0,0.0
28935,79,0,0,0,1.0,0.0,0.0
32881,27,0,0,0,1.0,0.0,0.0
28751,92,0,0,0,1.0,0.0,0.0
28687,41,0,0,0,0.94298863,0.02120272,0.035808567
34351,37,0,0,0,1.0,0.0,0.0
29742,37,0,0,0,1.0,0.0,0.0
31536,11,0,0,0,1.0,0.0,0.0
34087,61,0,0,0,0.58174706,0.41184065,0.006412297
32838,48,1,1,1,0.066895075,0.929085,0.0040198914
31892,85,0,0,0,1.0,0.0,0.0
31240,32,0,0,0,1.0,0.0,0.0
30601,18,0,2,2,0.2699233,0.052279748,0.67779696
31890,45,0,0,0,0.9152541,0.04006209,0.044683836
30362,97,0,0,0,1.0,0.0,0.0
33898,80,1,1,1,0.022720959,0.97459173,0.0026873448
33378,69,0,2,0,1.0,0.0,0.0
30496,23,2,2,2,0.07949804,0.024341041,0.8961609
31142,14,0,0,0,1.0,0.0,0.0
29457,42,0,0,0,0.99131393,0.008686055,0.0
31598,74,1,1,1,0.19470298,0.79891914,0.0063778693
30101,20,0,0,0,1.0,0.0,0.0
28803,81,0,0,0,0.5380019,0.45309895,0.008899209
34011,4,0,0,0,1.0,0.0,0.0
29020,98,1,1,1,0.087234445,0.8864364,0.02632914
34048,76,0,2,2,0.13495865,0.021244051,0.8437973
33841,77,0,0,0,1.0,0.0,0.0
28845,78,0,0,0,1.0,0.0,0.0
33797,2,1,1,1,0.043201283,0.95334744,0.0034513206
33100,1,2,2,2,0.09896936,0.0041587274,0.8968719
30442,83,0,1,1,0.2833525,0.71026075,0.006386805
34573,42,0,0,0,0.9944488,0.0055512227,0.0
31700,76,0,0,0,0.59509903,0.048787966,0.356113
31257,93,0,0,0,0.92298144,0.055008244,0.022010306
29191,90,1,1,1,0.021936456,0.9751863,0.002877259
31477,25,0,0,0,0.9749927,0.015578124,0.009429099
31095,66,0,0,0,0.95643073,0.03437287,0.009196439
29156,79,0,2,0,1.0,0.0,0.0
31029,58,0,0,0,0.7158778,0.09426643,0.18985584
28688,40,0,0,0,0.9657329,0.027475934,0.006791216
29008,74,0,0,0,1.0,0.0,0.0
31334,43,0,0,0,1.0,0.0,0.0
32625,27,2,2,2,0.033278733,0.0037571576,0.96296406
30934,36,0,0,0,0.7993679,0.1272151,0.073416896
30976,25,2,2,2,0.1347976,0.021697344,0.8435051
29785,40,1,1,1,0.13917482,0.7642675,0.09655771
33729,99,0,0,0,1.0,0.0,0.0
32922,64,0,0,0,0.7839146,0.2094823,0.00660308
32159,80,1,1,1,0.15706602,0.8370923,0.0058417255
33868,60,0,0,0,0.9764577,0.018088091,0.0054542087
32931,0,0,0,0,1.0,0.0,0.0
32389,0,0,0,0,1.0,0.0,0.0
29961,34,0,0,0,0.9931608,0.006839229,0.0
29154,55,0,0,0,1.0,0.0,0.0
34546,20,0,0,0,0.9670243,0.0163405,0.01663524
33080,97,0,0,0,1.0,0.0,0.0
33764,17,1,2,2,0.1267972,0.045647766,0.82755506
33092,60,0,2,0,1.0,0.0,0.0
28907,22,0,0,0,0.9950083,0.004991677,0.0
30392,84,0,0,0,1.0,0.0,0.0
34167,80,0,0,0,0.900267,0.08753324,0.012199776
30722,54,1,1,1,0.038376626,0.95856243,0.00306094
32675,35,0,0,0,1.0,0.0,0.0
28656,50,0,0,0,1.0,0.0,0.0
28565,73,0,0,0,1.0,0.0,0.0
28307,83,0,0,0,0.95324594,0.033259664,0.013494429
29668,36,0,1,1,0.4180795,0.5736597,0.008260782
34458,16,0,0,0,0.80760545,0.18510497,0.0072896136
33846,34,0,0,0,1.0,0.0,0.0
29873,26,0,0,0,0.9208338,0.047122728,0.03204347
28537,89,0,0,0,1.0,0.0,0.0
34439,94,2,2,2,0.027636077,0.0048089265,0.967555
31558,93,0,2,0,1.0,0.0,0.0
29505,96,0,0,0,1.0,0.0,0.0
31682,23,1,1,1,0.024475196,0.9729118,0.00261301
31647,93,0,2,0,1.0,0.0,0.0
28054,21,0,2,2,0.279575,0.03104058,0.6893844
34876,43,1,1,1,0.013434578,0.98188573,0.0046796883
34670,83,0,0,0,0.66311675,0.31793407,0.018949164
29654,14,0,0,0,0.9568797,0.024950659,0.018169627
33064,93,0,0,0,1.0,0.0,0.0
32608,36,0,2,0,1.0,0.0,0.0
31838,77,0,0,0,0.98536235,0.014637655,0.0
28585,64,0,2,0,1.0,0.0,0.0
32738,85,0,0,0,1.0,0.0,0.0
30722,34,1,1,1,0.0553355,0.9446645,0.0
31948,69,0,0,0,0.95912415,0.02311769,0.017758237
31074,7,0,0,0,0.9925597,0.007440364,0.0
29998,86,0,0,0,1.0,0.0,0.0
30393,0,0,0,0,1.0,0.0,0.0
34293,66,0,0,0,1.0,0.0,0.0
32434,56,1,2,2,0.2560692,0.04797343,0.69595736
28440,72,0,0,0,1.0,0.0,0.0
29041,14,0,0,0,1.0,0.0,0.0
28149,98,1,1,1,0.12827529,0.8629362,0.008788439
34539,3,0,0,0,0.9825386,0.017461423,0.0
30759,59,0,0,0,1.0,0.0,0.0
32332,61,2,2,2,0.117733896,0.086694494,0.7955716
31374,77,0,0,0,0.9876516,0.012348413,0.0
34278,69,0,0,0,0.93366194,0.044830948,0.021507056
32554,12,1,1,1,0.07196094,0.92309356,0.004945494
29955,57,0,0,0,0.96023333,0.039766703,0.0
33746,32,0,0,0,1.0,0.0,0.0
33362,2,0,0,0,1.0,0.0,0.0
28976,87,0,0,0,0.9880251,0.011974867,0.0
28961,6,0,2,0,1.0,0.0,0.0
33236,57,0,0,0,0.99283236,0.00716766,0.0
32055,63,0,0,0,0.9452656,0.054734413,0.0
31099,87,0,0,0,0.84607005,0.15392996,0.0
34826,62,0,0,0,0.990082,0.009917982,0.0
29337,3,0,0,0,1.0,0.0,0.0
33717,72,0,0,0,1.0,0.0,0.0
34624,78,0,0,0,0.99230164,0.0076983497,0.0
33857,62,0,0,0,0.9900282,0.009971804,0.0
29038,13,0,0,0,1.0,0.0,0.0
31123,33,0,0,0,0.99615407,0.0038459694,0.0
31265,47,0,2,0,1.0,0.0,0.0
29555,99,0,2,2,0.047519255,0.0069135576,0.9455672
34116,93,0,0,0,1.0,0.0,0.0
30121,11,0,2,0,1.0,0.0,0.0
30646,35,0,0,0,0.99509513,0.0049048583,0.0
30774,35,0,0,0,1.0,0.0,0.0
29184,60,1,1,1,0.096349575,0.8988794,0.004770997
32444,27,1,1,1,0.1926039,0.7982781,0.009118013
30900,80,0,0,0,0.9353678,0.04819138,0.016440814
34861,87,0,0,0,0.99598545,0.004014531,0.0
33914,28,0,0,0,1.0,0.0,0.0
31387,31,0,1,1,0.23174706,0.76271224,0.0055407058
28819,78,0,0,0,0.9962105,0.0037894605,0.0
28953,28,0,0,0,1.0,0.0,0.0
28675,35,0,0,0,1.0,0.0,0.0
32217,16,0,0,0,1.0,0.0,0.0
28962,31,0,2,0,1.0,0.0,0.0
34868,0,0,0,0,1.0,0.0,0.0
33901,31,0,1,1,0.3859151,0.6040598,0.010025076
28632,58,0,0,0,1.0,0.0,0.0
34842,13,0,0,0,1.0,0.0,0.0
29475,63,0,0,0,0.9636028,0.0363972,0.0
29164,58,2,2,2,0.03223354,0.005159715,0.9626068
34294,18,0,0,0,0.4850917,0.20977823,0.3051301
29472,57,1,1,1,0.0894428,0.9105572,0.0
33520,21,0,0,0,0.9179275,0.038496476,0.043575965
28697,75,0,0,0,0.84843713,0.14130254,0.010260388
33745,97,0,0,0,1.0,0.0,0.0
31726,3,0,0,0,1.0,0.0,0.0
34740,76,0,0,0,0.85370713,0.01859613,0.12769674
32591,90,0,0,0,1.0,0.0,0.0
30717,57,1,1,1,0.069279976,0.93072003,0.0
29068,46,0,0,0,0.9933872,0.0066127926,0.0
30017,24,0,0,0,0.5365723,0.3169091,0.14651865
33614,0,0,0,0,1.0,0.0,0.0
33382,19,0,2,0,1.0,0.0,0.0
34040,94,0,0,0,1.0,0.0,0.0
29281,6,0,0,0,0.95152706,0.033413555,0.015059423
33320,43,0,1,1,0.040447444,0.9562711,0.0032815125
29463,66,0,0,0,0.9173923,0.07279495,0.009812777
29240,52,0,0,0,1.0,0.0,0.0
31435,87,0,0,0,1.0,0.0,0.0
33131,43,1,1,1,0.017854968,0.9804639,0.0016811137
33020,59,1,1,1,0.04139539,0.955741,0.0028636483
32059,21,0,0,0,0.69653904,0.29583418,0.0076268087
32187,60,2,2,2,0.37582517,0.07399652,0.5501783
28857,92,0,0,0,1.0,0.0,0.0
32829,53,0,1,1,0.3246812,0.6682669,0.0070519564
34548,58,0,0,0,0.97209924,0.019151865,0.008748859
29782,65,1,1,1,0.12529458,0.76855487,0.10615058
32313,72,0,0,0,1.0,0.0,0.0
28709,15,1,1,1,0.03776104,0.9595463,0.0026926596
33523,19,0,0,0,0.9298764,0.03998107,0.030142535
34057,99,0,2,0,1.0,0.0,0.0
30232,16,0,0,0,0.93373114,0.05719814,0.009070705
29926,17,0,0,0,0.9267791,0.05821771,0.015003214
31764,37,0,0,0,1.0,0.0,0.0
29742,17,0,0,0,0.9671308,0.025262663,0.007606593
31771,23,0,1,0,0.46995276,0.5213753,0.008671982
33831,95,0,0,0,1.0,0.0,0.0
31831,3,0,0,0,1.0,0.0,0.0
32061,93,1,1,1,0.31849587,0.67480016,0.0067039696
29666,77,1,1,1,0.03556771,0.9644323,0.0
34453,47,0,0,0,0.9653009,0.027734978,0.006964073
31279,89,0,0,0,0.96326745,0.023206515,0.013526023
29510,0,0,0,0,1.0,0.0,0.0
28072,37,0,0,0,1.0,0.0,0.0
33357,75,0,0,0,1.0,0.0,0.0
34254,45,2,2,2,0.066564806,0.009075913,0.9243593
32692,54,0,0,0,1.0,0.0,0.0
33155,8,0,0,0,1.0,0.0,0.0
30272,20,0,0,0,1.0,0.0,0.0
34109,44,0,0,0,1.0,0.0,0.0
30539,47,0,0,0,0.93184537,0.04715615,0.020998457
32157,94,1,1,1,0.18058293,0.8152557,0.0041613895
33511,34,0,0,0,0.99506366,0.0049363715,0.0
34953,87,1,1,1,0.06521159,0.9347884,0.0
33580,82,0,0,0,0.9189212,0.052128702,0.028950088
33586,51,0,0,0,0.95498013,0.02739722,0.017622659
34575,69,0,0,0,0.916468,0.053310588,0.03022138
29412,29,0,0,0,1.0,0.0,0.0
31342,37,0,0,0,1.0,0.0,0.0
32812,29,2,2,2,0.02217843,0.0035511884,0.9742704
34691,47,0,0,0,1.0,0.0,0.0
32763,35,0,0,0,0.9921404,0.0078595765,0.0
30039,97,0,0,0,0.9633221,0.036677856,0.0
34301,31,1,1,1,0.08823883,0.8811219,0.030639233
28962,96,0,2,0,1.0,0.0,0.0
32554,80,1,1,1,0.1343093,0.8552173,0.010473465
29295,8,0,0,0,1.0,0.0,0.0
31854,82,0,0,0,0.96441615,0.025036655,0.010547238
34413,74,0,0,0,1.0,0.0,0.0
32534,8,0,0,0,1.0,0.0,0.0
33540,60,0,0,0,1.0,0.0,0.0
33080,7,0,0,0,1.0,0.0,0.0
30193,20,0,0,0,1.0,0.0,0.0
34651,86,0,0,0,0.746452,0.25354803,0.0
32744,5,1,1,1,0.03365829,0.96293765,0.0034040983
34896,72,0,0,0,1.0,0.0,0.0
34370,4,1,1,1,0.16215424,0.8323803,0.0054654046
33198,40,0,0,0,0.9173455,0.01842558,0.06422891
29980,58,0,0,0,1.0,0.0,0.0
34174,41,0,1,1,0.21711281,0.76786596,0.015021237
29595,37,0,0,0,1.0,0.0,0.0
33492,87,0,0,0,0.987146,0.01285401,0.0
29574,60,0,0,0,0.8481217,0.14574485,0.0061334316
33083,91,0,0,0,1.0,0.0,0.0
28913,27,0,0,0,0.7831797,0.16088592,0.055934414
28366,98,0,0,0,1.0,0.0,0.0
29833,58,0,2,2,0.09943368,0.01054172,0.8900246
30911,36,0,1,1,0.12750547,0.8681157,0.004378844
34054,7,0,0,0,0.9920873,0.007912718,0.0
31305,82,0,0,0,0.98230386,0.010956646,0.006739516
29587,50,0,0,0,0.9888439,0.011156069,0.0
34218,54,0,0,0,1.0,0.0,0.0
33387,21,0,2,2,0.072113685,0.026331725,0.9015546
29684,37,0,0,0,1.0,0.0,0.0
33136,29,1,1,1,0.035935003,0.9592766,0.004788378
31382,9,0,0,0,1.0,0.0,0.0
28463,68,0,0,0,1.0,0.0,0.0
28399,65,1,2,2,0.08405494,0.038098365,0.8778467
29134,70,0,0,0,1.0,0.0,0.0
30122,65,0,0,0,0.7094058,0.05129643,0.23929782
33172,62,0,0,0,1.0,0.0,0.0
30953,47,0,0,0,1.0,0.0,0.0
32256,69,0,1,1,0.4085596,0.5844517,0.0069887387
34672,88,0,0,0,0.93467194,0.032707833,0.03262024
28794,71,0,0,0,0.8457287,0.14746049,0.006810796
31468,82,0,2,0,1.0,0.0,0.0
30757,96,0,0,0,1.0,0.0,0.0
33215,73,0,1,1,0.19611892,0.79816204,0.0057190442
33949,48,0,2,0,1.0,0.0,0.0
28621,28,0,0,0,0.77044487,0.22955516,0.0
32434,59,0,0,0,0.9122541,0.047912173,0.039833765
30327,16,0,0,0,0.9009896,0.08925109,0.009759302
34101,57,0,0,0,0.9930696,0.0069304127,0.0
33268,85,0,0,0,1.0,0.0,0.0
34151,39,0,0,0,1.0,0.0,0.0
29997,99,0,0,0,1.0,0.0,0.0
29150,81,0,2,0,1.0,0.0,0.0
30231,37,0,0,0,1.0,0.0,0.0
33609,49,0,1,1,0.3993642,0.59340227,0.007233495
29129,21,0,0,0,1.0,0.0,0.0
28678,89,0,2,0,1.0,0.0,0.0
28321,25,1,1,1,0.4249127,0.5665632,0.008524146
33789,82,1,1,1,0.14385132,0.8519534,0.004195271
31947,48,0,0,0,0.87579596,0.039335474,0.08486858
34400,72,0,0,0,1.0,0.0,0.0
29013,41,1,1,1,0.018370092,0.95677066,0.02485927
32464,16,0,0,0,0.84876925,0.11507139,0.036159366
30817,8,0,0,0,1.0,0.0,0.0
30744,69,0,0,0,0.63885796,0.05145734,0.3096847
33388,86,0,0,0,0.99369544,0.0063045765,0.0
34442,82,0,2,2,0.10057605,0.24406853,0.6553554
30132,61,0,0,0,0.95209944,0.02624451,0.021656059
33818,52,0,0,0,1.0,0.0,0.0
34155,27,0,2,0,1.0,0.0,0.0
33361,38,0,0,0,1.0,0.0,0.0
33949,52,0,0,0,1.0,0.0,0.0
29260,85,0,0,0,1.0,0.0,0.0
34607,86,0,0,0,1.0,0.0,0.0
31122,16,1,1,1,0.023940219,0.9729501,0.0031096789
31549,51,0,2,0,1.0,0.0,0.0
31719,69,0,0,0,1.0,0.0,0.0
31680,96,1,1,1,0.07418394,0.9212485,0.004567575
28216,9,0,0,0,1.0,0.0,0.0
33059,87,0,0,0,1.0,0.0,0.0
34117,90,0,0,0,1.0,0.0,0.0
28595,44,0,0,0,1.0,0.0,0.0
30778,76,0,0,0,1.0,0.0,0.0
28555,17,0,0,0,1.0,0.0,0.0
30175,81,0,1,1,0.1663015,0.78495723,0.048741285
29587,79,0,0,0,0.7804668,0.1341077,0.08542558
32041,65,0,0,0,0.94499433,0.010846596,0.044159096
34539,49,2,2,2,0.06341381,0.010250462,0.9263357
28346,57,0,0,0,0.99157447,0.008425493,0.0
31590,10,0,0,0,0.5537244,0.4389401,0.007335488
34015,7,0,0,0,1.0,0.0,0.0
28727,98,2,2,2,0.2624742,0.04832413,0.68920165
30189,3,0,0,0,1.0,0.0,0.0
33238,41,1,1,1,0.034036536,0.9443183,0.0216452
31586,57,0,0,0,0.964732,0.035268012,0.0
28954,13,0,0,0,1.0,0.0,0.0
30208,84,2,2,2,0.028596094,0.03781317,0.93359077
28929,48,0,0,0,1.0,0.0,0.0
31802,25,0,0,0,1.0,0.0,0.0
32927,77,1,1,1,0.062336832,0.93766314,0.0
31259,37,0,0,0,1.0,0.0,0.0
30081,11,0,0,0,1.0,0.0,0.0
28792,53,0,0,0,0.9556408,0.03646609,0.007893188
30072,98,0,2,2,0.18243492,0.105901994,0.71166307
33501,92,1,1,1,0.11962439,0.87543976,0.004935877
34077,51,1,1,1,0.18174747,0.8134514,0.0048010503
31688,49,1,1,1,0.096047275,0.9004413,0.003511455
29811,98,0,0,0,1.0,0.0,0.0
32984,12,0,0,0,1.0,0.0,0.0
31849,97,0,0,0,1.0,0.0,0.0
30429,73,0,1,1,0.28596532,0.707578,0.0064566648
31640,38,0,0,0,1.0,0.0,0.0
30770,89,0,0,0,1.0,0.0,0.0
31436,21,0,0,0,1.0,0.0,0.0
28905,55,0,0,0,0.9936998,0.006300228,0.0
33675,89,0,0,0,0.95738775,0.03675784,0.0058544315
30758,44,0,0,0,1.0,0.0,0.0
29665,71,0,1,0,0.47958246,0.51240635,0.0080112135
29725,77,0,0,0,1.0,0.0,0.0
28715,16,0,0,0,0.85489094,0.13594933,0.009159744
28920,9,0,0,0,1.0,0.0,0.0
32483,10,0,0,0,1.0,0.0,0.0
30480,42,0,0,0,1.0,0.0,0.0
34061,20,0,0,0,0.9698061,0.015734833,0.014459096
33115,15,0,0,0,0.6669523,0.3240122,0.009035554
31833,69,0,0,0,1.0,0.0,0.0
32861,27,0,1,1,0.08621886,0.8080594,0.1057218
33503,14,1,1,1,0.31108087,0.6756473,0.013271868
32888,66,0,0,0,1.0,0.0,0.0
31985,51,0,0,0,0.9170286,0.049773056,0.033198357
31838,63,0,0,0,1.0,0.0,0.0
31616,72,0,0,0,1.0,0.0,0.0
34172,30,1,1,1,0.19764991,0.8023501,0.0
33104,63,0,0,0,0.9930059,0.0069941217,0.0
33413,27,1,1,1,0.023965543,0.9732676,0.0027668877
34413,99,0,0,0,1.0,0.0,0.0
28604,74,0,1,1,0.33420324,0.659935,0.0058617685
30790,37,0,0,0,1.0,0.0,0.0
32065,63,0,0,0,0.94758105,0.05241894,0.0
32614,87,0,0,0,1.0,0.0,0.0
32949,38,0,0,0,1.0,0.0,0.0
34012,96,0,0,0,1.0,0.0,0.0
31353,20,0,0,0,0.8971794,0.04432882,0.05849177
33490,43,0,0,0,0.8920156,0.016641365,0.09134304
28601,36,0,0,0,0.84629714,0.14391363,0.009789245
32886,87,0,0,0,1.0,0.0,0.0
32078,28,0,0,0,0.9943596,0.0056404076,0.0
33960,23,2,2,2,0.06308744,0.01245207,0.9244605
30783,19,0,2,0,1.0,0.0,0.0
30818,47,0,1,1,0.05153682,0.94446164,0.0040015434
28887,0,0,0,0,1.0,0.0,0.0
28917,35,0,0,0,0.98577994,0.014220032,0.0
30109,98,0,2,0,1.0,0.0,0.0
32735,14,1,1,1,0.18867463,0.8053125,0.0060127685
32234,60,0,2,2,0.08507785,0.022331696,0.89259046
31842,54,0,2,2,0.37105402,0.049359076,0.57958686
31468,73,2,2,2,0.052035883,0.0070945756,0.94086957
28624,59,1,0,0,0.58755445,0.37285677,0.039588805
32659,73,0,0,0,0.74244285,0.034770757,0.22278641
32561,76,0,0,0,0.9061097,0.05322976,0.040660586
34609,61,0,0,0,1.0,0.0,0.0
28075,43,0,0,0,1.0,0.0,0.0
34176,98,0,1,1,0.33499226,0.65789235,0.007115361
34846,36,1,1,1,0.11400934,0.88155717,0.004433521
30831,83,0,0,0,0.58461195,0.39597577,0.019412272
28114,28,0,0,0,0.9889516,0.011048377,0.0
33642,23,0,0,0,1.0,0.0,0.0
31879,54,1,1,1,0.043709017,0.95279086,0.003500131
32476,82,0,0,0,1.0,0.0,0.0
30129,28,0,0,0,0.9807312,0.019268835,0.0
29585,83,0,0,0,0.9045026,0.043597355,0.051900115
29719,52,0,0,0,1.0,0.0,0.0
34626,28,0,0,0,0.9797555,0.020244453,0.0
30850,46,0,0,0,0.9110836,0.08891646,0.0
32401,55,0,0,0,1.0,0.0,0.0
32408,12,0,0,0,1.0,0.0,0.0
30387,70,0,0,0,1.0,0.0,0.0
28312,75,0,0,0,0.87928236,0.107307054,0.013410613
30848,25,0,0,0,1.0,0.0,0.0
32447,13,0,0,0,1.0,0.0,0.0
28957,31,0,2,0,1.0,0.0,0.0
33063,25,0,0,0,1.0,0.0,0.0
30675,75,0,0,0,1.0,0.0,0.0
30853,18,0,0,0,1.0,0.0,0.0
30155,28,0,0,0,0.993444,0.0065559773,0.0
31314,84,0,1,0,0.45624852,0.49378306,0.049968436
28146,57,0,0,0,0.9954759,0.0045240982,0.0
32351,87,1,1,1,0.080242276,0.9197577,0.0
28335,98,0,1,1,0.11030971,0.882224,0.0074662743
32431,76,0,0,0,0.8337361,0.025777778,0.14048614
28136,4,0,0,0,0.60881174,0.3842305,0.0069577764
34399,8,0,0,0,1.0,0.0,0.0
33562,21,0,0,0,1.0,0.0,0.0
31884,39,0,0,0,0.99364245,0.006357516,0.0
28902,16,1,1,1,0.26590794,0.72356963,0.010522404
28395,91,0,0,0,0.98974276,0.0102572385,0.0
33858,88,0,2,0,1.0,0.0,0.0
32964,17,0,0,0,1.0,0.0,0.0
29270,81,0,0,0,0.9099282,0.0767787,0.013293082
31024,29,0,0,0,0.9280687,0.05031806,0.021613266
33247,44,0,0,0,1.0,0.0,0.0
32571,43,0,0,0,1.0,0.0,0.0
31574,92,0,0,0,0.9548029,0.032808363,0.012388774
34544,75,0,1,1,0.13124709,0.74650306,0.1222499
34595,60,0,0,0,1.0,0.0,0.0
31312,41,0,0,0,0.7813802,0.11011031,0.108509555
32379,44,0,0,0,1.0,0.0,0.0
34424,71,0,0,0,1.0,0.0,0.0
29572,75,0,1,1,0.05747819,0.9376978,0.0048240013
31305,83,0,0,0,0.91187245,0.062315475,0.025812095
34418,80,0,0,0,1.0,0.0,0.0
29141,42,0,0,0,1.0,0.0,0.0
28078,58,0,0,0,1.0,0.0,0.0
31956,35,0,0,0,0.9894078,0.010592255,0.0
34889,84,0,0,0,1.0,0.0,0.0
30038,66,0,0,0,0.9558952,0.031695366,0.012409478
34820,5,2,2,2,0.024363372,0.004191686,0.97144496
32122,31,0,0,0,1.0,0.0,0.0
30017,9,0,0,0,1.0,0.0,0.0
31148,34,0,0,0,1.0,0.0,0.0
28971,31,2,2,2,0.043809388,0.0069262185,0.9492644
30232,87,0,0,0,0.9509133,0.0490867,0.0
30990,50,0,0,0,0.99225193,0.0077480436,0.0
34437,93,0,2,0,1.0,0.0,0.0
31641,70,0,0,0,1.0,0.0,0.0
30989,94,0,0,0,0.59868634,0.38259122,0.01872241
33555,15,0,0,0,1.0,0.0,0.0
32437,75,0,0,0,0.9562631,0.030741416,0.012995457
30638,98,0,1,1,0.0473914,0.9491507,0.003457883
33306,28,0,0,0,0.7967388,0.20326121,0.0
28519,80,1,1,1,0.368578,0.62245756,0.008964457
33015,91,0,0,0,0.8917308,0.10826922,0.0
31222,36,2,2,2,0.41135502,0.09558776,0.49305725
28397,40,0,0,0,0.6187932,0.020424645,0.36078215
32417,90,0,2,0,1.0,0.0,0.0
28403,83,0,0,0,0.8768227,0.058348563,0.06482874
31376,65,0,0,0,0.83723086,0.020561269,0.14220783
34715,37,0,0,0,1.0,0.0,0.0
28734,59,0,0,0,0.68187153,0.111059815,0.2070687
30940,66,0,0,0,0.60314244,0.061231084,0.33562648
29122,35,0,0,0,1.0,0.0,0.0
29004,89,0,1,1,0.29907167,0.6949842,0.0059440746
34264,74,0,0,0,0.92765194,0.0646787,0.0076693445
30769,16,0,0,0,1.0,0.0,0.0
29190,33,1,1,1,0.053357333,0.9466427,0.0
30976,38,0,2,0,1.0,0.0,0.0
34843,83,0,0,0,0.6224875,0.36889294,0.008619517
34789,45,0,0,0,1.0,0.0,0.0
30897,16,0,0,0,0.97105545,0.02148781,0.007456684
28847,16,0,0,0,1.0,0.0,0.0
28208,50,0,0,0,0.9938747,0.0061252806,0.0
31972,44,0,0,0,1.0,0.0,0.0
33726,30,0,0,0,0.9859106,0.014089376,0.0
29904,65,0,0,0,1.0,0.0,0.0
33253,86,0,0,0,1.0,0.0,0.0
29489,30,0,0,0,0.99486744,0.0051325406,0.0
31088,18,0,0,0,0.91112584,0.04121017,0.04766404
31391,41,1,1,1,0.22835015,0.76630974,0.0053401003
28161,65,0,0,0,1.0,0.0,0.0
32103,34,0,0,0,1.0,0.0,0.0
32253,70,0,1,1,0.21143307,0.78249294,0.006074037
32709,52,0,0,0,0.9950942,0.0049058315,0.0
30767,74,0,0,0,1.0,0.0,0.0
30698,20,0,0,0,0.93744254,0.025751228,0.036806244
31934,28,0,0,0,1.0,0.0,0.0
29283,52,0,0,0,0.9821867,0.017813306,0.0
31065,74,0,0,0,1.0,0.0,0.0
31766,29,0,0,0,0.9503185,0.036198534,0.013482939
30686,9,0,0,0,1.0,0.0,0.0
30762,46,0,0,0,1.0,0.0,0.0
30791,28,0,0,0,0.9831118,0.016888198,0.0
28963,94,2,2,2,0.023695856,0.013954008,0.96235013
34668,23,1,1,1,0.019126192,0.97855407,0.002319772
32063,20,0,1,1,0.1503113,0.84560394,0.0040847864
34311,6,0,0,0,1.0,0.0,0.0
32236,49,0,0,0,0.9664387,0.014112475,0.019448815
28968,18,0,2,2,0.11235567,0.07853917,0.80910516
29076,44,0,0,0,1.0,0.0,0.0
28177,10,0,0,0,1.0,0.0,0.0
31717,32,0,0,0,1.0,0.0,0.0
29137,62,0,0,0,1.0,0.0,0.0
32965,91,0,0,0,1.0,0.0,0.0
32347,83,0,0,0,0.64319974,0.3466368,0.0101634115
28945,22,0,0,0,1.0,0.0,0.0
30572,72,0,0,0,1.0,0.0,0.0
32484,31,0,0,0,1.0,0.0,0.0
28100,74,0,2,0,1.0,0.0,0.0
28155,35,0,0,0,1.0,0.0,0.0
32517,90,0,2,0,1.0,0.0,0.0
28157,5,2,1,1,0.060570296,0.88584375,0.05358593
34524,75,0,2,0,1.0,0.0,0.0
29702,91,0,0,0,1.0,0.0,0.0
31101,89,0,1,1,0.32489,0.66871744,0.006392631
34164,8,0,0,0,1.0,0.0,0.0
32344,32,0,0,0,0.9747836,0.025216402,0.0
28389,57,0,0,0,0.975506,0.024493983,0.0
34889,47,0,0,0,1.0,0.0,0.0
31255,29,0,0,0,1.0,0.0,0.0
29347,6,0,2,0,1.0,0.0,0.0
30737,39,0,0,0,0.99299717,0.0070028375,0.0
34272,82,0,1,1,0.08460607,0.91073716,0.0046567833
29553,75,0,2,2,0.025689421,0.0035205516,0.97079
31831,93,0,0,0,1.0,0.0,0.0
32706,47,0,2,2,0.37359774,0.13258041,0.49382192
28484,29,0,2,0,1.0,0.0,0.0
28130,68,0,1,1,0.07435104,0.92220896,0.003439993
30853,48,0,0,0,1.0,0.0,0.0
29077,12,0,0,0,0.9556318,0.03025336,0.014114878
29775,99,1,1,1,0.018139195,0.9798677,0.0019931288
31846,68,0,2,0,1.0,0.0,0.0
30871,5,0,0,0,1.0,0.0,0.0
33744,76,0,0,0,1.0,0.0,0.0
33766,99,2,2,2,0.031196859,0.0044527473,0.9643504
30190,67,0,0,0,1.0,0.0,0.0
34542,3,0,0,0,0.98485255,0.015147465,0.0
29730,90,2,2,2,0.07286594,0.012794315,0.9143397
29224,59,0,0,0,1.0,0.0,0.0
33861,21,0,2,0,1.0,0.0,0.0
30859,91,0,0,0,1.0,0.0,0.0
29496,81,1,1,1,0.15463413,0.8366207,0.008745187
29826,78,0,0,0,1.0,0.0,0.0
31417,48,0,2,2,0.25250486,0.03557462,0.7119205
33337,4,0,2,2,0.35895202,0.04835987,0.5926881
34573,57,0,0,0,0.99628145,0.0037185594,0.0
31045,91,0,0,0,1.0,0.0,0.0
30538,56,0,0,0,0.8947714,0.09460257,0.010626078
31623,47,0,0,0,1.0,0.0,0.0
28134,7,0,0,0,0.9926555,0.0073444843,0.0
31867,17,0,1,1,0.23373735,0.7616537,0.0046089035
30299,7,0,0,0,1.0,0.0,0.0
29103,97,0,0,0,0.9924525,0.007547491,0.0
32724,35,0,0,0,0.9888528,0.011147194,0.0
34608,70,0,0,0,1.0,0.0,0.0
34437,6,0,0,0,0.71225554,0.023660388,0.26408413
34319,12,0,0,0,1.0,0.0,0.0
32639,71,1,1,1,0.1885535,0.8064579,0.004988614
34628,29,2,2,2,0.073621705,0.011958367,0.91441995
30253,14,1,1,1,0.036586024,0.9604884,0.0029255494
29885,43,0,0,0,1.0,0.0,0.0
34753,44,0,0,0,1.0,0.0,0.0
31088,71,0,0,0,0.9587547,0.034432285,0.0068130107
29515,62,0,0,0,1.0,0.0,0.0
28220,90,1,1,1,0.18146774,0.8120801,0.0064521967
32347,88,0,0,0,0.74924016,0.24351789,0.0072419657
29875,51,0,0,0,0.83933187,0.0792841,0.08138405
32507,24,0,2,0,1.0,0.0,0.0
31937,43,2,2,2,0.027684553,0.005009357,0.9673061
33788,9,0,0,0,1.0,0.0,0.0
29164,53,0,0,0,0.97831,0.015793286,0.0058967546
33843,3,0,0,0,1.0,0.0,0.0
33759,75,0,2,0,1.0,0.0,0.0
33152,91,0,0,0,1.0,0.0,0.0
34286,22,0,0,0,0.99644184,0.0035581565,0.0
31386,62,0,1,0,0.4495882,0.55041176,0.0
32806,3,0,0,0,0.9894894,0.010510646,0.0
32859,71,1,2,0,0.29110074,0.3369293,0.37196994
29677,70,1,1,1,0.023098009,0.9752696,0.0016324071
34290,51,0,0,0,0.8353738,0.07058773,0.09403846
28153,32,0,0,0,0.9892757,0.010724352,0.0
28152,21,1,1,1,0.20612141,0.77758557,0.016293019
32228,68,0,2,0,1.0,0.0,0.0
28313,30,0,0,0,0.943843,0.056156997,0.0
34326,16,0,0,0,1.0,0.0,0.0
29783,64,1,1,1,0.15819421,0.6815884,0.16021742
31419,84,0,2,2,0.3086919,0.03841646,0.6528917
34322,14,0,0,0,1.0,0.0,0.0
30058,95,0,0,0,0.75278324,0.24721679,0.0
32218,88,0,0,0,1.0,0.0,0.0
34903,86,0,0,0,1.0,0.0,0.0
29486,42,0,0,0,0.9966541,0.0033459044,0.0
30316,24,0,0,0,0.9779246,0.014061393,0.008013995
30707,75,0,0,0,0.834169,0.044399343,0.12143169
33251,49,0,0,0,1.0,0.0,0.0
31398,92,1,1,1,0.06308691,0.93410814,0.002804923
34337,49,0,2,0,1.0,0.0,0.0
30591,53,1,2,2,0.20146075,0.028101819,0.7704374
28616,76,0,0,0,0.55192924,0.44112906,0.0069416803
30792,75,2,2,2,0.060436357,0.0040097316,0.93555397
33416,38,0,0,0,0.96332157,0.030760873,0.0059175915
34197,24,0,1,1,0.10487485,0.8885494,0.0065757385
32457,70,0,0,0,0.88091904,0.114214234,0.004866734
34701,78,0,0,0,1.0,0.0,0.0
34848,2,1,1,1,0.25887764,0.734221,0.0069013345
31087,99,0,0,0,0.9603125,0.020797528,0.018889967
33191,29,0,0,0,0.94724166,0.019413685,0.03334465
28209,90,2,2,2,0.035250615,0.0057267165,0.9590227
32377,57,0,0,0,0.99235845,0.007641552,0.0
32813,12,2,2,2,0.028921438,0.0039267843,0.96715176
29879,22,0,0,0,0.99573404,0.004265939,0.0
34779,12,0,2,2,0.26874334,0.037557878,0.69369876
30661,75,0,0,0,1.0,0.0,0.0
29263,32,0,0,0,0.99380904,0.006190924,0.0
33110,23,0,0,0,0.91726094,0.055890784,0.026848262
34624,85,0,0,0,1.0,0.0,0.0
28889,25,1,0,0,0.5177301,0.47393095,0.008338963
33228,60,0,1,0,0.4510499,0.54317963,0.00577046
34727,9,0,0,0,1.0,0.0,0.0
32098,88,0,0,0,1.0,0.0,0.0
33429,2,0,0,0,0.4255313,0.31924662,0.25522208
28876,27,0,2,0,1.0,0.0,0.0
32574,98,2,0,0,0.45869952,0.43817687,0.10312362
31369,79,0,2,2,0.06644748,0.009712312,0.9238402
33465,4,0,0,0,1.0,0.0,0.0
31260,25,0,0,0,1.0,0.0,0.0
30427,58,0,0,0,0.7233204,0.26861897,0.008060634
32879,87,0,0,0,1.0,0.0,0.0
32010,38,0,0,0,1.0,0.0,0.0
33699,83,0,1,1,0.34091428,0.65194905,0.0071367254
29959,89,0,0,0,0.619276,0.37181452,0.0089095235
34256,2,2,2,2,0.020852804,0.004116806,0.9750304
30373,25,0,0,0,1.0,0.0,0.0
34466,51,1,1,1,0.29608184,0.6971138,0.006804396
33697,85,0,0,0,1.0,0.0,0.0
32205,16,0,0,0,1.0,0.0,0.0
30102,18,0,0,0,1.0,0.0,0.0
30280,77,0,0,0,1.0,0.0,0.0
30318,15,0,0,0,0.9727913,0.019950828,0.0072578765
34516,93,0,0,0,1.0,0.0,0.0
29128,46,0,0,0,1.0,0.0,0.0
30118,73,0,2,0,1.0,0.0,0.0
28561,1,0,0,0,1.0,0.0,0.0
28744,8,0,0,0,1.0,0.0,0.0
33566,19,2,2,2,0.2898079,0.024272071,0.68592006
30187,69,0,0,0,1.0,0.0,0.0
33881,76,0,1,1,0.33754855,0.6584191,0.0040323865
32492,6,0,0,0,1.0,0.0,0.0
34472,30,1,1,1,0.03921759,0.9607824,0.0
34996,32,0,0,0,1.0,0.0,0.0
30905,22,0,0,0,0.9613478,0.038652223,0.0
28414,53,1,1,1,0.06574792,0.9307114,0.0035407287
29609,36,0,0,0,1.0,0.0,0.0
34469,15,1,1,1,0.037281953,0.95976466,0.0029534241
34507,77,0,0,0,1.0,0.0,0.0
34246,24,0,2,0,1.0,0.0,0.0
29390,43,0,1,0,0.4857231,0.50194,0.012336935
30985,52,0,0,0,0.99486107,0.005138963,0.0
31688,26,0,1,1,0.12991552,0.86527985,0.004804699
33910,41,1,1,1,0.12924235,0.60071635,0.27004132
32106,61,0,0,0,1.0,0.0,0.0
31560,35,0,0,0,0.99109507,0.008904909,0.0
33639,19,0,0,0,1.0,0.0,0.0
31974,88,0,0,0,0.9746953,0.018773424,0.0065312223
34180,60,0,0,0,0.58079946,0.4122862,0.006914399
28669,17,0,2,2,0.28554392,0.11334042,0.60111564
34845,13,0,0,0,1.0,0.0,0.0
30607,72,0,0,0,1.0,0.0,0.0
31728,43,0,0,0,1.0,0.0,0.0
32735,92,1,1,1,0.19994852,0.79451597,0.0055355285
33865,21,2,2,2,0.075000264,0.019560982,0.9054387
32442,48,0,0,0,0.71139073,0.2804452,0.008164072
30128,59,0,2,2,0.13038436,0.014303336,0.8553123
31638,0,0,0,0,1.0,0.0,0.0
34561,60,0,1,1,0.08968943,0.9060787,0.004231904
29392,13,0,0,0,1.0,0.0,0.0
29296,65,0,0,0,0.87170327,0.08548095,0.042815838
30340,51,0,0,0,0.9257165,0.058770392,0.015513053
33557,88,0,0,0,1.0,0.0,0.0
28103,76,0,2,0,1.0,0.0,0.0
34111,44,0,0,0,1.0,0.0,0.0
34975,83,0,0,0,1.0,0.0,0.0
34121,18,0,0,0,1.0,0.0,0.0
29583,38,0,0,0,0.9606469,0.026273496,0.013079632
33416,92,1,1,1,0.083170295,0.91324514,0.00358455
28692,56,0,0,0,0.969508,0.023732087,0.006759954
28864,97,0,0,0,0.98353726,0.016462732,0.0
34848,53,1,1,1,0.30984908,0.6840502,0.0061006905
33930,54,0,0,0,1.0,0.0,0.0
31455,60,0,2,0,1.0,0.0,0.0
28112,30,0,0,0,1.0,0.0,0.0
31245,76,0,0,0,1.0,0.0,0.0
30329,57,1,0,0,0.8726123,0.12738767,0.0
34605,77,0,0,0,1.0,0.0,0.0
30296,76,0,0,0,1.0,0.0,0.0
34376,64,0,1,1,0.2647212,0.7294528,0.005826044
29500,27,0,1,1,0.03301537,0.94739366,0.019590992
28802,89,0,0,0,0.58584213,0.40625554,0.00790235
28703,61,1,1,1,0.0727881,0.92315835,0.0040535745
28764,86,0,0,0,1.0,0.0,0.0
31506,33,0,0,0,0.9937245,0.0062754513,0.0
29548,25,2,2,2,0.033403397,0.00386294,0.9627337
30625,44,0,0,0,1.0,0.0,0.0
32224,85,0,0,0,1.0,0.0,0.0
31073,96,2,2,2,0.16615109,0.035233922,0.798615
29853,67,1,1,1,0.028040316,0.96935064,0.0026090487
31704,24,2,2,2,0.19298913,0.07480779,0.73220307
33517,98,0,1,1,0.09694408,0.89778274,0.0052731587
32057,80,0,0,0,0.74839306,0.24073863,0.010868273
32177,79,0,0,0,0.84446406,0.0654047,0.09013124
33884,40,0,1,1,0.12475064,0.87154305,0.0037063456
28892,51,1,1,1,0.1471209,0.8491089,0.003770286
28462,3,0,0,0,1.0,0.0,0.0
29757,63,1,1,1,0.0812464,0.9187536,0.0
32207,56,0,0,0,1.0,0.0,0.0
33348,50,0,0,0,1.0,0.0,0.0
34631,44,0,0,0,1.0,0.0,0.0
34237,35,0,0,0,1.0,0.0,0.0
28603,63,0,0,0,0.79530704,0.20469297,0.0
34920,73,0,2,0,1.0,0.0,0.0
32743,14,1,1,1,0.029193614,0.9682981,0.0025082934
34916,24,0,2,0,1.0,0.0,0.0
30122,82,0,1,1,0.099762455,0.58094394,0.3192936
31310,49,0,0,0,0.9307229,0.049375545,0.019901633
32766,53,0,0,0,0.6231975,0.23041205,0.14639044
34322,94,0,0,0,1.0,0.0,0.0
30891,94,2,2,2,0.0664528,0.01253499,0.9210122
28501,11,0,0,0,0.970588,0.022442484,0.0069694943
28278,32,0,0,0,1.0,0.0,0.0
32084,62,0,0,0,0.9943598,0.0056401864,0.0
29085,62,1,1,1,0.073187456,0.9268125,0.0
29350,46,0,0,0,1.0,0.0,0.0
35031,61,0,0,0,0.9393694,0.048173286,0.012457297
29816,91,0,0,0,1.0,0.0,0.0
34193,18,0,0,0,0.50856155,0.48009595,0.011342521
34273,14,1,1,1,0.030973794,0.96621823,0.002808003
32476,40,0,0,0,0.6043573,0.1677915,0.2278512
33982,44,0,0,0,1.0,0.0,0.0
28169,67,0,0,0,1.0,0.0,0.0
32550,89,0,0,0,0.96310794,0.030423291,0.006468791
32179,55,0,0,0,0.9949899,0.0050101294,0.0
34322,51,0,0,0,1.0,0.0,0.0
31552,5,0,2,0,1.0,0.0,0.0
28427,7,0,0,0,0.99619746,0.0038025829,0.0
34511,81,0,0,0,1.0,0.0,0.0
34029,74,0,0,0,1.0,0.0,0.0
31358,23,0,2,0,1.0,0.0,0.0
34993,95,0,0,0,1.0,0.0,0.0
33600,46,0,1,1,0.08333697,0.916663,0.0
33760,66,0,2,0,1.0,0.0,0.0
32473,90,0,0,0,1.0,0.0,0.0
28424,26,0,0,0,0.980738,0.016080458,0.0031815616
29130,9,0,0,0,1.0,0.0,0.0
34080,24,1,1,1,0.063345835,0.9329265,0.003727638
32574,72,0,0,0,1.0,0.0,0.0
30600,18,0,2,2,0.1663806,0.03214494,0.80147445
30752,86,0,0,0,0.9916561,0.008343868,0.0
29363,74,0,0,0,0.97035563,0.022558259,0.007086137
34702,99,0,0,0,1.0,0.0,0.0
33140,75,1,1,1,0.011333913,0.98348826,0.005177753
31712,25,0,0,0,1.0,0.0,0.0
29508,88,0,1,1,0.13241778,0.8598634,0.0077188066
31865,83,0,0,0,0.88791883,0.090886466,0.021194728
28095,81,0,2,2,0.24847631,0.070444815,0.68107885
33846,42,0,0,0,1.0,0.0,0.0
30799,75,0,0,0,0.9590203,0.020764338,0.020215387
30213,29,0,2,0,1.0,0.0,0.0
28625,19,0,1,1,0.40322268,0.5869397,0.009837703
33067,61,0,0,0,1.0,0.0,0.0
29217,0,0,0,0,1.0,0.0,0.0
34144,59,2,2,2,0.071491964,0.014504304,0.91400373
32016,99,0,0,0,1.0,0.0,0.0
29251,69,0,2,0,1.0,0.0,0.0
32517,24,0,0,0,0.8732631,0.056738783,0.069998115
29288,95,0,0,0,0.9887313,0.011268655,0.0
34458,26,0,0,0,0.8263709,0.16645624,0.0071728653
29162,24,0,0,0,0.97534436,0.012584092,0.012071549
32862,36,0,0,0,1.0,0.0,0.0
31034,37,0,0,0,1.0,0.0,0.0
29868,76,0,0,0,0.95701617,0.028052563,0.0149312895
28099,15,0,2,0,1.0,0.0,0.0
28144,31,0,1,1,0.3556139,0.6043543,0.04003181
33682,1,0,0,0,0.96775514,0.018400922,0.013843982
30617,62,0,0,0,0.90458095,0.09541906,0.0
31333,6,0,0,0,1.0,0.0,0.0
28928,46,0,0,0,1.0,0.0,0.0
29493,17,1,1,1,0.015734311,0.98043823,0.0038275074
28320,66,1,1,1,0.3350488,0.6584062,0.006544978
30870,96,0,0,0,1.0,0.0,0.0
33886,9,0,0,0,1.0,0.0,0.0
28912,72,0,0,0,1.0,0.0,0.0
29426,23,0,0,0,1.0,0.0,0.0
32091,53,1,1,1,0.15412292,0.7189708,0.1269063
31594,35,0,0,0,0.99423087,0.005769137,0.0
32673,26,0,0,0,1.0,0.0,0.0
28912,70,0,0,0,0.9413375,0.030479474,0.02818298
28828,29,0,1,1,0.12368355,0.82870454,0.047611944
29403,94,0,0,0,0.6580429,0.103052095,0.23890503
33630,71,0,0,0,1.0,0.0,0.0
30756,58,0,0,0,1.0,0.0,0.0
34080,9,0,0,0,1.0,0.0,0.0
29067,0,0,0,0,1.0,0.0,0.0
31167,74,2,2,2,0.20729777,0.09193704,0.7007652
32800,53,0,2,0,1.0,0.0,0.0
32939,42,0,0,0,0.99257773,0.0074222437,0.0
34931,93,0,0,0,0.97533685,0.0189751,0.0056880666
29220,29,0,0,0,1.0,0.0,0.0
35001,83,0,0,0,1.0,0.0,0.0
33434,58,0,2,2,0.35591537,0.023851104,0.62023354
31232,10,0,0,0,1.0,0.0,0.0
33667,85,0,0,0,1.0,0.0,0.0
33790,76,1,1,1,0.1573537,0.8383644,0.0042818584
30463,46,0,0,0,1.0,0.0,0.0
28610,75,1,1,1,0.20676945,0.7884308,0.0047997218
30182,29,0,0,0,1.0,0.0,0.0
30215,55,0,0,0,1.0,0.0,0.0
28168,30,0,0,0,1.0,0.0,0.0
34224,33,0,0,0,1.0,0.0,0.0
34042,43,0,0,0,1.0,0.0,0.0
33777,26,0,2,2,0.19138432,0.012520296,0.79609543
30972,88,0,2,0,1.0,0.0,0.0
34163,74,0,0,0,0.9720105,0.021692954,0.0062965676
28395,33,0,0,0,0.9898728,0.01012718,0.0
32023,34,0,0,0,1.0,0.0,0.0
31706,87,0,0,0,0.98187774,0.018122239,0.0
34829,19,0,0,0,0.7164418,0.015817035,0.26774114
32962,51,0,0,0,1.0,0.0,0.0
31467,6,2,2,2,0.07300206,0.013598557,0.9133994
28741,78,0,0,0,1.0,0.0,0.0
30764,7,0,0,0,1.0,0.0,0.0
30060,95,0,0,0,0.98686147,0.013138484,0.0
28264,29,0,0,0,1.0,0.0,0.0
28259,70,0,0,0,1.0,0.0,0.0
33500,3,1,1,1,0.04977974,0.9502203,0.0
31015,87,0,0,0,0.9930405,0.0069595003,0.0
28638,28,0,0,0,1.0,0.0,0.0
33249,43,0,0,0,1.0,0.0,0.0
31960,36,0,0,0,0.88960636,0.09840224,0.011991385
34664,58,0,1,1,0.028100992,0.9687938,0.003105207
34742,29,0,0,0,0.85942316,0.1271125,0.013464342
31650,24,2,2,2,0.12795149,0.03402371,0.8380248
34463,38,0,1,1,0.18114279,0.81419843,0.0046588033
29661,42,1,1,1,0.0645867,0.9354133,0.0
31925,82,0,0,0,1.0,0.0,0.0
31055,11,0,0,0,1.0,0.0,0.0
34091,91,1,1,1,0.051963396,0.9480366,0.0
31007,61,1,1,1,0.20478764,0.7786548,0.016557591
31603,31,0,1,1,0.033431444,0.93994385,0.026624767
34154,87,0,0,0,0.99313366,0.0068663494,0.0
30832,45,0,1,1,0.2898356,0.6910196,0.019144818
34653,91,1,1,1,0.046615023,0.953385,0.0
30964,27,0,0,0,1.0,0.0,0.0
30812,24,1,1,1,0.1736266,0.8220979,0.0042755287
30929,47,0,0,0,0.6934892,0.27365234,0.032858443
30338,10,1,1,1,0.06478149,0.9315222,0.0036963425
31667,89,0,0,0,0.9696592,0.023531247,0.0068095205
33289,37,0,0,0,1.0,0.0,0.0
31651,24,2,2,2,0.11434254,0.019726941,0.8659305
32982,79,0,0,0,0.8982936,0.08392283,0.017783508
33019,81,1,1,1,0.26533824,0.73083144,0.0038302813
29389,81,0,0,0,0.9709774,0.018121481,0.010901106
32077,3,0,0,0,0.9942236,0.005776417,0.0
33727,36,0,1,0,1.0,0.0,0.0
29844,55,0,0,0,0.994553,0.0054469365,0.0
30929,30,0,0,0,0.9936092,0.0063907667,0.0
31943,0,0,0,0,1.0,0.0,0.0
29796,36,0,0,0,1.0,0.0,0.0
31793,7,0,0,0,0.99581385,0.0041861297,0.0
28067,24,0,0,0,0.85537714,0.07564694,0.068975955
28338,44,0,0,0,1.0,0.0,0.0
28800,99,0,1,1,0.30417627,0.6892886,0.006535102
30531,82,0,0,0,0.8893255,0.10631869,0.0043558106
28905,54,0,0,0,0.6037737,0.38209176,0.0141345225
28200,85,0,0,0,1.0,0.0,0.0
29484,50,0,0,0,0.9971827,0.00281726,0.0
30439,69,1,1,1,0.3499016,0.6428212,0.0072772335
29096,66,1,1,1,0.09830302,0.89812994,0.00356707
34671,17,0,0,0,0.80753076,0.16748667,0.024982585
32080,13,0,0,0,1.0,0.0,0.0
30573,39,0,0,0,1.0,0.0,0.0
34496,56,0,0,0,1.0,0.0,0.0
33763,72,0,0,0,1.0,0.0,0.0
33096,46,0,0,0,0.98913825,0.01086176,0.0
29871,58,0,0,0,0.8990526,0.08138182,0.019565556
30345,72,0,0,0,1.0,0.0,0.0
30073,21,0,2,2,0.2612189,0.05986142,0.6789197
29895,77,0,0,0,1.0,0.0,0.0
31361,78,0,0,0,1.0,0.0,0.0
28069,37,0,0,0,1.0,0.0,0.0
30838,31,1,1,1,0.03841701,0.94085884,0.020724151
34448,39,0,0,0,0.97843724,0.02156272,0.0
30339,35,0,0,0,0.9584927,0.041507322,0.0
32970,57,0,0,0,1.0,0.0,0.0
32865,39,0,0,0,1.0,0.0,0.0
30156,93,0,0,0,0.8091301,0.18219525,0.008674681
28234,63,0,0,0,0.9947044,0.005295592,0.0
29868,54,0,0,0,0.82023287,0.17127302,0.008494123
30184,89,0,0,0,1.0,0.0,0.0
33058,10,1,1,1,0.035732362,0.9401378,0.024129814
31931,62,0,0,0,1.0,0.0,0.0
31755,93,0,0,0,0.97811043,0.01723476,0.0046548517
31851,81,0,0,0,0.8268578,0.026604483,0.14653775
28204,70,0,2,0,1.0,0.0,0.0
30465,97,0,0,0,1.0,0.0,0.0
30267,18,0,0,0,0.44543612,0.2102245,0.34433934
28957,64,0,2,0,1.0,0.0,0.0
29299,71,0,0,0,0.92083013,0.029874828,0.049295068
28091,91,0,0,0,1.0,0.0,0.0
34986,53,0,0,0,1.0,0.0,0.0
29039,81,0,0,0,1.0,0.0,0.0
31565,49,0,0,0,0.9682984,0.012535486,0.01916616
32664,19,0,0,0,1.0,0.0,0.0
28421,61,0,0,0,0.9482114,0.039474525,0.012314106
28978,57,0,0,0,0.98166925,0.018330751,0.0
32489,70,0,0,0,1.0,0.0,0.0
33991,63,0,0,0,0.9917853,0.008214695,0.0
32293,77,0,0,0,1.0,0.0,0.0
32129,42,0,0,0,1.0,0.0,0.0
31778,42,0,1,1,0.17338164,0.8266184,0.0
30670,78,0,0,0,1.0,0.0,0.0
29073,49,0,2,2,0.28345922,0.010707923,0.7058329
28508,94,0,1,1,0.31321678,0.6809333,0.005849952
30564,88,0,0,0,1.0,0.0,0.0
30968,83,0,0,0,1.0,0.0,0.0
28400,23,0,2,2,0.05751593,0.0055730506,0.93691105
34093,44,0,0,0,1.0,0.0,0.0
32760,88,0,0,0,0.6230228,0.07801241,0.2989648
30009,21,0,0,0,1.0,0.0,0.0
33094,69,0,2,2,0.066261835,0.008845166,0.924893
31972,30,1,1,1,0.034131207,0.96586883,0.0
28896,34,1,1,1,0.051090658,0.94890934,0.0
33483,46,0,0,0,0.9919532,0.008046836,0.0
29651,75,0,0,0,0.95689744,0.026618097,0.016484456
31517,99,0,0,0,1.0,0.0,0.0
31234,16,0,0,0,1.0,0.0,0.0
30257,37,0,0,0,1.0,0.0,0.0
34641,32,0,0,0,0.9886263,0.011373671,0.0
32501,70,0,0,0,1.0,0.0,0.0
34160,80,0,0,0,0.96328485,0.023807485,0.012907729
29852,47,1,1,1,0.16612037,0.8297735,0.004106188
29467,98,0,1,1,0.20139076,0.79530287,0.003306435
32063,23,0,1,1,0.018906293,0.9787108,0.00238296
33651,46,0,0,0,1.0,0.0,0.0
33249,77,0,0,0,1.0,0.0,0.0
32649,74,0,0,0,0.92898035,0.051643163,0.019376528
30481,35,0,0,0,1.0,0.0,0.0
34471,20,0,1,1,0.04478057,0.9524366,0.0027828384
30454,29,1,1,1,0.10236291,0.572355,0.3252822
28292,34,0,0,0,0.94093263,0.05906735,0.0
34836,81,0,0,0,0.95193624,0.017509896,0.030553885
30275,42,0,0,0,1.0,0.0,0.0
31180,43,0,0,0,0.9671785,0.016158326,0.016663188
33398,19,0,0,0,0.91271156,0.026675884,0.06061258
29098,18,0,1,1,0.16328274,0.83113056,0.005586714
29345,47,0,2,2,0.10070186,0.061866395,0.8374317
32408,31,0,0,0,1.0,0.0,0.0
33135,30,0,0,0,0.9936667,0.0063332836,0.0
34012,41,1,1,1,0.01557288,0.95811355,0.026313545
30855,18,0,0,0,1.0,0.0,0.0
33933,32,0,0,0,1.0,0.0,0.0
32837,57,0,0,0,0.9895422,0.0104578,0.0
29327,46,0,0,0,1.0,0.0,0.0
34289,49,0,0,0,0.8947363,0.05363533,0.051628403
34710,48,0,0,0,1.0,0.0,0.0
30308,37,0,0,0,1.0,0.0,0.0
31326,27,0,0,0,1.0,0.0,0.0
34393,12,0,1,1,0.037199903,0.87260604,0.09019403
33293,0,0,0,0,1.0,0.0,0.0
32872,3,0,0,0,1.0,0.0,0.0
30519,83,0,0,0,0.9045774,0.082789965,0.012632639
31308,24,0,0,0,0.9547611,0.028038166,0.017200783
29994,22,0,0,0,1.0,0.0,0.0
32218,35,0,0,0,1.0,0.0,0.0
29814,88,0,0,0,1.0,0.0,0.0
32657,74,0,0,0,0.86194915,0.08344179,0.054609057
31765,96,0,0,0,0.9736768,0.017577237,0.008745977
34193,11,0,1,1,0.2445084,0.74522513,0.010266497
28272,82,0,0,0,1.0,0.0,0.0
29085,24,0,1,1,0.32686853,0.66637844,0.0067530707
30859,24,0,0,0,1.0,0.0,0.0
29691,75,0,0,0,1.0,0.0,0.0
33369,22,0,0,0,1.0,0.0,0.0
28840,45,0,0,0,1.0,0.0,0.0
33364,64,0,0,0,1.0,0.0,0.0
29270,38,0,0,0,0.9505089,0.036770146,0.01272093
33707,78,0,0,0,0.9950627,0.0049372637,0.0
30292,4,0,0,0,1.0,0.0,0.0
29811,97,0,0,0,1.0,0.0,0.0
33832,4,0,0,0,1.0,0.0,0.0
33815,39,0,0,0,0.9907102,0.009289791,0.0
33531,22,0,0,0,0.99204904,0.007950945,0.0
32069,62,0,0,0,0.9711549,0.028845022,0.0
31064,18,0,0,0,1.0,0.0,0.0
30448,62,0,0,0,0.9952586,0.0047413777,0.0
29035,55,0,0,0,1.0,0.0,0.0
28371,70,0,0,0,1.0,0.0,0.0
33113,65,0,0,0,0.94591755,0.04585217,0.00823029
29561,5,0,0,0,0.8711038,0.10489216,0.024004044
32130,41,0,2,0,1.0,0.0,0.0
30172,23,0,1,1,0.03307581,0.9229986,0.043925565
31502,61,1,1,1,0.3582849,0.63060075,0.011114317
29477,41,0,1,1,0.3300742,0.66177636,0.008149422
32630,19,0,0,0,0.9530577,0.034649715,0.012292512
33019,94,1,1,1,0.23403324,0.76255465,0.003412128
33931,30,0,0,0,1.0,0.0,0.0
30384,8,0,0,0,1.0,0.0,0.0
30099,36,0,0,0,1.0,0.0,0.0
29997,90,0,0,0,1.0,0.0,0.0
31936,18,0,0,0,1.0,0.0,0.0
33151,86,0,0,0,1.0,0.0,0.0
32373,24,0,0,0,1.0,0.0,0.0
29502,63,0,0,0,1.0,0.0,0.0
33737,37,0,0,0,1.0,0.0,0.0
33074,33,0,0,0,1.0,0.0,0.0
34537,29,0,2,0,1.0,0.0,0.0
33071,99,0,0,0,1.0,0.0,0.0
31259,31,0,0,0,1.0,0.0,0.0
30534,39,1,1,1,0.058958627,0.94104135,0.0
34915,23,0,2,0,1.0,0.0,0.0
28963,63,0,0,0,0.9346949,0.06530511,0.0
28158,26,0,0,0,0.51653254,0.31847188,0.1649956
30718,19,1,1,1,0.2894288,0.70414215,0.0064290613
29660,71,0,1,1,0.27811465,0.7154831,0.0064021973
31588,49,0,0,0,0.5294143,0.46158648,0.008999209
31879,78,0,0,0,0.99157554,0.008424457,0.0
33601,57,1,1,1,0.061161403,0.93883854,0.0
32634,46,0,0,0,0.80487585,0.19512413,0.0
31560,83,0,2,0,1.0,0.0,0.0
32486,92,0,0,0,1.0,0.0,0.0
34172,18,0,1,1,0.21288426,0.78102666,0.006089069
33060,44,0,0,0,1.0,0.0,0.0
29211,19,0,0,0,1.0,0.0,0.0
29826,34,0,0,0,0.99062604,0.009373974,0.0
32879,64,0,0,0,1.0,0.0,0.0
34249,48,0,2,0,1.0,0.0,0.0
34242,90,2,2,2,0.059290092,0.0085582165,0.9321517
33051,36,0,0,0,1.0,0.0,0.0
32671,30,0,0,0,1.0,0.0,0.0
28107,74,0,2,2,0.09054917,0.04259879,0.86685205
31253,56,0,0,0,1.0,0.0,0.0
31724,38,0,0,0,1.0,0.0,0.0
30769,28,0,0,0,1.0,0.0,0.0
28702,16,1,1,1,0.17672196,0.8186262,0.0046518464
32207,8,0,0,0,1.0,0.0,0.0
29700,89,0,0,0,1.0,0.0,0.0
31216,5,0,1,1,0.3975266,0.58625436,0.016219076
31066,53,0,0,0,1.0,0.0,0.0
28860,94,0,2,0,1.0,0.0,0.0
32889,64,0,0,0,1.0,0.0,0.0
30143,21,0,1,1,0.24246846,0.7371206,0.020410923
30896,8,0,0,0,1.0,0.0,0.0
34773,4,0,0,0,0.8058695,0.07926598,0.11486448
34407,61,0,0,0,1.0,0.0,0.0
28105,54,2,2,2,0.022344751,0.0029486143,0.97470665
32997,2,0,2,0,1.0,0.0,0.0
34368,52,1,1,1,0.04564698,0.95435303,0.0
28488,36,0,0,0,0.5828564,0.02657019,0.3905734
32862,67,0,1,1,0.07237978,0.9127114,0.014908849
33117,84,0,1,1,0.16679695,0.8287004,0.004502542
34273,80,1,1,1,0.028805146,0.9682968,0.0028980637
30436,49,0,1,0,0.4597934,0.5324055,0.007801155
29724,17,0,0,0,0.5828687,0.13240668,0.28472465
28386,71,0,2,2,0.21500567,0.03843987,0.7465545
32731,87,0,0,0,0.7715755,0.2284245,0.0
35000,93,0,0,0,1.0,0.0,0.0
29644,66,0,0,0,0.9744937,0.020877186,0.0046291156
31580,23,1,1,1,0.111176245,0.88316375,0.005660004
34578,40,0,0,0,0.8056391,0.045349296,0.14901163
28408,92,0,1,1,0.36867422,0.6251164,0.0062094503
28564,54,0,0,0,1.0,0.0,0.0
30523,71,0,0,0,0.71730244,0.2747743,0.007923259
33794,46,1,1,1,0.026676374,0.97332364,0.0
30487,59,0,0,0,1.0,0.0,0.0
28384,92,0,2,2,0.38004005,0.07604623,0.5439137
29381,24,1,1,1,0.075368814,0.92146456,0.003166657
31600,25,1,1,1,0.36980808,0.6190004,0.011191584
32502,84,0,0,0,1.0,0.0,0.0
28496,31,2,2,2,0.027403897,0.005157082,0.96743906
29227,96,0,0,0,1.0,0.0,0.0
31485,78,1,1,1,0.048710078,0.9512899,0.0
30691,56,0,2,0,1.0,0.0,0.0
34852,59,1,1,1,0.10123779,0.89242136,0.0063408343
33247,87,0,0,0,1.0,0.0,0.0
32346,87,0,0,0,0.82391673,0.1760833,0.0
28656,37,0,0,0,1.0,0.0,0.0
33581,34,0,0,0,0.99442965,0.0055703605,0.0
30594,33,0,0,0,0.9793029,0.020697132,0.0
30762,83,0,0,0,1.0,0.0,0.0
34828,27,2,2,2,0.015924754,0.0030610736,0.9810142
30859,38,0,0,0,1.0,0.0,0.0
28887,98,1,0,0,0.88484967,0.10153098,0.013619374
34257,54,0,0,0,0.5202797,0.028237052,0.45148322
30481,11,0,0,0,1.0,0.0,0.0
29486,39,0,0,0,0.9938202,0.0061797914,0.0
33843,8,0,0,0,1.0,0.0,0.0
29431,72,0,0,0,1.0,0.0,0.0
28353,33,0,0,0,1.0,0.0,0.0
34403,73,0,0,0,1.0,0.0,0.0
32293,51,0,0,0,1.0,0.0,0.0
29221,84,0,0,0,1.0,0.0,0.0
33597,13,0,0,0,1.0,0.0,0.0
28879,96,0,0,0,0.9731054,0.016123401,0.010771242
33591,22,0,0,0,0.96527463,0.034725334,0.0
32438,83,0,0,0,0.952025,0.032201003,0.015773993
29702,31,0,0,0,1.0,0.0,0.0
30356,76,2,0,0,0.5031237,0.082084455,0.41479182
29251,15,0,2,0,1.0,0.0,0.0
32622,15,0,0,0,0.8230778,0.02837512,0.14854705
30979,48,0,2,0,1.0,0.0,0.0
28217,33,0,0,0,0.957144,0.042856,0.0
34901,13,0,0,0,1.0,0.0,0.0
31460,33,0,0,0,0.9897146,0.010285399,0.0
28756,90,0,0,0,1.0,0.0,0.0
31300,85,0,0,0,1.0,0.0,0.0
29227,75,0,0,0,1.0,0.0,0.0
33817,22,0,0,0,0.99347025,0.0065297675,0.0
32024,55,0,0,0,1.0,0.0,0.0
34616,65,0,0,0,1.0,0.0,0.0
31580,1,0,1,1,0.29913765,0.6943503,0.0065120896
30187,26,0,0,0,1.0,0.0,0.0
32557,26,0,0,0,0.96392053,0.02393342,0.012146032
32841,38,1,1,1,0.19032346,0.8039879,0.005688655
32686,75,0,0,0,1.0,0.0,0.0
28817,10,0,1,1,0.2734538,0.7188982,0.0076480596
33785,17,0,0,0,0.83844584,0.15348996,0.008064123
32184,12,2,2,2,0.20576033,0.022273745,0.7719659
29606,66,0,0,0,1.0,0.0,0.0
32117,87,0,0,0,1.0,0.0,0.0
29156,69,0,2,0,1.0,0.0,0.0
29343,99,0,2,0,1.0,0.0,0.0
33208,79,0,0,0,0.8434939,0.1449494,0.01155678
30889,0,0,0,0,1.0,0.0,0.0
32376,80,0,2,2,0.14418884,0.3277782,0.52803296
32557,82,0,0,0,0.97056156,0.020006925,0.009431519
30064,19,0,0,0,0.9308874,0.031221498,0.03789108
34298,10,0,0,0,1.0,0.0,0.0
34257,74,0,2,0,0.38617235,0.21497281,0.39885482
31543,7,0,0,0,1.0,0.0,0.0
33944,94,0,0,0,1.0,0.0,0.0
31038,16,0,0,0,0.43620652,0.41085032,0.15294315
30880,35,0,0,0,1.0,0.0,0.0
33303,42,0,0,0,0.97848636,0.021513605,0.0
29494,28,0,0,0,0.99242026,0.0075797304,0.0
32137,9,0,0,0,1.0,0.0,0.0
29679,94,1,1,1,0.017891312,0.97999763,0.0021110792
34711,93,0,0,0,1.0,0.0,0.0
28943,59,0,0,0,1.0,0.0,0.0
28091,2,0,0,0,1.0,0.0,0.0
34525,14,0,2,2,0.23357734,0.021461502,0.7449612
29460,14,0,2,2,0.3076351,0.012124639,0.6802403
33672,68,2,2,2,0.076587066,0.020773517,0.9026394
28041,9,0,0,0,1.0,0.0,0.0
28289,77,0,0,0,1.0,0.0,0.0
30583,79,0,0,0,1.0,0.0,0.0
34765,60,0,0,0,0.9824275,0.010188897,0.0073836567
29180,20,1,1,1,0.28862965,0.6853063,0.026064055
28915,98,0,0,0,0.7389185,0.21643619,0.044645324
30577,48,0,0,0,1.0,0.0,0.0
34046,79,0,2,2,0.07162619,0.008217047,0.9201568
28542,73,0,0,0,1.0,0.0,0.0
28188,34,0,0,0,1.0,0.0,0.0
33522,70,0,0,0,0.94363403,0.021793615,0.03457239
30704,34,0,0,0,0.9941814,0.0058186073,0.0
31812,77,0,0,0,1.0,0.0,0.0
28898,18,0,0,0,0.5583143,0.43255502,0.009130656
28364,81,0,0,0,1.0,0.0,0.0
31090,12,0,0,0,0.9620269,0.021267993,0.016705105
29831,59,0,2,2,0.09396859,0.031655554,0.8743759
33627,35,0,0,0,0.9794757,0.020524375,0.0
32868,82,0,0,0,1.0,0.0,0.0
33115,59,0,0,0,0.68019456,0.3108526,0.008952857
29082,97,0,0,0,0.8643304,0.1356696,0.0
31599,82,1,1,1,0.16995415,0.8246139,0.0054319566
33425,44,0,0,0,1.0,0.0,0.0
31148,91,0,0,0,1.0,0.0,0.0
33021,6,1,1,1,0.04401698,0.95290655,0.0030765051
30336,70,1,1,1,0.03552784,0.96174914,0.0027230126
28585,3,0,0,0,0.98309773,0.01690227,0.0
35001,41,0,0,0,1.0,0.0,0.0
32917,79,0,0,0,0.94454,0.045151006,0.010308952
34054,9,0,0,0,1.0,0.0,0.0
30985,62,0,0,0,0.9926341,0.0073658885,0.0
34161,47,0,0,0,0.8408793,0.029657342,0.12946326
33594,96,0,0,0,0.8375374,0.15611514,0.0063474495
34995,89,0,0,0,1.0,0.0,0.0
31511,4,1,1,1,0.042615004,0.9469852,0.010399843
28396,83,0,0,0,0.91614205,0.026180584,0.057677403
29488,56,0,1,1,0.25805345,0.73237365,0.009572936
32056,17,0,0,0,0.9436946,0.046090245,0.010215173
32306,18,0,0,0,1.0,0.0,0.0
30951,95,0,0,0,1.0,0.0,0.0
34090,61,0,0,0,0.97430146,0.020134974,0.005563531
31763,52,0,0,0,0.977734,0.022265956,0.0
28226,65,0,1,1,0.07029162,0.9264732,0.0032351385
33937,37,0,0,0,1.0,0.0,0.0
29521,1,0,0,0,1.0,0.0,0.0
33062,27,0,0,0,1.0,0.0,0.0
34682,50,0,0,0,1.0,0.0,0.0
29003,57,0,0,0,0.9955912,0.004408746,0.0
31061,55,0,0,0,1.0,0.0,0.0
30448,77,0,0,0,0.9953276,0.0046724174,0.0
33346,16,0,0,0,1.0,0.0,0.0
32624,33,0,0,0,0.99264675,0.007353257,0.0
33427,63,0,0,0,0.9966553,0.003344712,0.0
29751,78,0,0,0,0.95463485,0.045365155,0.0
33549,78,0,0,0,1.0,0.0,0.0
33542,11,0,0,0,1.0,0.0,0.0
34753,3,0,1,1,0.07544982,0.9245502,0.0
32204,53,0,0,0,1.0,0.0,0.0
31261,44,0,0,0,1.0,0.0,0.0
30930,66,0,0,0,0.9491784,0.023111923,0.02770972
30017,67,0,2,0,1.0,0.0,0.0
28943,53,0,0,0,1.0,0.0,0.0
28475,24,0,2,0,1.0,0.0,0.0
30451,37,0,0,0,1.0,0.0,0.0
30624,31,0,1,1,0.23882824,0.7538322,0.00733954
34459,58,0,0,0,0.63422495,0.35641667,0.0093584005
29232,56,0,0,0,1.0,0.0,0.0
34966,47,1,1,1,0.014314299,0.980352,0.0053336937
28219,7,0,0,0,0.80599314,0.19400686,0.0
32680,19,0,0,0,1.0,0.0,0.0
30402,46,0,0,0,1.0,0.0,0.0
28806,6,0,1,0,0.48633403,0.5077836,0.0058824513
28914,32,0,0,0,0.9947205,0.005279508,0.0
34581,15,0,0,0,1.0,0.0,0.0
34850,68,1,1,1,0.15994613,0.8342222,0.0058316817
29563,50,0,0,0,0.6767798,0.32322022,0.0
32966,14,0,0,0,1.0,0.0,0.0
32874,21,0,0,0,1.0,0.0,0.0
34031,19,0,0,0,1.0,0.0,0.0
31344,65,0,0,0,1.0,0.0,0.0
28095,59,0,2,2,0.08536902,0.024084067,0.8905469
30096,62,0,0,0,1.0,0.0,0.0
29001,29,0,1,1,0.09059535,0.90411425,0.0052904356
29148,59,0,2,0,1.0,0.0,0.0
28383,30,0,0,0,1.0,0.0,0.0
31849,85,0,0,0,1.0,0.0,0.0
30818,7,0,0,0,0.98250616,0.01749384,0.0
34665,62,1,1,1,0.036844954,0.96315503,0.0
32675,18,0,0,0,1.0,0.0,0.0
29424,20,0,0,0,1.0,0.0,0.0
33587,89,0,2,0,0.48330197,0.03229995,0.4843981
30969,77,0,0,0,1.0,0.0,0.0
30956,36,0,0,0,1.0,0.0,0.0
31295,49,1,1,1,0.048312157,0.9486699,0.0030178623
28979,85,0,0,0,1.0,0.0,0.0
28123,31,0,1,0,0.47522432,0.50078875,0.023986928
31548,61,0,2,0,1.0,0.0,0.0
28808,82,0,0,0,0.5940031,0.40044475,0.0055521834
29728,37,0,0,0,1.0,0.0,0.0
32610,84,0,2,0,1.0,0.0,0.0
30771,87,0,0,0,1.0,0.0,0.0
34857,83,0,1,1,0.29323915,0.69845927,0.008301593
34218,32,0,0,0,1.0,0.0,0.0
30589,89,0,2,0,1.0,0.0,0.0
33938,18,0,0,0,1.0,0.0,0.0
32689,81,0,0,0,1.0,0.0,0.0
30585,84,0,0,0,1.0,0.0,0.0
34747,65,1,1,1,0.3569907,0.637566,0.0054433546
28207,82,0,0,0,0.9671241,0.026602585,0.006273356
29964,20,1,1,1,0.01898636,0.979151,0.001862666
34873,69,1,1,1,0.010950218,0.97658896,0.012460767
34459,43,0,0,0,0.6832086,0.3069585,0.009832913
30712,35,0,0,0,0.9725595,0.027440479,0.0
31818,6,0,0,0,1.0,0.0,0.0
33518,87,0,0,0,0.9938265,0.006173458,0.0
29449,10,2,2,2,0.02521203,0.0036490455,0.97113895
31488,93,0,1,1,0.3962472,0.5960646,0.007688154
33022,46,1,1,1,0.030836837,0.9691631,0.0
28282,7,0,0,0,0.9827161,0.017283948,0.0
28118,17,0,0,0,0.9484806,0.036759384,0.014760029
34959,13,0,0,0,1.0,0.0,0.0
34499,81,0,0,0,1.0,0.0,0.0
33870,25,2,2,2,0.06766223,0.014934128,0.9174037
31188,10,0,0,0,0.9693649,0.020200653,0.010434478
29282,84,0,1,1,0.25262147,0.7345615,0.012817089
30442,21,0,1,1,0.3324005,0.6600632,0.007536264
32110,3,0,0,0,1.0,0.0,0.0
34800,34,0,0,0,1.0,0.0,0.0
31797,76,0,0,0,0.81076753,0.041522518,0.14770997
28771,32,0,0,0,1.0,0.0,0.0
32585,60,0,0,0,1.0,0.0,0.0
29474,39,0,0,0,0.8815216,0.11847839,0.0
31866,74,0,0,0,0.53013617,0.46430343,0.0055603883
30510,62,0,0,0,0.98921436,0.010785585,0.0
34947,56,0,1,1,0.3598786,0.633174,0.0069474266
30381,44,0,0,0,1.0,0.0,0.0
30111,81,0,0,0,1.0,0.0,0.0
31774,45,0,1,1,0.23761226,0.7563006,0.00608717
33748,45,0,0,0,1.0,0.0,0.0
35001,22,0,0,0,1.0,0.0,0.0
34954,71,0,1,1,0.3764072,0.6171744,0.0064184056
31587,84,1,1,1,0.023173342,0.9747497,0.0020769814
29734,45,0,1,1,0.15929718,0.7261728,0.114530034
28218,39,0,0,0,0.9357457,0.064254284,0.0
33573,2,2,2,2,0.06116471,0.02426712,0.9145682
30831,91,0,0,0,0.99317884,0.00682117,0.0
30016,56,0,2,0,1.0,0.0,0.0
29154,22,0,0,0,0.98119015,0.018809872,0.0
35017,24,0,0,0,0.97650844,0.01356536,0.009926171
30045,63,1,1,1,0.062458,0.93754196,0.0
29287,35,0,0,0,0.9877377,0.01226228,0.0
34276,41,1,1,1,0.039555397,0.95736796,0.0030766928
31307,29,0,0,0,0.93215394,0.04592919,0.021916814
34943,19,0,1,1,0.19588967,0.79520077,0.008909597
30224,91,0,0,0,0.9917571,0.008242901,0.0
30486,25,0,0,0,1.0,0.0,0.0
33417,35,0,0,0,0.99063146,0.009368499,0.0
34801,35,0,0,0,1.0,0.0,0.0
32985,16,0,0,0,1.0,0.0,0.0
30695,59,0,0,0,0.46849102,0.3109687,0.22054023
30191,62,0,0,0,1.0,0.0,0.0
30330,11,1,1,1,0.32416356,0.6719135,0.003922918
28486,73,0,0,0,0.96704715,0.021614656,0.011338168
29606,0,0,0,0,1.0,0.0,0.0
31846,26,0,0,0,0.8497937,0.034173936,0.11603239
29148,76,0,2,0,1.0,0.0,0.0
28929,54,0,0,0,1.0,0.0,0.0
28944,39,0,0,0,1.0,0.0,0.0
31781,22,0,0,0,0.99077106,0.009228935,0.0
32906,34,0,0,0,0.9908839,0.009116164,0.0
32135,40,2,2,2,0.025262551,0.0039192517,0.9708182
29147,20,0,2,0,1.0,0.0,0.0
30075,49,0,2,2,0.38471708,0.04399641,0.57128656
32378,58,1,1,1,0.021461738,0.92998904,0.048549265
30159,7,0,0,0,0.99514467,0.0048553506,0.0
30680,60,0,0,0,1.0,0.0,0.0
34913,12,2,2,2,0.103080034,0.01330244,0.8836175
34209,99,0,0,0,1.0,0.0,0.0
31964,89,1,1,1,0.20810674,0.7866784,0.0052148844
30923,62,0,0,0,0.9935096,0.006490412,0.0
31262,88,0,1,1,0.34307432,0.6154308,0.041494884
30406,0,0,0,0,1.0,0.0,0.0
29502,74,0,0,0,1.0,0.0,0.0
29898,38,0,0,0,1.0,0.0,0.0
31277,70,0,0,0,0.97917676,0.0140317315,0.0067915367
32998,69,0,2,0,1.0,0.0,0.0
31215,81,0,0,0,0.9312556,0.04563192,0.023112519
34816,88,0,2,0,1.0,0.0,0.0
34900,8,0,0,0,1.0,0.0,0.0
34722,80,0,0,0,0.93978024,0.038619228,0.021600576
29264,76,0,2,2,0.111979686,0.0077037886,0.8803165
32102,59,0,0,0,1.0,0.0,0.0
29753,80,0,0,0,0.8342591,0.15483627,0.010904651
34304,47,0,0,0,1.0,0.0,0.0
33994,2,0,1,1,0.08390209,0.91009694,0.0060009714
33269,27,0,0,0,1.0,0.0,0.0
31404,31,0,0,0,0.5222296,0.46594995,0.011820406
30286,34,0,0,0,1.0,0.0,0.0
34825,77,0,0,0,0.9929028,0.0070972047,0.0
33687,78,0,0,0,0.98312193,0.016878074,0.0
34538,66,0,0,0,0.93756807,0.0132950125,0.04913695
30695,89,0,2,2,0.16286701,0.25452086,0.58261216
29560,87,0,0,0,0.9546768,0.045323234,0.0
33701,8,0,0,0,1.0,0.0,0.0
31888,33,0,0,0,0.9918246,0.008175331,0.0
32110,24,0,0,0,1.0,0.0,0.0
33686,51,0,0,0,0.9497892,0.030502494,0.0197083
33114,44,0,0,0,1.0,0.0,0.0
31658,39,0,0,0,0.99218965,0.007810336,0.0
34110,95,0,0,0,1.0,0.0,0.0
31554,59,0,2,0,1.0,0.0,0.0
32922,69,0,0,0,0.6952764,0.26497316,0.039750494
33519,33,0,0,0,0.9946464,0.005353608,0.0
30121,87,0,0,0,0.99301964,0.0069803647,0.0
31309,97,0,0,0,0.9922795,0.007720484,0.0
34921,37,0,0,0,1.0,0.0,0.0
33792,83,1,1,1,0.061254274,0.9345837,0.0041620284
29572,51,0,1,1,0.081906356,0.91400903,0.004084642
28647,74,0,0,0,1.0,0.0,0.0
30090,57,0,0,0,1.0,0.0,0.0
32183,56,0,2,2,0.19716918,0.016177393,0.78665346
34479,69,1,1,1,0.11559903,0.87982804,0.004572923
28605,25,0,1,1,0.28218067,0.7120217,0.005797615
30106,51,0,0,0,1.0,0.0,0.0
34729,28,0,0,0,0.9852419,0.014758142,0.0
28920,47,0,0,0,1.0,0.0,0.0
28815,34,0,0,0,0.99582636,0.0041736877,0.0
28593,9,0,0,0,1.0,0.0,0.0
30964,12,0,0,0,1.0,0.0,0.0
31194,47,0,0,0,0.72855896,0.26366785,0.007773196
31022,42,0,0,0,0.9963055,0.003694499,0.0
28474,30,0,0,0,1.0,0.0,0.0
30640,89,0,0,0,0.61079055,0.35677072,0.03243878
28791,99,0,0,0,0.91916007,0.05974011,0.021099847
33759,84,0,2,0,1.0,0.0,0.0
29401,56,0,0,0,0.4561262,0.29166126,0.25221258
34581,6,0,2,2,0.19912064,0.025855104,0.77502424
34571,87,0,0,0,0.9938213,0.0061786436,0.0
29583,52,0,0,0,0.9966037,0.003396294,0.0
30715,15,0,0,0,0.7263465,0.26690823,0.0067453263
31862,97,0,0,0,0.95928603,0.04071396,0.0
29837,95,0,0,0,0.99218667,0.007813346,0.0
31738,20,0,0,0,1.0,0.0,0.0
32954,97,0,0,0,0.9893625,0.010637537,0.0
33374,96,2,2,2,0.115517244,0.012819621,0.87166315
34950,94,1,1,1,0.26797363,0.7247965,0.007229929
29033,24,0,0,0,1.0,0.0,0.0
32687,78,0,0,0,1.0,0.0,0.0
33690,4,0,0,0,0.81561136,0.17442173,0.009966896
30936,87,0,0,0,0.9905114,0.009488582,0.0
29151,37,0,0,0,1.0,0.0,0.0
29965,4,1,1,1,0.22804241,0.76609486,0.005862747
33009,80,0,0,0,0.8698506,0.022950197,0.107199244
33286,30,0,0,0,0.98689544,0.013104598,0.0
30697,18,0,0,0,0.9562971,0.028819667,0.014883249
33880,17,0,1,1,0.15970106,0.8375028,0.0027962013
32260,87,0,0,0,0.9839737,0.016026335,0.0
29813,96,0,0,0,1.0,0.0,0.0
33427,49,0,0,0,0.9312728,0.030222889,0.0385043
33634,63,0,0,0,1.0,0.0,0.0
29093,34,0,0,0,0.9916866,0.008313435,0.0
34794,96,0,0,0,1.0,0.0,0.0
34049,0,0,0,0,1.0,0.0,0.0
29850,85,0,0,0,1.0,0.0,0.0
30395,87,0,0,0,0.9871917,0.012808304,0.0
30260,87,0,0,0,0.9932569,0.0067430986,0.0
33281,36,0,2,0,1.0,0.0,0.0
30896,90,0,0,0,0.9495492,0.026710974,0.023739798
34041,16,0,0,0,1.0,0.0,0.0
32689,17,0,0,0,1.0,0.0,0.0
30615,41,0,0,0,0.9045754,0.084391676,0.011032959
32452,31,1,1,1,0.018169975,0.9796173,0.0022127444
28939,47,0,0,0,1.0,0.0,0.0
28238,36,0,1,1,0.07076961,0.9241841,0.0050462876
32673,72,0,0,0,1.0,0.0,0.0
33109,17,0,0,0,0.9607433,0.031196643,0.008060012
33437,40,0,0,0,1.0,0.0,0.0
30575,34,0,0,0,1.0,0.0,0.0
32443,16,0,0,0,0.6785788,0.3124972,0.008924076
30087,47,0,0,0,1.0,0.0,0.0
34745,71,0,0,0,0.89809155,0.09421586,0.007692626
32201,20,0,0,0,1.0,0.0,0.0
34487,90,0,1,1,0.069776095,0.8494671,0.080756836
28517,23,1,1,1,0.12983446,0.8653525,0.00481306
31662,91,0,0,0,0.9886045,0.011395492,0.0
30031,39,0,0,0,0.9900133,0.009986757,0.0
28608,56,0,1,1,0.43183097,0.55961186,0.008557171
33785,26,0,0,0,0.92774993,0.064543426,0.0077066617
33399,44,0,0,0,1.0,0.0,0.0
29314,43,0,0,0,1.0,0.0,0.0
31990,88,0,0,0,0.7137535,0.09092497,0.19532153
30609,37,0,0,0,1.0,0.0,0.0
30903,83,0,0,0,0.90364814,0.07393414,0.022417726
34890,7,0,0,0,1.0,0.0,0.0
31143,99,0,0,0,1.0,0.0,0.0
30129,45,2,2,2,0.061790816,0.0046667214,0.93354243
28131,57,1,1,1,0.066548035,0.93345195,0.0
30929,15,0,1,1,0.09819777,0.89061964,0.011182625
34685,95,0,0,0,1.0,0.0,0.0
33050,46,0,0,0,1.0,0.0,0.0
34706,2,0,0,0,1.0,0.0,0.0
30095,66,0,0,0,1.0,0.0,0.0
32541,98,1,1,1,0.054694906,0.9412552,0.0040499023
31626,30,0,0,0,1.0,0.0,0.0
31738,91,0,0,0,1.0,0.0,0.0
28552,86,0,0,0,1.0,0.0,0.0
28661,22,0,0,0,1.0,0.0,0.0
28754,0,0,0,0,1.0,0.0,0.0
33599,32,0,1,1,0.10196374,0.89803624,0.0
30241,39,0,1,1,0.0831166,0.9168834,0.0
30027,96,0,1,1,0.071660444,0.9078156,0.020524008
28963,28,0,0,0,0.96859336,0.031406645,0.0
32062,93,0,1,1,0.18527716,0.8100643,0.0046585537
32597,31,0,0,0,1.0,0.0,0.0
31771,53,0,0,0,0.7901503,0.20257412,0.0072756624
28458,57,0,0,0,1.0,0.0,0.0
34848,49,1,1,1,0.2720056,0.7217105,0.0062838704
28654,60,0,0,0,1.0,0.0,0.0
30206,0,0,0,0,1.0,0.0,0.0
34276,72,0,0,0,1.0,0.0,0.0
29848,80,0,0,0,0.68127865,0.29538742,0.023333905
32836,86,0,0,0,0.92261255,0.07738747,0.0
29187,7,0,0,0,0.96755666,0.032443337,0.0
29402,27,1,1,1,0.015554726,0.9756418,0.008803461
29023,14,1,1,1,0.03463648,0.95181495,0.01354854
34254,30,0,0,0,0.99046147,0.0095385825,0.0
30816,90,1,1,1,0.022311524,0.9751614,0.002527172
28755,85,0,0,0,1.0,0.0,0.0
32326,53,0,2,0,1.0,0.0,0.0
28779,77,0,0,0,0.9917744,0.008225659,0.0
29589,77,0,0,0,0.9940272,0.0059727663,0.0
32494,87,0,0,0,1.0,0.0,0.0
29900,48,0,0,0,1.0,0.0,0.0
32284,0,0,0,0,1.0,0.0,0.0
28607,74,0,1,1,0.30147615,0.69133943,0.0071843877
31835,22,0,0,0,0.98428625,0.01571378,0.0
31302,8,0,0,0,1.0,0.0,0.0
32293,30,0,0,0,1.0,0.0,0.0
34197,94,1,1,1,0.089892745,0.9025673,0.007539901
34126,21,0,0,0,1.0,0.0,0.0
34556,56,1,1,1,0.043479145,0.95376277,0.0027581044
32886,80,0,0,0,1.0,0.0,0.0
32143,89,0,2,0,1.0,0.0,0.0
33511,41,0,0,0,0.93875295,0.040730227,0.020516811
31494,78,1,1,1,0.10225781,0.8977422,0.0
33225,12,0,1,1,0.052145336,0.9434715,0.004383096
29586,68,0,0,0,0.88212556,0.059033934,0.05884057
28673,33,0,0,0,1.0,0.0,0.0
32487,23,0,0,0,1.0,0.0,0.0
33879,73,0,0,0,0.5426112,0.45127377,0.006115079
32665,3,0,0,0,1.0,0.0,0.0
28176,45,0,0,0,1.0,0.0,0.0
34768,7,0,0,0,0.99666876,0.0033312757,0.0
34942,19,0,1,1,0.17910461,0.812689,0.008206443
34490,78,0,0,0,1.0,0.0,0.0
34620,89,0,2,0,1.0,0.0,0.0
31099,20,0,0,0,0.72396696,0.26738545,0.00864762
34272,35,0,0,0,0.7770386,0.22296144,0.0
29475,60,0,1,0,0.44488955,0.54980266,0.005307768
33755,18,0,2,0,1.0,0.0,0.0
30434,48,0,1,0,0.49033934,0.5010032,0.008657545
33354,65,0,0,0,1.0,0.0,0.0
31953,45,0,0,0,0.9710479,0.014273281,0.014678845
28278,57,0,0,0,1.0,0.0,0.0
31670,8,0,0,0,1.0,0.0,0.0
35027,15,0,0,0,0.97171247,0.018893765,0.009393716
31556,81,2,2,2,0.107855454,0.032584306,0.85956025
33791,56,1,1,1,0.17910424,0.8165476,0.0043481514
33013,43,0,0,0,0.9628817,0.022492161,0.014626165
30859,15,0,0,0,1.0,0.0,0.0
32173,23,0,0,0,0.8700724,0.11808878,0.01183882
28254,24,0,0,0,1.0,0.0,0.0
30567,31,0,0,0,1.0,0.0,0.0
34321,79,0,0,0,1.0,0.0,0.0
31007,88,1,1,1,0.28595245,0.7078835,0.0061640497
32010,87,0,0,0,1.0,0.0,0.0
33131,76,1,1,1,0.058893993,0.93742526,0.0036807607
30550,28,0,0,0,0.99579424,0.0042057754,0.0
32732,13,0,0,0,1.0,0.0,0.0
29695,96,0,0,0,1.0,0.0,0.0
32296,73,0,0,0,1.0,0.0,0.0
34320,26,0,0,0,1.0,0.0,0.0
32562,35,0,0,0,0.99509466,0.004905317,0.0
32728,46,0,0,0,0.9164328,0.08356719,0.0
33821,94,0,0,0,1.0,0.0,0.0
31325,82,0,0,0,1.0,0.0,0.0
28708,5,1,1,1,0.03564335,0.96154743,0.002809233
34077,68,1,1,1,0.21064429,0.78402835,0.0053273337
32283,25,0,0,0,1.0,0.0,0.0
33756,99,0,2,0,1.0,0.0,0.0
31645,66,0,2,0,1.0,0.0,0.0
30693,95,0,0,0,0.98835576,0.0116442265,0.0
33950,55,0,0,0,0.9895572,0.010442784,0.0
33069,43,0,0,0,1.0,0.0,0.0
28969,76,0,0,0,0.59987,0.021397138,0.37873286
33092,41,2,2,2,0.027937423,0.008861064,0.9632015
31928,34,0,0,0,1.0,0.0,0.0
31688,23,1,1,1,0.030528031,0.96505207,0.004419906
31455,63,0,0,0,0.98282987,0.017170094,0.0
28621,20,0,1,1,0.11255498,0.8833133,0.0041317544
34622,63,0,0,0,0.9889625,0.011037545,0.0
32076,85,0,0,0,1.0,0.0,0.0
28608,59,1,1,1,0.35773498,0.63369066,0.008574397
34663,1,1,1,1,0.059192732,0.9379445,0.0028628204
33585,5,2,2,2,0.1313961,0.011024259,0.85757965
29635,25,2,2,2,0.090581276,0.017120782,0.8922979
32716,57,0,0,0,0.9899996,0.010000419,0.0
30289,30,0,0,0,1.0,0.0,0.0
32510,54,0,2,0,1.0,0.0,0.0
33344,77,0,0,0,1.0,0.0,0.0
29352,12,2,2,2,0.05987376,0.010493569,0.92963266
31868,85,0,0,0,1.0,0.0,0.0
31484,29,0,1,1,0.17615609,0.8183852,0.005458711
29152,2,0,2,0,1.0,0.0,0.0
33021,93,1,1,1,0.048627645,0.9482087,0.0031635768
34983,7,0,0,0,1.0,0.0,0.0
30121,20,0,2,0,1.0,0.0,0.0
30540,69,0,1,1,0.3743003,0.6134531,0.012246645
28712,81,0,1,0,0.4536909,0.5341558,0.012153314
32935,99,1,1,1,0.042603437,0.9544305,0.0029660808
28964,78,0,0,0,1.0,0.0,0.0
30653,95,0,0,0,1.0,0.0,0.0
31494,15,0,1,1,0.36666653,0.62496233,0.008371138
31685,41,1,1,1,0.037601408,0.95957804,0.002820562
28477,30,0,0,0,1.0,0.0,0.0
28850,69,0,0,0,1.0,0.0,0.0
33272,93,0,0,0,1.0,0.0,0.0
28872,9,0,0,0,1.0,0.0,0.0
33675,28,0,0,0,0.9834617,0.016538318,0.0
30677,53,0,0,0,1.0,0.0,0.0
31222,8,0,0,0,1.0,0.0,0.0
32256,98,0,1,1,0.3132806,0.67877173,0.00794768
34894,83,0,0,0,1.0,0.0,0.0
30246,78,0,0,0,0.97772264,0.022277376,0.0
28208,16,0,0,0,0.97366047,0.019239532,0.007100012
28378,63,0,0,0,1.0,0.0,0.0
28918,84,0,0,0,0.61616087,0.035555385,0.34828377
29078,21,0,0,0,0.96712154,0.021633852,0.011244582
33339,88,0,0,0,1.0,0.0,0.0
34292,22,0,0,0,0.9954317,0.0045682555,0.0
33606,94,1,1,1,0.01927514,0.9784329,0.0022920105
28314,63,0,0,0,0.84627795,0.15372206,0.0
31592,17,0,1,1,0.3071417,0.68559617,0.0072621065
31848,6,0,0,0,0.89765877,0.020720268,0.08162102
33642,5,0,0,0,1.0,0.0,0.0
31799,53,2,0,0,0.4838228,0.050748903,0.46542832
32318,36,2,2,2,0.12997161,0.022248242,0.84778017
33026,58,1,1,1,0.026626887,0.9709963,0.0023768365
31009,45,1,1,1,0.09752514,0.8968887,0.0055861794
34712,81,0,0,0,1.0,0.0,0.0
29300,38,0,0,0,0.823984,0.04910497,0.126911
31052,37,0,0,0,1.0,0.0,0.0
29718,38,0,0,0,1.0,0.0,0.0
31133,0,0,0,0,1.0,0.0,0.0
28634,97,0,0,0,1.0,0.0,0.0
31422,83,0,0,0,0.65483457,0.18269418,0.1624712
33670,37,0,0,0,1.0,0.0,0.0
31603,83,1,1,1,0.07825392,0.9084106,0.013335463
32578,65,0,0,0,1.0,0.0,0.0
28429,86,0,0,0,0.9955815,0.0044184728,0.0
28371,69,0,0,0,1.0,0.0,0.0
30237,55,1,1,1,0.20378818,0.7962118,0.0
33804,15,0,0,0,0.65718096,0.33109364,0.0117254425
30813,1,1,1,1,0.13795087,0.8580399,0.0040092506
33188,44,0,0,0,1.0,0.0,0.0
33170,86,0,0,0,1.0,0.0,0.0
31461,93,2,2,2,0.10327264,0.024226373,0.87250096
30034,0,0,0,0,1.0,0.0,0.0
34007,88,1,1,1,0.05697392,0.5864134,0.3566127
34112,5,1,1,1,0.22654045,0.74991477,0.023544816
28118,47,0,0,0,0.46726462,0.07308609,0.4596493
31048,24,0,0,0,1.0,0.0,0.0
29732,98,2,2,2,0.063908175,0.021353494,0.91473836
34519,63,0,0,0,1.0,0.0,0.0
33382,59,0,0,0,0.52694213,0.0447716,0.42828628
32378,99,1,1,1,0.018609038,0.949984,0.031406973
32805,75,2,2,2,0.023156246,0.0038274874,0.9730163
32889,76,0,0,0,1.0,0.0,0.0
31369,73,2,2,2,0.051975355,0.008249447,0.93977517
33721,54,1,1,1,0.013445127,0.98171026,0.0048445887
28707,33,0,0,0,0.870821,0.12917903,0.0
28225,14,0,1,1,0.032141116,0.96331155,0.0045473506
28873,17,0,2,0,0.46008667,0.033227272,0.5066861
34086,55,0,0,0,0.9935156,0.0064843856,0.0
30115,32,0,0,0,0.9906598,0.009340223,0.0
34411,37,0,0,0,1.0,0.0,0.0
29110,83,2,0,0,0.4764162,0.06058131,0.46300253
34103,26,0,2,2,0.3220797,0.031463023,0.64645725
28894,85,0,0,0,1.0,0.0,0.0
31701,45,0,0,0,1.0,0.0,0.0
31458,49,2,2,2,0.093504556,0.014163156,0.8923323
33220,97,0,0,0,0.943095,0.05690495,0.0
29701,97,0,0,0,1.0,0.0,0.0
29635,63,0,0,0,1.0,0.0,0.0
32904,97,0,0,0,0.9930518,0.0069481367,0.0
30091,17,0,0,0,1.0,0.0,0.0
32441,83,0,0,0,0.9190088,0.07192679,0.009064455
30893,36,0,0,0,0.9595405,0.023037273,0.017422305
33497,39,0,0,0,0.8323122,0.16768776,0.0
33919,49,0,0,0,1.0,0.0,0.0
34338,79,2,2,2,0.02331102,0.0054742075,0.9712148
29157,65,0,2,0,1.0,0.0,0.0
32166,92,1,1,1,0.057616472,0.93969584,0.0026877073
34787,26,0,0,0,1.0,0.0,0.0
28544,25,0,0,0,1.0,0.0,0.0
31076,85,0,0,0,1.0,0.0,0.0
32769,26,0,0,0,0.6159673,0.22892849,0.15510428
28191,14,0,2,0,1.0,0.0,0.0
28611,97,0,1,1,0.14655305,0.85344696,0.0
32834,56,1,0,0,0.55080044,0.4415745,0.007625052
29431,7,0,0,0,1.0,0.0,0.0
34297,64,2,2,2,0.280825,0.035852544,0.6833225
32099,2,0,0,0,1.0,0.0,0.0
28898,34,0,1,1,0.12589334,0.87410665,0.0
28860,76,0,2,0,1.0,0.0,0.0
29548,45,0,0,0,0.9730721,0.013684642,0.013243248
30243,79,1,1,1,0.024739208,0.97274315,0.00251767
30798,21,0,0,0,0.94282764,0.012024312,0.045147978
28923,7,0,0,0,0.9834339,0.0165661,0.0
30577,58,0,0,0,1.0,0.0,0.0
28404,11,0,0,0,0.96290606,0.027003378,0.010090591
31244,91,0,0,0,1.0,0.0,0.0
29621,52,0,0,0,1.0,0.0,0.0
29328,59,0,0,0,1.0,0.0,0.0
30521,27,0,0,0,0.7985217,0.18505089,0.016427377
34951,39,0,0,0,0.99107754,0.008922467,0.0
32888,6,0,0,0,1.0,0.0,0.0
34549,49,0,0,0,0.89088273,0.026429957,0.0826873
33755,1,0,2,0,1.0,0.0,0.0
31491,84,0,1,1,0.44095358,0.5482136,0.010832837
32041,44,0,0,0,1.0,0.0,0.0
32660,89,0,0,0,0.561407,0.01876031,0.4198327
33296,70,2,2,2,0.08978074,0.015698122,0.8945211
31395,19,1,1,1,0.081437014,0.91464525,0.003917764
30934,10,0,0,0,1.0,0.0,0.0
29090,0,0,0,0,1.0,0.0,0.0
31921,53,0,0,0,1.0,0.0,0.0
32033,97,0,0,0,1.0,0.0,0.0
28585,54,2,2,2,0.19007292,0.01840485,0.7915222
30224,94,0,0,0,0.65986663,0.051404774,0.28872856
33291,87,0,0,0,0.99456006,0.0054398836,0.0
33689,91,0,0,0,0.96393275,0.036067296,0.0
30446,19,1,1,1,0.17293306,0.8212504,0.0058165877
31959,86,0,0,0,0.96507955,0.034920443,0.0
34322,62,0,0,0,1.0,0.0,0.0
28917,28,0,0,0,0.9906829,0.009317137,0.0
28337,5,0,1,1,0.27208287,0.70672506,0.02119216
33245,23,0,0,0,1.0,0.0,0.0
30243,32,0,0,0,0.9352924,0.06470761,0.0
30535,48,0,1,1,0.092319004,0.9030461,0.0046349303
32669,97,0,0,0,0.9779142,0.022085816,0.0
29580,37,0,0,0,1.0,0.0,0.0
34912,12,2,2,2,0.11463627,0.018533085,0.86683065
33692,73,0,1,1,0.3403624,0.6520921,0.007545516
34533,25,0,2,0,1.0,0.0,0.0
34788,69,0,0,0,1.0,0.0,0.0
29714,37,0,0,0,1.0,0.0,0.0
31001,63,0,0,0,0.9462184,0.053781662,0.0
32211,82,0,0,0,1.0,0.0,0.0
30835,47,0,0,0,0.6124118,0.3446927,0.04289552
32655,15,0,0,0,0.91180193,0.07282861,0.0153693585
34165,27,0,0,0,1.0,0.0,0.0
30106,93,0,0,0,1.0,0.0,0.0
32452,16,1,1,1,0.040621094,0.95606416,0.0033147433
34449,23,2,2,2,0.0930494,0.016711026,0.8902396
31512,79,1,1,1,0.015204699,0.96591026,0.01888505
34637,65,0,0,0,0.97459733,0.02120227,0.0042003766
31920,66,0,0,0,1.0,0.0,0.0
32977,31,0,0,0,1.0,0.0,0.0
34424,16,0,0,0,1.0,0.0,0.0
34237,55,0,0,0,1.0,0.0,0.0
30964,16,0,0,0,1.0,0.0,0.0
30818,9,0,0,0,1.0,0.0,0.0
30116,21,0,2,0,1.0,0.0,0.0
30945,72,0,0,0,1.0,0.0,0.0
31171,67,2,2,2,0.14354156,0.04192686,0.81453156
30538,64,0,0,0,0.85216343,0.13010967,0.017726902
31854,73,0,0,0,0.97788596,0.012994647,0.00911939
29099,22,0,0,0,0.99402833,0.005971654,0.0
31742,5,2,2,2,0.20056145,0.02335525,0.7760833
28589,30,0,0,0,0.9852634,0.014736644,0.0
29165,22,0,0,0,0.9753726,0.024627436,0.0
29864,80,1,1,1,0.034210827,0.9610473,0.0047419104
28266,3,0,0,0,1.0,0.0,0.0
33696,32,1,1,1,0.058271572,0.9417285,0.0
31595,91,0,0,0,0.9924479,0.0075520934,0.0
33457,67,0,0,0,1.0,0.0,0.0
28735,80,0,0,0,1.0,0.0,0.0
31727,3,0,0,0,1.0,0.0,0.0
30887,69,0,2,0,1.0,0.0,0.0
34837,85,0,0,0,1.0,0.0,0.0
29300,93,0,0,0,0.77671224,0.105680704,0.11760707
31649,47,0,2,0,1.0,0.0,0.0
34468,51,1,1,1,0.09765258,0.8974731,0.0048743417
29696,79,0,0,0,1.0,0.0,0.0
29296,34,0,0,0,0.9949101,0.0050898697,0.0
33435,91,0,0,0,0.98311496,0.016885038,0.0
34659,76,1,1,1,0.3501592,0.64339536,0.006445425
33886,9,0,0,0,1.0,0.0,0.0
30554,80,1,1,1,0.034599904,0.918911,0.046489134
33801,54,1,1,1,0.04628815,0.95081866,0.0028931838
34161,1,0,2,2,0.1665603,0.0109086195,0.8225311
31229,34,0,0,0,1.0,0.0,0.0
32720,62,0,0,0,0.98822516,0.011774846,0.0
30747,74,0,2,2,0.33748367,0.03453673,0.62797964
31177,74,0,0,0,0.96703357,0.02802476,0.0049416986
28194,55,0,0,0,1.0,0.0,0.0
32785,22,0,0,0,1.0,0.0,0.0
32412,85,0,0,0,1.0,0.0,0.0
33196,42,0,0,0,0.9888982,0.011101767,0.0
28591,87,0,0,0,0.99486226,0.005137749,0.0
34665,79,1,1,1,0.03260955,0.96394134,0.00344917
34974,8,0,0,0,1.0,0.0,0.0
32628,32,0,0,0,0.99087465,0.009125353,0.0
28103,61,0,2,0,1.0,0.0,0.0
32838,33,0,0,0,0.984642,0.015357985,0.0
31846,15,0,2,2,0.10208791,0.018398983,0.87951314
30638,85,0,0,0,1.0,0.0,0.0
28773,36,0,2,0,1.0,0.0,0.0
30760,26,0,0,0,1.0,0.0,0.0
28662,70,0,0,0,1.0,0.0,0.0
28981,53,0,0,0,0.9701825,0.023029467,0.006788109
30256,60,0,0,0,0.9475625,0.027569776,0.024867695
35031,59,0,0,0,0.6330182,0.12999998,0.2369818
34653,65,0,1,1,0.2879046,0.7060079,0.006087526
29662,36,0,1,1,0.17309012,0.82065356,0.006256348
34610,27,0,0,0,1.0,0.0,0.0
29998,2,0,0,0,1.0,0.0,0.0
30047,71,1,1,1,0.21376593,0.78114253,0.005091445
29809,6,0,0,0,1.0,0.0,0.0
30877,97,0,0,0,0.9809762,0.019023774,0.0
29328,1,0,0,0,1.0,0.0,0.0
31884,65,0,0,0,0.9645556,0.025772473,0.009671937
34714,60,0,0,0,1.0,0.0,0.0
28274,74,0,0,0,1.0,0.0,0.0
29613,99,0,0,0,1.0,0.0,0.0
33174,9,0,0,0,1.0,0.0,0.0
34379,19,0,1,0,0.45054984,0.5410105,0.008439655
32575,45,0,0,0,1.0,0.0,0.0
28172,58,0,0,0,1.0,0.0,0.0
29617,84,0,0,0,1.0,0.0,0.0
30351,37,0,0,0,1.0,0.0,0.0
28714,54,0,0,0,0.94935757,0.031954657,0.018687773
33966,57,0,0,0,0.99159896,0.008401009,0.0
29151,98,0,2,0,1.0,0.0,0.0
32091,67,0,1,1,0.076381154,0.9077872,0.015831636
33031,60,0,0,0,0.9712333,0.020548383,0.0082182605
28991,3,1,1,1,0.066006094,0.9339939,0.0
29639,31,2,2,2,0.025701666,0.0035599426,0.9707384
29123,9,0,0,0,1.0,0.0,0.0
32872,28,0,0,0,1.0,0.0,0.0
32339,3,0,0,0,0.98032045,0.01967954,0.0
34092,66,0,0,0,0.97178394,0.017692951,0.010523043
29601,75,0,0,0,1.0,0.0,0.0
28164,24,0,0,0,1.0,0.0,0.0
29793,10,0,0,0,1.0,0.0,0.0
32117,56,0,0,0,1.0,0.0,0.0
31820,27,0,0,0,1.0,0.0,0.0
30128,87,0,0,0,0.9923185,0.007681503,0.0
32144,75,0,0,0,0.8668874,0.040686466,0.09242615
32624,45,0,0,0,0.97541106,0.009759925,0.014829024
28698,75,0,0,0,0.6811525,0.31061018,0.008237317
31620,76,0,0,0,1.0,0.0,0.0
33249,15,0,0,0,1.0,0.0,0.0
31261,71,0,0,0,1.0,0.0,0.0
30242,64,1,1,1,0.044107802,0.9529982,0.0028940088
32833,41,0,1,0,0.49107236,0.50063914,0.008288584
30859,94,0,0,0,1.0,0.0,0.0
34775,68,0,0,0,0.6660017,0.033521898,0.30047646
30065,72,0,0,0,1.0,0.0,0.0
31869,95,1,1,1,0.038774457,0.9612255,0.0
31103,61,0,1,1,0.32762986,0.6663329,0.0060372646
30104,79,0,0,0,1.0,0.0,0.0
34898,54,0,0,0,1.0,0.0,0.0
34662,17,1,1,1,0.053193484,0.9437234,0.0030831045
30124,59,2,2,2,0.094774425,0.050367616,0.8548579
28537,95,0,0,0,1.0,0.0,0.0
30610,47,0,0,0,0.97074485,0.021057151,0.008198017
30987,84,0,2,0,1.0,0.0,0.0
28973,88,0,0,0,0.96933585,0.023628673,0.0070355292
29862,19,0,1,1,0.3660055,0.6225683,0.011426206
31221,35,0,0,0,0.9927854,0.007214585,0.0
28186,16,0,0,0,1.0,0.0,0.0
31752,60,0,0,0,0.97604555,0.018814707,0.0051397695
33993,50,0,0,0,0.9923075,0.0076925308,0.0
30455,21,1,1,1,0.017511807,0.9750294,0.0074588247
28969,9,0,0,0,1.0,0.0,0.0
30063,19,0,0,0,0.9674749,0.018693388,0.013831785
30404,5,0,2,0,1.0,0.0,0.0
31296,95,1,1,1,0.036241934,0.96375805,0.0
33599,24,0,1,1,0.17350265,0.82191205,0.0045853085
34750,5,1,1,1,0.047070123,0.9495998,0.0033300025
31162,10,0,0,0,1.0,0.0,0.0
30322,66,0,0,0,0.9724352,0.018653486,0.00891126
28090,67,0,0,0,1.0,0.0,0.0
34777,42,0,0,0,1.0,0.0,0.0
28786,49,0,0,0,0.9731713,0.014511304,0.01231744
34637,37,0,0,0,1.0,0.0,0.0
33817,34,0,0,0,0.98726594,0.012734022,0.0
34689,88,0,0,0,1.0,0.0,0.0
29820,47,0,2,0,1.0,0.0,0.0
30652,70,0,0,0,1.0,0.0,0.0
34783,60,0,0,0,0.45645574,0.42024553,0.123298734
34453,53,0,0,0,0.9750641,0.01843634,0.006499574
32098,15,0,0,0,1.0,0.0,0.0
32179,71,0,0,0,0.91861695,0.02897611,0.05240686
29430,51,0,0,0,1.0,0.0,0.0
34577,18,0,0,0,0.9099575,0.04278289,0.047259595
30007,94,0,0,0,1.0,0.0,0.0
31778,84,0,1,1,0.31423718,0.67707384,0.008689034
32136,66,2,2,2,0.07889579,0.018863043,0.9022412
30051,93,1,1,1,0.0922939,0.90405667,0.0036494008
34742,23,1,0,0,0.5849136,0.39874786,0.016338514
34964,1,1,1,1,0.18629758,0.7695901,0.04411239
33047,45,0,0,0,1.0,0.0,0.0
32367,15,0,0,0,0.84197724,0.13205522,0.025967576
32421,30,0,0,0,1.0,0.0,0.0
32521,73,0,0,0,0.9793982,0.010490327,0.010111426
32440,27,0,0,0,0.88903856,0.09382669,0.01713477
34627,52,0,0,0,0.98917526,0.010824727,0.0
30482,29,0,0,0,1.0,0.0,0.0
32491,55,0,0,0,1.0,0.0,0.0
33848,64,0,0,0,1.0,0.0,0.0
28575,28,0,0,0,0.98271215,0.01728786,0.0
28948,74,0,0,0,0.8741539,0.10825302,0.017593114
32678,25,0,0,0,1.0,0.0,0.0
30147,28,0,0,0,0.562649,0.43735102,0.0
29277,18,1,1,1,0.035195023,0.9624246,0.0023803827
29721,23,0,0,0,1.0,0.0,0.0
33952,66,0,2,0,1.0,0.0,0.0
32733,72,0,0,0,1.0,0.0,0.0
33057,46,0,0,0,1.0,0.0,0.0
33307,81,0,0,0,0.7237552,0.2687591,0.007485721
31159,40,0,0,0,1.0,0.0,0.0
28645,13,0,0,0,1.0,0.0,0.0
32217,18,1,0,0,0.7838697,0.20490466,0.01122563
31755,31,2,2,2,0.04370383,0.008686725,0.9476094
34091,67,0,1,1,0.100942224,0.8930572,0.006000464
30192,11,0,0,0,1.0,0.0,0.0
28396,67,0,2,0,0.4732623,0.0134685645,0.5132691
29964,30,0,0,0,0.9930011,0.006998929,0.0
32996,1,2,2,2,0.030503493,0.0053086523,0.96418786
31203,58,1,1,1,0.035480406,0.96207684,0.0024427795
28152,57,0,0,0,0.9908842,0.009115821,0.0
34838,92,0,0,0,0.9646945,0.022263493,0.01304205
33002,66,0,0,0,0.8993095,0.022486446,0.07820407
28043,72,0,0,0,1.0,0.0,0.0
32253,76,0,1,1,0.25608087,0.7368659,0.007053261
34145,93,0,2,0,1.0,0.0,0.0
31582,35,1,1,1,0.04812716,0.9518728,0.0
31860,62,0,0,0,0.99237794,0.0076220795,0.0
31595,13,0,0,0,1.0,0.0,0.0
31632,97,0,0,0,1.0,0.0,0.0
32008,64,0,0,0,1.0,0.0,0.0
34100,29,0,0,0,0.70657724,0.09577199,0.1976508
31197,82,1,1,1,0.17642848,0.8187946,0.0047769337
30355,35,0,0,0,0.9915001,0.008499894,0.0
34364,3,1,1,1,0.086400256,0.9135998,0.0
33139,28,0,0,0,0.9923641,0.007635862,0.0
34944,53,0,1,1,0.37371373,0.618863,0.007423254
32669,57,0,0,0,0.9912906,0.0087093795,0.0
33643,14,0,0,0,1.0,0.0,0.0
32521,57,0,0,0,0.9929639,0.0070360736,0.0
34416,28,0,0,0,1.0,0.0,0.0
34927,60,0,0,0,0.9799185,0.013862036,0.006219537
31345,91,0,0,0,1.0,0.0,0.0
28105,81,0,0,0,0.7171052,0.02220172,0.2606931
29332,6,0,0,0,1.0,0.0,0.0
30640,91,0,0,0,0.9928643,0.00713565,0.0
30798,69,2,2,2,0.06401747,0.010031586,0.92595094
34439,55,0,0,0,0.9937599,0.0062401206,0.0
33488,42,0,0,0,0.98958987,0.010410122,0.0
31899,76,0,0,0,0.4984771,0.24053666,0.26098618
34138,13,0,0,0,1.0,0.0,0.0
32152,1,0,0,0,0.8196055,0.17071648,0.009678011
29689,3,0,0,0,1.0,0.0,0.0
28135,79,0,0,0,0.90310705,0.066741645,0.030151311
30008,11,0,0,0,1.0,0.0,0.0
32174,61,0,0,0,0.9709526,0.018586684,0.010460743
34683,58,0,0,0,1.0,0.0,0.0
31648,80,2,2,2,0.06851499,0.044469096,0.88701594
33404,7,1,1,1,0.053510383,0.9464896,0.0
34949,58,0,1,1,0.38105002,0.60908574,0.009864225
34665,43,0,1,1,0.037885353,0.95945084,0.0026637802
29936,30,0,0,0,0.97292995,0.027070044,0.0
32705,14,0,2,0,1.0,0.0,0.0
32004,60,0,0,0,1.0,0.0,0.0
28559,54,0,0,0,1.0,0.0,0.0
28356,89,0,0,0,1.0,0.0,0.0
32828,72,0,0,0,1.0,0.0,0.0
30690,12,0,2,0,1.0,0.0,0.0
34630,84,0,0,0,0.86200434,0.043793455,0.09420226
28566,45,0,0,0,1.0,0.0,0.0
32456,1,1,1,1,0.06032592,0.9369621,0.0027119226
30424,23,0,0,0,0.56196433,0.41853118,0.019504488
31591,93,0,0,0,0.56079876,0.43223676,0.0069644153
29344,41,0,2,0,1.0,0.0,0.0
28767,22,0,0,0,1.0,0.0,0.0
32835,60,0,0,0,0.5561449,0.43603063,0.007824499
33766,95,0,0,0,0.9925168,0.0074831625,0.0
34175,26,0,1,1,0.1454752,0.8502669,0.0042579216
32793,90,0,0,0,1.0,0.0,0.0
34425,75,0,0,0,1.0,0.0,0.0
31186,8,0,0,0,1.0,0.0,0.0
28395,30,0,0,0,0.98759305,0.012406964,0.0
30426,98,0,0,0,0.8177888,0.17373621,0.008475017
33950,99,0,2,0,1.0,0.0,0.0
29111,86,0,0,0,0.9954067,0.004593286,0.0
31867,68,0,1,1,0.26898742,0.72633994,0.004672605
31468,45,2,2,2,0.06236519,0.009116745,0.92851806
32955,17,0,0,0,1.0,0.0,0.0
32571,38,0,0,0,1.0,0.0,0.0
32258,17,0,1,0,0.462039,0.52887905,0.0090819765
32515,88,0,2,2,0.26593015,0.09888789,0.63518196
33979,60,0,0,0,0.6617345,0.3298445,0.008420977
30249,83,0,0,0,0.89350563,0.09766855,0.008825727
30772,91,0,0,0,1.0,0.0,0.0
31938,82,1,1,1,0.0867181,0.9132819,0.0
33037,44,0,0,0,1.0,0.0,0.0
29002,14,0,1,1,0.17816167,0.8168151,0.0050233305
33405,0,0,0,0,1.0,0.0,0.0
28517,67,1,1,1,0.3791439,0.6138378,0.0070183147
28878,80,0,0,0,0.69547915,0.040167168,0.26435366
34062,47,0,0,0,0.975043,0.020103205,0.0048538074
33032,17,0,0,0,0.9306592,0.04476845,0.024572406
30068,41,0,0,0,0.77029496,0.041037794,0.18866725
33026,74,0,0,0,0.57886046,0.41663125,0.0045082965
28296,10,0,0,0,0.8643215,0.019274773,0.11640373
33698,94,0,1,1,0.30023187,0.6926108,0.0071573285
34372,41,0,1,1,0.037677146,0.95919573,0.0031271307
32259,3,0,1,1,0.10603052,0.8939695,0.0
28177,66,0,0,0,1.0,0.0,0.0
34940,57,1,1,1,0.053615753,0.9463842,0.0
33718,43,1,1,1,0.016171176,0.9789298,0.004899057
30092,26,0,0,0,1.0,0.0,0.0
28225,13,0,0,0,1.0,0.0,0.0
30788,98,0,2,0,1.0,0.0,0.0
34724,42,0,0,0,0.9867426,0.013257429,0.0
32400,21,0,0,0,1.0,0.0,0.0
30507,67,0,0,0,0.9663771,0.02163422,0.0119886855
30152,6,0,1,1,0.077735215,0.9175781,0.0046867086
34689,75,0,0,0,1.0,0.0,0.0
31767,37,0,0,0,1.0,0.0,0.0
28763,68,0,0,0,1.0,0.0,0.0
30808,83,0,0,0,0.9117628,0.07668807,0.011549186
30221,58,2,2,2,0.059715983,0.011383053,0.92890096
28706,22,1,1,1,0.057038654,0.94296134,0.0
29055,27,0,2,0,1.0,0.0,0.0
32606,87,0,0,0,1.0,0.0,0.0
29521,54,0,0,0,1.0,0.0,0.0
31664,11,0,0,0,0.97586864,0.019006614,0.0051247776
28907,48,0,0,0,0.94267035,0.0397258,0.017603885
29166,2,0,0,0,0.48843855,0.03086941,0.48069206
34600,94,0,0,0,1.0,0.0,0.0
31873,65,1,1,1,0.04767853,0.9497271,0.0025943697
34023,85,0,0,0,1.0,0.0,0.0
28850,76,0,0,0,1.0,0.0,0.0
32896,68,0,2,0,1.0,0.0,0.0
34161,68,0,0,0,0.9397099,0.036600925,0.0236892
29421,31,0,0,0,1.0,0.0,0.0
30847,55,0,0,0,1.0,0.0,0.0
30892,49,2,2,2,0.06338865,0.010643115,0.9259682
31406,80,0,0,0,0.9479045,0.04097166,0.011123844
32914,15,0,0,0,0.97310305,0.019145753,0.007751231
34140,10,0,2,0,1.0,0.0,0.0
28876,7,0,0,0,0.9944157,0.0055843294,0.0
29038,3,0,0,0,1.0,0.0,0.0
34058,52,0,0,0,0.9895723,0.010427723,0.0
28458,57,0,0,0,1.0,0.0,0.0
31793,7,0,0,0,0.99581385,0.0041861297,0.0
28638,20,0,0,0,1.0,0.0,0.0
31614,97,0,0,0,1.0,0.0,0.0
28697,21,0,0,0,0.8901615,0.10118059,0.008657867
30100,40,0,0,0,1.0,0.0,0.0
32389,85,0,0,0,1.0,0.0,0.0
31626,49,0,0,0,1.0,0.0,0.0
30118,42,0,0,0,0.9868145,0.013185512,0.0
31195,9,0,0,0,1.0,0.0,0.0
33299,38,0,0,0,0.95695966,0.035046283,0.007994065
30780,19,0,2,0,1.0,0.0,0.0
33217,22,1,1,1,0.056096155,0.94390386,0.0
31473,96,0,0,0,0.96813387,0.019907292,0.011958813
29499,46,0,0,0,0.97124285,0.02875714,0.0
28200,14,0,2,0,1.0,0.0,0.0
29097,70,1,1,1,0.0337787,0.96373606,0.0024852515
34367,68,1,1,1,0.19362098,0.8014948,0.004884249
32280,78,0,0,0,0.98830694,0.011693043,0.0
31304,54,0,0,0,0.56136644,0.42282212,0.015811447
32707,33,0,0,0,1.0,0.0,0.0
29844,0,0,0,0,1.0,0.0,0.0
28058,77,0,0,0,0.9896913,0.010308655,0.0
31506,49,0,1,1,0.03496077,0.960481,0.0045582596
30835,31,1,1,1,0.23332658,0.7476123,0.019061163
32276,79,1,1,1,0.1146728,0.7375778,0.14774941
34191,45,1,1,1,0.057688083,0.9385302,0.0037817375
31041,61,0,0,0,1.0,0.0,0.0
33456,49,0,0,0,1.0,0.0,0.0
30445,47,0,1,1,0.41529003,0.57692695,0.0077830595
34703,7,0,0,0,1.0,0.0,0.0
30568,1,0,0,0,1.0,0.0,0.0
34013,90,0,0,0,1.0,0.0,0.0
29503,42,0,0,0,0.988223,0.011776999,0.0
34145,36,2,2,2,0.022463085,0.0032385387,0.9742984
33148,58,0,1,1,0.27472657,0.5699178,0.15535565
30383,61,0,0,0,1.0,0.0,0.0
32753,50,0,0,0,0.99362445,0.0063755554,0.0
34200,87,0,0,0,0.9918903,0.008109674,0.0
30763,5,0,0,0,1.0,0.0,0.0
28610,59,1,1,1,0.33439633,0.6558449,0.009758761
31800,21,0,2,2,0.32890403,0.08035458,0.59074146
32009,40,0,0,0,1.0,0.0,0.0
31228,1,0,0,0,1.0,0.0,0.0
30608,45,0,0,0,0.97574854,0.011921318,0.012330124
31472,39,0,0,0,0.9649254,0.03507461,0.0
32259,72,0,0,0,1.0,0.0,0.0
32519,28,0,0,0,0.98180187,0.018198142,0.0
31302,19,0,0,0,0.83262503,0.15984096,0.007534032
33251,86,0,0,0,1.0,0.0,0.0
29510,30,0,0,0,1.0,0.0,0.0
28091,27,0,0,0,1.0,0.0,0.0
29348,49,0,2,0,1.0,0.0,0.0
33922,69,0,0,0,1.0,0.0,0.0
31398,29,1,1,1,0.03678961,0.9602486,0.0029618326
33146,1,0,0,0,1.0,0.0,0.0
31549,48,0,2,0,1.0,0.0,0.0
29714,89,0,0,0,1.0,0.0,0.0
30987,33,0,0,0,0.9867383,0.013261703,0.0
31460,46,0,0,0,1.0,0.0,0.0
30399,2,2,2,2,0.13849963,0.03245787,0.82904255
31296,84,1,1,1,0.038526334,0.95845073,0.0030229336
33207,36,0,0,0,0.9366529,0.05193833,0.01140876
33276,4,0,2,0,1.0,0.0,0.0
34485,38,0,0,0,0.66996026,0.03010818,0.29993162
29888,71,0,0,0,1.0,0.0,0.0
31582,10,0,1,1,0.20050013,0.7935334,0.0059664915
32578,41,0,0,0,1.0,0.0,0.0
32023,71,0,0,0,1.0,0.0,0.0
30940,24,0,0,0,1.0,0.0,0.0
29691,58,1,1,1,0.01791844,0.95177823,0.030303271
34871,40,0,0,0,1.0,0.0,0.0
34195,34,0,0,0,0.99623895,0.0037610624,0.0
34779,47,0,2,2,0.21942668,0.04424746,0.73632586
32005,12,0,0,0,1.0,0.0,0.0
29481,85,0,0,0,1.0,0.0,0.0
33292,42,0,0,0,0.92469996,0.0753,0.0
30006,38,0,0,0,1.0,0.0,0.0
32067,26,0,1,1,0.3626663,0.6303127,0.0070210113
34946,35,0,0,0,0.6354861,0.36451384,0.0
33029,1,1,1,1,0.055825863,0.9414622,0.0027119229
32230,34,0,0,0,1.0,0.0,0.0
32720,64,0,0,0,0.9716733,0.021715125,0.0066116448
33777,43,0,0,0,0.9706192,0.014472738,0.014908076
31410,7,0,0,0,0.99611104,0.003888974,0.0
29066,37,0,0,0,1.0,0.0,0.0
34288,33,0,0,0,0.9973077,0.0026922927,0.0
32342,21,0,0,0,0.96434927,0.024587221,0.011063569
30029,2,2,2,2,0.07772857,0.03724509,0.88502634
30954,68,0,0,0,1.0,0.0,0.0
28756,56,0,0,0,1.0,0.0,0.0
29463,73,0,0,0,0.7331937,0.17882666,0.0879797
32795,54,0,0,0,1.0,0.0,0.0
31581,79,0,1,1,0.18783286,0.8055772,0.0065899766
28894,47,1,1,1,0.051403724,0.9453237,0.0032725844
28408,81,0,1,1,0.3836791,0.6097104,0.006610528
32886,79,0,0,0,1.0,0.0,0.0
32310,35,0,0,0,1.0,0.0,0.0
31884,20,0,1,1,0.3153121,0.67576253,0.008925409
29560,56,0,0,0,0.9400487,0.05161661,0.008334718
34484,98,1,1,1,0.17158578,0.8114202,0.016994055
33700,15,1,1,1,0.28125235,0.7114515,0.0072962157
29363,91,0,0,0,0.99215186,0.00784814,0.0
32330,55,0,0,0,0.99220854,0.007791477,0.0
33642,78,0,0,0,1.0,0.0,0.0
32635,4,0,0,0,0.5313154,0.46105132,0.007633304
28150,45,1,1,1,0.036461536,0.95602643,0.007512017
34704,76,0,0,0,1.0,0.0,0.0
28292,3,0,0,0,0.93921244,0.06078754,0.0
33530,48,0,2,2,0.34151986,0.045016278,0.6134639
28714,99,1,1,1,0.040207356,0.9561442,0.003648443
30176,18,0,1,1,0.39248148,0.5085284,0.09899011
28573,42,0,0,0,1.0,0.0,0.0
33101,57,0,0,0,0.9916488,0.008351221,0.0
28675,94,0,2,0,1.0,0.0,0.0
33632,77,0,0,0,1.0,0.0,0.0
34762,36,0,1,0,0.45313793,0.5329009,0.013961151
31218,85,0,0,0,1.0,0.0,0.0
29993,93,0,0,0,1.0,0.0,0.0
33687,87,0,0,0,0.97483724,0.025162755,0.0
34522,30,0,0,0,1.0,0.0,0.0
32800,76,2,2,2,0.114935406,0.018794945,0.86626965
32243,23,0,2,2,0.028014423,0.007792521,0.9641931
33941,81,0,0,0,1.0,0.0,0.0
28128,47,0,1,1,0.42524803,0.563851,0.01090106
31041,67,0,0,0,1.0,0.0,0.0
31625,14,0,0,0,1.0,0.0,0.0
34391,46,0,0,0,0.94489145,0.055108562,0.0
32267,31,1,1,1,0.018913003,0.979142,0.0019450132
32964,74,0,0,0,1.0,0.0,0.0
33327,50,0,0,0,0.99726915,0.0027308345,0.0
31740,0,0,0,0,1.0,0.0,0.0
28315,83,0,0,0,0.74444586,0.24880585,0.0067483317
31027,59,0,0,0,0.88580114,0.052766472,0.06143245
33023,2,1,1,1,0.03410035,0.96281475,0.0030849187
34349,91,0,0,0,0.9917994,0.0082006045,0.0
32306,51,0,0,0,1.0,0.0,0.0
32345,1,0,0,0,0.92290324,0.06873617,0.008360587
34418,34,0,0,0,1.0,0.0,0.0
34973,36,1,1,1,0.014927961,0.9614128,0.023659257
30426,87,0,0,0,0.8656777,0.13432233,0.0
32112,67,0,0,0,1.0,0.0,0.0
28728,33,0,0,0,0.9948083,0.00519172,0.0
31004,8,0,0,0,1.0,0.0,0.0
28485,47,1,2,2,0.08069283,0.025282722,0.89402443
30124,81,0,0,0,0.9744626,0.012567628,0.012969709
28791,83,0,0,0,0.92029464,0.063606724,0.016098564
30726,16,1,1,1,0.08018596,0.91498005,0.0048340005
29987,97,0,0,0,1.0,0.0,0.0
29577,18,0,0,0,0.97190285,0.022783019,0.0053140963
34616,47,0,0,0,1.0,0.0,0.0
30416,45,0,0,0,0.9721258,0.013583896,0.014290243
32603,73,0,2,0,1.0,0.0,0.0
34181,55,0,0,0,0.992741,0.0072590658,0.0
34418,93,0,0,0,1.0,0.0,0.0
31413,18,0,0,0,0.7615694,0.028424758,0.21000591
32384,35,0,0,0,1.0,0.0,0.0
34844,34,1,1,1,0.05193522,0.9480648,0.0
34205,9,0,0,0,1.0,0.0,0.0
30596,33,0,0,0,0.9706677,0.029332284,0.0
33708,8,0,0,0,1.0,0.0,0.0
31687,46,0,0,0,0.9337155,0.066284426,0.0
30551,52,0,0,0,1.0,0.0,0.0
31123,81,0,1,1,0.36917233,0.6214106,0.009417063
33184,78,0,0,0,1.0,0.0,0.0
34215,13,0,0,0,1.0,0.0,0.0
33934,90,0,0,0,1.0,0.0,0.0
28061,91,0,0,0,1.0,0.0,0.0
31030,8,0,0,0,1.0,0.0,0.0
31365,11,0,2,0,1.0,0.0,0.0
28080,63,0,0,0,1.0,0.0,0.0
30578,7,0,0,0,1.0,0.0,0.0
31526,27,0,0,0,1.0,0.0,0.0
33143,2,1,1,1,0.012522875,0.9840588,0.0034183129
28894,8,0,0,0,1.0,0.0,0.0
34384,67,0,1,1,0.1967281,0.7876812,0.0155907525
31167,59,0,2,0,1.0,0.0,0.0
28046,86,0,0,0,0.99664307,0.0033569485,0.0
28404,45,0,0,0,0.9434021,0.024913203,0.0316847
33873,74,0,0,0,0.969203,0.023832541,0.006964436
30134,55,0,0,0,0.9834851,0.01651488,0.0
28846,72,0,0,0,1.0,0.0,0.0
28835,45,1,1,1,0.020566124,0.9749513,0.0044825417
29829,45,0,2,0,1.0,0.0,0.0
32436,98,0,0,0,0.9594442,0.027059779,0.013496025
28751,32,0,0,0,1.0,0.0,0.0
31805,56,0,0,0,1.0,0.0,0.0
29220,41,0,0,0,1.0,0.0,0.0
28914,94,0,0,0,0.87529415,0.07828122,0.04642465
31287,58,0,0,0,0.9063199,0.08383516,0.009844889
30914,0,0,0,0,1.0,0.0,0.0
31259,82,0,0,0,1.0,0.0,0.0
29226,84,0,0,0,1.0,0.0,0.0
32195,97,0,0,0,1.0,0.0,0.0
33278,68,0,2,0,1.0,0.0,0.0
33068,87,0,0,0,1.0,0.0,0.0
31713,65,1,1,1,0.11703781,0.8644687,0.0184935
32031,0,0,0,0,1.0,0.0,0.0
34753,4,1,1,1,0.061603203,0.9354341,0.0029627485
32838,86,0,0,0,0.9874758,0.0125241745,0.0
33098,8,0,0,0,1.0,0.0,0.0
34543,94,0,2,0,1.0,0.0,0.0
31209,99,1,1,1,0.03449707,0.9624576,0.0030453166
30895,17,0,0,0,0.9618494,0.024507867,0.013642765
33910,28,0,0,0,0.98387295,0.016127013,0.0
34502,57,0,0,0,1.0,0.0,0.0
32749,48,0,0,0,0.9651388,0.028830674,0.006030573
29779,31,1,1,1,0.019147368,0.9766573,0.004195306
31805,38,0,0,0,0.457651,0.41205692,0.1302921
30854,2,0,0,0,1.0,0.0,0.0
30448,51,0,1,1,0.20447187,0.7867078,0.008820382
29169,95,0,0,0,0.99187785,0.008122134,0.0
32909,43,0,0,0,0.896917,0.030736636,0.072346374
30525,2,1,1,1,0.16679074,0.8286935,0.0045157494
29990,4,0,0,0,1.0,0.0,0.0
29052,14,2,0,0,0.5411727,0.038834423,0.4199929
33114,11,0,0,0,0.8711098,0.12267796,0.0062122736
32642,15,1,1,1,0.0314754,0.9659804,0.0025442438
34781,95,0,0,0,0.9880254,0.011974586,0.0
34400,40,0,0,0,1.0,0.0,0.0
33090,79,2,2,2,0.023201676,0.005201249,0.9715971
32839,22,1,1,1,0.09309054,0.90690947,0.0
29374,18,1,1,1,0.23460485,0.75948346,0.0059116823
28075,31,0,0,0,1.0,0.0,0.0
30596,27,0,2,0,1.0,0.0,0.0
29251,88,0,2,0,1.0,0.0,0.0
33776,77,0,0,0,0.99098194,0.009018046,0.0
34779,15,0,2,2,0.2767542,0.06983359,0.6534122
33181,42,0,0,0,0.9849185,0.0150815435,0.0
29551,65,2,2,2,0.08199902,0.016797407,0.9012036
31839,53,1,2,2,0.1647853,0.031796582,0.8034181
32308,81,0,0,0,1.0,0.0,0.0
32664,38,0,2,2,0.22925377,0.08891159,0.68183464
31245,13,0,0,0,1.0,0.0,0.0
33459,42,0,0,0,1.0,0.0,0.0
31511,66,1,1,1,0.19423155,0.79640186,0.009366592
32454,6,1,1,1,0.08438091,0.91190356,0.0037155733
28794,90,0,0,0,0.6460395,0.2980731,0.055887423
32460,36,0,1,1,0.37365577,0.61406624,0.012277975
33323,60,0,0,0,0.9771508,0.013729086,0.009120111
33766,7,0,0,0,0.9932154,0.006784628,0.0
34658,39,0,0,0,0.648546,0.35145402,0.0
28158,87,0,0,0,0.98256475,0.017435262,0.0
33939,55,0,0,0,0.95934564,0.040654346,0.0
33729,96,0,0,0,1.0,0.0,0.0
31693,67,0,1,1,0.22423214,0.76262873,0.0131391585
29608,30,0,0,0,1.0,0.0,0.0
31990,90,0,0,0,0.6102807,0.07718689,0.31253242
34529,32,0,0,0,1.0,0.0,0.0
32485,33,0,0,0,1.0,0.0,0.0
34257,92,2,2,2,0.03570981,0.0039894735,0.96030074
33715,61,0,1,1,0.42294708,0.56699866,0.010054197
33457,21,0,0,0,1.0,0.0,0.0
30009,9,0,0,0,1.0,0.0,0.0
33926,67,0,0,0,1.0,0.0,0.0
31990,29,0,0,0,1.0,0.0,0.0
30356,27,2,0,0,0.4923087,0.06300768,0.44468364
28860,67,0,0,0,1.0,0.0,0.0
30780,67,0,2,0,1.0,0.0,0.0
35019,74,0,1,1,0.35488415,0.58098793,0.0641279
34879,40,0,0,0,1.0,0.0,0.0
33725,61,1,1,1,0.014874069,0.9811874,0.0039385795
29671,80,1,1,1,0.3139513,0.67785186,0.008196917
33248,39,0,0,0,1.0,0.0,0.0
31651,18,0,0,0,0.5950892,0.1116794,0.2932314
32341,36,0,0,0,0.95444983,0.03368746,0.011862742
29697,66,0,0,0,1.0,0.0,0.0
30721,84,1,1,1,0.035315387,0.96216774,0.0025168797
29060,52,0,0,0,1.0,0.0,0.0
28462,72,0,0,0,1.0,0.0,0.0
32621,31,2,2,2,0.056750253,0.007361976,0.93588775
32850,65,0,0,0,0.60571384,0.3677193,0.026566872
32400,55,0,0,0,1.0,0.0,0.0
31564,37,0,0,0,1.0,0.0,0.0
34951,57,0,0,0,0.9897462,0.010253808,0.0
33612,37,0,0,0,1.0,0.0,0.0
32900,54,0,2,0,1.0,0.0,0.0
31434,24,0,0,0,1.0,0.0,0.0
32895,60,0,2,0,1.0,0.0,0.0
28567,71,0,0,0,0.8790919,0.10157735,0.019330733
28384,72,0,0,0,1.0,0.0,0.0
29612,62,0,0,0,1.0,0.0,0.0
28487,46,0,0,0,0.9916885,0.00831149,0.0
32164,82,0,0,0,0.92134,0.07264363,0.006016391
33101,99,2,2,2,0.05591186,0.010194655,0.9338935
31849,67,0,2,0,1.0,0.0,0.0
28351,28,0,0,0,1.0,0.0,0.0
28581,44,0,0,0,1.0,0.0,0.0
31546,25,0,0,0,1.0,0.0,0.0
31685,36,1,1,1,0.036070984,0.9609646,0.0029643537
30192,85,0,0,0,1.0,0.0,0.0
33944,83,0,0,0,1.0,0.0,0.0
34894,23,0,0,0,1.0,0.0,0.0
32669,42,0,0,0,1.0,0.0,0.0
34630,43,2,2,2,0.025828352,0.0033931176,0.9707785
28699,84,1,0,0,0.60004723,0.39175949,0.008193308
32016,27,0,0,0,1.0,0.0,0.0
33122,50,1,1,1,0.04424439,0.9557556,0.0
30017,78,0,0,0,0.9513887,0.0486113,0.0
29976,46,0,0,0,0.96345687,0.036543097,0.0
28918,73,0,0,0,0.7382479,0.04058926,0.22116287
34922,22,0,0,0,0.9674041,0.032595854,0.0
30562,2,0,0,0,1.0,0.0,0.0
30846,39,0,0,0,1.0,0.0,0.0
28734,14,0,0,0,1.0,0.0,0.0
30064,72,0,0,0,1.0,0.0,0.0
28553,56,0,0,0,1.0,0.0,0.0
34610,76,0,0,0,1.0,0.0,0.0
30081,28,0,0,0,1.0,0.0,0.0
33035,67,0,0,0,0.8764007,0.10796395,0.015635269
31541,94,0,0,0,1.0,0.0,0.0
34043,8,0,0,0,1.0,0.0,0.0
31462,2,2,2,2,0.059869543,0.019000476,0.92113
34280,30,0,0,0,0.96543753,0.034562513,0.0
29902,32,0,0,0,1.0,0.0,0.0
30309,0,0,0,0,1.0,0.0,0.0
29345,37,0,0,0,1.0,0.0,0.0
31726,3,0,0,0,1.0,0.0,0.0
34427,46,0,0,0,1.0,0.0,0.0
30384,43,0,0,0,1.0,0.0,0.0
33433,79,0,2,2,0.31569356,0.048508037,0.6357984
30193,13,0,0,0,1.0,0.0,0.0
34760,31,1,1,1,0.032656603,0.9645444,0.0027990167
28532,6,1,1,1,0.048800502,0.94207436,0.00912513
30211,34,0,0,0,0.98866856,0.011331444,0.0
34758,70,0,0,0,0.9717994,0.023952575,0.004248028
33164,49,0,0,0,1.0,0.0,0.0
33419,25,0,0,0,0.76588535,0.22307473,0.011039966
28098,80,0,2,0,1.0,0.0,0.0
28507,95,0,0,0,0.72470814,0.27529186,0.0
33008,81,0,0,0,0.9779588,0.014012139,0.008029045
33563,53,0,0,0,1.0,0.0,0.0
34890,58,0,0,0,1.0,0.0,0.0
31790,20,0,1,1,0.041983195,0.95525706,0.0027598
30531,62,0,0,0,0.95227623,0.047723766,0.0
30530,30,0,0,0,0.9692624,0.030737594,0.0
28662,66,0,0,0,1.0,0.0,0.0
31599,33,0,0,0,0.993183,0.0068169944,0.0
33399,23,0,1,1,0.20386367,0.6504554,0.14568092
28406,81,0,0,0,0.8619874,0.12418993,0.013822655
33933,4,0,0,0,1.0,0.0,0.0
30565,52,0,0,0,1.0,0.0,0.0
33014,0,0,0,0,1.0,0.0,0.0
28491,32,0,0,0,0.99213225,0.007867716,0.0
28627,40,1,1,1,0.08426536,0.8866922,0.029042453
32901,5,0,2,0,1.0,0.0,0.0
32379,36,0,0,0,1.0,0.0,0.0
28922,88,0,2,0,0.4629277,0.07049196,0.4665803
34386,36,0,1,1,0.22849938,0.74910086,0.022399792
29830,51,1,2,2,0.111761585,0.055949837,0.83228856
33715,72,0,0,0,1.0,0.0,0.0
28233,92,0,0,0,0.51529235,0.47780505,0.006902617
32503,80,0,0,0,1.0,0.0,0.0
29326,77,0,0,0,1.0,0.0,0.0
31153,37,0,0,0,1.0,0.0,0.0
29111,42,0,0,0,0.991977,0.0080230255,0.0
34774,90,0,0,0,0.6204046,0.07952367,0.30007172
28702,45,1,1,1,0.1650549,0.8305785,0.004366568
33555,48,0,0,0,1.0,0.0,0.0
28223,62,0,1,1,0.08275379,0.9172462,0.0
32525,97,0,0,0,0.99442124,0.005578745,0.0
28328,43,1,1,1,0.033490967,0.963741,0.0027680295
34648,1,0,0,0,0.918116,0.05364208,0.028241979
28192,12,0,2,0,1.0,0.0,0.0
33409,38,1,1,1,0.050686114,0.9465661,0.0027477795
28143,66,0,1,1,0.2908435,0.6996083,0.009548232
28263,73,0,0,0,1.0,0.0,0.0
34481,79,0,0,0,0.6405807,0.3111604,0.04825892
32845,45,0,1,1,0.10031966,0.8954843,0.0041959775
32789,25,0,0,0,1.0,0.0,0.0
34920,48,2,2,2,0.08373684,0.024488432,0.8917747
31435,65,0,0,0,1.0,0.0,0.0
29544,91,0,0,0,0.99190015,0.008099823,0.0
33333,99,0,1,1,0.19438347,0.74674207,0.058874473
33685,80,0,0,0,0.9605074,0.026914315,0.012578327
33129,68,1,1,1,0.21013013,0.7843501,0.0055197473
30068,44,0,0,0,1.0,0.0,0.0
28333,58,1,1,1,0.074147366,0.921315,0.004537672
31714,78,0,0,0,1.0,0.0,0.0
33252,93,0,0,0,1.0,0.0,0.0
34066,8,0,0,0,1.0,0.0,0.0
32199,3,0,0,0,1.0,0.0,0.0
29423,97,0,0,0,1.0,0.0,0.0
33798,97,1,1,1,0.064201474,0.9357985,0.0
29855,14,1,1,1,0.037783537,0.9591406,0.0030758763
29977,62,0,0,0,0.9759481,0.024051867,0.0
34895,25,0,0,0,1.0,0.0,0.0
30639,3,0,0,0,0.9910227,0.008977318,0.0
33237,48,1,1,1,0.12998125,0.84689736,0.02312141
32359,73,1,1,1,0.045457404,0.95172125,0.0028212972
34557,69,1,1,1,0.034903627,0.9627061,0.0023902068
29524,11,0,0,0,1.0,0.0,0.0
29802,46,0,0,0,1.0,0.0,0.0
28093,3,0,0,0,1.0,0.0,0.0
32244,72,0,0,0,1.0,0.0,0.0
31264,0,0,0,0,1.0,0.0,0.0
33288,48,0,0,0,0.52313375,0.03900808,0.43785816
31739,99,2,2,0,0.45141882,0.09358258,0.45499858
28213,95,0,0,0,0.9878888,0.012111165,0.0
31844,7,0,0,0,0.9919813,0.008018674,0.0
28861,29,0,2,0,1.0,0.0,0.0
34331,40,0,2,0,1.0,0.0,0.0
28785,67,0,0,0,0.9681972,0.021360023,0.010442777
31420,38,0,0,0,1.0,0.0,0.0
32418,20,0,2,0,1.0,0.0,0.0
32636,45,1,1,1,0.20549063,0.78925204,0.005257364
30538,45,0,1,0,0.4658536,0.5259143,0.008232087
28723,67,0,0,0,0.70223683,0.2604443,0.0373188
34160,9,0,0,0,1.0,0.0,0.0
33509,51,1,1,1,0.1532419,0.8404612,0.0062968195
29501,48,0,0,0,0.716032,0.16431323,0.11965471
29660,57,1,1,1,0.07460757,0.9253924,0.0
33099,92,0,0,0,0.9691514,0.015630282,0.015218257
29548,61,0,0,0,0.9161656,0.019771015,0.064063385
33652,96,0,0,0,1.0,0.0,0.0
31917,12,0,0,0,1.0,0.0,0.0
28343,59,0,2,2,0.30847585,0.027568098,0.66395605
31114,51,0,1,1,0.35028914,0.6407521,0.008958809
31164,53,2,2,2,0.21031019,0.0444538,0.74523604
32878,94,0,0,0,1.0,0.0,0.0
31625,73,0,0,0,1.0,0.0,0.0
31193,27,0,0,0,0.7917809,0.19145542,0.01676369
29722,47,0,0,0,1.0,0.0,0.0
30121,23,2,2,2,0.013986706,0.0030595039,0.9829538
33868,92,0,0,0,0.66301125,0.30380136,0.033187438
28054,77,0,0,0,0.99437636,0.0056236456,0.0
33284,1,2,2,2,0.07266634,0.0113460375,0.9159876
28970,51,0,0,0,0.76479393,0.05612364,0.17908242
31429,59,0,0,0,1.0,0.0,0.0
30391,77,0,0,0,1.0,0.0,0.0
34509,38,0,0,0,1.0,0.0,0.0
33760,36,0,2,0,1.0,0.0,0.0
29567,57,1,1,1,0.0684118,0.93158823,0.0
29797,38,0,0,0,1.0,0.0,0.0
28355,67,0,0,0,1.0,0.0,0.0
34416,74,0,0,0,1.0,0.0,0.0
33145,65,1,1,1,0.03678762,0.9593436,0.0038687729
28032,16,1,1,1,0.047860082,0.94895625,0.0031837185
29479,6,0,0,0,0.51511693,0.47851086,0.0063721864
28729,15,0,2,2,0.29351312,0.03493421,0.67155266
33166,73,0,0,0,1.0,0.0,0.0
30415,56,0,0,0,0.9738798,0.02044852,0.005671653
32708,6,2,2,2,0.039126348,0.0067726895,0.95410097
32627,30,0,0,0,0.98461497,0.0153850205,0.0
34278,52,0,0,0,0.9925826,0.007417397,0.0
29106,95,0,0,0,0.9920312,0.007968784,0.0
28528,53,1,1,1,0.025850886,0.9714333,0.0027158144
34455,66,0,0,0,0.92084134,0.07237085,0.006787857
34442,47,0,0,0,0.9616752,0.01831203,0.02001275
29630,69,0,2,2,0.40697226,0.12418326,0.46884444
32844,89,1,0,0,0.6586185,0.3349915,0.006389981
32048,99,0,0,0,0.9505338,0.030457163,0.019009102
28234,17,1,1,1,0.22364202,0.7663406,0.010017381
32648,70,0,1,1,0.0717836,0.9249772,0.003239232
28867,21,2,2,2,0.03282854,0.0063060657,0.96086544
34586,50,0,0,0,0.9702061,0.029793935,0.0
34789,70,0,0,0,0.59879243,0.32752523,0.07368232
28343,22,0,0,0,1.0,0.0,0.0
29423,75,0,0,0,1.0,0.0,0.0
29153,28,0,0,0,0.97755325,0.022446744,0.0
29696,3,0,0,0,1.0,0.0,0.0
30330,62,1,1,1,0.39978874,0.60021126,0.0
34401,75,0,0,0,1.0,0.0,0.0
32872,43,0,0,0,1.0,0.0,0.0
33039,51,0,0,0,0.9152526,0.061283085,0.023464309
33235,59,1,1,1,0.23765852,0.74505,0.01729152
32528,99,0,0,0,0.96071875,0.019749718,0.019531526
31897,88,0,0,0,1.0,0.0,0.0
31295,89,0,1,1,0.1435436,0.8482767,0.00817975
30772,2,0,0,0,1.0,0.0,0.0
29706,99,0,0,0,1.0,0.0,0.0
32816,62,0,0,0,0.9867075,0.013292468,0.0
29567,39,1,1,1,0.0789362,0.9210638,0.0
28660,86,0,0,0,1.0,0.0,0.0
32298,92,0,0,0,1.0,0.0,0.0
33942,81,0,0,0,1.0,0.0,0.0
30698,34,0,0,0,0.99391276,0.006087231,0.0
34866,51,0,0,0,0.7613834,0.18063836,0.05797819
30057,26,0,1,0,0.46048772,0.52982014,0.00969216
31595,11,1,1,1,0.19866142,0.79552865,0.0058098747
31818,96,0,0,0,1.0,0.0,0.0
30147,39,1,1,1,0.042268056,0.95773196,0.0
34275,52,0,0,0,0.5006359,0.49936408,0.0
32765,66,0,0,0,0.5304146,0.28702828,0.18255712
34217,77,0,0,0,1.0,0.0,0.0
32837,17,1,1,0,0.4512065,0.54113734,0.0076561784
29173,76,0,0,0,0.9627207,0.020141825,0.017137524
30691,63,0,0,0,1.0,0.0,0.0
28949,87,0,0,0,1.0,0.0,0.0
32826,87,0,0,0,0.9026219,0.09737804,0.0
33296,67,0,0,0,0.96637994,0.02226624,0.011353763
33384,43,2,2,2,0.040193167,0.003219316,0.95658755
28075,66,0,0,0,1.0,0.0,0.0
28523,76,0,1,1,0.4292403,0.5644633,0.0062964815
30627,70,0,1,1,0.31924435,0.6736507,0.0071049975
33974,79,0,0,0,0.9054164,0.078592345,0.015991168
29242,14,0,0,0,1.0,0.0,0.0
29735,40,0,0,0,0.9709273,0.020670826,0.00840191
30342,14,1,1,1,0.040833637,0.95614564,0.0030207005
30675,5,0,0,0,1.0,0.0,0.0
30882,4,0,0,0,1.0,0.0,0.0
34795,60,0,0,0,1.0,0.0,0.0
29812,94,0,0,0,1.0,0.0,0.0
33794,25,1,1,1,0.04064393,0.9567663,0.0025897676
29160,89,0,2,2,0.17198943,0.24086191,0.58714867
30821,99,0,1,1,0.21006417,0.78483486,0.005100965
28453,81,0,0,0,1.0,0.0,0.0
32743,19,1,1,1,0.052595876,0.9443347,0.0030693673
34942,7,1,1,1,0.0489486,0.9510514,0.0
29632,97,0,0,0,1.0,0.0,0.0
33548,54,0,0,0,1.0,0.0,0.0
32847,38,0,1,1,0.13125259,0.8642107,0.004536714
28109,30,0,0,0,1.0,0.0,0.0
34824,46,0,0,0,0.99056983,0.009430181,0.0
28767,87,0,0,0,0.955053,0.04494701,0.0
30096,43,0,0,0,1.0,0.0,0.0
28623,91,0,0,0,0.9943831,0.0056169354,0.0
31130,73,0,0,0,1.0,0.0,0.0
34726,92,0,2,0,1.0,0.0,0.0
29639,8,0,0,0,1.0,0.0,0.0
28481,94,0,2,0,1.0,0.0,0.0
29274,46,1,1,1,0.3779582,0.62204176,0.0
31031,59,0,2,0,0.46110493,0.06066284,0.47823226
33186,3,0,0,0,1.0,0.0,0.0
32949,16,0,0,0,1.0,0.0,0.0
30169,42,0,0,0,0.98943204,0.01056796,0.0
29719,54,0,0,0,1.0,0.0,0.0
31518,89,0,0,0,1.0,0.0,0.0
29547,19,0,0,0,0.966923,0.020742286,0.012334753
33648,4,0,0,0,1.0,0.0,0.0
30789,71,0,2,2,0.10820793,0.068651535,0.82314056
34211,54,0,0,0,1.0,0.0,0.0
30515,51,0,0,0,0.9302877,0.027800726,0.0419115
29005,4,0,0,0,0.57655424,0.4148548,0.008590989
34340,95,0,0,0,1.0,0.0,0.0
29864,11,0,0,0,0.9517875,0.03711423,0.011098351
34649,53,0,0,0,0.93929636,0.053857524,0.0068461513
32681,95,0,0,0,1.0,0.0,0.0
34809,18,0,0,0,1.0,0.0,0.0
34828,76,2,2,2,0.07925402,0.012186088,0.9085599
30397,43,2,2,2,0.23523888,0.027790496,0.7369706
30935,91,0,0,0,0.9873832,0.012616857,0.0
33590,5,0,2,2,0.34626567,0.06699136,0.586743
30224,2,0,2,2,0.09482278,0.00766268,0.8975145
32301,65,0,0,0,1.0,0.0,0.0
28559,89,0,0,0,1.0,0.0,0.0
30084,69,1,0,0,0.45918342,0.4300572,0.11075935
29112,86,0,0,0,0.99436975,0.0056302566,0.0
28476,11,0,2,0,1.0,0.0,0.0
29796,27,0,0,0,1.0,0.0,0.0
31648,79,0,2,0,1.0,0.0,0.0
29108,11,0,0,0,0.7934193,0.09679293,0.10978774
30584,85,0,0,0,1.0,0.0,0.0
33263,96,0,0,0,1.0,0.0,0.0
30954,7,0,0,0,1.0,0.0,0.0
34452,62,0,0,0,0.98786515,0.012134816,0.0
31193,35,0,0,0,0.94717366,0.05282634,0.0
28475,90,0,2,2,0.12861419,0.038540196,0.8328456
32329,97,0,0,0,1.0,0.0,0.0
33547,39,0,0,0,1.0,0.0,0.0
29022,69,0,0,0,1.0,0.0,0.0
29703,29,0,0,0,1.0,0.0,0.0
28137,33,0,0,0,0.89655924,0.10344079,0.0
29659,3,0,0,0,0.83446264,0.16553736,0.0
29369,99,0,0,0,0.8175026,0.17141074,0.011086673
30795,55,0,0,0,1.0,0.0,0.0
32952,99,1,1,1,0.09539511,0.79881346,0.10579147
34827,63,0,0,0,0.99075115,0.009248856,0.0
28095,6,0,2,0,1.0,0.0,0.0
34959,10,0,1,1,0.054190084,0.94233745,0.0034724528
29025,28,0,0,0,1.0,0.0,0.0
32659,58,0,0,0,0.4453703,0.32994196,0.22468773
28426,8,0,0,0,1.0,0.0,0.0
31315,23,1,1,1,0.017626254,0.9665772,0.015796524
30699,90,0,2,0,1.0,0.0,0.0
31842,13,0,0,0,1.0,0.0,0.0
32873,95,0,0,0,1.0,0.0,0.0
32153,42,0,0,0,0.8274001,0.17259993,0.0
29956,34,0,0,0,0.9535634,0.046436656,0.0
33936,9,0,0,0,1.0,0.0,0.0
33716,89,0,1,1,0.18708071,0.8054577,0.0074616303
29217,79,0,0,0,1.0,0.0,0.0
30454,7,0,0,0,0.99240494,0.007595036,0.0
28274,93,0,0,0,1.0,0.0,0.0
33261,67,0,0,0,1.0,0.0,0.0
29305,12,0,0,0,1.0,0.0,0.0
30155,55,0,0,0,0.9964371,0.0035629421,0.0
32957,92,0,0,0,1.0,0.0,0.0
32415,16,0,2,0,1.0,0.0,0.0
31571,83,0,0,0,0.84469575,0.03997591,0.115328364
28239,15,0,1,1,0.036698557,0.9594678,0.0038335528
32602,42,0,0,0,1.0,0.0,0.0
31750,48,0,0,0,0.90174955,0.028823787,0.069426715
29307,98,0,1,1,0.07877812,0.735257,0.18596481
34263,78,0,0,0,0.96743435,0.032565657,0.0
34827,22,0,0,0,0.98796296,0.012037011,0.0
33769,55,0,0,0,1.0,0.0,0.0
32742,57,0,0,0,0.9892171,0.0107829245,0.0
29577,30,0,0,0,0.9868944,0.013105584,0.0
32540,23,1,1,1,0.01656062,0.98147166,0.0019677132
31218,9,0,0,0,1.0,0.0,0.0
29842,59,0,0,0,0.9035976,0.027466383,0.06893595
32836,72,0,0,0,1.0,0.0,0.0
28181,87,0,0,0,1.0,0.0,0.0
33335,71,0,0,0,0.61964047,0.11283375,0.2675258
30348,2,0,0,0,0.8851413,0.10065203,0.014206643
29451,79,2,2,2,0.018937552,0.003406678,0.97765577
31652,14,2,2,2,0.032306485,0.007715421,0.9599781
31270,64,0,2,0,1.0,0.0,0.0
28449,69,0,0,0,1.0,0.0,0.0
33139,69,0,1,1,0.03692378,0.95520604,0.0078702355
31456,59,2,2,2,0.100240275,0.026791396,0.8729684
30846,34,0,0,0,0.9937819,0.0062180236,0.0
29876,3,0,0,0,0.9956869,0.00431307,0.0
33916,41,0,1,1,0.06893814,0.8935849,0.03747698
34295,28,0,0,0,0.99256283,0.0074371956,0.0
30699,5,0,0,0,0.9648546,0.024010338,0.011134985
32913,37,0,0,0,1.0,0.0,0.0
28535,91,0,0,0,0.985433,0.014567067,0.0
30120,58,0,0,0,0.76993525,0.02761471,0.20245004
34830,14,0,0,0,0.8959952,0.027749477,0.07625534
29945,32,0,0,0,0.9290669,0.0709331,0.0
30144,18,0,1,1,0.4441877,0.5476186,0.008193671
29773,70,0,1,1,0.38212398,0.60751396,0.010362049
33301,92,0,0,0,0.9695117,0.021101577,0.009386753
34547,23,0,0,0,0.958916,0.024810791,0.016273225
30746,79,0,2,2,0.34957483,0.0404985,0.60992664
31587,83,0,1,0,0.46214414,0.5288645,0.008991356
29833,54,0,0,0,0.75204456,0.030600743,0.21735469
32543,84,1,1,1,0.032130603,0.9650259,0.002843496
34865,77,0,0,0,0.99427176,0.0057282695,0.0
33106,60,0,0,0,0.97516257,0.018008107,0.0068293395
31858,62,0,0,0,0.99225754,0.0077424697,0.0
33392,70,0,0,0,0.9788823,0.015288823,0.005828852
30092,79,0,0,0,1.0,0.0,0.0
30654,34,0,0,0,1.0,0.0,0.0
33360,58,0,0,0,1.0,0.0,0.0
28066,85,0,0,0,1.0,0.0,0.0
30957,27,0,0,0,1.0,0.0,0.0
28498,25,0,0,0,0.96881646,0.018872615,0.012310901
28805,20,0,0,0,0.50676316,0.4840889,0.009147985
29087,11,0,1,1,0.38189676,0.61069465,0.007408648
34063,30,0,0,0,1.0,0.0,0.0
33761,4,2,2,2,0.15124969,0.032830507,0.8159198
32602,78,0,0,0,1.0,0.0,0.0
34972,48,0,0,0,1.0,0.0,0.0
31585,10,0,0,0,0.5752451,0.41518086,0.009574082
29070,65,0,0,0,0.7308253,0.03038836,0.23878631
31163,19,0,0,0,1.0,0.0,0.0
33840,39,0,0,0,1.0,0.0,0.0
32664,19,0,0,0,1.0,0.0,0.0
31936,79,2,2,2,0.040045,0.011794001,0.948161
33663,15,0,0,0,0.86294204,0.04151292,0.09554505
34467,77,1,1,1,0.05336928,0.9466307,0.0
29464,1,0,0,0,0.8168437,0.16210791,0.02104844
34184,74,0,1,0,0.46022257,0.532512,0.00726544
30846,13,0,0,0,1.0,0.0,0.0
33590,15,0,0,0,0.9555745,0.031249302,0.013176205
28775,82,2,2,2,0.21182396,0.25248322,0.5356928
28899,60,0,0,0,0.9126817,0.08489398,0.0024242562
33269,48,0,0,0,1.0,0.0,0.0
28343,45,0,2,0,0.4646829,0.053244356,0.48207274
32099,31,0,0,0,1.0,0.0,0.0
33643,99,0,0,0,1.0,0.0,0.0
29230,91,0,0,0,1.0,0.0,0.0
34671,12,0,1,1,0.17807582,0.8156476,0.006276605
28309,66,0,0,0,0.9723189,0.020646475,0.0070346305
30385,15,0,0,0,1.0,0.0,0.0
30313,40,0,0,0,0.97036123,0.02075539,0.008883406
34729,53,0,2,0,1.0,0.0,0.0
34883,56,0,0,0,0.47291628,0.4269282,0.100155555
33644,40,0,0,0,1.0,0.0,0.0
31584,43,0,1,1,0.34523916,0.64578557,0.0089753065
29184,24,1,1,1,0.07543703,0.9201245,0.004438518
29123,45,0,0,0,1.0,0.0,0.0
32481,43,0,0,0,1.0,0.0,0.0
31587,92,0,1,1,0.38340956,0.6087968,0.007793642
31179,88,0,0,0,0.962337,0.031863376,0.0057995454
33688,73,0,0,0,0.91510415,0.07049137,0.014404491
31209,58,1,1,1,0.046175625,0.95031744,0.0035069836
29281,53,0,0,0,0.9733756,0.021883989,0.004740433
30465,14,0,0,0,1.0,0.0,0.0
29123,10,0,0,0,1.0,0.0,0.0
30391,64,0,0,0,1.0,0.0,0.0
30362,57,0,0,0,0.97445285,0.025547134,0.0
34678,66,0,1,1,0.16499755,0.6225931,0.21240939
30621,43,0,1,1,0.10891063,0.8873157,0.0037737284
34859,57,0,0,0,0.9965684,0.0034316352,0.0
33599,40,0,1,1,0.14610386,0.84953547,0.0043606567
31881,14,1,1,1,0.035933193,0.9614131,0.0026537492
29589,51,2,2,2,0.20400815,0.02062033,0.77537155
33674,67,0,0,0,0.5269235,0.03608599,0.4369906
31136,84,0,0,0,1.0,0.0,0.0
29571,92,1,1,1,0.056699548,0.94032454,0.0029758357
34787,56,0,0,0,0.55341786,0.3154174,0.13116476
29732,59,2,2,2,0.10752539,0.025217332,0.86725724
30698,94,0,0,0,0.9718803,0.021757618,0.0063620713
29961,43,1,1,1,0.015699876,0.98257345,0.0017266792
34165,9,0,0,0,1.0,0.0,0.0
33608,29,1,1,1,0.30545914,0.68697184,0.007569031
28496,18,0,0,0,0.9508569,0.031598,0.01754514
29885,96,0,0,0,0.57454187,0.29923993,0.12621817
30408,4,0,0,0,0.77790457,0.18495296,0.03714246
28247,86,0,0,0,1.0,0.0,0.0
30097,73,0,0,0,1.0,0.0,0.0
32135,53,0,2,0,1.0,0.0,0.0
33386,79,2,2,2,0.01717775,0.003618202,0.97920406
29992,2,0,0,0,1.0,0.0,0.0
29359,56,0,0,0,0.9726298,0.018588651,0.008781545
31607,52,0,0,0,0.99206984,0.007930164,0.0
29165,34,0,0,0,0.99521375,0.0047862073,0.0
28560,70,0,0,0,1.0,0.0,0.0
34294,57,0,0,0,0.9944771,0.005522939,0.0
28703,25,1,1,1,0.059468463,0.93676394,0.0037675896
31791,22,0,0,0,0.9964673,0.0035327324,0.0
31774,4,0,1,1,0.2807782,0.71308184,0.0061399722
30338,82,0,0,0,0.9790071,0.012429029,0.008563897
32430,21,0,0,0,0.9719478,0.023573222,0.004479049
29660,63,1,1,1,0.07123054,0.92876947,0.0
33594,22,0,0,0,0.8414994,0.1585006,0.0
33271,42,0,0,0,1.0,0.0,0.0
30854,76,0,0,0,1.0,0.0,0.0
33696,67,0,1,1,0.24908961,0.74474066,0.006169744
33920,88,0,0,0,1.0,0.0,0.0
33426,15,0,0,0,0.88677716,0.05917453,0.054048326
30697,11,2,2,2,0.11470236,0.03646551,0.84883213
33036,6,0,0,0,0.96419877,0.02525784,0.010543403
31838,76,2,0,0,0.6037089,0.017667739,0.37862337
28203,76,2,2,2,0.032393757,0.0034984597,0.96410775
31944,40,2,2,2,0.030859372,0.0036639664,0.9654767
33762,61,0,0,0,0.9437478,0.040885516,0.015366648
28802,70,0,1,0,0.4746388,0.5172959,0.008065346
31835,9,0,0,0,1.0,0.0,0.0
28317,75,0,1,1,0.15365088,0.8412225,0.0051265936
31181,40,0,0,0,0.9682463,0.02501182,0.006741879
32381,73,0,1,1,0.40138733,0.45347697,0.14513573
34724,17,0,0,0,0.9531571,0.028559038,0.018283853
34325,77,0,0,0,1.0,0.0,0.0
28931,7,0,0,0,1.0,0.0,0.0
31339,88,0,0,0,1.0,0.0,0.0
30962,57,0,0,0,1.0,0.0,0.0
33818,12,0,2,2,0.21934102,0.035761453,0.7448975
33257,6,0,0,0,1.0,0.0,0.0
30489,63,0,0,0,1.0,0.0,0.0
31111,93,1,1,1,0.2568429,0.73765785,0.005499233
29592,16,0,2,2,0.052091494,0.20886405,0.7390444
33216,79,0,1,1,0.23767765,0.756336,0.0059863
32814,26,0,2,0,1.0,0.0,0.0
29890,51,0,0,0,1.0,0.0,0.0
29547,7,0,0,0,0.99411285,0.0058871633,0.0
30950,70,0,0,0,1.0,0.0,0.0
28747,31,0,0,0,1.0,0.0,0.0
30440,43,0,1,1,0.37753785,0.61435807,0.008104079
28482,0,0,0,0,1.0,0.0,0.0
32673,30,0,0,0,1.0,0.0,0.0
30151,26,1,1,1,0.049188856,0.94809735,0.0027138456
31227,71,1,2,2,0.10591323,0.43086183,0.46322498
32161,77,1,1,1,0.027881853,0.97211814,0.0
30273,14,0,0,0,1.0,0.0,0.0
34178,67,0,1,1,0.39542246,0.5947878,0.009789765
30068,94,0,0,0,0.7696949,0.04599178,0.18431327
30315,53,0,0,0,0.9755152,0.018672572,0.0058122235
30934,91,0,0,0,0.9845183,0.015481721,0.0
29310,60,0,0,0,1.0,0.0,0.0
32066,82,0,1,1,0.36967307,0.6244969,0.0058299955
34124,12,0,0,0,1.0,0.0,0.0
32038,55,0,0,0,0.99417025,0.0058297515,0.0
32156,13,0,0,0,1.0,0.0,0.0
29585,33,0,0,0,1.0,0.0,0.0
32503,43,0,0,0,1.0,0.0,0.0
33300,37,0,0,0,1.0,0.0,0.0
34024,49,0,0,0,1.0,0.0,0.0
28837,81,0,0,0,1.0,0.0,0.0
29212,85,0,0,0,1.0,0.0,0.0
32984,1,0,0,0,1.0,0.0,0.0
32920,99,0,0,0,0.9369549,0.050458424,0.012586637
29175,31,0,0,0,0.83866185,0.1288028,0.032535292
34087,38,0,0,0,0.93549854,0.059442077,0.005059401
32453,99,1,1,1,0.036997665,0.9604018,0.00260054
34643,24,0,0,0,0.9805075,0.012947032,0.0065454682
30339,93,0,0,0,0.7887796,0.20332898,0.007891433
28958,75,0,2,0,1.0,0.0,0.0
30183,79,0,0,0,1.0,0.0,0.0
28438,85,0,0,0,1.0,0.0,0.0
33144,67,0,0,0,1.0,0.0,0.0
31090,38,0,2,2,0.1481836,0.01905881,0.8327576
34449,63,0,0,0,0.98593163,0.014068343,0.0
28972,15,0,0,0,0.9720315,0.020955486,0.0070130513
33234,23,1,1,1,0.010430092,0.9852785,0.004291386
31761,5,0,0,0,0.9698348,0.020328237,0.009836993
35030,17,0,0,0,0.9592794,0.027459063,0.013261514
34108,89,0,0,0,0.53769314,0.24035971,0.22194712
34608,67,0,0,0,1.0,0.0,0.0
31130,7,0,0,0,0.99252075,0.0074792393,0.0
34666,60,0,1,0,0.4834645,0.50943846,0.007097031
29478,26,0,1,1,0.43749148,0.555866,0.0066425484
34606,55,0,0,0,1.0,0.0,0.0
34985,98,0,0,0,1.0,0.0,0.0
28550,30,0,0,0,1.0,0.0,0.0
34935,21,0,0,0,0.7630372,0.22741963,0.009543201
29039,52,0,0,0,1.0,0.0,0.0
28102,65,0,2,0,1.0,0.0,0.0
34653,91,1,1,1,0.046615023,0.953385,0.0
29958,7,0,0,0,0.98979276,0.010207267,0.0
31936,8,0,0,0,1.0,0.0,0.0
30168,56,2,2,2,0.15333329,0.013373435,0.83329326
34329,70,0,0,0,0.938673,0.04533085,0.01599621
33547,85,0,0,0,1.0,0.0,0.0
33661,46,0,0,0,1.0,0.0,0.0
32617,46,0,0,0,0.99413127,0.0058687204,0.0
31229,54,0,0,0,1.0,0.0,0.0
32219,74,0,0,0,1.0,0.0,0.0
28881,32,0,0,0,0.99424374,0.005756258,0.0
31080,4,0,2,0,1.0,0.0,0.0
30496,79,0,2,0,1.0,0.0,0.0
28184,5,0,0,0,1.0,0.0,0.0
29838,22,0,0,0,0.98916787,0.0108321225,0.0
30560,52,0,0,0,1.0,0.0,0.0
29445,17,0,2,0,1.0,0.0,0.0
29398,10,0,0,0,0.7767949,0.026857285,0.1963478
29081,37,0,0,0,1.0,0.0,0.0
34887,26,0,0,0,1.0,0.0,0.0
28651,40,0,0,0,1.0,0.0,0.0
33531,76,0,0,0,1.0,0.0,0.0
28737,35,0,0,0,1.0,0.0,0.0
29125,72,0,0,0,1.0,0.0,0.0
31647,10,0,2,0,1.0,0.0,0.0
29790,41,0,0,0,1.0,0.0,0.0
30898,76,0,0,0,0.97815466,0.0151014,0.006743994
29333,16,0,0,0,1.0,0.0,0.0
31724,16,0,0,0,1.0,0.0,0.0
33811,70,0,0,0,0.8973916,0.04038627,0.062222138
28850,61,0,0,0,1.0,0.0,0.0
34312,17,0,0,0,1.0,0.0,0.0
30763,27,0,0,0,1.0,0.0,0.0
28147,15,1,1,1,0.07771051,0.9043227,0.017966831
33602,32,0,0,0,0.9426265,0.057373542,0.0
30060,68,0,0,0,0.97043264,0.019240562,0.0103268325
28710,75,1,1,1,0.039742716,0.957583,0.0026742981
30339,23,1,1,1,0.021399647,0.9758038,0.0027966138
30723,42,0,1,1,0.14891455,0.8510855,0.0
32669,99,0,0,0,1.0,0.0,0.0
30553,91,0,0,0,1.0,0.0,0.0
31676,42,1,1,1,0.09442925,0.90557075,0.0
28819,94,1,1,1,0.023851007,0.96767646,0.008472595
28849,55,0,0,0,1.0,0.0,0.0
31629,5,0,0,0,1.0,0.0,0.0
30346,13,0,0,0,1.0,0.0,0.0
28341,3,0,0,0,1.0,0.0,0.0
29455,44,0,0,0,1.0,0.0,0.0
28634,29,0,0,0,1.0,0.0,0.0
33386,77,0,0,0,1.0,0.0,0.0
30912,85,0,0,0,1.0,0.0,0.0
30158,4,0,0,0,0.96274436,0.031966366,0.005289247
32921,54,0,0,0,0.7955819,0.16130003,0.04311809
32683,70,0,0,0,1.0,0.0,0.0
28731,36,0,2,2,0.21992753,0.1698951,0.61017734
32779,26,0,0,0,1.0,0.0,0.0
30414,43,0,0,0,0.96671796,0.016422343,0.016859762
31482,72,0,0,0,1.0,0.0,0.0
30144,39,1,1,1,0.07210684,0.92789316,0.0
29039,25,0,0,0,1.0,0.0,0.0
31604,27,1,1,1,0.0151755065,0.9788994,0.005925079
33714,64,1,1,1,0.22266835,0.7690413,0.008290353
32378,12,0,0,0,1.0,0.0,0.0
34535,54,0,2,2,0.38538408,0.025186073,0.58942986
30849,78,0,0,0,1.0,0.0,0.0
28801,9,0,0,0,1.0,0.0,0.0
32367,91,0,0,0,0.98497236,0.015027652,0.0
34717,46,0,0,0,1.0,0.0,0.0
32928,37,0,0,0,1.0,0.0,0.0
32256,62,1,1,1,0.07391394,0.92608607,0.0
33378,51,0,2,0,1.0,0.0,0.0
34795,10,0,0,0,1.0,0.0,0.0
34535,87,0,0,0,0.99246025,0.007539769,0.0
28466,15,0,0,0,1.0,0.0,0.0
28647,37,0,0,0,1.0,0.0,0.0
28045,99,0,1,1,0.35747135,0.63465583,0.007872877
28368,63,0,0,0,1.0,0.0,0.0
30505,62,0,0,0,1.0,0.0,0.0
29108,54,0,0,0,1.0,0.0,0.0
29844,36,0,0,0,0.48341647,0.035747234,0.48083624
32800,5,0,2,0,1.0,0.0,0.0
29092,85,0,0,0,1.0,0.0,0.0
31354,33,0,0,0,0.98747176,0.012528227,0.0
30073,77,0,0,0,0.99023676,0.009763201,0.0
33397,62,0,0,0,0.98745674,0.012543284,0.0
32986,27,0,0,0,1.0,0.0,0.0
31800,11,0,0,0,1.0,0.0,0.0
28361,37,0,0,0,1.0,0.0,0.0
29210,2,0,0,0,0.4817586,0.20001996,0.31822142
28820,91,0,0,0,0.9924897,0.007510293,0.0
28328,59,1,1,1,0.057395067,0.939018,0.0035869598
28626,39,0,0,0,0.9921878,0.0078122215,0.0
28694,25,0,0,0,0.95728415,0.030646915,0.012068923
30518,77,0,0,0,0.97631204,0.023687983,0.0
28345,38,0,0,0,1.0,0.0,0.0
31022,74,0,0,0,0.9626724,0.023177857,0.014149671
33723,83,0,0,0,1.0,0.0,0.0
32898,65,2,2,2,0.12680268,0.020329867,0.8528675
33155,32,0,0,0,1.0,0.0,0.0
29337,37,0,0,0,1.0,0.0,0.0
34079,1,1,1,1,0.13823207,0.8576499,0.0041180053
28061,29,0,0,0,1.0,0.0,0.0
33550,99,0,0,0,1.0,0.0,0.0
34222,96,0,0,0,1.0,0.0,0.0
32155,92,0,1,1,0.28641337,0.7091074,0.0044792118
29638,23,2,2,2,0.015147846,0.004550421,0.9803017
30345,18,0,0,0,0.9279302,0.064771846,0.007298015
34990,49,0,0,0,1.0,0.0,0.0
28606,82,0,1,1,0.37322566,0.6194622,0.0073121875
33145,46,0,0,0,1.0,0.0,0.0
30641,15,1,1,1,0.1820868,0.80423516,0.013678061
33134,0,0,0,0,1.0,0.0,0.0
31008,78,1,1,1,0.06878685,0.93121314,0.0
34408,24,0,0,0,1.0,0.0,0.0
30657,89,0,0,0,1.0,0.0,0.0
32038,12,0,0,0,0.8373729,0.07804127,0.084585875
34825,7,0,0,0,1.0,0.0,0.0
31000,19,0,0,0,0.8892892,0.10171932,0.008991529
31812,23,0,0,0,1.0,0.0,0.0
28845,33,0,0,0,1.0,0.0,0.0
30658,26,0,0,0,1.0,0.0,0.0
32395,4,0,0,0,1.0,0.0,0.0
33532,27,0,0,0,1.0,0.0,0.0
29080,72,0,0,0,1.0,0.0,0.0
33010,63,0,0,0,0.9910935,0.008906517,0.0
34932,23,0,2,2,0.26912132,0.021159282,0.70971936
32192,58,1,1,1,0.1153494,0.85567725,0.028973287
31498,60,0,0,0,0.6714909,0.3229519,0.00555719
30831,28,0,0,0,0.9940353,0.005964729,0.0
33220,53,0,1,1,0.3207513,0.67345935,0.0057893493
31243,78,0,0,0,1.0,0.0,0.0
34830,29,0,0,0,0.9052827,0.01770295,0.07701438
31372,23,2,2,2,0.016472524,0.0040067933,0.9795207
29484,44,0,0,0,1.0,0.0,0.0
31117,18,1,1,1,0.03028651,0.9676558,0.0020577249
33126,36,0,1,1,0.42098564,0.5708099,0.008204453
32982,53,0,0,0,1.0,0.0,0.0
32236,30,0,0,0,0.9871978,0.012802158,0.0
31229,29,1,1,1,0.046336234,0.91831136,0.035352435
28226,47,0,1,1,0.05595348,0.9398735,0.0041729547
30339,51,0,0,0,0.89109284,0.09478539,0.01412175
29476,71,0,0,0,0.56971,0.42331073,0.0069792476
28469,42,0,0,0,1.0,0.0,0.0
32421,93,2,2,2,0.09423243,0.019926589,0.88584095
32516,56,0,2,2,0.39157227,0.05291578,0.55551195
33468,55,0,0,0,1.0,0.0,0.0
28492,1,2,2,2,0.047263052,0.0037393437,0.9489976
33776,35,0,0,0,0.98351973,0.016480274,0.0
28328,90,1,1,1,0.024208842,0.9730084,0.002782791
28447,81,0,0,0,1.0,0.0,0.0
31982,17,0,0,0,0.95336056,0.029057564,0.017581897
32415,38,0,2,0,1.0,0.0,0.0
32378,42,0,0,0,0.98102707,0.01897296,0.0
29605,54,0,0,0,1.0,0.0,0.0
30923,55,0,0,0,0.99555254,0.0044474127,0.0
31584,67,0,1,1,0.34967303,0.6409075,0.009419486
30226,8,0,0,0,1.0,0.0,0.0
33497,30,0,0,0,0.8007257,0.19927429,0.0
34098,12,0,1,1,0.43097535,0.5351162,0.033908483
32818,77,0,0,0,0.99273956,0.0072604613,0.0
30257,69,0,0,0,0.90973586,0.045746136,0.04451805
29716,21,0,0,0,1.0,0.0,0.0
33275,7,0,0,0,1.0,0.0,0.0
29211,82,0,0,0,1.0,0.0,0.0
34169,72,0,0,0,1.0,0.0,0.0
31975,24,0,1,1,0.2026613,0.79189986,0.005438886
30781,79,0,0,0,1.0,0.0,0.0
30387,89,0,0,0,1.0,0.0,0.0
33431,39,0,0,0,0.9943943,0.0056057232,0.0
34631,48,0,0,0,0.9305452,0.025599005,0.04385581
33773,48,0,2,2,0.29278138,0.036806364,0.6704123
30107,87,0,0,0,1.0,0.0,0.0
30469,65,0,0,0,1.0,0.0,0.0
31730,30,0,0,0,1.0,0.0,0.0
31606,28,0,0,0,0.9916462,0.008353867,0.0
31837,92,2,2,2,0.253463,0.0619764,0.68456066
29853,87,0,1,1,0.04625452,0.9537455,0.0
30623,29,1,1,1,0.1879448,0.80747324,0.0045819976
33235,99,1,1,1,0.013321074,0.98308396,0.0035949512
33629,74,0,0,0,1.0,0.0,0.0
30475,9,0,0,0,1.0,0.0,0.0
31414,47,0,0,0,0.48907697,0.08628511,0.4246379
31032,0,0,0,0,1.0,0.0,0.0
34899,98,0,0,0,1.0,0.0,0.0
30623,35,1,1,1,0.0657777,0.93422234,0.0
33549,75,0,0,0,1.0,0.0,0.0
28729,23,0,2,2,0.23227285,0.12510939,0.64261776
28817,17,1,1,1,0.042313542,0.95188224,0.005804213
32323,23,2,2,2,0.012647185,0.004660577,0.98269224
29916,12,0,2,0,1.0,0.0,0.0
34187,84,1,1,1,0.057293136,0.93819034,0.0045165713
30299,4,0,0,0,1.0,0.0,0.0
32996,96,0,2,0,1.0,0.0,0.0
32875,43,0,0,0,1.0,0.0,0.0
32925,82,0,1,1,0.24427609,0.74953294,0.006190943
31013,7,1,1,1,0.18269293,0.81730705,0.0
31480,82,0,0,0,0.87886846,0.082373574,0.038757965
34616,43,0,0,0,1.0,0.0,0.0
29135,6,0,0,0,1.0,0.0,0.0
32668,38,1,1,1,0.30139807,0.58378375,0.11481823
34004,14,1,1,1,0.13666087,0.73918355,0.12415563
28142,0,0,0,0,1.0,0.0,0.0
34551,25,0,0,0,0.93840736,0.051981144,0.009611481
33205,62,0,0,0,0.9879048,0.012095251,0.0
34408,82,0,0,0,1.0,0.0,0.0
28200,85,0,0,0,1.0,0.0,0.0
31139,84,0,0,0,1.0,0.0,0.0
30636,35,0,0,0,0.9935493,0.0064506996,0.0
30439,79,1,1,1,0.055840377,0.9394369,0.0047227447
28140,19,0,0,0,0.53870493,0.45438808,0.006907002
32797,57,0,0,0,1.0,0.0,0.0
28595,39,0,0,0,0.98631406,0.013685904,0.0
32433,93,0,0,0,0.9769867,0.01753259,0.005480657
31256,34,0,0,0,1.0,0.0,0.0
34213,44,0,0,0,1.0,0.0,0.0
29507,52,0,0,0,1.0,0.0,0.0
32678,37,0,0,0,1.0,0.0,0.0
29244,81,0,0,0,1.0,0.0,0.0
30699,23,0,0,0,0.9488599,0.02898817,0.022151949
32527,97,0,0,0,0.9945366,0.0054634186,0.0
32727,14,0,0,0,0.92333496,0.064501874,0.012163161
32867,27,1,1,1,0.08608684,0.8606919,0.05322122
34341,44,0,0,0,1.0,0.0,0.0
34827,32,0,0,0,0.9924224,0.0075775646,0.0
32065,52,1,1,1,0.041504316,0.9584957,0.0
29772,47,0,1,1,0.2807219,0.7059167,0.013361387
28165,8,0,0,0,1.0,0.0,0.0
32644,41,1,1,1,0.04241,0.95443666,0.0031532985
32771,45,0,0,0,1.0,0.0,0.0
30792,83,0,2,2,0.23001464,0.03177056,0.7382148
33647,4,0,0,0,1.0,0.0,0.0
33794,67,1,1,1,0.02312081,0.9745726,0.0023065777
30364,40,1,1,1,0.15261814,0.55931294,0.2880689
32280,14,1,1,1,0.012604354,0.98218346,0.0052121845
28825,63,0,0,0,0.9935565,0.0064434973,0.0
28852,98,0,0,0,1.0,0.0,0.0
34065,50,0,0,0,0.99430627,0.005693711,0.0
33259,51,0,0,0,1.0,0.0,0.0
34161,66,0,2,2,0.34462816,0.012350802,0.6430211
29893,88,0,0,0,1.0,0.0,0.0
30866,39,0,0,0,1.0,0.0,0.0
29955,76,0,0,0,0.5555816,0.43688932,0.0075291074
28402,87,0,0,0,0.98994607,0.010053944,0.0
34447,64,0,0,0,0.97441953,0.02043734,0.0051431516
34474,82,0,0,0,0.9615743,0.030519433,0.0079062935
30453,57,0,0,0,0.9897909,0.010209083,0.0
31902,45,0,0,0,1.0,0.0,0.0
30003,64,0,0,0,1.0,0.0,0.0
34696,16,0,0,0,1.0,0.0,0.0
31111,78,0,0,0,0.9895447,0.010455314,0.0
30904,92,0,0,0,0.943266,0.04715666,0.009577411
32474,80,0,0,0,1.0,0.0,0.0
32843,41,1,1,1,0.27352387,0.7201242,0.006352035
28698,72,0,0,0,1.0,0.0,0.0
29510,90,0,0,0,1.0,0.0,0.0
31762,83,0,0,0,0.9559722,0.03444357,0.009584263
29079,64,0,0,0,0.936852,0.045624696,0.017523391
33678,57,0,0,0,0.9909252,0.009074797,0.0
29605,75,0,0,0,1.0,0.0,0.0
32521,23,0,2,2,0.20543246,0.023009606,0.7715579
29818,92,0,0,0,1.0,0.0,0.0
34320,62,0,0,0,1.0,0.0,0.0
29440,0,0,0,0,1.0,0.0,0.0
28277,50,0,0,0,1.0,0.0,0.0
32655,59,0,0,0,0.9350516,0.04225586,0.022692535
34628,81,0,0,0,0.961917,0.024318485,0.013764573
29246,28,0,0,0,1.0,0.0,0.0
32699,6,0,2,0,1.0,0.0,0.0
32451,89,1,1,1,0.07765646,0.91914487,0.003198671
28238,47,0,1,1,0.091971785,0.89870715,0.00932099
29257,60,0,0,0,0.9017966,0.030809497,0.06739391
30984,21,2,2,2,0.046124317,0.0067119654,0.94716376
30014,51,0,2,0,1.0,0.0,0.0
31802,61,0,0,0,1.0,0.0,0.0
33318,69,1,1,1,0.06455237,0.9307749,0.0046726796
32081,85,0,0,0,1.0,0.0,0.0
28415,7,1,1,1,0.044925533,0.9550745,0.0
33797,51,1,1,1,0.16734615,0.82723796,0.0054159
34339,31,2,2,2,0.02226453,0.0035536266,0.9741819
31019,3,0,0,0,0.99702775,0.0029722473,0.0
28177,56,0,0,0,1.0,0.0,0.0
30410,83,0,0,0,0.95341724,0.028490487,0.018092334
31385,94,0,0,0,0.58666825,0.40558523,0.0077464986
29983,7,0,0,0,1.0,0.0,0.0
29374,90,1,1,1,0.12753943,0.8675573,0.004903326
30341,26,0,1,1,0.15935491,0.8356212,0.005023893
32571,56,0,0,0,1.0,0.0,0.0
33685,76,0,0,0,0.97542554,0.018878156,0.0056962953
30502,20,2,2,2,0.06730661,0.00553445,0.92715895
34388,35,0,0,0,0.99376786,0.0062321154,0.0
30469,89,0,0,0,1.0,0.0,0.0
34529,36,0,2,0,1.0,0.0,0.0
32677,28,0,0,0,1.0,0.0,0.0
32464,46,0,0,0,0.9955789,0.0044211205,0.0
34063,28,0,0,0,0.9685765,0.031423505,0.0
28457,39,0,0,0,1.0,0.0,0.0
29393,33,0,0,0,0.9934296,0.006570406,0.0
32953,62,0,0,0,0.98411417,0.01588585,0.0
34691,41,0,0,0,1.0,0.0,0.0
31859,47,0,0,0,0.9700214,0.02287533,0.0071032676
31621,8,0,0,0,1.0,0.0,0.0
29090,59,0,1,1,0.42114553,0.5698547,0.008999799
33161,74,0,0,0,1.0,0.0,0.0
34807,16,0,0,0,1.0,0.0,0.0
31506,67,0,1,1,0.05120579,0.94113046,0.0076637724
30815,39,1,1,1,0.051131032,0.948869,0.0
35008,64,0,2,0,1.0,0.0,0.0
32298,61,0,0,0,1.0,0.0,0.0
30253,10,0,0,0,0.9595481,0.030056208,0.010395685
32290,3,0,0,0,1.0,0.0,0.0
32770,97,0,0,0,1.0,0.0,0.0
31214,31,0,1,1,0.086816326,0.90773755,0.0054461523
30517,70,0,0,0,0.97026354,0.021578424,0.008158047
30474,97,0,0,0,1.0,0.0,0.0
34659,29,1,1,1,0.020257577,0.9772555,0.0024869323
28078,39,0,0,0,1.0,0.0,0.0
33547,19,0,0,0,1.0,0.0,0.0
31877,79,1,1,1,0.024558473,0.9727399,0.0027016003
33186,4,2,2,2,0.19197747,0.06302366,0.7449989
29355,63,0,0,0,0.9942064,0.005793571,0.0
31756,43,2,2,2,0.03990444,0.0031961913,0.9568994
34711,41,0,0,0,1.0,0.0,0.0
28624,42,0,0,0,0.9959391,0.004060921,0.0
28772,53,0,2,2,0.05026419,0.028463319,0.9212725
30300,49,0,2,0,1.0,0.0,0.0
31611,24,0,0,0,1.0,0.0,0.0
32206,34,0,0,0,1.0,0.0,0.0
34037,59,0,0,0,1.0,0.0,0.0
29320,93,0,0,0,1.0,0.0,0.0
29385,45,0,1,1,0.26021883,0.733199,0.00658216
28074,71,0,0,0,1.0,0.0,0.0
34985,51,0,0,0,1.0,0.0,0.0
31430,53,0,0,0,1.0,0.0,0.0
31540,77,0,0,0,1.0,0.0,0.0
28693,66,0,0,0,0.96718365,0.024912266,0.007904025
31289,84,1,0,0,0.58086556,0.41037577,0.008758679
31793,88,0,0,0,0.94105333,0.027555373,0.031391338
31040,53,0,0,0,0.7246231,0.15607914,0.11929774
34630,95,0,0,0,0.9908059,0.00919412,0.0
30052,88,0,1,1,0.41762573,0.57619196,0.0061823386
28389,69,0,2,0,1.0,0.0,0.0
28345,40,0,2,2,0.28482008,0.099780664,0.61539924
29632,97,0,0,0,1.0,0.0,0.0
30789,46,0,0,0,0.9550739,0.0449261,0.0
31511,90,1,1,1,0.0847061,0.8512505,0.06404343
30682,83,1,1,1,0.24358784,0.75641215,0.0
29845,44,0,0,0,1.0,0.0,0.0
32062,35,1,1,1,0.048040032,0.95195997,0.0
29740,78,0,0,0,0.9937334,0.0062665786,0.0
31103,44,0,0,0,1.0,0.0,0.0
31933,5,0,2,0,1.0,0.0,0.0
30061,25,0,0,0,0.87787527,0.117941916,0.0041828235
33781,67,0,0,0,0.96301466,0.027419243,0.009566104
29008,91,0,0,0,0.9933596,0.0066403705,0.0
33758,79,0,2,0,1.0,0.0,0.0
34539,72,0,0,0,1.0,0.0,0.0
30509,25,0,2,2,0.33899447,0.014722055,0.6462835
33347,87,0,0,0,1.0,0.0,0.0
31287,17,0,0,0,0.8800119,0.110735774,0.009252291
31524,33,0,0,0,1.0,0.0,0.0
34640,62,0,0,0,0.98788553,0.012114433,0.0
33110,0,0,0,0,1.0,0.0,0.0
29214,20,0,0,0,1.0,0.0,0.0
32600,3,0,0,0,1.0,0.0,0.0
32267,87,0,0,0,0.99528813,0.004711897,0.0
33556,52,0,0,0,1.0,0.0,0.0
31850,35,0,0,0,1.0,0.0,0.0
28486,55,0,0,0,0.9931454,0.006854601,0.0
32940,80,0,1,1,0.03383172,0.9622312,0.0039370838
33591,18,0,0,0,0.93334705,0.053359665,0.01329329
29113,61,1,2,2,0.43344787,0.09370744,0.4728447
30814,57,0,1,1,0.06285677,0.9371432,0.0
33233,40,1,1,1,0.018343603,0.97711617,0.004540226
34488,80,0,0,0,1.0,0.0,0.0
28224,8,0,0,0,1.0,0.0,0.0
31337,12,0,0,0,1.0,0.0,0.0
31481,49,0,0,0,0.9233071,0.06782539,0.00886751
29295,94,0,0,0,0.9400387,0.034081433,0.025879798
33656,9,0,0,0,1.0,0.0,0.0
28238,88,0,0,0,0.93590695,0.05776468,0.0063283704
33657,10,0,0,0,1.0,0.0,0.0
28989,4,0,1,1,0.15728112,0.83883965,0.0038792486
30304,11,0,2,2,0.20121917,0.04255545,0.7562254
30256,73,0,0,0,0.9165052,0.0514378,0.032056984
34950,72,0,0,0,1.0,0.0,0.0
33971,42,0,0,0,0.98668116,0.013318855,0.0
34594,22,0,0,0,1.0,0.0,0.0
34185,15,0,1,1,0.3151526,0.6729906,0.011856823
34469,28,0,0,0,0.96102977,0.038970217,0.0
32273,83,0,1,1,0.040999863,0.94991416,0.009085967
33834,84,0,0,0,1.0,0.0,0.0
32172,45,0,0,0,0.97345,0.022044642,0.004505295
28485,61,2,2,2,0.12265217,0.029504413,0.84784347
33210,22,0,0,0,0.8439346,0.15606536,0.0
29352,84,2,2,2,0.022214709,0.0032185768,0.9745667
29434,24,0,0,0,1.0,0.0,0.0
31742,35,0,0,0,1.0,0.0,0.0
32830,64,0,1,1,0.19331855,0.80123353,0.0054479246
31850,82,0,0,0,0.6241181,0.30851525,0.06736669
29538,41,0,2,0,1.0,0.0,0.0
32315,78,0,0,0,1.0,0.0,0.0
33451,77,0,0,0,1.0,0.0,0.0
28490,49,0,2,0,1.0,0.0,0.0
28450,31,0,0,0,1.0,0.0,0.0
32511,93,0,2,0,1.0,0.0,0.0
28151,8,0,0,0,1.0,0.0,0.0
31758,81,0,0,0,0.9723157,0.015591843,0.012092426
30296,5,0,0,0,1.0,0.0,0.0
31810,54,0,0,0,1.0,0.0,0.0
34123,84,0,0,0,1.0,0.0,0.0
33248,8,0,0,0,1.0,0.0,0.0
30193,18,0,0,0,1.0,0.0,0.0
30692,64,2,2,2,0.027676914,0.005837164,0.9664859
30187,73,0,0,0,1.0,0.0,0.0
29595,33,0,0,0,1.0,0.0,0.0
34612,92,0,0,0,1.0,0.0,0.0
29979,94,0,0,0,1.0,0.0,0.0
31089,56,0,1,1,0.32898402,0.6322185,0.038797442
29902,58,0,0,0,1.0,0.0,0.0
31040,85,0,0,0,1.0,0.0,0.0
31148,2,0,0,0,1.0,0.0,0.0
30647,78,0,0,0,0.99318016,0.006819819,0.0
33003,96,0,2,0,1.0,0.0,0.0
31913,5,0,0,0,1.0,0.0,0.0
28055,37,0,0,0,1.0,0.0,0.0
34979,76,0,0,0,1.0,0.0,0.0
29727,89,0,2,0,1.0,0.0,0.0
30884,2,0,2,0,1.0,0.0,0.0
35008,36,0,2,0,1.0,0.0,0.0
34599,42,0,0,0,1.0,0.0,0.0
31829,68,0,0,0,1.0,0.0,0.0
30628,64,1,0,0,0.5335351,0.45775256,0.008712338
32495,52,0,0,0,1.0,0.0,0.0
29935,75,0,0,0,0.9600686,0.020233171,0.01969826
29534,6,0,2,0,1.0,0.0,0.0
31619,55,0,0,0,1.0,0.0,0.0
28693,38,0,0,0,0.9598666,0.03263703,0.00749633
32975,72,0,0,0,1.0,0.0,0.0
29479,7,0,0,0,0.99432904,0.0056709643,0.0
34681,61,0,2,0,0.2975868,0.3156872,0.386726
29353,75,2,2,2,0.05675384,0.003905676,0.9393405
30709,72,0,0,0,1.0,0.0,0.0
31523,2,0,0,0,1.0,0.0,0.0
32448,93,1,1,1,0.078898594,0.9168085,0.004292888
31713,64,0,0,0,1.0,0.0,0.0
33742,58,0,0,0,1.0,0.0,0.0
34240,95,0,0,0,0.9878711,0.012128874,0.0
30774,63,0,0,0,1.0,0.0,0.0
31297,22,1,1,1,0.06481253,0.93518746,0.0
28352,61,0,0,0,1.0,0.0,0.0
34276,53,1,1,1,0.07164088,0.92496735,0.0033918216
34114,21,0,0,0,1.0,0.0,0.0
34724,78,0,0,0,1.0,0.0,0.0
29235,40,0,0,0,1.0,0.0,0.0
29501,46,0,0,0,0.94377965,0.056220356,0.0
30375,8,0,0,0,1.0,0.0,0.0
31084,75,2,2,2,0.05673347,0.004111591,0.9391549
31409,39,0,0,0,0.99611515,0.0038848342,0.0
29160,64,2,2,2,0.059743986,0.01656236,0.92369366
29182,69,1,1,1,0.28226468,0.7116866,0.0060486775
30955,34,0,0,0,1.0,0.0,0.0
34846,24,1,1,1,0.16819762,0.82730895,0.0044934433
29485,91,0,0,0,0.99272764,0.0072723865,0.0
30092,95,0,0,0,1.0,0.0,0.0
31489,61,0,1,1,0.37146983,0.6183435,0.010186683
34618,84,2,0,0,0.6148156,0.047118127,0.3380663
34099,31,0,0,0,0.5787327,0.3943322,0.026935074
33443,26,0,0,0,1.0,0.0,0.0
30902,81,0,0,0,0.834294,0.034768023,0.13093787
32284,98,1,1,1,0.012830118,0.981886,0.0052838554
31183,98,0,0,0,0.968002,0.018793922,0.013204081
33017,1,1,1,1,0.42629072,0.56740654,0.0063027823
28673,75,2,2,2,0.029179534,0.038022816,0.9327977
30435,60,0,0,0,0.57649744,0.41647005,0.007032519
31270,10,0,0,0,0.9658305,0.024657648,0.0095118405
33869,69,2,2,2,0.06400085,0.010288581,0.9257106
31870,46,1,1,1,0.053298194,0.94670177,0.0
33545,29,0,0,0,1.0,0.0,0.0
29393,97,0,0,0,0.9969975,0.0030025241,0.0
30342,82,0,0,0,0.9798421,0.012301436,0.007856406
34238,67,0,2,0,1.0,0.0,0.0
30039,20,0,0,0,0.8727218,0.11356705,0.013711168
31857,30,0,0,0,0.9699269,0.030073127,0.0
31051,91,0,0,0,1.0,0.0,0.0
31367,56,0,0,0,0.9714547,0.023158219,0.005387133
30175,87,0,0,0,1.0,0.0,0.0
33018,30,1,1,1,0.3958939,0.6041061,0.0
32030,97,0,0,0,1.0,0.0,0.0
28677,51,0,2,0,0.28435084,0.32255635,0.39309278
33559,18,0,0,0,1.0,0.0,0.0
32961,91,0,0,0,1.0,0.0,0.0
30698,34,0,0,0,0.99391276,0.006087231,0.0
34576,1,0,0,0,0.86531895,0.07675718,0.057923894
32731,69,0,0,0,0.52642655,0.46590173,0.0076717716
32224,58,0,2,0,1.0,0.0,0.0
28520,63,0,0,0,0.99140227,0.008597699,0.0
32861,5,1,1,1,0.07677729,0.8958071,0.027415603
33285,16,0,0,0,0.66926473,0.14912589,0.18160938
31313,40,0,0,0,0.7478181,0.1770487,0.07513319
28584,25,0,0,0,0.76035887,0.034842826,0.20479834
28854,70,0,0,0,1.0,0.0,0.0
33139,95,0,0,0,0.9860401,0.013959903,0.0
30486,7,0,0,0,1.0,0.0,0.0
33865,15,0,2,2,0.10415511,0.010584294,0.8852606
32694,21,0,0,0,1.0,0.0,0.0
30202,96,0,0,0,1.0,0.0,0.0
28198,91,0,0,0,0.99085784,0.009142157,0.0
31635,89,0,0,0,1.0,0.0,0.0
34693,6,0,0,0,1.0,0.0,0.0
29543,65,0,2,0,1.0,0.0,0.0
34745,81,0,0,0,0.94031197,0.05167976,0.0080083115
28867,48,0,2,0,1.0,0.0,0.0
33339,79,0,1,1,0.031052422,0.92741185,0.041535746
33149,36,1,1,1,0.013638609,0.9816747,0.004686708
31787,87,0,0,0,0.9908899,0.009110094,0.0
28269,81,0,0,0,1.0,0.0,0.0
31706,74,0,0,0,1.0,0.0,0.0
28886,67,0,0,0,0.9362569,0.047353726,0.016389359
30131,8,0,0,0,1.0,0.0,0.0
29024,94,0,0,0,1.0,0.0,0.0
34980,99,0,0,0,1.0,0.0,0.0
30197,90,0,0,0,1.0,0.0,0.0
33541,87,0,0,0,1.0,0.0,0.0
34904,13,0,0,0,1.0,0.0,0.0
32965,92,0,0,0,1.0,0.0,0.0
34969,36,1,1,1,0.01684044,0.9788836,0.0042758933
32773,39,0,0,0,1.0,0.0,0.0
32843,64,1,1,1,0.31538036,0.6781348,0.0064848647
30506,50,0,0,0,0.9935804,0.006419554,0.0
28116,24,0,2,2,0.21766578,0.015189573,0.7671447
33353,10,0,0,0,1.0,0.0,0.0
34321,30,0,0,0,1.0,0.0,0.0
28478,49,0,2,0,1.0,0.0,0.0
31813,22,0,0,0,1.0,0.0,0.0
31698,57,0,0,0,1.0,0.0,0.0
28157,70,1,1,1,0.0181871,0.9792009,0.0026120166
31951,98,0,0,0,0.8938401,0.032066457,0.07409347
29529,60,0,0,0,1.0,0.0,0.0
34445,50,0,0,0,0.99370474,0.0062952507,0.0
28425,34,0,0,0,0.99417335,0.005826623,0.0
29922,58,2,2,2,0.030624561,0.021030825,0.94834465
33666,89,0,0,0,0.95940006,0.03015068,0.010449316
31237,25,0,0,0,1.0,0.0,0.0
32323,71,0,0,0,0.9378447,0.054777056,0.0073782634
28736,6,0,0,0,1.0,0.0,0.0
33720,1,1,1,1,0.018652385,0.9742699,0.0070777107
34954,34,0,0,0,0.99582905,0.0041709635,0.0
33461,95,0,0,0,1.0,0.0,0.0
31968,13,0,0,0,1.0,0.0,0.0
33504,28,1,1,1,0.05619426,0.94380575,0.0
33426,37,0,0,0,1.0,0.0,0.0
29323,65,0,0,0,1.0,0.0,0.0
29141,23,0,0,0,1.0,0.0,0.0
29004,43,0,1,1,0.12142457,0.8743456,0.0042298576
29063,40,2,2,2,0.08906751,0.008025358,0.9029072
32119,93,0,0,0,1.0,0.0,0.0
34670,35,0,0,0,0.9944548,0.005545174,0.0
28427,20,0,1,1,0.42894775,0.5645066,0.006545634
29300,40,0,0,0,0.79082465,0.075693935,0.13348144
33503,58,1,1,1,0.14354959,0.8519554,0.004495044
29503,12,1,1,1,0.33124352,0.58400744,0.08474902
30532,65,1,1,1,0.07386892,0.9227951,0.0033358976
31804,83,0,0,0,0.49298498,0.2819412,0.22507383
28247,22,0,0,0,0.9920863,0.007913732,0.0
30554,19,0,1,1,0.3004849,0.49733782,0.20217729
33392,94,0,2,2,0.12546538,0.011169488,0.8633652
32289,79,0,0,0,1.0,0.0,0.0
31768,84,0,0,0,0.9141891,0.06916154,0.01664936
30126,23,2,2,2,0.022298671,0.003588598,0.97411275
32351,61,1,1,1,0.31563672,0.6779815,0.0063817627
33986,49,0,1,1,0.2836935,0.7107753,0.005531186
32243,24,0,0,0,0.98073786,0.012665917,0.006596206
30412,99,2,2,2,0.13550492,0.0109082535,0.85358685
34116,37,0,0,0,1.0,0.0,0.0
30910,95,1,1,1,0.037241813,0.9627582,0.0
31616,65,0,0,0,1.0,0.0,0.0
28924,59,0,0,0,1.0,0.0,0.0
33634,97,0,0,0,1.0,0.0,0.0
30466,21,0,0,0,1.0,0.0,0.0
32836,19,0,1,1,0.4352634,0.5574295,0.007307098
28622,15,1,1,1,0.01674524,0.9813578,0.0018969857
28340,71,0,0,0,0.88187414,0.029033665,0.08909225
34801,72,0,0,0,1.0,0.0,0.0
31362,72,0,0,0,1.0,0.0,0.0
30356,70,2,0,0,0.58418226,0.05466812,0.36114967
34761,42,0,0,0,0.99324185,0.006758145,0.0
33235,62,0,0,0,0.9950301,0.0049698986,0.0
28386,72,0,0,0,1.0,0.0,0.0
31105,53,0,0,0,0.53784543,0.4533532,0.008801371
30114,94,0,2,0,1.0,0.0,0.0
32840,6,0,0,0,0.53390723,0.45928505,0.0068076868
32431,31,2,2,2,0.07916945,0.006408933,0.9144217
30815,64,1,1,1,0.045459285,0.95032424,0.004216507
33664,61,1,2,2,0.14635283,0.022944508,0.83070266
31458,90,0,2,0,1.0,0.0,0.0
29141,47,0,0,0,1.0,0.0,0.0
34024,14,0,0,0,1.0,0.0,0.0
31052,18,0,0,0,1.0,0.0,0.0
34119,99,0,0,0,1.0,0.0,0.0
33755,25,0,2,0,1.0,0.0,0.0
31281,10,0,0,0,0.9792532,0.014281345,0.0064654904
33096,68,0,2,2,0.40932873,0.02142735,0.5692439
33495,88,0,0,0,0.8003937,0.12732969,0.072276674
29694,60,0,0,0,1.0,0.0,0.0
29238,37,0,0,0,1.0,0.0,0.0
29085,90,1,1,1,0.16661674,0.8265082,0.0068750335
31089,83,0,0,0,0.85197866,0.053415786,0.09460559
30927,7,0,0,0,0.9950746,0.0049253935,0.0
32332,57,0,0,0,0.98695487,0.013045086,0.0
31193,99,0,0,0,0.7340499,0.2559926,0.009957504
30191,11,0,0,0,1.0,0.0,0.0
33446,23,0,0,0,1.0,0.0,0.0
33274,89,0,0,0,1.0,0.0,0.0
31266,16,0,2,0,1.0,0.0,0.0
30527,47,1,1,1,0.22660951,0.76843,0.0049604815
32101,96,0,0,0,1.0,0.0,0.0
29720,84,0,0,0,1.0,0.0,0.0
31117,39,0,0,0,0.99464744,0.00535256,0.0
32065,30,0,0,0,0.9194383,0.080561735,0.0
28865,71,0,2,0,1.0,0.0,0.0
28918,71,0,0,0,0.722452,0.11246449,0.16508356
30097,79,0,0,0,1.0,0.0,0.0
31373,19,0,1,1,0.3025643,0.68752515,0.009910564
32157,74,1,1,1,0.20614621,0.78979397,0.0040598325
31460,30,0,0,0,0.98666066,0.013339348,0.0
31425,9,0,0,0,1.0,0.0,0.0
28792,44,0,0,0,1.0,0.0,0.0
29299,88,0,0,0,0.82029146,0.11641297,0.06329562
28564,0,0,0,0,1.0,0.0,0.0
33949,9,0,0,0,1.0,0.0,0.0
30263,2,0,0,0,1.0,0.0,0.0
29743,21,0,0,0,0.9766822,0.017571395,0.00574645
32953,29,0,2,2,0.22154972,0.15606935,0.622381
32982,90,0,0,0,1.0,0.0,0.0
34351,64,0,0,0,0.97477186,0.020083155,0.0051450115
33456,84,0,0,0,1.0,0.0,0.0
31627,53,0,0,0,1.0,0.0,0.0
30596,43,2,2,2,0.0213064,0.004981969,0.9737116
34341,86,0,0,0,0.99394387,0.0060561327,0.0
28978,64,0,0,0,0.97001445,0.02267559,0.007309951
31057,85,0,0,0,1.0,0.0,0.0
28346,35,0,0,0,1.0,0.0,0.0
34288,59,0,0,0,0.9047066,0.044737943,0.050555494
31558,76,0,2,2,0.058437888,0.005002371,0.93655974
34248,97,0,0,0,1.0,0.0,0.0
30233,25,0,0,0,0.9305304,0.060429115,0.009040504
32489,43,0,0,0,1.0,0.0,0.0
33799,71,0,0,0,0.951062,0.046003997,0.0029340077
30691,36,0,0,0,0.8302866,0.13683942,0.03287401
34078,63,1,1,1,0.050304703,0.9496953,0.0
33802,58,1,1,1,0.056974646,0.93918896,0.0038364134
31572,19,0,0,0,1.0,0.0,0.0
30922,4,0,1,1,0.20120409,0.7886684,0.010127547
32354,35,0,1,1,0.32316312,0.67683685,0.0
31746,35,0,0,0,0.9831429,0.016857134,0.0
30450,65,0,1,1,0.14313552,0.8495089,0.00735561
34419,62,0,0,0,1.0,0.0,0.0
33454,41,0,0,0,1.0,0.0,0.0
34461,90,1,1,1,0.08727678,0.90833765,0.004385611
28791,48,0,0,0,0.9124975,0.07125729,0.016245214
33970,83,0,0,0,0.8682918,0.030159868,0.10154836
31794,21,0,0,0,0.8833537,0.065008014,0.05163829
34490,16,0,2,2,0.14748175,0.22723572,0.6252825
32833,55,0,0,0,0.86407,0.13592997,0.0
30994,90,2,2,2,0.028836224,0.004591631,0.96657217
28871,34,0,0,0,1.0,0.0,0.0
33633,24,0,0,0,1.0,0.0,0.0
29153,13,0,0,0,1.0,0.0,0.0
30477,31,0,0,0,1.0,0.0,0.0
31932,61,0,0,0,1.0,0.0,0.0
32294,91,0,0,0,1.0,0.0,0.0
30424,25,0,0,0,0.93788326,0.04282941,0.019287359
30137,37,0,0,0,1.0,0.0,0.0
31946,95,0,0,0,0.9939189,0.0060810866,0.0
28859,47,0,0,0,1.0,0.0,0.0
30942,12,0,0,0,1.0,0.0,0.0
28272,37,0,0,0,1.0,0.0,0.0
31397,4,1,1,1,0.11391438,0.8822808,0.0038048122
34522,62,0,0,0,1.0,0.0,0.0
30591,55,0,0,0,1.0,0.0,0.0
31425,80,0,0,0,0.758301,0.17129013,0.0704089
32904,57,0,0,0,0.98953706,0.010462938,0.0
28225,50,0,1,1,0.14605431,0.8539457,0.0
28739,43,0,0,0,1.0,0.0,0.0
31307,99,0,1,1,0.32385164,0.66526604,0.010882303
34334,51,2,2,2,0.32290328,0.06775196,0.6093448
34249,62,0,0,0,0.99242014,0.0075798347,0.0
33128,92,1,1,1,0.3475812,0.6465301,0.0058887727
33081,15,0,0,0,1.0,0.0,0.0
32112,15,0,0,0,1.0,0.0,0.0
31216,10,0,0,0,0.9404777,0.027846644,0.031675607
30549,15,0,1,1,0.18474671,0.6244783,0.19077507
28135,16,0,1,0,0.45871085,0.5326949,0.00859427
31576,27,0,0,0,0.8726492,0.09953478,0.027816063
28354,32,0,0,0,1.0,0.0,0.0
33019,15,1,1,1,0.22754806,0.768809,0.0036429358
32943,47,0,0,0,0.9449507,0.039324876,0.015724361
29452,39,0,0,0,0.98700535,0.012994595,0.0
33610,83,0,1,1,0.41727242,0.5750879,0.00763966
31493,39,0,0,0,0.5128204,0.4871796,0.0
31695,17,0,0,0,0.92844886,0.04556336,0.0259878
28814,73,0,1,0,0.46258402,0.5293293,0.0080866935
29653,97,0,0,0,0.9936392,0.0063608065,0.0
33050,28,0,0,0,0.9847152,0.015284772,0.0
32789,23,0,0,0,1.0,0.0,0.0
30987,23,2,2,2,0.039880186,0.0076058125,0.952514
33812,34,0,0,0,0.9936907,0.0063092653,0.0
28080,55,0,0,0,1.0,0.0,0.0
30285,52,0,0,0,1.0,0.0,0.0
33537,41,0,0,0,1.0,0.0,0.0
30195,35,0,0,0,1.0,0.0,0.0
34371,22,0,1,1,0.119528234,0.88047177,0.0
33395,97,0,0,0,0.99074847,0.009251522,0.0
31752,33,0,0,0,1.0,0.0,0.0
30439,53,0,1,1,0.3944918,0.599526,0.0059822774
31719,8,0,0,0,1.0,0.0,0.0
34502,62,0,0,0,1.0,0.0,0.0
30608,40,2,2,2,0.02599781,0.0043687965,0.9696334
34596,20,0,0,0,1.0,0.0,0.0
29273,68,1,0,0,0.73143244,0.2605827,0.007984926
34772,88,0,0,0,0.8867921,0.032832958,0.08037492
31478,19,0,0,0,0.9697353,0.018630937,0.011633727
28892,18,1,1,1,0.15793402,0.8372874,0.004778556
29023,98,0,0,0,1.0,0.0,0.0
32666,26,0,0,0,1.0,0.0,0.0
34576,55,0,0,0,0.9954698,0.004530206,0.0
34308,91,0,0,0,1.0,0.0,0.0
32568,77,0,0,0,0.9940925,0.0059074443,0.0
32519,14,0,2,0,1.0,0.0,0.0
33597,48,0,1,1,0.16152096,0.83263814,0.0058408934
29556,20,0,0,0,0.9329137,0.021411095,0.045675132
31607,20,1,1,1,0.033736676,0.96190906,0.004354256
31190,52,0,0,0,0.98088014,0.019119915,0.0
33535,80,0,0,0,1.0,0.0,0.0
34777,10,0,0,0,1.0,0.0,0.0
34223,23,0,0,0,1.0,0.0,0.0
31012,58,1,1,1,0.033041593,0.9641052,0.0028531896
29921,74,2,2,2,0.1873384,0.08454669,0.7281149
30006,79,0,0,0,1.0,0.0,0.0
33094,90,2,2,2,0.044677593,0.008361853,0.94696057
31377,33,0,0,0,0.99221706,0.007782929,0.0
28141,42,0,0,0,0.9978829,0.002117073,0.0
33662,73,0,2,0,1.0,0.0,0.0
28457,88,0,0,0,1.0,0.0,0.0
33029,83,0,0,0,0.939077,0.053285178,0.00763781
33528,33,0,0,0,0.993706,0.006294019,0.0
31854,97,0,0,0,1.0,0.0,0.0
29745,63,0,0,0,0.9853798,0.014620197,0.0
33044,21,2,0,0,0.6404712,0.029803116,0.32972568
32758,56,0,0,0,0.6809799,0.037718214,0.28130186
33113,46,0,0,0,0.9503803,0.0496197,0.0
31691,6,0,0,0,0.93678707,0.05386392,0.00934898
31806,77,0,0,0,1.0,0.0,0.0
28090,76,0,0,0,1.0,0.0,0.0
34859,24,0,1,1,0.1994273,0.7951924,0.0053802556
29386,57,0,0,0,0.9944054,0.0055945865,0.0
29411,36,0,0,0,1.0,0.0,0.0
31235,19,0,0,0,1.0,0.0,0.0
32519,96,0,0,0,0.50388235,0.47998652,0.016131133
30091,9,0,0,0,1.0,0.0,0.0
31546,73,0,0,0,1.0,0.0,0.0
29376,35,1,1,1,0.059769154,0.9402309,0.0
31542,51,0,0,0,1.0,0.0,0.0
32702,61,2,2,2,0.13312963,0.021267442,0.84560287
34504,22,0,0,0,1.0,0.0,0.0
32859,10,1,1,1,0.13322848,0.7367132,0.1300584
31748,75,2,2,2,0.11641182,0.0122675095,0.87132066
33801,94,1,1,1,0.05973759,0.93629545,0.0039669713
32284,6,0,0,0,1.0,0.0,0.0
32959,83,0,0,0,1.0,0.0,0.0
30312,69,0,0,0,0.70804983,0.024640495,0.26730964
30201,61,0,0,0,1.0,0.0,0.0
34397,28,0,0,0,1.0,0.0,0.0
31486,64,0,1,1,0.19167438,0.8024786,0.005847015
33376,73,0,2,0,1.0,0.0,0.0
33539,46,0,0,0,1.0,0.0,0.0
28682,1,2,2,2,0.046744406,0.0036108785,0.94964474
29304,3,0,0,0,0.9945096,0.005490438,0.0
28356,28,0,0,0,1.0,0.0,0.0
31903,59,0,0,0,1.0,0.0,0.0
30326,55,0,0,0,0.97653675,0.023463244,0.0
32413,89,0,2,0,1.0,0.0,0.0
30775,47,0,0,0,1.0,0.0,0.0
29123,88,0,0,0,1.0,0.0,0.0
28238,81,0,1,1,0.07870572,0.91418904,0.00710525
33759,29,2,2,2,0.024658488,0.005899174,0.96944237
30518,33,0,0,0,0.98484194,0.0151580665,0.0
33675,14,0,0,0,0.8733743,0.034446415,0.09217932
31062,59,0,0,0,1.0,0.0,0.0
29011,55,0,0,0,0.99265325,0.007346801,0.0
29530,5,0,0,0,1.0,0.0,0.0
34407,42,0,0,0,1.0,0.0,0.0
28454,34,0,0,0,1.0,0.0,0.0
33174,71,0,0,0,1.0,0.0,0.0
28675,7,0,0,0,0.9830929,0.016907144,0.0
31470,81,2,2,2,0.08750912,0.018888662,0.89360225
32259,6,0,0,0,0.81160295,0.1721563,0.016240753
34913,94,0,2,0,1.0,0.0,0.0
30230,4,0,0,0,0.9523662,0.03189473,0.015739096
29212,31,0,0,0,1.0,0.0,0.0
32508,58,0,2,0,1.0,0.0,0.0
30600,63,0,0,0,0.99428993,0.005710037,0.0
34409,63,0,0,0,1.0,0.0,0.0
31863,68,0,0,0,0.895215,0.07950374,0.025281293
28511,53,0,1,1,0.23044418,0.7639172,0.005638582
34756,12,1,1,1,0.030467793,0.96692574,0.0026064813
33209,8,0,0,0,1.0,0.0,0.0
29637,28,0,0,0,1.0,0.0,0.0
29263,89,0,0,0,0.9544623,0.02618378,0.019353896
29025,25,0,0,0,1.0,0.0,0.0
29118,3,0,0,0,1.0,0.0,0.0
33582,91,0,0,0,0.9914626,0.00853741,0.0
33643,25,0,0,0,1.0,0.0,0.0
32320,38,0,2,0,1.0,0.0,0.0
33356,86,0,0,0,1.0,0.0,0.0
29451,88,0,0,0,0.8668121,0.07200725,0.061180636
33901,39,0,0,0,0.99181795,0.008182095,0.0
31186,70,0,0,0,0.97102326,0.020780507,0.008196249
32370,54,0,1,1,0.40647435,0.569702,0.023823611
34267,68,0,0,0,0.76707375,0.22443177,0.008494531
29407,39,0,0,0,1.0,0.0,0.0
28667,64,0,0,0,1.0,0.0,0.0
34124,41,0,0,0,1.0,0.0,0.0
32795,80,0,0,0,1.0,0.0,0.0
30234,87,0,0,0,0.5705454,0.42945468,0.0
34830,82,0,2,2,0.17077065,0.36822975,0.4609996
32641,46,1,1,1,0.024338352,0.97566164,0.0
34172,78,1,1,1,0.11736135,0.88263863,0.0
33768,84,0,0,0,0.5909416,0.040205035,0.36885333
30021,67,2,2,2,0.06695184,0.011628841,0.9214193
34071,69,0,2,2,0.30826563,0.13297254,0.55876184
28317,34,1,1,1,0.05346214,0.94653785,0.0
31492,75,1,1,1,0.039410647,0.9578032,0.0027861488
32579,31,0,0,0,1.0,0.0,0.0
28261,83,0,0,0,1.0,0.0,0.0
33094,80,2,2,2,0.018556422,0.0034976327,0.9779459
28384,91,0,0,0,1.0,0.0,0.0
32421,97,0,0,0,1.0,0.0,0.0
33663,7,0,0,0,1.0,0.0,0.0
31971,80,1,1,1,0.019618526,0.978005,0.0023765112
30387,58,0,0,0,1.0,0.0,0.0
32201,71,0,0,0,1.0,0.0,0.0
31085,19,0,2,2,0.11421768,0.028236203,0.85754615
29995,83,0,0,0,1.0,0.0,0.0
29635,90,2,2,2,0.015419045,0.02195599,0.9626249
33257,82,0,0,0,1.0,0.0,0.0
32840,72,0,0,0,1.0,0.0,0.0
28138,15,1,1,1,0.21622327,0.77647895,0.007297837
28615,70,0,1,1,0.36526418,0.6272322,0.007503601
33963,35,0,0,0,0.9863771,0.013622899,0.0
34090,71,0,0,0,0.9700198,0.020075934,0.009904306
33125,83,1,1,1,0.25923136,0.73379743,0.0069712475
34466,87,1,1,1,0.029274734,0.9707253,0.0
33743,35,0,0,0,1.0,0.0,0.0
32330,95,0,0,0,0.99224275,0.007757247,0.0
32280,95,0,0,0,0.9690344,0.03096562,0.0
29335,38,0,0,0,1.0,0.0,0.0
29374,7,1,1,1,0.05945423,0.9405458,0.0
33108,87,0,0,0,0.9870773,0.0129227545,0.0
28215,38,0,0,0,0.95314443,0.036602836,0.010252737
30127,37,0,0,0,1.0,0.0,0.0
28494,14,0,0,0,0.96329576,0.021997958,0.014706265
32418,45,0,2,0,1.0,0.0,0.0
29355,6,2,2,2,0.074499294,0.017446863,0.9080539
30498,62,0,0,0,1.0,0.0,0.0
30399,67,2,2,2,0.10952828,0.02357459,0.8668971
31140,27,0,0,0,1.0,0.0,0.0
28529,21,1,1,1,0.05527441,0.9395576,0.005167966
33276,55,0,0,0,1.0,0.0,0.0
33228,39,0,0,0,0.995981,0.0040189684,0.0
31438,94,0,0,0,1.0,0.0,0.0
32431,77,0,0,0,0.9915393,0.008460734,0.0
34358,33,0,0,0,0.98775226,0.012247757,0.0
32229,32,0,0,0,1.0,0.0,0.0
29294,73,0,0,0,0.95475966,0.029928232,0.015312165
34587,39,0,0,0,1.0,0.0,0.0
31649,42,0,0,0,0.9887692,0.011230817,0.0
30524,76,1,1,1,0.3033747,0.6904333,0.006192018
33082,62,0,0,0,1.0,0.0,0.0
34694,55,0,0,0,1.0,0.0,0.0
34863,70,0,1,1,0.38713026,0.60329986,0.009569904
33715,57,0,0,0,0.99364674,0.006353271,0.0
34281,72,0,0,0,1.0,0.0,0.0
30469,67,0,0,0,1.0,0.0,0.0
29362,9,0,0,0,1.0,0.0,0.0
34727,9,0,0,0,1.0,0.0,0.0
34405,9,0,0,0,1.0,0.0,0.0
28261,43,0,0,0,1.0,0.0,0.0
32301,25,0,0,0,1.0,0.0,0.0
29555,72,0,0,0,1.0,0.0,0.0
34978,17,0,0,0,1.0,0.0,0.0
31415,99,0,2,2,0.3672695,0.03616745,0.5965631
34665,1,0,1,1,0.058696046,0.9384825,0.002821463
29266,96,0,2,2,0.2411956,0.009126124,0.74967825
32887,20,0,0,0,1.0,0.0,0.0
32275,96,2,1,1,0.24537918,0.64279306,0.11182779
33926,95,0,0,0,1.0,0.0,0.0
33589,8,0,0,0,1.0,0.0,0.0
32733,18,1,1,1,0.27237496,0.7214897,0.006135344
29205,21,0,0,0,0.6297129,0.051888365,0.31839877
32377,35,0,0,0,1.0,0.0,0.0
31889,85,0,0,0,1.0,0.0,0.0
28317,54,0,1,1,0.16988304,0.82489026,0.0052267513
33311,84,1,1,1,0.12717052,0.8686653,0.0041642385
33046,18,2,2,2,0.3446912,0.056513514,0.5987953
28876,73,2,2,2,0.052649237,0.008179439,0.9391713
30835,75,0,1,1,0.030014347,0.9631467,0.006838968
30305,23,2,2,2,0.0134792775,0.019965453,0.96655524
31893,78,0,0,0,1.0,0.0,0.0
33935,62,0,0,0,1.0,0.0,0.0
30138,24,0,0,0,0.8276343,0.16511361,0.0072521823
28976,9,0,0,0,1.0,0.0,0.0
30450,2,1,1,1,0.015419707,0.9790189,0.005561395
32620,19,0,2,2,0.32556644,0.014770778,0.6596628
31167,49,0,2,0,1.0,0.0,0.0
31470,99,2,2,2,0.031198591,0.0037454073,0.965056
28610,85,0,0,0,1.0,0.0,0.0
30687,68,0,2,0,1.0,0.0,0.0
32565,32,0,0,0,1.0,0.0,0.0
34058,39,0,0,0,0.98776513,0.012234912,0.0
28946,28,0,0,0,1.0,0.0,0.0
29393,14,0,0,0,0.76510954,0.19976443,0.03512602
34737,94,0,0,0,0.96821344,0.025158035,0.006628512
30439,2,0,1,1,0.3533871,0.6384163,0.008196633
30979,1,0,2,0,1.0,0.0,0.0
31153,71,0,0,0,1.0,0.0,0.0
28740,52,0,0,0,1.0,0.0,0.0
30695,18,0,0,0,0.95313394,0.031270444,0.015595592
30512,70,0,0,0,0.97678274,0.016808895,0.006408378
34502,4,0,0,0,1.0,0.0,0.0
33250,87,0,0,0,1.0,0.0,0.0
28523,92,0,1,1,0.37620625,0.6169181,0.006875704
28176,78,0,0,0,1.0,0.0,0.0
33707,35,0,0,0,0.9932598,0.006740244,0.0
30048,70,1,1,1,0.059645638,0.9364974,0.0038569556
35026,27,2,2,2,0.10578123,0.008866488,0.8853523
30499,25,0,2,0,1.0,0.0,0.0
31469,20,2,2,2,0.08429592,0.0041342312,0.9115699
29426,35,0,0,0,1.0,0.0,0.0
29604,24,0,0,0,1.0,0.0,0.0
33542,56,0,0,0,1.0,0.0,0.0
29919,53,0,2,0,1.0,0.0,0.0
28828,72,0,0,0,1.0,0.0,0.0
32602,91,0,0,0,1.0,0.0,0.0
29171,87,0,0,0,0.98975885,0.010241166,0.0
31945,34,0,0,0,1.0,0.0,0.0
33855,59,0,2,0,1.0,0.0,0.0
32592,9,0,0,0,1.0,0.0,0.0
29294,54,0,0,0,0.9519708,0.032793704,0.015235476
34385,61,0,1,1,0.24362014,0.7286196,0.02776034
32222,2,2,2,2,0.10399514,0.012611687,0.88339317
30059,41,0,0,0,0.87025744,0.11959984,0.010142714
31940,15,0,2,0,1.0,0.0,0.0
32707,51,1,1,1,0.08274075,0.9172593,0.0
30390,34,0,0,0,1.0,0.0,0.0
33401,16,0,0,0,0.92653984,0.06538686,0.008073339
30750,13,0,0,0,1.0,0.0,0.0
29762,51,0,1,1,0.06444349,0.93224937,0.003307152
29744,40,0,0,0,0.9729852,0.020172613,0.0068422155
33984,61,0,1,1,0.06993199,0.9263044,0.003763661
28710,92,1,1,1,0.10898349,0.88701296,0.004003567
34059,53,0,0,0,0.9758755,0.018224368,0.0059002023
28865,84,0,2,0,1.0,0.0,0.0
29720,11,0,0,0,1.0,0.0,0.0
31168,57,0,0,0,0.98704445,0.012955543,0.0
32953,84,0,1,1,0.13070352,0.69057643,0.17872009
32411,48,0,2,0,1.0,0.0,0.0
33828,75,0,0,0,1.0,0.0,0.0
28066,58,0,0,0,0.7830731,0.15499336,0.061933555
34108,17,0,0,0,0.5994561,0.10636797,0.29417598
29119,79,0,0,0,1.0,0.0,0.0
30465,18,1,1,1,0.038463455,0.9576012,0.0039353543
32528,77,0,0,0,0.989896,0.0101039745,0.0
29739,35,0,0,0,0.9917036,0.008296344,0.0
34808,82,0,0,0,1.0,0.0,0.0
31611,45,0,0,0,1.0,0.0,0.0
30983,12,0,2,0,1.0,0.0,0.0
30998,25,0,0,0,0.9427142,0.044179153,0.013106664
30275,75,0,0,0,1.0,0.0,0.0
29338,72,0,0,0,1.0,0.0,0.0
32364,20,0,1,1,0.084154025,0.91191375,0.00393224
29528,38,0,0,0,1.0,0.0,0.0
34553,74,1,0,0,0.9154902,0.07592116,0.008588629
30342,36,1,1,1,0.06131927,0.9348401,0.003840566
28633,76,1,1,1,0.039034903,0.95671105,0.004254091
30384,58,0,0,0,1.0,0.0,0.0
32609,65,0,2,0,1.0,0.0,0.0
30435,5,1,1,1,0.07538661,0.9200644,0.0045490186
30714,5,0,0,0,0.72553784,0.2662639,0.008198221
34486,94,1,1,1,0.024831017,0.9469767,0.028192302
29228,94,0,0,0,1.0,0.0,0.0
30604,90,2,2,2,0.028945345,0.005379943,0.96567476
31962,70,0,0,0,0.8183881,0.17471203,0.00689989
33840,37,0,0,0,1.0,0.0,0.0
33696,94,0,1,1,0.27133787,0.72331905,0.0053431233
33484,30,0,0,0,0.98368675,0.016313264,0.0
32542,77,0,1,1,0.34902382,0.6509761,0.0
34763,9,0,0,0,1.0,0.0,0.0
31212,12,0,0,0,0.9395249,0.052752867,0.0077222935
34938,58,0,0,0,0.64289933,0.34552655,0.011574141
31856,44,0,0,0,1.0,0.0,0.0
33533,37,0,0,0,1.0,0.0,0.0
30462,76,0,0,0,1.0,0.0,0.0
32759,64,0,0,0,0.4959216,0.021008939,0.48306945
29969,99,1,1,1,0.093753114,0.8930516,0.01319525
29234,95,0,0,0,1.0,0.0,0.0
31670,87,0,0,0,0.9776823,0.02231768,0.0
30208,69,0,2,0,1.0,0.0,0.0
34669,87,0,0,0,0.99463886,0.005361147,0.0
30878,10,0,2,2,0.19669059,0.031277075,0.7720323
30583,74,0,0,0,1.0,0.0,0.0
29183,26,1,1,1,0.1775831,0.8173298,0.0050871144
33855,44,0,0,0,1.0,0.0,0.0
32954,69,0,0,0,0.6387146,0.07020253,0.2910829
33386,66,0,2,2,0.07843388,0.02460738,0.89695877
33845,79,0,0,0,1.0,0.0,0.0
29066,29,0,0,0,0.8535625,0.033730384,0.11270711
32364,77,0,0,0,0.9907128,0.009287193,0.0
34084,68,1,1,1,0.06829354,0.9282699,0.003436607
32189,88,1,0,0,0.5235099,0.24796979,0.22852036
29892,5,0,0,0,1.0,0.0,0.0
32708,3,0,0,0,1.0,0.0,0.0
32790,84,0,0,0,1.0,0.0,0.0
33334,88,0,0,0,1.0,0.0,0.0
30302,86,0,0,0,1.0,0.0,0.0
33885,16,1,1,1,0.16119082,0.8340161,0.004793121
28808,11,0,1,0,0.47766286,0.51496583,0.0073713264
34171,61,0,0,0,0.54285806,0.4491963,0.007945648
32607,65,0,2,0,1.0,0.0,0.0
30312,57,0,0,0,0.9864299,0.013570088,0.0
33810,12,0,0,0,0.8868708,0.07652141,0.03660782
30930,21,0,0,0,0.9032895,0.0434432,0.053267304
29242,42,0,0,0,1.0,0.0,0.0
33830,96,0,0,0,1.0,0.0,0.0
30284,66,0,0,0,1.0,0.0,0.0
32158,36,1,1,1,0.13504042,0.85987896,0.0050805267
29076,36,0,0,0,0.9556371,0.029214859,0.015148035
29684,12,1,1,1,0.021024015,0.9583963,0.020579709
34085,91,1,1,1,0.031426568,0.96857345,0.0
29935,80,2,2,2,0.017684361,0.0037914426,0.9785242
32379,58,1,1,1,0.043962497,0.8538082,0.10222928
33064,87,0,0,0,1.0,0.0,0.0
33605,73,0,1,1,0.41468033,0.57736707,0.007952573
31775,41,1,1,1,0.20174724,0.7929043,0.005348476
30526,53,1,1,1,0.18812987,0.80704355,0.004826632
32806,51,0,2,0,1.0,0.0,0.0
33735,14,0,0,0,1.0,0.0,0.0
31024,26,0,0,0,0.9094875,0.060380578,0.030131929
32630,5,0,0,0,0.92918193,0.054692566,0.016125547
33335,13,0,0,0,1.0,0.0,0.0
32885,55,0,0,0,1.0,0.0,0.0
28964,28,0,0,0,0.9672177,0.032782316,0.0
31616,55,0,0,0,1.0,0.0,0.0
31380,28,0,0,0,0.9823229,0.01767718,0.0
29135,16,0,0,0,1.0,0.0,0.0
33902,65,0,0,0,0.5597919,0.42645228,0.013755814
29802,46,0,0,0,1.0,0.0,0.0
28941,8,0,0,0,1.0,0.0,0.0
33770,53,0,2,0,1.0,0.0,0.0
29418,70,0,0,0,1.0,0.0,0.0
34199,46,0,0,0,0.95596963,0.04403038,0.0
33721,64,0,1,1,0.03869306,0.94956625,0.011740678
29176,75,0,0,0,0.8883864,0.09523174,0.01638186
29470,97,1,1,1,0.072285414,0.9277146,0.0
33405,49,1,1,1,0.13699187,0.85894084,0.004067282
30259,43,0,0,0,0.93351316,0.038352974,0.028133858
29923,36,2,2,2,0.06760681,0.013667629,0.9187256
28086,57,0,0,0,1.0,0.0,0.0
29398,16,0,0,0,0.70648897,0.04881943,0.24469161
33095,9,0,0,0,1.0,0.0,0.0
31572,36,0,0,0,0.970981,0.017114138,0.011904879
32868,46,0,0,0,1.0,0.0,0.0
32291,23,0,0,0,1.0,0.0,0.0
29223,43,0,0,0,1.0,0.0,0.0
31109,0,0,0,0,1.0,0.0,0.0
30383,63,0,0,0,1.0,0.0,0.0
34939,70,0,1,1,0.29106656,0.704004,0.004929427
30933,51,0,0,0,0.69670874,0.047885116,0.25540617
30377,59,0,0,0,1.0,0.0,0.0
29552,42,0,0,0,0.99032587,0.009674145,0.0
33063,2,0,0,0,1.0,0.0,0.0
30504,24,0,0,0,0.97746426,0.014040439,0.008495353
28645,90,0,0,0,1.0,0.0,0.0
34071,23,0,0,0,0.7766034,0.2020397,0.021356935
30959,65,0,0,0,1.0,0.0,0.0
29513,93,0,0,0,1.0,0.0,0.0
33225,95,1,1,1,0.035380527,0.96461946,0.0
33773,1,0,0,0,0.97063357,0.012072624,0.01729382
30828,46,0,0,0,0.9828304,0.017169546,0.0
31588,58,0,1,1,0.43004167,0.56191385,0.008044485
29655,46,0,0,0,0.9572228,0.04277717,0.0
31552,18,1,2,2,0.2394849,0.24501233,0.51550275
29589,0,0,0,0,1.0,0.0,0.0
33891,91,1,1,1,0.09548316,0.9045169,0.0
29250,59,0,2,0,1.0,0.0,0.0
32362,94,0,1,1,0.06473545,0.9313704,0.0038941137
32766,24,0,0,0,1.0,0.0,0.0
30128,60,0,2,2,0.1477423,0.010553102,0.8417046
31530,42,0,0,0,1.0,0.0,0.0
33448,50,0,0,0,1.0,0.0,0.0
34133,57,0,0,0,1.0,0.0,0.0
33746,70,0,0,0,1.0,0.0,0.0
32594,2,0,0,0,1.0,0.0,0.0
29566,76,1,1,1,0.22626442,0.7683855,0.005349977
29402,80,0,0,0,0.5866374,0.18368894,0.22967368
33313,86,1,1,1,0.030771036,0.969229,0.0
30403,36,0,0,0,0.7983444,0.04234911,0.15930651
34270,6,1,1,1,0.16353603,0.8319949,0.004468987
28512,76,0,1,1,0.389554,0.6032354,0.007210589
33965,39,0,0,0,0.9870485,0.012951525,0.0
33881,82,0,1,1,0.33984423,0.6556899,0.0044658636
33514,31,0,0,0,0.95321065,0.030662524,0.016126819
34349,60,0,0,0,0.8841546,0.027599243,0.08824618
29894,20,0,0,0,1.0,0.0,0.0
29848,16,0,0,0,0.8519294,0.13919997,0.008870601
32277,70,0,1,1,0.14598244,0.7236271,0.1303905
30983,60,0,0,0,0.8021381,0.07502132,0.122840606
30768,40,0,0,0,1.0,0.0,0.0
34453,24,0,0,0,0.9744382,0.017998453,0.0075633475
33134,21,0,1,1,0.43404844,0.5580659,0.007885684
28738,62,0,0,0,1.0,0.0,0.0
31742,97,0,0,0,1.0,0.0,0.0
29602,30,0,0,0,1.0,0.0,0.0
30597,88,0,0,0,0.8826524,0.11214806,0.00519957
33193,86,0,0,0,0.9923343,0.0076657194,0.0
29668,89,0,0,0,0.6171902,0.37584388,0.00696593
34211,77,0,0,0,1.0,0.0,0.0
33857,26,2,2,2,0.12780832,0.021643639,0.850548
29525,17,0,0,0,1.0,0.0,0.0
31633,46,0,0,0,1.0,0.0,0.0
29152,95,0,0,0,1.0,0.0,0.0
33972,83,0,0,0,0.9198067,0.04080548,0.03938781
30720,57,1,1,1,0.058851298,0.9411487,0.0
34872,59,0,1,1,0.09895474,0.56803995,0.3330053
32110,93,0,0,0,1.0,0.0,0.0
29346,50,0,0,0,0.9773287,0.022671243,0.0
32262,26,0,1,1,0.3965019,0.59630424,0.007193855
30501,81,0,0,0,0.7829169,0.06688853,0.15019447
34503,32,0,0,0,1.0,0.0,0.0
28577,85,0,0,0,1.0,0.0,0.0
29355,85,0,0,0,1.0,0.0,0.0
30639,16,0,1,1,0.16994685,0.823894,0.0061591044
32635,52,0,0,0,0.6306339,0.3693661,0.0
28082,23,0,0,0,1.0,0.0,0.0
34976,68,1,1,1,0.08957609,0.89548373,0.014940228
28200,0,0,0,0,1.0,0.0,0.0
31067,13,0,0,0,1.0,0.0,0.0
34626,90,2,2,2,0.059994042,0.009897716,0.93010825
34065,52,0,0,0,0.9915778,0.008422179,0.0
32175,48,0,0,0,0.9358594,0.03855084,0.02558979
31740,71,0,2,0,1.0,0.0,0.0
33573,42,0,0,0,1.0,0.0,0.0
32720,58,0,2,2,0.06890379,0.015911222,0.91518503
29653,47,0,0,0,0.96989024,0.020828994,0.009280791
29569,54,1,1,1,0.03039548,0.9667622,0.002842362
31896,22,0,0,0,0.9951051,0.0048949053,0.0
28032,31,1,1,1,0.033016462,0.9639468,0.0030367272
31753,14,0,0,0,0.9052651,0.029904716,0.064830214
34807,85,0,0,0,1.0,0.0,0.0
29655,39,0,0,0,0.94173247,0.05826756,0.0
32134,52,0,0,0,1.0,0.0,0.0
30389,63,0,0,0,1.0,0.0,0.0
29984,80,0,0,0,1.0,0.0,0.0
31754,44,0,0,0,1.0,0.0,0.0
28237,95,0,0,0,0.9904032,0.009596776,0.0
31299,5,1,1,1,0.03565584,0.96098596,0.0033581888
32967,51,0,0,0,1.0,0.0,0.0
31123,34,0,0,0,0.9962638,0.0037361817,0.0
33456,48,0,0,0,1.0,0.0,0.0
34596,71,0,0,0,1.0,0.0,0.0
28707,40,1,1,1,0.03596717,0.96141076,0.0026220665
30121,83,0,0,0,0.85830086,0.029073225,0.1126259
29196,75,1,1,1,0.02557307,0.9717733,0.002653596
34093,73,0,0,0,0.97174555,0.02279388,0.0054605613
29699,98,0,0,0,1.0,0.0,0.0
33012,36,0,0,0,0.9692766,0.01941496,0.0113084465
33399,75,0,0,0,0.9421044,0.04200371,0.015891902
29162,92,0,0,0,0.9690025,0.015806021,0.015191532
32424,28,0,0,0,0.98027706,0.019722898,0.0
28218,40,0,0,0,0.8274314,0.16253838,0.010030293
30681,42,0,0,0,1.0,0.0,0.0
33491,1,0,2,2,0.28524867,0.007366693,0.70738465
33182,68,2,2,2,0.22451276,0.036428913,0.7390584
32468,97,0,0,0,0.99381137,0.0061886664,0.0
33579,45,0,0,0,0.8690222,0.03583663,0.0951412
31392,96,1,1,1,0.087738395,0.90737563,0.0048859715
34212,27,0,0,0,1.0,0.0,0.0
32003,16,0,0,0,1.0,0.0,0.0
29115,88,1,1,1,0.18315497,0.51637095,0.30047405
31279,93,0,0,0,0.97660124,0.018391503,0.0050072554
34367,45,1,1,1,0.17723201,0.81782275,0.0049452474
33164,30,0,0,0,1.0,0.0,0.0
28112,15,2,2,2,0.024247179,0.0037571636,0.97199565
31645,99,0,2,0,1.0,0.0,0.0
31717,64,0,0,0,1.0,0.0,0.0
29905,32,0,0,0,1.0,0.0,0.0
29948,69,0,1,1,0.28093356,0.7130464,0.0060201515
31892,83,0,0,0,0.80808735,0.044449057,0.1474636
33723,28,0,0,0,1.0,0.0,0.0
29995,5,0,0,0,1.0,0.0,0.0
29816,81,0,0,0,1.0,0.0,0.0
33991,21,1,1,1,0.32359245,0.6692076,0.0072000297
33910,15,0,0,0,1.0,0.0,0.0
28721,50,0,0,0,0.995993,0.0040070093,0.0
28322,3,0,1,1,0.095068544,0.9049314,0.0
34705,57,0,0,0,1.0,0.0,0.0
28983,35,0,0,0,0.9659233,0.034076653,0.0
28459,27,0,0,0,1.0,0.0,0.0
33155,4,0,0,0,1.0,0.0,0.0
30587,64,0,0,0,0.76008415,0.057733413,0.18218245
28892,28,1,1,1,0.11601824,0.88398176,0.0
32073,17,1,1,1,0.3694477,0.62323284,0.0073194914
29012,33,0,0,0,0.977648,0.022351956,0.0
32182,29,0,2,2,0.26711744,0.024423206,0.7084594
30999,2,0,0,0,0.92048055,0.06496746,0.01455201
35021,9,0,0,0,1.0,0.0,0.0
33670,37,0,0,0,1.0,0.0,0.0
28405,73,0,0,0,0.8420899,0.044555005,0.11335514
28943,49,0,0,0,1.0,0.0,0.0
33860,63,0,0,0,0.992097,0.007902991,0.0
33847,30,0,0,0,1.0,0.0,0.0
28073,59,0,0,0,1.0,0.0,0.0
33246,10,0,0,0,1.0,0.0,0.0
30803,52,0,0,0,0.99394935,0.006050644,0.0
30214,80,2,2,2,0.018406807,0.004019552,0.97757363
29238,52,0,0,0,1.0,0.0,0.0
33259,9,0,0,0,1.0,0.0,0.0
30148,78,0,0,0,0.6232584,0.37674156,0.0
28465,66,0,0,0,1.0,0.0,0.0
28982,62,0,0,0,0.97963494,0.02036511,0.0
28641,78,0,0,0,1.0,0.0,0.0
34874,17,0,2,2,0.31583214,0.04051512,0.64365274
32186,68,0,0,0,1.0,0.0,0.0
32046,92,2,2,2,0.026902296,0.007831744,0.965266
28037,80,1,1,1,0.03388522,0.9623124,0.0038023859
28626,54,0,1,1,0.15153393,0.8412854,0.0071807033
31974,81,0,1,1,0.0859474,0.90950173,0.004550922
32743,63,0,0,0,0.9789771,0.021022925,0.0
34821,58,0,2,0,1.0,0.0,0.0
30748,77,0,0,0,0.9950751,0.0049249125,0.0
33583,75,2,2,2,0.019631036,0.0031290662,0.9772399
31967,71,1,1,1,0.06656337,0.9299288,0.0035078728
30891,24,0,2,2,0.06743331,0.0051213414,0.92744535
34772,69,0,0,0,0.82797873,0.04990506,0.122116186
33833,97,0,0,0,1.0,0.0,0.0
34372,31,0,1,1,0.042215437,0.9547337,0.0030508777
33620,20,1,1,1,0.014578598,0.98246646,0.0029549785
29648,88,0,0,0,0.9688416,0.024944948,0.0062134545
32945,92,0,0,0,0.91063,0.046523325,0.0428467
29412,39,0,0,0,1.0,0.0,0.0
33193,58,0,0,0,0.8214806,0.026573993,0.15194547
33227,41,0,1,1,0.043149076,0.95269066,0.0041602766
30556,12,0,0,0,1.0,0.0,0.0
32097,17,0,0,0,1.0,0.0,0.0
32046,78,0,0,0,0.99366134,0.0063386783,0.0
30327,83,0,0,0,0.92420936,0.061692018,0.014098619
29617,91,0,0,0,1.0,0.0,0.0
32286,80,0,0,0,1.0,0.0,0.0
31235,91,0,0,0,1.0,0.0,0.0
34105,26,0,2,2,0.22086509,0.044206385,0.73492855
28038,40,1,1,1,0.0632086,0.932156,0.0046354244
34131,97,0,0,0,1.0,0.0,0.0
28999,98,0,1,1,0.3584794,0.6339432,0.0075774034
32934,3,1,1,1,0.050524805,0.94947517,0.0
32208,46,0,0,0,1.0,0.0,0.0
30393,3,0,0,0,1.0,0.0,0.0
34675,49,0,1,1,0.30619544,0.6643236,0.029480988
31659,54,2,2,2,0.039045576,0.0044699744,0.9564845
33391,6,0,0,0,0.97335446,0.02118128,0.005464243
34855,41,1,1,1,0.12701382,0.86614794,0.006838297
32267,87,0,0,0,0.99528813,0.004711897,0.0
32903,63,0,0,0,0.99337804,0.0066219326,0.0
28884,65,0,0,0,0.5045268,0.049790885,0.44568235
28884,0,0,0,0,1.0,0.0,0.0
34211,84,0,0,0,1.0,0.0,0.0
31806,96,0,0,0,1.0,0.0,0.0
31326,62,0,0,0,1.0,0.0,0.0
31408,16,0,0,0,0.9171805,0.039882984,0.04293655
29854,7,0,1,1,0.07047124,0.9295288,0.0
30603,19,0,2,2,0.05928292,0.011254565,0.9294625
28132,78,0,0,0,0.9691951,0.030804921,0.0
33918,19,0,0,0,1.0,0.0,0.0
32086,89,0,0,0,0.6891356,0.108951434,0.20191292
29383,25,1,1,1,0.08064758,0.9151707,0.0041816738
33246,71,0,0,0,1.0,0.0,0.0
28103,20,2,2,2,0.027171765,0.0034246268,0.9694036
28875,87,0,0,0,0.98979616,0.0102038225,0.0
30325,18,0,0,0,0.9546076,0.032768995,0.01262342
34201,13,0,0,0,1.0,0.0,0.0
34636,5,0,0,0,0.9715292,0.019536223,0.0089346245
34918,67,2,2,2,0.064260356,0.011156233,0.92458344
31240,62,0,0,0,1.0,0.0,0.0
28032,98,1,1,1,0.037168458,0.95985633,0.0029752194
31603,69,0,1,1,0.030500686,0.9475337,0.021965599
30640,39,0,0,0,0.9946969,0.00530311,0.0
32787,26,0,0,0,1.0,0.0,0.0
30793,12,2,2,2,0.0207371,0.0030988895,0.97616404
33274,67,0,0,0,1.0,0.0,0.0
28562,25,0,0,0,1.0,0.0,0.0
33273,66,0,0,0,1.0,0.0,0.0
34040,56,0,0,0,1.0,0.0,0.0
33048,57,0,0,0,0.9906802,0.009319831,0.0
29495,27,0,1,1,0.03509587,0.9359599,0.028944243
33937,27,0,0,0,1.0,0.0,0.0
28329,35,0,0,0,0.9899923,0.010007701,0.0
31443,41,0,0,0,1.0,0.0,0.0
30173,49,0,1,1,0.10234439,0.86459816,0.033057507
29652,18,0,2,0,1.0,0.0,0.0
30703,91,0,0,0,0.9927513,0.007248716,0.0
28959,47,0,2,0,1.0,0.0,0.0
31806,95,0,0,0,1.0,0.0,0.0
31852,4,0,0,0,0.9596576,0.027816592,0.012525769
30759,22,0,0,0,1.0,0.0,0.0
29614,8,0,0,0,1.0,0.0,0.0
31382,21,0,0,0,0.9324811,0.055069536,0.012449388
34823,97,0,0,0,0.99384534,0.0061546927,0.0
33199,16,2,2,2,0.030553713,0.0061420132,0.9633043
29788,96,0,0,0,1.0,0.0,0.0
33005,51,0,0,0,0.8631848,0.03939074,0.09742447
33822,68,0,0,0,1.0,0.0,0.0
30344,25,0,0,0,0.68321633,0.3066614,0.010122307
31108,43,0,1,1,0.38245904,0.60955614,0.007984805
28771,54,0,2,0,1.0,0.0,0.0
32677,71,0,0,0,1.0,0.0,0.0
32768,17,0,0,0,0.7276879,0.097293556,0.17501855
30044,21,1,1,1,0.21114793,0.7844025,0.0044496185
28507,21,0,0,0,0.5630959,0.42954445,0.007359643
33411,52,0,1,1,0.06369403,0.93630594,0.0
28856,54,0,0,0,1.0,0.0,0.0
29433,82,0,0,0,1.0,0.0,0.0
28473,29,0,0,0,1.0,0.0,0.0
31544,24,0,0,0,1.0,0.0,0.0
29151,22,0,0,0,0.9871569,0.012843057,0.0
30930,90,1,1,1,0.039665736,0.949765,0.010569225
33789,94,1,1,1,0.12602682,0.87034965,0.0036235254
28899,32,0,0,0,0.8428132,0.1571868,0.0
34086,88,0,0,0,0.9831353,0.015007571,0.0018571693
30800,62,0,0,0,1.0,0.0,0.0
29379,84,1,1,1,0.044051684,0.9532612,0.0026871508
30452,92,0,1,1,0.0511562,0.9418442,0.006999572
31031,40,0,0,0,0.4751154,0.099103704,0.42578095
28123,13,0,0,0,1.0,0.0,0.0
29855,46,0,1,1,0.24384543,0.75615454,0.0
32939,43,0,1,1,0.06033294,0.93555886,0.0041081775
29000,35,0,0,0,0.7118682,0.28813183,0.0
31898,4,0,0,0,1.0,0.0,0.0
30351,5,0,0,0,0.94536954,0.032722984,0.021907447
33468,15,0,0,0,1.0,0.0,0.0
30657,66,0,0,0,1.0,0.0,0.0
30767,58,0,0,0,1.0,0.0,0.0
34653,28,1,1,1,0.052874118,0.9471259,0.0
30469,73,0,0,0,1.0,0.0,0.0
33846,2,0,0,0,0.8565354,0.12107531,0.022389336
33234,47,1,1,1,0.23652403,0.742584,0.020892007
31761,56,0,0,0,0.8426705,0.02434998,0.13297951
31557,41,0,2,0,1.0,0.0,0.0
32331,55,0,0,0,0.99420846,0.0057915505,0.0
29982,16,0,0,0,1.0,0.0,0.0
28785,43,0,0,0,0.9671979,0.01615802,0.01664405
29606,73,0,0,0,1.0,0.0,0.0
34963,58,1,1,1,0.014231764,0.97437537,0.011392873
31862,22,0,0,0,0.9775569,0.022443108,0.0
31048,96,0,0,0,1.0,0.0,0.0
33949,14,0,2,0,1.0,0.0,0.0
34605,21,0,0,0,1.0,0.0,0.0
33275,65,0,0,0,1.0,0.0,0.0
34616,62,0,0,0,1.0,0.0,0.0
30231,82,0,0,0,0.9426561,0.04913835,0.008205479
28134,49,0,1,1,0.40587565,0.5878247,0.006299651
29861,51,0,0,0,0.9039986,0.082275435,0.01372597
28537,13,0,0,0,1.0,0.0,0.0
29039,53,0,0,0,1.0,0.0,0.0
29638,78,0,0,0,0.992342,0.0076579787,0.0
29823,58,2,2,2,0.10831243,0.02389439,0.8677932
31983,84,0,0,0,0.79980636,0.18885793,0.011335728
31511,49,1,1,1,0.049933497,0.94105643,0.009010101
31148,45,0,0,0,1.0,0.0,0.0
32450,24,1,1,1,0.055560365,0.9416506,0.002789029
29012,67,1,1,1,0.043382853,0.9486062,0.00801097
33882,74,0,1,1,0.3554566,0.64016235,0.0043810173
32284,63,0,0,0,0.9683635,0.0316365,0.0
32928,96,1,1,1,0.2949418,0.69718796,0.007870208
31546,1,0,0,0,1.0,0.0,0.0
29922,4,2,2,2,0.15221572,0.027406877,0.8203774
33163,95,0,0,0,1.0,0.0,0.0
30741,23,0,0,0,0.6388524,0.14364825,0.21749933
29615,8,0,0,0,1.0,0.0,0.0
29267,5,0,2,2,0.18909149,0.010217869,0.80069065
31719,49,0,0,0,1.0,0.0,0.0
31269,11,0,0,0,0.5329371,0.1055123,0.3615506
34802,3,0,0,0,1.0,0.0,0.0
28903,69,0,1,1,0.140139,0.8525285,0.0073324037
33418,16,0,1,0,0.45532817,0.5293705,0.015301347
33435,85,0,0,0,1.0,0.0,0.0
33226,48,1,1,1,0.017281223,0.9807217,0.0019970979
31675,18,0,0,0,0.65310466,0.3389558,0.007939612
28580,99,0,0,0,0.76723784,0.19646284,0.036299326
29906,86,0,0,0,1.0,0.0,0.0
29670,88,0,0,0,0.6167412,0.37793902,0.005319844
30953,50,0,0,0,1.0,0.0,0.0
30996,96,0,0,0,0.97106516,0.021189405,0.007745444
31412,58,0,0,0,0.8191819,0.05807457,0.12274353
34807,30,0,0,0,1.0,0.0,0.0
28492,73,0,0,0,0.9790302,0.012947993,0.008021855
30155,11,0,1,1,0.17579632,0.8190984,0.005105345
28436,63,0,0,0,0.99512124,0.0048788055,0.0
34235,97,0,0,0,1.0,0.0,0.0
33853,85,0,0,0,1.0,0.0,0.0
32301,19,0,0,0,1.0,0.0,0.0
31964,3,1,1,1,0.05469319,0.9453068,0.0
29444,20,2,2,2,0.0406053,0.05181313,0.9075816
28273,59,0,0,0,1.0,0.0,0.0
34100,96,0,0,0,0.8197918,0.033340927,0.14686725
32576,8,0,0,0,1.0,0.0,0.0
31815,27,0,0,0,1.0,0.0,0.0
32931,5,1,1,1,0.05531268,0.93753207,0.007155262
30741,33,0,0,0,0.99452347,0.005476523,0.0
29766,70,0,1,0,0.44636932,0.5454698,0.00816078
32136,26,0,2,0,1.0,0.0,0.0
29007,31,1,1,1,0.019382037,0.9787216,0.0018963343
28251,86,0,0,0,1.0,0.0,0.0
34845,95,1,1,1,0.046222553,0.9537775,0.0
33939,73,0,0,0,1.0,0.0,0.0
28261,76,0,0,0,1.0,0.0,0.0
31022,32,0,0,0,0.99550843,0.0044915713,0.0
29563,98,0,1,1,0.33943826,0.6549857,0.0055760685
29103,69,0,1,1,0.030054893,0.9670653,0.002879843
35015,6,0,2,0,1.0,0.0,0.0
34533,47,0,2,0,1.0,0.0,0.0
32470,57,0,0,0,1.0,0.0,0.0
31008,92,1,1,1,0.29481524,0.6981423,0.0070425156
33269,53,0,0,0,1.0,0.0,0.0
32309,64,1,0,0,0.93980294,0.04270075,0.017496323
32262,66,0,0,0,0.56938285,0.42433038,0.0062867776
32684,30,0,0,0,1.0,0.0,0.0
32168,97,0,0,0,0.9907801,0.009219891,0.0
31431,75,0,0,0,1.0,0.0,0.0
32896,65,0,2,0,1.0,0.0,0.0
31648,46,0,0,0,1.0,0.0,0.0
29436,55,0,0,0,1.0,0.0,0.0
34583,10,0,2,2,0.23456249,0.032446656,0.73299086
34665,74,0,1,1,0.12755527,0.8667209,0.0057238317
32073,24,1,0,0,0.56164896,0.43134323,0.0070078084
34442,21,0,0,0,0.97844607,0.01672384,0.004830107
32020,70,0,0,0,1.0,0.0,0.0
33590,89,0,0,0,0.95973814,0.017782953,0.02247896
34447,20,0,0,0,0.95196337,0.02003112,0.02800556
29400,46,0,0,0,1.0,0.0,0.0
30118,6,0,2,0,1.0,0.0,0.0
32270,93,0,1,1,0.29000616,0.7030028,0.006991117
34650,42,0,0,0,0.9121677,0.08783224,0.0
34089,15,1,1,1,0.05656071,0.9394127,0.004026602
33366,9,0,0,0,1.0,0.0,0.0
34714,29,0,0,0,1.0,0.0,0.0
34434,69,2,2,2,0.028298186,0.0046383445,0.9670635
29608,82,0,0,0,1.0,0.0,0.0
32172,75,1,1,1,0.03565821,0.9618173,0.0025243775
33190,97,0,0,0,0.9905141,0.009485927,0.0
29363,28,0,0,0,0.97299427,0.027005704,0.0
28971,33,0,0,0,0.98894113,0.011058887,0.0
33906,55,0,0,0,0.9936813,0.0063187135,0.0
30508,83,0,0,0,0.8721449,0.05823072,0.069624424
33903,17,0,1,1,0.21259107,0.7736992,0.013709732
32805,73,2,2,2,0.019623835,0.0026648152,0.9777114
33417,60,0,0,0,0.9712721,0.019900056,0.008827843
31737,92,0,0,0,0.8825365,0.08049085,0.036972612
28931,4,0,0,0,1.0,0.0,0.0
29157,69,0,2,0,1.0,0.0,0.0
34939,82,0,1,1,0.441605,0.55176383,0.0066311313
31975,25,1,1,1,0.0638466,0.93338615,0.0027672423
34700,70,0,0,0,1.0,0.0,0.0
29972,89,0,1,1,0.13839565,0.8291749,0.032429524
29364,40,0,0,0,0.95507,0.021870056,0.023059953
33252,48,0,0,0,1.0,0.0,0.0
32091,26,0,0,0,1.0,0.0,0.0
31542,3,0,0,0,1.0,0.0,0.0
33635,8,0,0,0,1.0,0.0,0.0
32159,8,0,0,0,1.0,0.0,0.0
30705,64,0,0,0,0.96877235,0.023927063,0.0073005906
32626,31,0,2,2,0.03997495,0.004432599,0.95559245
32908,26,0,0,0,0.7114977,0.038468592,0.25003365
33685,9,0,0,0,1.0,0.0,0.0
30325,87,0,0,0,0.98668027,0.013319738,0.0
31747,8,0,0,0,1.0,0.0,0.0
30211,2,0,2,0,1.0,0.0,0.0
33489,45,0,0,0,0.9689303,0.016317751,0.014751951
33072,80,0,0,0,1.0,0.0,0.0
30923,27,1,1,1,0.027528502,0.96913916,0.0033323423
28606,73,0,1,1,0.3260845,0.6631315,0.010784025
30348,97,0,0,0,0.9536114,0.046388615,0.0
32975,68,0,0,0,1.0,0.0,0.0
34006,7,0,0,0,0.99205214,0.007947843,0.0
31910,62,0,0,0,1.0,0.0,0.0
28048,39,0,0,0,0.9526438,0.047356147,0.0
34916,47,2,2,2,0.09549455,0.025292186,0.8792133
29289,17,0,0,0,0.93910855,0.039038945,0.021852514
34491,38,0,2,2,0.3153683,0.044148467,0.6404832
34080,38,1,1,1,0.06373004,0.93238807,0.0038818875
32995,70,2,2,2,0.09955778,0.013996183,0.88644606
34047,7,0,0,0,0.98894674,0.011053213,0.0
33501,85,0,0,0,1.0,0.0,0.0
33979,0,0,0,0,1.0,0.0,0.0
33546,93,0,0,0,1.0,0.0,0.0
29957,98,1,1,1,0.17327371,0.822035,0.004691284
29596,9,0,0,0,1.0,0.0,0.0
28364,82,0,0,0,1.0,0.0,0.0
34704,93,0,0,0,1.0,0.0,0.0
30909,28,1,1,1,0.03909871,0.96090126,0.0
34816,98,0,2,0,1.0,0.0,0.0
28751,87,0,0,0,1.0,0.0,0.0
33949,33,0,0,0,1.0,0.0,0.0
34359,37,0,0,0,1.0,0.0,0.0
30718,26,1,1,1,0.22473967,0.76939034,0.0058699744
32920,98,0,0,0,0.9396874,0.050782934,0.009529709
34962,73,1,1,1,0.2404325,0.74875736,0.010810177
30832,77,0,0,0,0.99447435,0.005525621,0.0
32283,19,0,0,0,1.0,0.0,0.0
29648,87,0,0,0,0.9928191,0.0071809157,0.0
29073,79,0,0,0,0.9503318,0.038776506,0.010891692
29657,67,0,0,0,0.89626455,0.09304781,0.010687635
30646,3,0,0,0,0.9836885,0.016311528,0.0
29960,13,0,0,0,1.0,0.0,0.0
33324,88,0,0,0,0.92914325,0.052742723,0.018114036
34295,69,0,2,2,0.4403868,0.047520064,0.5120931
34148,61,0,0,0,0.9139589,0.017027427,0.06901368
30702,57,0,0,0,0.99003047,0.009969549,0.0
31042,76,0,0,0,1.0,0.0,0.0
31046,77,0,0,0,1.0,0.0,0.0
30562,48,0,0,0,1.0,0.0,0.0
34072,91,0,0,0,0.9636695,0.03633051,0.0
34098,50,0,0,0,0.99537086,0.0046291007,0.0
31982,73,0,0,0,0.9539834,0.034016334,0.012000235
31701,61,2,2,2,0.25471398,0.020774389,0.7245116
30072,56,0,2,2,0.25002694,0.040486604,0.7094864
28200,3,0,0,0,0.98831177,0.011688251,0.0
31425,67,0,0,0,1.0,0.0,0.0
30400,24,0,2,0,1.0,0.0,0.0
31268,8,0,0,0,1.0,0.0,0.0
34853,90,0,1,1,0.029765163,0.96736133,0.0028734782
29602,27,0,0,0,1.0,0.0,0.0
31331,87,0,0,0,1.0,0.0,0.0
33021,81,1,1,1,0.04960915,0.94760805,0.0027828093
31220,20,0,0,0,1.0,0.0,0.0
34807,2,0,0,0,1.0,0.0,0.0
31285,66,0,0,0,0.95866823,0.034853105,0.00647868
31108,82,0,0,0,0.5779325,0.41590172,0.006165829
32933,83,1,1,1,0.045998003,0.95089954,0.0031024956
30335,88,0,1,1,0.08988836,0.9056471,0.0044645816
33774,37,0,0,0,1.0,0.0,0.0
31357,2,0,2,0,1.0,0.0,0.0
31751,76,0,2,0,1.0,0.0,0.0
29145,39,0,0,0,1.0,0.0,0.0
29063,15,0,2,2,0.07913035,0.016142167,0.9047275
30521,94,0,0,0,0.89220035,0.097285375,0.010514243
28667,16,0,0,0,1.0,0.0,0.0
28954,63,0,0,0,0.981145,0.018855004,0.0
30354,56,0,0,0,0.6279573,0.3064241,0.065618604
34708,2,0,0,0,1.0,0.0,0.0
28673,87,0,0,0,1.0,0.0,0.0
29936,54,0,0,0,0.96195185,0.02742343,0.010624739
30792,72,0,0,0,1.0,0.0,0.0
28225,41,0,1,1,0.044766948,0.9524602,0.0027728325
31213,40,0,0,0,0.74636966,0.24291481,0.010715575
29523,67,0,0,0,1.0,0.0,0.0
31308,76,0,0,0,0.9278853,0.055310607,0.016804123
32173,91,0,0,0,0.9928305,0.0071694856,0.0
30410,66,0,0,0,0.98105216,0.014791803,0.0041559935
33773,28,0,0,0,0.9751876,0.024812404,0.0
30901,63,0,0,0,0.99213976,0.007860261,0.0
34440,81,2,2,2,0.053204976,0.0061704605,0.9406246
30207,98,0,2,0,1.0,0.0,0.0
32779,34,0,0,0,1.0,0.0,0.0
34495,14,0,0,0,1.0,0.0,0.0
31461,72,0,0,0,1.0,0.0,0.0
32987,86,0,0,0,1.0,0.0,0.0
32959,7,0,0,0,1.0,0.0,0.0
34582,24,0,2,2,0.24130316,0.029120032,0.7295768
30746,33,0,0,0,0.99363166,0.006368346,0.0
33273,32,0,0,0,1.0,0.0,0.0
34912,43,0,2,0,1.0,0.0,0.0
29543,29,0,0,0,0.81962645,0.025619427,0.1547541
34989,19,0,0,0,1.0,0.0,0.0
30621,56,0,1,1,0.13954028,0.85650706,0.0039526434
28375,17,0,0,0,1.0,0.0,0.0
28471,48,0,0,0,1.0,0.0,0.0
33238,55,0,0,0,0.99378574,0.0062142564,0.0
29590,41,1,2,2,0.3386611,0.05149344,0.60984546
35029,65,0,0,0,0.97163504,0.02260952,0.0057554757
29308,91,0,0,0,0.9809966,0.01900344,0.0
28779,38,0,0,0,0.96140254,0.020546164,0.01805134
28640,84,0,0,0,1.0,0.0,0.0
28561,66,0,0,0,1.0,0.0,0.0
34691,60,0,0,0,1.0,0.0,0.0
29048,86,0,0,0,0.6068512,0.39314875,0.0
30166,4,0,2,2,0.21837416,0.045661483,0.73596436
29078,43,0,0,0,0.9341583,0.03805527,0.027786424
34862,98,0,0,0,0.5826286,0.40779048,0.009580935
31562,5,2,2,2,0.019977804,0.00323577,0.9767864
30975,90,0,2,0,1.0,0.0,0.0
29558,99,0,0,0,0.8092728,0.055467445,0.13525978
32622,34,0,0,0,0.993836,0.0061640153,0.0
29328,10,0,0,0,1.0,0.0,0.0
33133,60,0,1,1,0.2817719,0.71284515,0.005382965
32086,67,1,1,1,0.22217366,0.7458638,0.031962503
34564,14,1,1,1,0.041634053,0.9554309,0.0029350834
32324,89,0,2,2,0.15115766,0.07232757,0.77651477
31515,68,1,1,1,0.01664374,0.9790628,0.004293449
31004,65,0,1,1,0.32718727,0.6664407,0.0063719884
30593,30,0,0,0,1.0,0.0,0.0
34513,14,0,0,0,1.0,0.0,0.0
28286,60,0,2,0,1.0,0.0,0.0
30142,19,0,1,1,0.34745228,0.6443509,0.008196906
30491,37,0,0,0,1.0,0.0,0.0
34757,43,1,1,1,0.04099289,0.95584637,0.0031607745
29228,14,0,0,0,1.0,0.0,0.0
33807,10,0,0,0,0.9467159,0.038316194,0.01496796
32668,21,0,0,0,1.0,0.0,0.0
31222,7,0,0,0,0.99125165,0.008748303,0.0
31391,91,1,1,1,0.055212118,0.9447879,0.0
32549,14,1,1,1,0.037198577,0.960101,0.0027003768
30308,46,0,0,0,0.986146,0.01385403,0.0
30665,56,0,0,0,1.0,0.0,0.0
28775,81,2,2,2,0.09266889,0.020535326,0.88679576
30606,21,0,0,0,0.9795215,0.015598257,0.0048802746
32755,65,0,0,0,0.9481194,0.030265244,0.021615317
33083,56,0,0,0,1.0,0.0,0.0
28082,60,0,0,0,1.0,0.0,0.0
28728,12,0,2,2,0.24322835,0.01773234,0.7390393
28101,59,2,2,2,0.08917849,0.08038811,0.8304334
34099,44,0,0,0,1.0,0.0,0.0
33044,16,0,0,0,1.0,0.0,0.0
34474,42,0,0,0,0.99295974,0.007040219,0.0
34878,71,0,0,0,0.46889606,0.40367648,0.12742744
30270,10,0,0,0,0.6810381,0.17435452,0.14460742
33165,56,0,0,0,1.0,0.0,0.0
28244,56,0,0,0,0.8079676,0.058883034,0.13314936
31692,29,0,1,1,0.17236385,0.8218274,0.005808777
31299,97,0,1,1,0.06413641,0.93586355,0.0
32361,33,1,1,1,0.06801674,0.9319833,0.0
33164,14,0,0,0,1.0,0.0,0.0
34197,92,0,1,1,0.14889543,0.8348924,0.016212158
28400,8,0,0,0,1.0,0.0,0.0
33495,87,0,0,0,0.9307867,0.069213234,0.0
34306,79,0,0,0,1.0,0.0,0.0
34096,47,0,0,0,0.92857075,0.036023777,0.03540545
28818,4,0,1,1,0.2545696,0.7346451,0.010785256
34086,4,0,0,0,0.8095332,0.1829014,0.0075654145
34549,27,0,0,0,0.91183853,0.06827946,0.019881997
34435,82,0,2,0,1.0,0.0,0.0
28033,70,1,1,1,0.042819336,0.9542758,0.0029049164
34059,76,0,0,0,0.9784261,0.016047494,0.005526431
33196,22,0,0,0,1.0,0.0,0.0
30337,26,1,1,1,0.054436248,0.9423558,0.0032079353
32795,76,0,2,0,1.0,0.0,0.0
28532,59,1,1,1,0.08309915,0.8225308,0.09437006
34706,60,0,0,0,1.0,0.0,0.0
31718,61,0,0,0,1.0,0.0,0.0
29443,34,0,0,0,1.0,0.0,0.0
29762,68,0,1,1,0.06905958,0.9272284,0.0037120823
31105,18,0,1,1,0.38266027,0.609743,0.0075967154
30101,20,0,0,0,1.0,0.0,0.0
33932,47,0,0,0,1.0,0.0,0.0
28898,3,0,0,0,0.7841632,0.21583684,0.0
30744,37,0,0,0,1.0,0.0,0.0
33106,96,0,0,0,0.8970442,0.059862543,0.043093324
32830,85,0,0,0,1.0,0.0,0.0
31666,65,0,0,0,0.9537241,0.01923332,0.027042598
28076,75,0,0,0,1.0,0.0,0.0
33858,52,0,0,0,0.991885,0.008114966,0.0
31702,6,2,2,2,0.352704,0.051165886,0.59613013
30825,37,0,0,0,1.0,0.0,0.0
34364,87,1,1,1,0.06639653,0.93360347,0.0
31229,89,0,0,0,1.0,0.0,0.0
34638,40,0,2,2,0.13390441,0.015563378,0.85053223
30361,45,0,1,1,0.042748425,0.8411233,0.116128325
28765,3,0,0,0,1.0,0.0,0.0
30704,4,0,0,0,0.9452566,0.02750506,0.02723836
28196,89,0,2,0,1.0,0.0,0.0
33166,62,0,0,0,1.0,0.0,0.0
28101,54,2,2,2,0.026040541,0.012447024,0.9615124
33181,14,0,2,0,1.0,0.0,0.0
29218,33,0,0,0,1.0,0.0,0.0
29036,77,0,0,0,1.0,0.0,0.0
28817,75,1,1,1,0.34996074,0.639358,0.010681244
34874,16,0,0,0,1.0,0.0,0.0
32934,35,0,0,0,0.98940027,0.010599733,0.0
30313,49,0,0,0,0.8748555,0.022886254,0.10225822
28317,93,0,1,1,0.22930479,0.76483196,0.005863236
31692,36,0,1,1,0.43829572,0.548517,0.013187288
33146,41,0,0,0,1.0,0.0,0.0
32928,79,1,1,1,0.21570335,0.776894,0.0074026682
33685,14,0,0,0,0.97044396,0.0190038,0.0105522685
33913,1,0,0,0,1.0,0.0,0.0
31832,38,0,0,0,1.0,0.0,0.0
32272,3,0,0,0,0.9738665,0.026133467,0.0
29801,16,0,0,0,1.0,0.0,0.0
34699,98,0,0,0,1.0,0.0,0.0
29415,52,0,0,0,1.0,0.0,0.0
31515,66,1,1,1,0.035088427,0.9546796,0.010231956
32302,28,0,0,0,1.0,0.0,0.0
29888,37,0,0,0,1.0,0.0,0.0
33058,82,0,0,0,1.0,0.0,0.0
32927,60,1,1,1,0.30420864,0.68920064,0.006590729
29436,65,0,0,0,1.0,0.0,0.0
34887,2,0,0,0,1.0,0.0,0.0
34299,54,1,1,1,0.19844763,0.4598732,0.3416792
31386,45,0,1,1,0.38409477,0.61104804,0.004857193
34374,62,1,1,1,0.036948115,0.9630519,0.0
31596,92,1,1,1,0.20228127,0.79251206,0.0052066757
29895,11,0,0,0,1.0,0.0,0.0
33994,66,0,1,1,0.13101037,0.8625383,0.006451401
30972,48,0,2,0,1.0,0.0,0.0
31997,86,0,0,0,1.0,0.0,0.0
28881,89,0,2,2,0.35242075,0.16416949,0.4834098
29793,93,0,0,0,1.0,0.0,0.0
31749,67,0,2,0,1.0,0.0,0.0
32014,76,0,0,0,1.0,0.0,0.0
32578,12,0,0,0,1.0,0.0,0.0
31978,1,1,1,1,0.15301724,0.8417156,0.005267231
30618,34,0,0,0,0.7531465,0.24685352,0.0
33136,29,1,1,1,0.035935003,0.9592766,0.004788378
31143,2,0,0,0,1.0,0.0,0.0
31981,99,1,1,1,0.0591065,0.9364328,0.004460642
30268,41,0,0,0,1.0,0.0,0.0
31610,59,1,1,1,0.086165175,0.9001198,0.013715001
28231,7,0,0,0,0.9934199,0.0065801577,0.0
30794,96,0,2,2,0.05075808,0.009238027,0.94000393
31807,65,0,0,0,1.0,0.0,0.0
33575,96,2,2,2,0.09143408,0.026592774,0.88197315
32229,54,0,2,0,1.0,0.0,0.0
32825,17,0,0,0,0.93835634,0.05329305,0.008350599
28367,18,0,0,0,1.0,0.0,0.0
30146,23,1,1,1,0.26403,0.72679466,0.009175317
32992,6,2,2,2,0.1367141,0.037883822,0.82540214
33560,87,0,0,0,1.0,0.0,0.0
30084,63,0,0,0,1.0,0.0,0.0
29420,51,0,0,0,1.0,0.0,0.0
29552,14,0,2,0,1.0,0.0,0.0
34889,83,0,0,0,1.0,0.0,0.0
34607,83,0,0,0,1.0,0.0,0.0
33684,38,0,0,0,0.97013515,0.023302218,0.0065626353
31015,9,0,0,0,1.0,0.0,0.0
32413,24,0,2,0,1.0,0.0,0.0
28687,70,0,0,0,0.9770733,0.016616922,0.00630971
28934,93,0,0,0,1.0,0.0,0.0
33424,23,0,0,0,0.5877533,0.3985135,0.013733181
34112,83,0,0,0,1.0,0.0,0.0
34416,71,0,0,0,1.0,0.0,0.0
31025,41,0,0,0,0.8917525,0.05384876,0.054398783
31210,88,0,0,0,0.96878415,0.022649692,0.00856615
