tree
version=v4
num_class=1
num_tree_per_iteration=1
label_index=0
max_feature_idx=135
objective=binary sigmoid:1
feature_names=Column_0 Column_1 Column_2 Column_3 Column_4 Column_5 Column_6 Column_7 Column_8 Column_9 Column_10 Column_11 Column_12 Column_13 Column_14 Column_15 Column_16 Column_17 Column_18 Column_19 Column_20 Column_21 Column_22 Column_23 Column_24 Column_25 Column_26 Column_27 Column_28 Column_29 Column_30 Column_31 Column_32 Column_33 Column_34 Column_35 Column_36 Column_37 Column_38 Column_39 Column_40 Column_41 Column_42 Column_43 Column_44 Column_45 Column_46 Column_47 Column_48 Column_49 Column_50 Column_51 Column_52 Column_53 Column_54 Column_55 Column_56 Column_57 Column_58 Column_59 Column_60 Column_61 Column_62 Column_63 Column_64 Column_65 Column_66 Column_67 Column_68 Column_69 Column_70 Column_71 Column_72 Column_73 Column_74 Column_75 Column_76 Column_77 Column_78 Column_79 Column_80 Column_81 Column_82 Column_83 Column_84 Column_85 Column_86 Column_87 Column_88 Column_89 Column_90 Column_91 Column_92 Column_93 Column_94 Column_95 Column_96 Column_97 Column_98 Column_99 Column_100 Column_101 Column_102 Column_103 Column_104 Column_105 Column_106 Column_107 Column_108 Column_109 Column_110 Column_111 Column_112 Column_113 Column_114 Column_115 Column_116 Column_117 Column_118 Column_119 Column_120 Column_121 Column_122 Column_123 Column_124 Column_125 Column_126 Column_127 Column_128 Column_129 Column_130 Column_131 Column_132 Column_133 Column_134 Column_135
feature_infos=[0.10000000149011612:0.99000000953674316] [0:1] [0:1] [0:1] [0:1] [8.9605646280688234e-06:1] [0.72000002861022949:0.94999998807907104] [-2.2304270267486572:4.5799708366394043] [-1.4650466442108154:2.2383532524108887] [-1:1] [-1:1] [-2.2197098731994629:4.5123190879821777] [0.40000000596046448:1.1283930540084839] [0.65454542636871338:1] [0.30887460708618164:0.54773259162902832] [0:1] [0:1] [0.10000000149011612:0.99000000953674316] [0:1] [0:1] [0:1] [0:1] [2.9007594548602356e-06:1] [0.72000002861022949:0.94999998807907104] [-2.2304270267486572:4.5799708366394043] [-1.4650466442108154:2.2383532524108887] [-1:1] [-1:1] [-2.2197098731994629:4.5123190879821777] [0.40000000596046448:1.1283930540084839] [0.65454542636871338:1] [0.30887460708618164:0.54773259162902832] [0:1] [0:1] [0.10000000149011612:0.99000000953674316] [0:1] [0:1] [0:1] [0:1] [2.7974447220913135e-05:1] [0.72000002861022949:0.94999998807907104] [-2.2304270267486572:4.5799708366394043] [-1.4154644012451172:2.2383532524108887] [-1:1] [-1:1] [-2.2197098731994629:4.5123190879821777] [0.40000000596046448:1.1283930540084839] [0.65454542636871338:1] [0.30887460708618164:0.54773259162902832] [0:1] [0:1] [0.10000000149011612:0.99000000953674316] [0:1] [0:1] [0:1] [0:1] [6.3697494624648243e-05:1] [0.72000002861022949:0.94999998807907104] [-2.2304270267486572:4.5799708366394043] [-1.4650466442108154:2.2383532524108887] [-1:1] [-1:1] [-2.2197098731994629:4.5123190879821777] [0.40000000596046448:1.1283930540084839] [0.65454542636871338:1] [0.30887460708618164:0.54773259162902832] [0:1] [0:1] [0.10000000149011612:0.99000000953674316] [0:1] [0:1] [0:1] [0:1] [1.1920928955078125e-07:1] [0.72000002861022949:0.94999998807907104] [-2.2304270267486572:4.5799708366394043] [-1.4650466442108154:2.2383532524108887] [-1:1] [-1:1] [-2.2197098731994629:4.5123190879821777] [0.40000000596046448:1.1283930540084839] [0.65454542636871338:1] [0.30887460708618164:0.54773259162902832] [0:1] [0:1] [0.10000000149011612:0.99000000953674316] [0:1] [0:1] [0:1] [0:1] [5.8809914662560914e-06:0.99999207258224487] [0.72000002861022949:0.94999998807907104] [-2.2304270267486572:4.5799708366394043] [-1.4650466442108154:2.2383532524108887] [-1:1] [-1:1] [-2.2197098731994629:4.5123190879821777] [0.40000000596046448:1.1283930540084839] [0.65454542636871338:1] [0.30887460708618164:0.54773259162902832] [0:1] [0:1] [0.10000000149011612:0.99000000953674316] [0:1] [0:1] [0:1] [0:1] [3.9259593904716894e-05:1] [0.72000002861022949:0.94999998807907104] [-2.2304270267486572:4.5799708366394043] [-1.4650466442108154:2.2383532524108887] [-1:1] [-1:1] [-2.2197098731994629:4.5123190879821777] [0.40000000596046448:1.1283930540084839] [0.65454542636871338:1] [0.30887460708618164:0.54773259162902832] [0:1] [0:1] [0.10000000149011612:0.99000000953674316] [0:1] [0:1] [0:1] [0:1] [1.5894571561148041e-06:1] [0.72000002861022949:0.94999998807907104] [-2.2304270267486572:4.5799708366394043] [-1.4650466442108154:2.2383532524108887] [-1:1] [-1:1] [-2.2197098731994629:4.5123190879821777] [0.40000000596046448:1.1283930540084839] [0.65454542636871338:1] [0.30887460708618164:0.54773259162902832] [0:1] [0:1]
tree_sizes=3386 3495 3481 3483 3483 3482 3494 3482 3487 3492 3498 3496 3491 3487 3496 3505 3493 3496 3502 3497 3489 3490 3507 3504 3495 3493 3504 3477 3491 3494 3508 3489 3490 3514 3485 3480 3505 3492 3483 3493 3491 3503 3502 3495 3509 3519 3501 3505 3489 3502 3473 3498 3507 3494 3493 3499 3508 3487 3494 3500 3493 3493 3492 3502 3466 3485 3493 3486 3490 3493 3488 3493 3475 3498 3500 3505 3479 3484 3516 3522 3474 3509 3491 3482 3494 3508 3502 3497 3500 3475 3494 3473 3490 3492 3507 3483 3498 3469 3464 3502 3515 3530 3495 3473 3474 3484 3502 3500 3449 3512 3489 3515 3489 3492 3514 3471 3512 3459 3512 3457

Tree=0
num_leaves=31
num_cat=0
split_feature=135 120 22 101 101 5 90 119 128 56 119 118 15 119 6 119 0 73 6 110 8 92 119 6 0 0 6 0 56 42
split_gain=52393.4 576.145 411.026 315.554 128.579 150.831 66.3961 65.6391 50.2215 46.7494 36.0728 28.4652 25.462 22.6398 23.0041 19.0827 19.0331 15.5854 15.5836 13.7673 11.7589 10.9086 10.6994 30.5276 28.6751 10.45 10.3347 9.35268 8.82149 9.55568
threshold=1.0000000180025095e-35 1.0000000180025095e-35 0.11795619875192644 1.0000000180025095e-35 1.0000000180025095e-35 0.39477789402008062 0.10082979872822763 0.7215886414051057 -0.75183990597724903 0.074371796101331725 0.72977426648139965 1.0000000180025095e-35 1.0000000180025095e-35 0.8213065266609193 0.87698471546173107 0.75870630145072948 0.84549328684806835 0.081620417535305037 0.77064770460128795 0.14221352338790896 0.28745912015438085 0.32464939355850225 0.8224521577358247 0.8571683168411256 0.82196941971778881 0.80351710319519054 0.83711913228034984 0.79348140954971325 0.1095455400645733 -1.0285905003547666
decision_type=2 2 2 2 2 2 2 2 2 2 2 2 2 2 2 2 2 2 2 2 2 2 2 2 2 2 2 2 2 2
left_child=3 4 10 8 11 -6 15 21 12 -9 18 -2 -1 14 -11 -4 -15 19 -3 22 -14 -5 23 27 -24 -13 -27 -12 29 -17
right_child=1 2 6 7 5 -7 -8 9 -10 13 17 25 20 16 -16 28 -18 -19 -20 -21 -22 -23 24 -25 -26 26 -28 -29 -30 -31
leaf_value=0.016918097433243837 0.12204514167558947 0.11251974150283725 0.21169548373374802 0.19309827007578023 0.016918097433243837 0.19090288824495738 0.21730409320260211 0.049804466415061852 0.018438119879925344 0.10414635612570734 0.081313921834837904 0.12207990590979659 0.031035294193617696 0.046036460779631444 0.20334130336895098 0.14203155336779869 0.096984474341528321 0.1502250299238849 0.20754198166897858 0.036994442687858439 0.045598590654121848 0.10817421222694663 0.041501377336853565 0.20281018312411991 0.12832440636058506 0.18844415397752406 0.15230324987070265 0.16032056353763396 0.19617118006373147 0.18249620262594171
leaf_weight=299.60631501674652 136.97711825370789 5.2300354242324856 108.58549737930298 12.203415989875795 12.950563907623289 326.75268936157227 6888.2057030200958 159.64060509204865 5394.6570154428482 36.112149357795715 13.199613213539129 20.920141696929932 768.56615805625916 32.62545907497406 6.9733805656433097 17.184402108192444 41.840283393859863 62.26232647895813 24.655881285667419 4.9809861183166495 169.10447871685028 5.4790847301483145 12.203415989875792 13.448662519454954 43.085529923439026 25.65207850933075 86.420109152793884 5.230035424232482 111.57408905029297 96.631130695343018
leaf_count=1203 550 21 436 49 52 1312 27658 641 21661 145 53 84 3086 131 28 69 168 250 99 20 679 22 49 54 173 103 347 21 448 388
internal_value=0.12349 0.210521 0.214367 0.0227722 0.1638 0.18427 0.216248 0.0733828 0.0205219 0.0674246 0.140632 0.138043 0.0296073 0.0913537 0.120201 0.194476 0.0746628 0.1309 0.190913 0.117842 0.0336617 0.166784 0.122462 0.145532 0.109161 0.15452 0.160576 0.103735 0.186181 0.176387
internal_weight=14943 8016.15 7406.48 6926.81 609.673 339.703 7222.18 294.874 6631.93 277.192 184.296 269.969 1237.28 117.551 43.0855 333.975 74.4657 154.411 29.8859 92.1482 937.671 17.6825 87.1673 31.8783 55.2889 132.992 112.072 18.4296 225.39 113.816
internal_count=60000 32187 29739 27813 2448 1364 28999 1184 26629 1113 740 1084 4968 472 173 1341 299 620 120 370 3765 71 350 128 222 534 450 74 905 457
is_linear=0
shrinkage=1


Tree=1
num_leaves=31
num_cat=0
split_feature=118 73 120 128 120 85 39 9 15 101 101 120 39 8 6 119 34 119 119 0 6 17 124 128 56 17 79 119 84 102
split_gain=46704.3 1101.07 233.612 125.065 85.5146 85.1241 73.3741 66.8981 54.9176 54.5681 44.2948 43.5796 34.911 32.585 28.2435 36.4002 25.5144 19.9328 16.3 38.4988 31.4938 17.8407 14.6099 14.4567 11.1123 10.9178 12.3552 12.152 10.5423 13.3611
threshold=1.0000000180025095e-35 0.085450042039155974 1.0000000180025095e-35 -0.75183990597724903 1.0000000180025095e-35 0.71694710850715648 0.13240957260131839 0.35206137597560888 1.0000000180025095e-35 1.0000000180025095e-35 1.0000000180025095e-35 1.0000000180025095e-35 0.089773289859294905 0.28745912015438085 0.82288038730621349 0.71691182255744945 0.61718398332595836 0.77130869030952465 0.8213065266609193 0.82871991395950328 0.8571683168411256 0.67892116308212291 0.046201866120100028 -0.49999997019767756 0.1095455400645733 0.88451123237609874 0.5591036081314088 0.8213065266609193 1.0000000180025095e-35 0.73381945490837108
decision_type=2 2 2 2 2 2 2 2 2 2 2 2 2 2 2 2 2 2 2 2 2 2 2 2 2 2 2 2 2 2
left_child=3 5 7 4 8 14 17 10 -1 23 -3 -7 25 -10 15 -2 -11 -4 20 -20 21 -14 -21 -5 -19 27 -27 -13 -25 -30
right_child=1 2 6 9 -6 11 -8 -9 13 16 -12 12 18 -15 -16 -17 -18 24 19 22 -22 -23 -24 28 -26 26 -28 -29 29 -31
leaf_value=-0.10085309885255236 0.053928757356966894 0.030062585850283777 0.082140882662761705 -0.092611537199535215 0.091070826556635509 -0.10238712059349929 0.089867783064712881 -0.10131571975727936 -0.081094343609487252 0.027327603391605872 0.064390018092969112 -0.025925906946702538 -0.083013943613149191 -0.059259013774460502 0.081721897853790859 -0.053894775365462638 -0.072448025015505776 0.046884525962355483 -0.059632061503811208 -0.015861154393297671 0.066600160188723431 0.0069569272840318153 0.027051035901372616 -0.10032972700406513 0.069152045754541133 -0.058261510813450802 0.03283431455119018 -0.072036671693671797 -0.026638431079209129 -0.090423000208286183
leaf_weight=300.72848868370056 21.073971420526505 132.19593705236912 129.59367527067661 795.09020714461803 7.1736154258251181 15.238042801618574 6821.6512359678745 6.9971617460250846 832.33501653373241 6.7165721058845511 325.02966070175171 23.929023340344429 6.7310425341129294 214.99198369681835 28.284351021051407 12.452545657753943 139.15374761819839 117.35794557631016 32.684103384613991 41.1203952729702 21.578977063298225 30.373116791248322 38.317303478717804 4508.5884384959936 107.20927338302135 6.4873310327529898 8.7324804067611677 35.465043634176254 8.7492562830448133 133.23867425322533
leaf_count=1203 85 532 524 3181 29 61 27610 28 3331 27 1312 96 27 861 114 50 557 473 131 165 87 122 154 18036 433 26 35 142 35 533
internal_value=1.36842e-05 0.0826721 0.086492 -0.0947308 -0.0811036 -0.00782957 0.0887158 0.052117 -0.0820198 -0.0980336 0.0544651 -0.0203394 -0.015245 -0.0766121 0.0449244 0.0138805 -0.0678539 0.0665261 -0.00278106 -0.0139555 0.0185692 -0.00936463 0.00483783 -0.0988421 0.0575151 -0.0437774 -0.0059946 -0.0534593 -0.0999073 -0.0864926
internal_weight=14909.3 7962.5 7640.03 6946.77 1355.23 322.468 7175.81 464.223 1348.06 5591.54 457.226 260.657 245.419 1047.33 61.8109 33.5265 145.87 354.161 170.805 112.122 58.6831 37.1042 79.4377 5445.67 224.567 74.6139 15.2198 59.3941 4650.58 141.988
internal_count=60000 32207 30912 27793 5424 1295 29040 1872 5395 22369 1844 1046 985 4192 249 135 584 1430 686 450 236 149 319 21785 906 299 61 238 18604 568
is_linear=0
shrinkage=0.05


Tree=2
num_leaves=31
num_cat=0
split_feature=135 120 22 101 101 5 90 119 128 56 119 15 119 57 118 119 6 19 73 110 51 0 0 40 8 59 111 119 6 0
split_gain=43070.7 475.841 349.104 256.476 97.9848 123.86 57.5057 53.9702 39.1647 38.0136 30.5491 19.8858 18.4985 22.9554 17.7818 16.5096 14.0868 13.3185 13.0937 12.0143 10.3413 9.47433 9.56291 9.36798 9.01995 8.96635 14.5738 8.76057 25.5956 23.8643
threshold=1.0000000180025095e-35 1.0000000180025095e-35 0.11795619875192644 1.0000000180025095e-35 1.0000000180025095e-35 0.39477789402008062 0.10082979872822763 0.7215886414051057 -0.75183990597724903 0.074371796101331725 0.72977426648139965 1.0000000180025095e-35 0.80682674050331127 0.83780741691589367 1.0000000180025095e-35 0.75870630145072948 0.77064770460128795 1.0000000180025095e-35 0.081620417535305037 0.14221352338790896 0.72157108783721935 0.80351710319519054 0.85567680001258861 0.77501845359802257 0.28745912015438085 -1.0938024520874021 0.95642799139022838 0.8224521577358247 0.8571683168411256 0.82196941971778881
decision_type=2 2 2 2 2 2 2 2 2 2 2 2 2 2 2 2 2 2 2 2 2 2 2 2 2 2 2 2 2 2
left_child=3 4 10 8 14 -6 15 23 11 -9 16 -1 13 20 -2 -4 -3 -14 19 27 -11 -16 -23 -5 -13 26 -17 28 -12 -29
right_child=1 2 6 7 5 -7 -8 9 -10 12 18 24 17 -15 21 25 -18 -19 -20 -21 -22 22 -24 -25 -26 -27 -28 29 -30 -31
leaf_value=-0.095974551969849484 0.0024636271274882759 -0.012405397313586248 0.081176972542205406 -0.018364959820428125 -0.095928681533612448 0.061620620473537759 0.086392684392101654 -0.066394999833364721 -0.09461975049333507 -0.071395447181309343 -0.018145631011580676 -0.083492082128473533 -0.075859208917076357 0.050297071862473855 -0.0027683268630549658 -0.033545424787376571 0.078131305123037481 -0.029949595349381509 0.024377847369319923 -0.080749303860593535 0.0034465756002947674 0.05274508017547877 0.02253232976570245 0.062771489491068241 -0.070760398773371258 0.060340442156330582 0.05719411942019971 -0.074609826730954454 0.072949715270233126 0.0044863893485160089
leaf_weight=300.22091124951839 137.42325554788113 5.2184893041849163 106.68068891763687 4.9579450786113766 12.976582944393156 322.71322107315063 6753.9560645669699 160.21885251998901 5406.4780682623386 9.2330688983201998 18.444298982620243 771.01533573865891 20.984697997570038 14.366546452045439 20.880357533693314 6.9028388410806683 24.314821735024452 63.907383054494858 62.003944382071495 4.9963477253913871 9.2291076928377134 42.058359488844872 69.42132468521595 12.595413431525229 169.74092558026314 203.60731638967991 12.327764943242071 12.248993113636969 13.250823825597761 43.059433788061142
leaf_count=1203 550 21 436 20 52 1312 27658 641 21661 37 74 3086 84 58 84 28 99 256 250 20 37 170 280 51 679 827 50 49 54 173
internal_value=2.45496e-05 0.0800853 0.0836336 -0.0907549 0.0374985 0.0555303 0.0853976 -0.0451748 -0.092781 -0.0505448 0.0155518 -0.0847704 -0.0289726 0.00290005 0.0150615 0.0650018 0.0621336 -0.0412981 0.00661878 -0.00535006 -0.0339825 0.0281414 0.0339308 0.0398545 -0.0811949 0.0572581 0.0246231 -0.00102011 0.0199387 -0.0130308
internal_weight=14815.4 7872.48 7267.01 6942.95 605.473 335.69 7083.47 295.493 6647.46 277.94 183.537 1240.98 117.721 32.8287 269.783 329.519 29.5333 84.8921 154.004 91.9999 18.4622 132.36 111.48 17.5534 940.756 222.838 19.2306 87.0035 31.6951 55.3084
internal_count=60000 32187 29739 27813 2448 1364 28999 1184 26629 1113 740 4968 472 132 1084 1341 120 340 620 370 74 534 450 71 3765 905 78 350 128 222
is_linear=0
shrinkage=0.05


Tree=3
num_leaves=31
num_cat=0
split_feature=135 120 56 101 101 9 39 119 74 128 119 85 56 15 119 17 119 6 118 17 6 107 68 120 76 42 113 17 104 62
split_gain=39256.3 446.164 324.591 235.749 90.0787 112.738 58.8447 49.6709 42.6477 36.8209 33.9047 25.5962 21.3813 18.667 18.6395 20.8986 16.3669 16.3519 16.1333 15.3314 18.4349 13.7317 13.3049 11.1526 10.3224 11.629 9.77379 11.2137 9.69936 9.36457
threshold=1.0000000180025095e-35 1.0000000180025095e-35 0.1095455400645733 1.0000000180025095e-35 1.0000000180025095e-35 0.55557021498680126 0.1013208217918873 0.79898613691329967 0.83458757400512706 -0.75183990597724903 0.70916947722435009 0.71694710850715648 0.074371796101331725 1.0000000180025095e-35 0.81879276037216198 0.8198085129261018 0.78162270784378063 0.79899394512176525 1.0000000180025095e-35 0.66498184204101574 0.8571683168411256 0.1043694131076336 0.76301717758178722 1.0000000180025095e-35 0.089697774499654784 -1.0216603279113767 2.0270020961761479 0.8036966621875764 1.0000000180025095e-35 0.51189815998077404
decision_type=2 2 2 2 2 2 2 2 2 2 2 2 2 2 2 2 2 2 2 2 2 2 2 2 2 2 2 2 2 2
left_child=3 4 6 9 18 -6 14 8 10 13 -5 -8 -9 -1 17 -16 -10 -3 -2 20 -13 -4 -12 -14 25 -21 27 -20 -25 -24
right_child=1 2 21 7 5 -7 11 12 16 -11 22 19 23 -15 15 -17 -18 -19 26 24 -22 -23 29 28 -26 -27 -28 -29 -30 -31
leaf_value=-0.091767289465458451 0.0023405835553288487 -0.016741076008252972 0.073410294313544885 0.043869636101673049 0.059067413622470026 -0.091727534783719908 0.074190470335505285 -0.06861289430958098 0.068570591987243953 -0.090445350368359517 -0.072636490290081138 -0.091952582714524278 -0.096205842997631991 -0.077407383923949233 -0.073414660833547946 -0.0012547164262450379 -0.018155208780835413 0.045201937379443217 -0.01602041530045074 0.016029058790655956 0.033092732995277589 0.083540174740828602 0.0301600417971329 -0.059075096523665216 -0.025562650610665868 0.049763598516752078 0.057674292087490531 0.027706012962650368 -0.020801331778858456 -0.060961046952443781
leaf_weight=298.32943913340569 137.4153778553009 16.344308018684387 352.78855131566525 10.840711355209349 319.90032052993774 12.894264876842497 61.595165714621544 126.50841188430786 18.511407896876339 5373.9542126655579 30.428590402007103 4.9254381358623487 7.2358379811048499 937.52023838460445 13.470722973346708 39.32624925673008 7.7042738348245612 30.603777959942818 17.404113277792931 31.812642782926559 7.3395423889160156 6469.2649922072887 6.4858009666204435 22.944045424461365 5.6624112725257865 129.70114985108376 21.485493928194046 93.070719063282013 59.427794635295868 4.9881527423858643
leaf_count=1203 550 66 1460 44 1312 52 254 507 75 21661 122 20 29 3765 54 158 31 125 70 129 30 26892 26 92 23 528 87 377 238 20
internal_value=3.32372e-05 0.0771624 0.0806374 -0.0867037 0.0358263 0.0532248 0.0330146 -0.0429772 -0.00903829 -0.0886557 -0.0349451 0.0463803 -0.0553769 -0.0808738 0.000716195 -0.0196657 0.0430836 0.0236374 0.0143316 0.0368341 -0.0171237 0.0830163 -0.0553355 -0.0366903 0.0407927 0.0431191 0.0268183 0.0208174 -0.0314622 -0.00945367
internal_weight=14669.9 7765.01 7162.83 6904.88 602.17 332.795 340.781 295.075 78.9589 6609.8 52.7433 241.036 216.116 1235.85 99.7451 52.797 26.2157 46.9481 269.376 179.441 12.265 6822.05 41.9025 89.6077 167.176 161.514 131.96 110.475 82.3718 11.474
internal_count=60000 32187 29739 27813 2448 1364 1387 1184 318 26629 212 984 866 4968 403 212 106 191 1084 730 50 28352 168 359 680 657 534 447 330 46
is_linear=0
shrinkage=0.05


Tree=4
num_leaves=31
num_cat=0
split_feature=135 120 22 101 101 5 119 39 23 128 119 39 119 56 15 119 0 119 23 119 118 23 51 119 17 8 120 51 23 119
split_gain=35899.1 421.428 307.646 218.943 83.0768 102.84 44.9425 42.2606 38.9535 35.3684 30.3739 23.5161 20.4793 19.5639 18.8869 16.8696 19.8022 15.711 15.4346 17.1099 14.6448 13.2923 18.5226 11.6464 12.1599 10.3353 10.192 9.86376 9.63471 9.16438
threshold=1.0000000180025095e-35 1.0000000180025095e-35 0.12552670389413836 1.0000000180025095e-35 1.0000000180025095e-35 0.39477789402008062 0.79898613691329967 0.1013208217918873 0.83777686953544628 -0.68322628736495961 0.70916947722435009 0.13240957260131839 0.74040210247039806 0.074371796101331725 1.0000000180025095e-35 0.81879276037216198 0.81951323151588451 0.78162270784378063 0.8571683168411256 0.72566989064216625 1.0000000180025095e-35 0.82849273085594188 0.72600188851356517 0.77765810489654552 0.66498184204101574 0.28745912015438085 1.0000000180025095e-35 0.7887341082096101 0.77905100584030162 0.78162270784378063
decision_type=2 2 2 2 2 2 2 2 2 2 2 2 2 2 2 2 2 2 2 2 2 2 2 2 2 2 2 2 2 2
left_child=3 4 7 9 20 -6 8 15 10 14 -5 29 -9 -8 -1 18 -17 -10 19 28 -2 22 -14 -23 -25 -16 -15 -12 -3 -4
right_child=1 2 11 6 5 -7 13 12 17 -11 27 -13 21 26 25 16 -18 -19 -20 -21 -22 23 -24 24 -26 -27 -28 -29 -30 -31
leaf_value=-0.088169871693751289 0.0022236833902809462 -0.0095196904677077657 0.076052022001924999 0.042809815514053766 -0.088070270543340559 0.056700015018568764 -0.065457946473193668 0.072936672620101367 0.073597522098565488 -0.086947879148058294 -0.058573763407520053 0.080655600960070753 -0.076887421275674425 -0.091970661619911923 -0.076836265780876059 -0.070533168347522088 -0.00059321304467611544 -0.014361181917937013 0.066533048297725453 -0.02907753830974967 0.025564952007043673 0.082031306367852941 0.021557887363744737 -0.041970408807317339 0.038857356616781663 -0.063441268363131423 -0.029902333515475596 0.014515315673325056 0.074054338844555395 0.05565465514198667
leaf_weight=341.73304577171803 137.40750981867313 5.4393433034420005 95.140940323472023 11.022080838680266 12.761466979980467 316.67608118057251 125.9879399985075 39.692446649074554 15.906933158636095 5157.6692832261324 39.083415910601616 6531.6695683449507 5.6600527465343466 7.1916040033102027 876.07431164383888 13.65738123655319 39.080030739307404 7.4565206915140143 13.979683533310888 17.939380526542664 131.52514305710793 15.023249775171278 30.662882402539253 4.9132652282714835 87.894732266664505 172.3327833712101 82.337069496512413 5.2343507707118979 9.4222555756568891 130.73880292475224
leaf_count=1392 550 22 399 45 52 1312 507 166 65 20997 157 27640 23 29 3546 55 157 30 58 72 534 62 125 20 359 694 330 21 39 542
internal_value=4.02692e-05 0.0745433 0.0779669 -0.0831441 0.0342591 0.051092 -0.0409497 0.0269277 -0.00861215 -0.0850401 -0.0314679 0.0801071 0.0411343 -0.0527588 -0.0779618 0.00068304 -0.0187055 0.0455252 0.0225404 0.00379089 0.013639 0.0323776 0.00621756 0.0411896 0.0345783 -0.0746345 -0.0348881 -0.0499412 0.0434663 0.0642461
internal_weight=14481.3 7639.28 7040.91 6842.03 598.37 329.438 294.22 283.365 78.7033 6547.81 55.3398 6757.55 183.847 215.517 1390.14 99.5181 52.7374 23.3635 46.7807 32.801 268.933 144.154 36.3229 107.831 92.808 1048.41 89.5287 44.3178 14.8616 225.88
internal_count=60000 32187 29739 27813 2448 1364 1184 1158 318 26629 223 28581 755 866 5632 403 212 95 191 133 1084 589 148 441 379 4240 359 178 61 941
is_linear=0
shrinkage=0.05


Tree=5
num_leaves=31
num_cat=0
split_feature=135 120 22 101 101 5 22 85 128 90 119 6 102 119 15 87 119 6 119 107 118 6 0 76 26 8 84 102 113 0
split_gain=32925.3 400.758 291.88 205.146 76.8456 93.9899 48.0423 41.8354 34.2213 32.9827 20.0191 19.4416 19.4157 18.5919 18.2137 17.3074 15.571 15.5384 15.2712 13.8837 13.29 13.2328 12.3445 11.687 11.1223 9.78305 9.59241 12.6128 8.97784 10.1945
threshold=1.0000000180025095e-35 1.0000000180025095e-35 0.12999680638313296 1.0000000180025095e-35 1.0000000180025095e-35 0.39477789402008062 0.11410588026046754 0.69910541176795971 -0.68322628736495961 0.054688114672899253 0.8213065266609193 0.8571683168411256 0.71672436594963085 0.72977426648139965 1.0000000180025095e-35 1.0000000180025095e-35 0.8213065266609193 0.79899394512176525 0.70916947722435009 0.1043694131076336 1.0000000180025095e-35 0.87698471546173107 0.84336730837821972 0.089697774499654784 0.98611509799957286 0.28745912015438085 1.0000000180025095e-35 0.73381945490837108 2.0270020961761479 0.80351710319519054
decision_type=2 2 2 2 2 2 2 2 2 2 2 2 2 2 2 2 2 2 2 2 2 2 2 2 2 2 2 2 2 2
left_child=3 4 6 8 20 -6 10 17 14 -9 11 13 -8 -3 -1 -12 21 18 -5 -4 -2 -11 -18 -14 -15 -16 -10 -28 29 -22
right_child=1 2 19 7 5 -7 12 9 26 16 15 -13 23 24 25 -17 22 -19 -20 -21 28 -23 -24 -25 -26 -27 27 -29 -30 -31
leaf_value=-0.084948565734657908 0.0021126238429663509 0.044554118657741365 0.068147961331843948 0.029721719625407178 -0.084860814817131452 0.054493380039387952 0.074359203051004283 -0.058630240495115296 -0.084099359907227153 -0.0095197068570668127 -0.061186243621925068 0.067265182339632176 0.039476126930155009 -0.0013805739592867476 -0.073728388501293762 0.00025651220613365049 -0.062964615321976655 0.060023976617601296 -0.083128839315898442 0.07842458758613291 -0.016509439738034658 0.072396206050584444 -0.018760766888900531 -0.029638841043620558 -0.078440637769633809 -0.060652017500689187 -0.012027627697468662 -0.074626056115619024 0.0541104982621377 0.025217096256982624
leaf_weight=337.07283966243267 137.39969022572041 18.327793598175049 346.97490805387497 7.0561813563108462 12.586252450942991 313.11514616012573 43.596850901842117 165.94076457619667 4951.396684512496 30.758991032838821 14.814037427306173 19.548137634992599 154.29764783382416 16.931763231754307 867.56442487239838 50.64028736948967 27.047059327363968 13.140389978885649 5.2122361958026886 6226.1249404847622 17.391496047377586 5.8711169362068167 37.961928501725197 6.3689255416393271 6.4724399149417868 171.27138774096966 8.5804617404937726 129.384441614151 21.256342872977257 92.457478821277618
leaf_count=1392 550 76 1482 29 52 1312 186 671 20429 124 60 82 637 68 3546 204 109 54 21 26892 70 24 152 26 26 694 35 533 87 377
internal_value=4.60613e-05 0.072184 0.0755751 -0.0799911 0.0327823 0.0491082 0.0297619 -0.0390696 -0.0818456 -0.0448917 0.00557847 0.0261163 0.0447664 0.00684129 -0.0748494 -0.0136496 -0.0224616 0.0222432 -0.0182228 0.0778821 0.0129787 0.00360987 -0.0371518 0.0367364 -0.0226916 -0.0715725 -0.083737 -0.0707329 0.0243665 0.0186109
internal_weight=14256.6 7498.3 6904.1 6758.26 594.206 325.701 330.998 292.989 6465.27 267.58 126.734 61.2801 204.263 41.732 1375.91 65.4543 101.639 25.4088 12.2684 6573.1 268.505 36.6301 65.009 160.667 23.4042 1038.84 5089.36 137.965 131.105 109.849
internal_count=60000 32187 29739 27813 2448 1364 1365 1184 26629 1080 516 252 849 170 5632 264 409 104 50 28374 1084 148 261 663 94 4240 20997 568 534 447
is_linear=0
shrinkage=0.05


Tree=6
num_leaves=31
num_cat=0
split_feature=118 22 120 128 119 120 39 26 84 15 6 101 119 102 120 8 124 104 119 119 128 68 6 17 102 12 59 128 119 17
split_gain=29814.2 762.982 182.809 91.3383 57.4895 55.9709 50.2279 42.9222 41.0842 39.9302 32.345 30.1693 27.9232 26.0348 24.5156 22.4383 20.4887 17.0888 14.613 13.8202 13.7147 12.8612 11.8368 11.6963 12.8654 9.75825 9.48176 12.5878 9.33704 10.9237
threshold=1.0000000180025095e-35 0.11795619875192644 1.0000000180025095e-35 -0.75183990597724903 0.79898613691329967 1.0000000180025095e-35 0.13240957260131839 0.29012924432754522 1.0000000180025095e-35 1.0000000180025095e-35 0.8256819248199464 1.0000000180025095e-35 0.71691182255744945 0.7080698311328889 1.0000000180025095e-35 0.28745912015438085 0.046201866120100028 1.0000000180025095e-35 0.77130869030952465 0.75870630145072948 -0.49999997019767756 0.76301717758178722 0.77064770460128795 0.82986658811569225 0.82453900575637828 0.65512958168983471 -1.0938024520874021 0.94693014025688182 0.8213065266609193 0.82460802793502819
decision_type=2 2 2 2 2 2 2 2 2 2 2 2 2 2 2 2 2 2 2 2 2 2 2 2 2 2 2 2 2 2
left_child=3 4 7 5 10 9 19 11 20 -1 12 -3 22 25 -6 -11 17 -16 -12 -4 -5 -14 -2 24 -18 -10 27 -21 -19 -30
right_child=1 2 6 8 14 -7 -8 -9 13 15 18 -13 21 -15 16 -17 23 28 -20 26 -22 -23 -24 -25 -26 -27 -28 -29 29 -31
leaf_value=-0.082047777963426494 -0.011705564096194073 0.023728992800297236 0.070933066679738421 -0.074378636533786902 -0.084945202891308288 0.080133140731415919 0.076080244993324164 -0.083706408764511117 -0.036724730026801045 -0.064714104184758411 0.074494307821362446 0.052426748818207351 -0.048008909502991415 -0.064101182099059573 -0.056276809908733939 -0.04643007045793518 0.0062468520961563309 0.020695557311768559 0.020052270163011976 -0.048320055095572217 -0.081660545535547469 0.012648191834651174 0.066419159654409768 0.022225537391041827 -0.061695491551350727 0.053706553488528777 0.051824447454587988 0.041155614099731952 -0.073969494537617517 -0.015977411941446803
leaf_weight=286.3517768830061 6.8942281603813198 130.10848581790924 101.70700515806675 761.04854442179203 13.290371164679526 6.6264788657426825 6249.6822944879532 6.6871137768030158 5.6233195811510068 808.05784207582474 32.145551279187202 309.28295040130615 24.451115608215332 267.46747931838036 35.709425985813141 211.77333292365074 19.54227697849274 14.826818093657492 19.990864560008049 5.5759379416704205 4299.794603317976 13.599359706044195 16.338288068771362 44.747953489422798 10.828248023986815 6.3538255542516708 197.94537475705147 13.322768121957777 9.1324655115604383 73.267914563417435
leaf_count=1203 28 532 443 3181 55 29 27610 28 23 3331 136 1312 99 1103 145 861 80 60 82 23 18036 55 69 182 44 26 837 56 37 294
internal_value=5.0825e-05 0.06947 0.0729895 -0.0766302 -0.00427514 -0.0648144 0.0750931 0.0420157 -0.079535 -0.0655497 0.0246707 0.043929 4.25966e-05 -0.0608716 -0.0191072 -0.0609173 -0.0149016 -0.0266963 0.0536194 0.0557263 -0.0805655 -0.0263299 0.0432357 0.00597151 -0.0179772 0.0112487 0.0485938 0.0147564 -0.0158321 -0.0224047
internal_weight=14002.2 7349.08 7014.31 6653.1 334.765 1312.81 6568.23 446.079 5340.29 1306.18 113.419 439.391 61.283 279.445 221.345 1019.83 208.055 132.937 52.1364 318.551 5060.84 38.0505 23.2325 75.1185 30.3705 11.9771 216.844 18.8987 97.2272 82.4004
internal_count=60000 32207 30841 27793 1366 5424 28969 1872 22369 5395 469 1844 251 1152 897 4192 842 536 218 1359 21217 154 97 306 124 49 916 79 391 331
is_linear=0
shrinkage=0.05


Tree=7
num_leaves=31
num_cat=0
split_feature=135 101 22 101 103 39 119 6 128 22 119 85 119 119 15 17 56 119 119 119 68 105 6 119 76 110 6 20 84 102
split_gain=27950.1 307.441 294.496 184.711 45.3008 35.92 34.6614 32.8393 32.0559 24.0032 23.6827 20.5504 18.8159 16.6789 16.01 15.9036 15.6295 14.3208 12.9979 11.1086 10.3133 9.12436 18.8973 13.4819 8.97629 9.66568 8.66216 8.40471 8.34479 11.361
threshold=1.0000000180025095e-35 1.0000000180025095e-35 0.12552670389413836 1.0000000180025095e-35 1.0000000180025095e-35 0.1013208217918873 0.79898613691329967 0.83777686953544628 -0.75183990597724903 0.156626932322979 0.70916947722435009 0.71694710850715648 0.75870630145072948 0.71691182255744945 1.0000000180025095e-35 0.66498184204101574 0.074371796101331725 0.72977426648139965 0.78162270784378063 0.77350604534149181 0.76301717758178722 1.0000000180025095e-35 0.87698471546173107 0.8177069127559663 1.8981180787086489 1.8036835789680483 0.77903699874877941 1.0000000180025095e-35 1.0000000180025095e-35 0.73381945490837108
decision_type=2 2 2 2 2 2 2 2 2 2 2 2 2 2 2 2 2 2 2 2 2 2 2 2 2 2 2 2 2 2
left_child=3 13 5 8 12 17 7 10 14 19 -5 -7 -4 -2 -1 -13 -8 26 -9 -6 -12 -21 23 -23 -15 -26 -3 -18 -10 -30
right_child=1 2 4 6 9 11 16 18 28 -11 20 15 -14 24 -16 -17 27 -19 -20 21 -22 22 -24 -25 25 -27 -28 -29 29 -31
leaf_value=-0.07952330448018563 0.074686198686771385 -0.011894537742955583 0.074404107969885835 0.038172116944849808 0.071302608485820221 0.063946079680312226 -0.057644829172352342 0.069263124216924127 -0.078570261343648792 0.074298721566292386 -0.059299248764161962 -0.040707094271152489 0.050342573819337766 0.010858484117247304 -0.065853054153843668 0.028884020466672673 -0.021115022609336547 -0.011201323661114178 -0.011307386328458839 0.058581156704752071 -0.004756537289354856 0.021502163809483613 0.059454981126105602 -0.082656949353621278 -0.027087978398795034 0.044103486430215964 0.065530415778549081 -0.05635021590170685 -0.010077665916046257 -0.069724358074385914
leaf_weight=280.80947586894035 12.15845614671707 5.4018387645483044 109.69552379846573 10.807770475745199 164.02539463341236 43.297135397791862 123.16102267801762 15.49502842128277 4935.94131962955 5800.911148160696 31.885182470083237 8.7590573877096158 313.31133568286896 229.63185934722424 902.66774562001228 130.90597924590111 66.128334447741508 86.43969389796257 7.3944482654333106 186.76335303485394 11.902125000953673 8.7527135163545591 22.16236823797226 4.8160886615514746 5.4314020574092856 39.021961852908134 10.905510827898977 22.745507538318634 8.5243997275829297 125.77922450006008
leaf_count=1203 55 22 495 45 733 190 507 65 21093 26273 130 36 1350 932 3765 545 266 353 30 819 48 38 97 21 22 159 47 93 35 533
internal_value=5.52734e-05 0.0681569 0.0702645 -0.0746986 0.0724126 0.0205642 -0.035655 -0.00703627 -0.0765062 0.0734948 -0.0281129 0.0338497 0.0565823 0.0173817 -0.0690967 0.0245196 -0.0461132 -0.00309351 0.0432348 0.0614303 -0.0444736 0.0541523 0.0310032 -0.0154679 0.0148397 0.0354052 0.0398833 -0.0301328 -0.0782357 -0.0659385
internal_weight=13725.6 7182.39 6896.15 6543.24 6610.44 285.709 289.519 77.4846 6253.72 6187.43 54.5951 182.962 423.007 286.244 1183.48 139.665 212.035 102.747 22.8895 386.52 43.7873 222.495 35.7312 13.5688 274.085 44.4534 16.3073 88.8738 5070.24 134.304
internal_count=60000 32187 31019 27813 29826 1193 1184 318 26629 27981 223 771 1845 1168 4968 581 866 422 95 1708 178 975 156 59 1113 181 69 359 21661 568
is_linear=0
shrinkage=0.05


Tree=8
num_leaves=31
num_cat=0
split_feature=135 120 56 101 9 101 22 85 128 90 15 85 6 68 105 107 6 68 120 76 9 8 0 120 70 126 113 24 62 7
split_gain=25807.3 346.633 258.643 176.452 61.5627 72.8561 37.6244 32.2287 32.1343 25.8328 16.9744 14.7059 13.6476 13.5471 15.7648 12.6817 12.1883 10.8857 10.4824 10.0594 9.16255 8.95475 8.64951 8.44962 9.40564 8.13291 9.45514 7.79215 7.75838 8.73982
threshold=1.0000000180025095e-35 1.0000000180025095e-35 0.1095455400645733 1.0000000180025095e-35 0.41248604655265814 1.0000000180025095e-35 0.11410588026046754 0.69910541176795971 -0.68322628736495961 0.054688114672899253 1.0000000180025095e-35 0.71694710850715648 0.79899394512176525 0.77768483757972728 1.0000000180025095e-35 0.1043694131076336 0.8571683168411256 0.6099480688571931 1.0000000180025095e-35 0.089697774499654784 -0.99785891175270069 0.28745912015438085 0.64408436417579662 1.0000000180025095e-35 1.0000000180025095e-35 0.48586714267730718 0.69029811024665844 -0.018131123855710026 0.39467957615852362 -0.12031192332506178
decision_type=2 2 2 2 2 2 2 2 2 2 2 2 2 2 2 2 2 2 2 2 2 2 2 2 2 2 2 2 2 2
left_child=3 4 6 8 5 20 13 12 10 23 -1 -8 -5 16 -15 -4 17 -3 -11 22 -2 -12 -13 -9 -25 -7 -27 -18 -19 -30
right_child=1 2 15 7 -6 25 11 9 -10 18 21 19 -14 14 -16 -17 27 28 -20 -21 -22 -23 -24 24 -26 26 -28 -29 29 -31
leaf_value=-0.077345652891065972 0.065179922023375067 0.063819489689317874 0.062366631558700994 -0.017908241656884965 -0.08061066152861196 0.062693799914864762 0.063208991153619179 -0.083240723145422149 -0.076098958724435395 -0.085033638729100455 -0.06620220437605881 -0.01707248744911663 0.056299811369142021 0.00027186254975947822 -0.066679161987596325 0.072558623993899438 0.075143564629094661 0.034165756101110743 -0.015419574053055052 -0.032223558373628156 0.011115348621454947 -0.053506830352407136 0.037454784955257225 -0.064207373376067411 -0.037676873275050669 -0.0094469785892294256 0.045804122041552077 0.012630855983149752 -0.074237306141822459 -0.0022883236334593966
leaf_weight=318.13848808407784 8.0812162309885007 6.2104812562465659 322.21977400779724 12.0163701325655 12.455173194408415 76.623484551906586 50.320653602480888 18.702372834086418 4810.7156687229872 5.7341006249189368 832.99735000729561 7.6739853024482718 12.790751636028288 61.154414638876915 10.268955856561659 5782.019887894392 13.950412020087244 7.2295703440904644 94.97691984474659 5.8557505011558524 258.95105358958244 166.6962722837925 139.13175968825817 53.068171888589859 90.16992561519146 8.0307547748088819 216.32968035340309 7.7566677033901206 6.3993915468454405 12.398042455315586
leaf_count=1392 33 27 1460 50 53 334 227 78 20997 24 3546 32 54 247 42 26892 60 30 385 24 1050 694 588 220 373 35 943 33 26 51
internal_value=5.86632e-05 0.0663561 0.0696953 -0.0724082 0.0293516 0.0317628 0.0264663 -0.034122 -0.074204 -0.0392672 -0.0672865 0.0397678 0.020354 0.00493002 -0.00935408 0.0720206 0.0238424 0.00433995 -0.0193831 0.0320411 0.0127515 -0.0640853 0.0346045 -0.0516331 -0.0475061 0.0486296 0.0438265 0.0528057 -0.00985287 -0.0267826
internal_weight=13429.1 7013.06 6432.59 6416.01 580.471 568.016 328.35 287.459 6128.55 262.651 1317.83 202.982 24.8071 125.368 71.4234 6104.24 53.9446 32.2375 100.711 152.661 267.032 999.694 146.806 161.94 143.238 300.984 224.36 21.7071 26.027 18.7974
internal_count=60000 32187 29739 27813 2448 2395 1387 1184 26629 1080 5632 871 104 516 289 28352 227 134 409 644 1083 4240 620 671 593 1312 978 93 107 77
is_linear=0
shrinkage=0.05


Tree=9
num_leaves=31
num_cat=0
split_feature=135 120 56 118 9 84 73 84 128 119 102 118 24 119 15 58 107 102 0 113 130 6 9 110 12 24 6 41 120 73
split_gain=23871.6 336.274 250.492 161.77 56.4021 54.0892 35.1363 33.8943 34.9794 24.9634 21.6648 19.8997 17.5626 17.535 15.4054 13.3316 12.7928 11.5628 11.0406 10.6302 12.8398 10.0804 10.0146 9.09538 8.77132 8.76364 9.45241 8.7058 8.42271 8.04223
threshold=1.0000000180025095e-35 1.0000000180025095e-35 0.1095455400645733 1.0000000180025095e-35 0.41248604655265814 1.0000000180025095e-35 0.085450042039155974 1.0000000180025095e-35 -0.49999997019767756 0.80682674050331127 0.7080698311328889 1.0000000180025095e-35 -0.31549310684204096 0.72977426648139965 1.0000000180025095e-35 0.055163336917757995 0.1043694131076336 0.72975030541419994 0.87303909659385692 2.0270020961761479 1.9960836768150332 0.77064770460128795 -0.91037607192993153 0.13803191483020785 0.65512958168983471 0.0080989752896130102 0.82843640446662914 -0.25929942727088923 1.0000000180025095e-35 0.054572511464357383
decision_type=2 2 2 2 2 2 2 2 2 2 2 2 2 2 2 2 2 2 2 2 2 2 2 2 2 2 2 2 2 2
left_child=3 4 6 7 5 11 13 8 14 12 24 -2 -5 21 -1 -16 -4 -8 -11 20 -13 -3 -22 -15 -9 -14 -27 -20 -12 -30
right_child=1 2 16 9 -6 -7 17 10 -10 18 28 19 25 23 15 -17 -18 -19 27 -21 22 -23 -24 -25 -26 26 -28 -29 29 -31
leaf_value=-0.075425130893173903 0.0039282143627897437 -0.014784235054304991 0.06060654046867673 -0.039941914331492856 -0.078247505730802455 0.051344942021134654 0.065325633423406027 -0.033847669311640044 -0.074965650909818479 -0.044732466569143647 -0.078428603854739834 0.026604778833010784 0.05687591854700226 0.0046466361614699589 -0.067395669901279084 -0.056912757364952819 0.070958472813380857 0.034209145014703783 -0.056150602442278763 0.051759586993490182 0.029865932473153861 0.063643194928590816 -0.061846132804139677 -0.055396251925197586 0.052462767914776144 -0.026841735327693763 0.043139262063318737 0.0043587683853304852 -0.061229068068684694 -0.041586015757438297
leaf_weight=392.60002848505974 137.20338189601898 5.1709704697132137 315.17808477580547 12.339055880904196 12.196296721696852 199.64855191111565 39.200877517461777 5.5421797931194288 4026.4113545119762 65.046707451343536 39.651317775249481 174.8987098634243 15.895884439349173 129.6341927498579 1012.8118145018816 432.93201465904713 5620.8719662725925 125.23039080202579 7.7059691846370688 39.132655397057533 4.8973985910415649 19.729545921087265 7.5893209129571897 6.62978471815586 6.2780172973871231 10.049459576606752 9.2821078002452833 26.002588734030724 130.19892539083958 86.87629160284996
leaf_count=1757 549 21 1460 51 53 883 182 23 18007 267 172 742 66 533 4442 1855 26892 536 31 168 21 88 32 27 26 41 39 105 567 364
internal_value=6.15774e-05 0.0647048 0.0680667 -0.0703216 0.0281307 0.0304337 0.0253663 -0.0715611 -0.0723565 -0.0183645 -0.054191 0.0189554 0.011393 0.00877551 -0.0666417 -0.0642565 0.0704088 0.0416274 -0.0326975 0.0280575 0.0231076 0.0473565 -0.0258759 0.00172531 0.0119941 0.029374 0.00675984 -0.00947402 -0.0572383 -0.0533677
internal_weight=13116.8 6837.21 6261.65 6279.62 575.566 563.37 325.596 6133.3 5864.76 146.322 268.547 363.721 47.5665 161.164 1838.34 1445.74 5936.05 164.431 98.7553 226.518 187.385 24.9005 12.4867 136.264 11.8202 35.2275 19.3316 33.7086 256.727 217.075
internal_count=60000 32187 29739 27813 2448 2395 1387 27213 26061 600 1152 1512 197 669 8054 6297 28352 718 403 963 795 109 53 560 49 146 80 136 1103 931
is_linear=0
shrinkage=0.05


Tree=10
num_leaves=31
num_cat=0
split_feature=118 73 84 111 39 15 85 84 8 102 103 6 102 103 39 102 111 101 62 0 73 59 77 76 126 7 60 63 73 17
split_gain=21750.6 604.25 116.831 83.0401 63.4476 43.0351 41.0237 38.4675 21.3398 20.0425 19.6387 19.0776 17.2191 16.1961 16.4124 13.2542 11.9718 11.9083 10.5664 9.65523 9.62608 8.56566 13.0577 8.62419 8.24462 10.9332 7.9986 7.9344 7.92958 7.28624
threshold=1.0000000180025095e-35 0.085450042039155974 1.0000000180025095e-35 -0.70710662007331837 0.13240957260131839 1.0000000180025095e-35 0.71694710850715648 1.0000000180025095e-35 0.28745912015438085 0.7080698311328889 1.0000000180025095e-35 0.82288038730621349 0.75490653514862072 1.0000000180025095e-35 0.089773289859294905 0.71672436594963085 -0.44228866696357721 1.0000000180025095e-35 1.3345300555229189 0.63219705224037182 0.077669043093919768 -1.1034095287322996 0.98078528046607982 0.089697774499654784 0.67066544294357311 -0.087611783295869813 0.81241145730018627 0.65512958168983471 0.054572511464357383 0.88451123237609874
decision_type=2 2 2 2 2 2 2 2 2 2 2 2 2 2 2 2 2 2 2 2 2 2 2 2 2 2 2 2 2 2
left_child=3 6 17 5 12 -1 11 16 -7 27 -6 15 -4 -8 29 20 -5 -3 26 -14 -2 22 -21 -23 25 -10 -16 -9 -11 -15
right_child=1 2 4 7 10 8 13 9 24 28 -12 -13 19 14 18 -17 -18 -19 -20 21 -22 23 -24 -25 -26 -27 -28 -29 -30 -31
leaf_value=-0.073449339276192724 -0.002070608729058804 0.023529821479796917 0.062165529204757819 -0.0658768459090978 0.055832887111193087 -0.055316373571764346 -0.07701942611351803 -0.032236701920177184 -0.03831029162196381 -0.062213376719302618 0.069264215588873745 0.065169107979491367 -0.032152969949703993 -0.038854316400468158 -0.046273499916648461 -0.068533876767433749 -0.072978747092729793 0.044679022828517288 -0.073599124395565305 -0.033287775045234662 0.059802264797550908 0.043872258713418502 0.057358731320027251 -0.021187467495680387 -0.039666590884656072 0.062094838244761488 0.002146977384573825 0.04994722376033861 -0.043975333345312832 -0.0011314467135547387
leaf_weight=287.74340124428272 16.944776892662055 139.89062581956387 106.10788172483444 699.75014647841454 286.39126160740852 766.90747873485088 9.7656788825988752 5.5285284519195539 6.3355885148048401 156.42899726331234 5474.575369104743 25.493764266371727 4.8593730330467215 59.352232918143272 9.0245556831359846 4.8978401571512213 3904.6067386269569 126.96796044707298 5.0986491590738288 9.554000601172449 9.9936948418617231 186.91959455609322 6.8009292036294928 5.2364030927419654 199.00295920670033 4.7395604103803617 155.30586455762386 6.2648064196109772 96.280324339866638 16.320653349161148
leaf_count=1324 71 588 502 3170 1326 3351 43 23 27 695 26968 114 21 244 37 20 17911 581 21 41 44 833 30 22 838 20 635 26 408 66
internal_value=6.40453e-05 0.0626324 0.0659726 -0.0678691 0.0673937 -0.0564542 -0.00527813 -0.0708342 -0.0514488 -0.0522915 0.0685965 0.0329373 0.0457049 -0.0138743 -0.0113584 0.00712682 -0.0718994 0.0335923 -0.00271155 0.0375191 0.0208831 0.0391428 0.00440609 0.0420993 -0.0373299 0.00465763 -0.000512136 0.0114207 -0.0552648 -0.0307185
internal_weight=12793.1 6659.5 6347.3 6133.59 6080.44 1264.73 312.198 4868.86 976.986 264.503 5760.97 57.3301 319.478 254.868 245.102 31.8363 4604.36 266.859 169.429 213.37 26.9385 208.511 16.3549 192.156 210.078 11.0751 164.33 11.7933 252.709 75.6729
internal_count=60000 32207 30912 27793 29743 5560 1295 22233 4236 1152 28294 249 1449 1046 1003 135 21081 1169 693 947 115 926 71 855 885 47 672 49 1103 310
is_linear=0
shrinkage=0.05


Tree=11
num_leaves=31
num_cat=0
split_feature=135 120 56 101 9 101 111 39 119 6 119 102 32 120 104 107 119 119 0 6 119 68 84 102 76 12 126 56 130 96
split_gain=20556 312.422 238.271 158.908 50.7007 54.2168 32.0412 30.902 26.7688 28.0143 20.2756 17.4956 17.4178 13.5145 14.197 13.1471 11.1566 10.3361 15.1126 12.6359 11.0106 9.51989 8.40057 10.4166 8.12647 9.48702 8.09273 8.05028 7.9973 7.83647
threshold=1.0000000180025095e-35 1.0000000180025095e-35 0.1095455400645733 1.0000000180025095e-35 0.41248604655265814 1.0000000180025095e-35 -0.70710662007331837 0.1013208217918873 0.79898613691329967 0.83191117644310009 0.70916947722435009 0.71672436594963085 1.0000000180025095e-35 1.0000000180025095e-35 1.0000000180025095e-35 0.1043694131076336 0.78162270784378063 0.81879276037216198 0.81951323151588451 0.8571683168411256 0.72566989064216625 0.76301717758178722 1.0000000180025095e-35 0.73381945490837108 1.8981180787086489 0.78291481733322155 0.48586714267730718 0.074371796101331725 0.76253584027290355 0.27745951712131506
decision_type=2 2 2 2 2 2 2 2 2 2 2 2 2 2 2 2 2 2 2 2 2 2 2 2 2 2 2 2 2 2
left_child=3 4 7 6 5 24 12 17 9 10 -5 -9 -1 -10 -15 -4 -11 19 -19 20 -3 -12 -8 -24 -2 -26 -7 -16 -28 -20
right_child=1 2 15 8 -6 26 22 11 13 16 21 -13 -14 14 27 -17 -18 18 29 -21 -22 -23 23 -25 25 -27 28 -29 -30 -31
leaf_value=-0.071788756612507082 0.0083212758710492895 0.03367905569017253 0.057436183404326407 0.035042837488579663 -0.075958621943590127 0.057920900100933981 -0.070732681101917078 0.062086282705214685 -0.077188202476777837 0.05892864718246045 -0.058585576279440416 0.026650063525017906 -0.057406391774001468 -0.055181891821969691 -0.037448457756314987 0.068185249865426747 -0.011123656541457276 -0.061532842541370848 -0.045778012853549009 0.05852676784504484 -0.025649715946822395 -0.0029036211752474614 -0.0033237056563093837 -0.061415418066624539 0.049583517914482803 0.00083145413396001205 -0.019231525649242201 -0.012034189792081861 0.040244354790853247 0.011158346757053482
leaf_weight=279.87867349386215 222.18038634955883 13.887566015124323 300.62867026031017 10.42743796110153 11.871718555688856 72.860941484570503 4453.8673631846905 43.206192553043365 21.190509647130966 18.127761602401737 28.301949575543404 179.70493911206722 849.33485467731953 59.268472254276276 66.12357571721077 5290.6887956410646 8.2795114517211896 13.239084854722021 7.4714497923851004 13.162256345152853 17.899929150938988 10.532910794019697 8.2671664804220182 115.91417497396469 27.673263773322105 15.606656134128569 5.8093440085649481 58.929817974567413 208.66880266368389 31.618607297539711
leaf_count=1324 905 61 1460 44 53 334 20962 209 93 78 119 775 3775 252 283 26892 34 55 30 58 72 43 35 533 114 64 26 238 952 127
internal_value=6.66306e-05 0.061811 0.0652051 -0.0667066 0.0262779 0.0284735 -0.0685144 0.0232573 -0.0300116 -0.00458727 -0.0268616 0.0335186 -0.0609711 -0.0393728 -0.0350254 0.0676073 0.036965 -0.00025616 -0.0153615 0.017329 0.000270295 -0.0434833 -0.070375 -0.0575481 0.0121824 0.0320036 0.0435242 -0.0254723 0.0386334 0.000275857
internal_weight=12464.6 6476.18 5911.51 5988.44 564.671 552.799 5707.26 320.19 281.182 75.6696 49.2623 222.911 1129.21 205.512 184.322 5591.32 26.4073 97.2789 52.3291 44.9498 31.7875 38.8349 4578.05 124.181 265.46 43.2799 287.339 125.053 214.478 39.0901
internal_count=60000 32187 29739 27813 2448 2395 26629 1387 1184 318 206 984 5099 866 773 28352 112 403 212 191 133 162 21530 568 1083 178 1312 521 978 157
is_linear=0
shrinkage=0.05


Tree=12
num_leaves=31
num_cat=0
split_feature=135 120 56 101 9 101 128 39 119 6 119 15 85 107 120 104 119 119 87 6 119 85 8 79 42 51 14 76 9 120
split_gain=19095.4 305.801 232.815 154.166 46.585 50.7054 33.1728 28.2991 24.4489 25.6166 17.5203 17.0793 16.7997 13.4287 12.8718 13.2116 9.67164 9.39055 13.669 11.6691 9.99104 9.26498 8.61627 8.60695 8.04861 8.44834 8.04619 7.92668 7.85503 7.73857
threshold=1.0000000180025095e-35 1.0000000180025095e-35 0.1095455400645733 1.0000000180025095e-35 0.41248604655265814 1.0000000180025095e-35 -0.68322628736495961 0.1013208217918873 0.79898613691329967 0.83777686953544628 0.70916947722435009 1.0000000180025095e-35 0.71694710850715648 0.1043694131076336 1.0000000180025095e-35 1.0000000180025095e-35 0.78162270784378063 0.81879276037216198 1.0000000180025095e-35 0.8571683168411256 0.72566989064216625 0.788649082183838 0.28745912015438085 0.3065017312765122 -1.0216603279113767 0.70156490802764904 0.45701062679290777 0.089697774499654784 -0.99785891175270069 1.0000000180025095e-35
decision_type=2 2 2 2 2 2 2 2 2 2 2 2 2 2 2 2 2 2 2 2 2 2 2 2 2 2 2 2 2 2
left_child=3 4 7 6 5 28 11 17 9 10 -5 -1 -9 -4 -10 -16 -11 19 -19 20 -3 -12 -13 -20 -14 -26 -25 -27 -2 -8
right_child=1 2 13 8 -6 -7 29 12 14 16 21 22 24 -15 15 -17 -18 18 23 -21 -22 -23 -24 26 25 27 -28 -29 -30 -31
leaf_value=-0.070307585029744865 0.060645585202656171 0.0322906514624813 0.055962629929428388 0.034370602700466733 -0.074068429466049232 0.042024990288060088 -0.06946730206423922 0.057122160691470296 -0.075171526941921071 0.064171970961330857 -0.046050894152499584 -0.058513993960277434 0.0023474198834713888 0.066963316746624715 -0.05315875487678523 -0.024340100769961581 -0.0062042523615639389 -0.062298176552413168 -0.039993550135276258 0.056633792119952397 -0.024367888766337803 0.026952063120374348 -0.045715227568808595 0.041036791164993897 -0.017713760218275403 0.03592149392001933 -0.010934483033578385 -0.023643564687561947 0.010079338620361379 -0.060213048460549728
leaf_weight=285.92193892598152 7.9164842665195456 13.763662233948709 293.30431079864502 10.5646975338459 11.573496222496031 282.83440433442593 4099.0241948217154 51.727805659174919 20.683869823813438 14.756005153059961 37.504780501127243 773.30337303876877 32.861491620540619 5122.1443161815405 58.468378409743309 124.3521880209446 7.2955677956342688 11.679096877574919 10.444754824042318 12.928075179457663 17.8994330316782 4.9157940447330466 158.44216202199459 13.65845261514187 8.7119205594062787 121.41497503221035 16.377167165279388 5.8546430617570868 257.19997395575047 239.07658718526363
leaf_count=1392 33 61 1460 45 53 1312 19856 254 93 65 158 3546 140 26892 252 521 30 49 42 58 72 20 694 55 37 529 66 24 1050 1141
internal_value=6.84765e-05 0.0604848 0.0639284 -0.0650905 0.0252025 0.0272992 -0.0669104 0.0223028 -0.0287913 -0.00439603 -0.0232427 -0.0596179 0.032192 0.0663675 -0.0377863 -0.0335567 0.0408886 -0.000242416 -0.0146452 0.0166049 0.000261068 -0.0375911 -0.0563376 -0.000896721 0.0245542 0.0299207 0.012699 0.0331814 0.0115893 -0.0689573
internal_weight=12126.6 6292.29 5732.77 5834.31 559.524 547.951 5555.77 317.321 278.541 75.0368 52.9853 1217.67 220.571 5415.45 203.504 182.821 22.0516 96.7506 52.1595 44.5912 31.6631 42.4206 931.746 40.4804 168.843 135.982 30.0356 127.27 265.116 4338.1
internal_count=60000 32187 29739 27813 2448 2395 26629 1387 1184 318 223 5632 984 28352 866 773 95 403 212 191 133 178 4240 163 730 590 121 553 1083 20997
is_linear=0
shrinkage=0.05


Tree=13
num_leaves=31
num_cat=0
split_feature=135 120 56 101 9 101 128 73 56 119 15 107 119 6 0 102 119 126 6 84 102 34 11 110 126 113 45 2 76 12
split_gain=17758.4 300.017 227.806 150.143 42.8476 47.4258 33.9331 26.5882 23.9751 18.3967 17.3509 13.755 13.2945 11.8367 10.2308 10.2163 10.1173 9.96168 9.64441 8.78731 10.182 8.48104 8.3436 7.99143 7.86184 8.66599 7.40848 7.37666 7.34459 8.6266
threshold=1.0000000180025095e-35 1.0000000180025095e-35 0.1095455400645733 1.0000000180025095e-35 0.41248604655265814 1.0000000180025095e-35 -0.68322628736495961 0.085450042039155974 0.074371796101331725 0.8213065266609193 1.0000000180025095e-35 0.1043694131076336 0.72977426648139965 0.87998354434967052 0.84549328684806835 0.72975030541419994 0.7215886414051057 0.016909807920455936 0.77329432964324962 1.0000000180025095e-35 0.73381945490837108 0.61718398332595836 0.73196840286254894 0.13803191483020785 0.48586714267730718 0.69029811024665844 0.95174634456634533 1.0000000180025095e-35 1.8981180787086489 0.77695241570472728
decision_type=2 2 2 2 2 2 2 2 2 2 2 2 2 2 2 2 2 2 2 2 2 2 2 2 2 2 2 2 2 2
left_child=3 4 7 6 5 28 10 12 21 13 -1 -4 18 16 -11 -9 -10 -16 -3 -8 -21 -5 -12 -14 -7 -26 -24 -18 -2 -30
right_child=1 2 11 8 -6 24 19 15 9 14 22 -13 23 -15 17 -17 27 -19 -20 20 -22 -23 26 -25 25 -27 -28 -29 29 -31
leaf_value=-0.068928884783376762 0.0073577151487625421 -0.013083530006448827 0.054562731431909678 0.012443102203114283 -0.072357739272184571 0.055058307193751238 -0.067924590467669813 0.059644032422655049 0.048766899038017675 -0.049477300456864132 -0.056999253310505038 0.065840520292526281 0.0036460662328051717 0.078947354475598822 -0.044281315912680801 0.029106878511572887 -0.036699978342131838 0.0068764800466723439 0.060411207488217815 -0.00016017276348819485 -0.058097395341789884 -0.043484113390842766 0.0061748532198212819 -0.052994803602409379 -0.016300278167522247 0.037705846862909148 -0.046968975168594898 0.0094584785861965819 0.047451520164774885 0.001297708929625419
leaf_weight=277.27799826860428 221.79419203102589 5.9928737282753017 285.97522494196892 7.1101358681917182 11.262638777494429 70.157164216041565 4092.522911220789 35.422726228833199 9.5693452060222608 30.580268412828445 735.09998966753483 4953.3003876954317 128.09769909083843 5.7925672531127921 14.786868035793303 120.76344548165798 14.460984513163565 26.695205122232437 17.494689762592316 8.1420039683580381 110.5049033164978 145.39394497871399 6.8192551285028449 6.545576959848403 7.7138047665357581 200.4858749806881 171.09430806338787 21.560738787055016 26.679865211248398 16.315640717744827
leaf_count=1392 905 25 1460 30 53 334 20429 182 42 131 3441 26892 533 25 60 536 61 108 84 35 533 638 31 27 35 943 768 89 111 67
internal_value=7.01453e-05 0.0592434 0.0627446 -0.0635909 0.024171 0.0261726 -0.0654288 0.0214002 -0.027617 -0.0112361 -0.0579746 0.0652249 0.00694766 0.0116222 -0.0275351 0.0360326 0.00306817 -0.0113594 0.041659 -0.0675357 -0.0541215 -0.0408766 -0.0546478 0.000892515 0.0405828 0.0357049 -0.044932 -0.00907192 0.0110241 0.0299374
internal_weight=11785.4 6108 5553.59 5677.41 554.409 543.147 5401.46 314.317 275.95 123.446 1190.29 5239.28 158.131 51.3836 72.0623 156.186 45.5911 41.4821 23.4876 4211.17 118.647 152.504 913.014 134.643 278.357 208.2 177.914 36.0217 264.79 42.9955
internal_count=60000 32187 29739 27813 2448 2395 26629 1387 1184 516 5632 28352 669 217 299 718 192 168 109 20997 568 668 4240 560 1312 978 799 150 1083 178
is_linear=0
shrinkage=0.05


Tree=14
num_leaves=31
num_cat=0
split_feature=135 120 56 101 9 101 128 22 56 119 15 102 6 107 119 126 6 0 2 119 6 119 126 84 102 102 109 14 120 126
split_gain=16531.2 294.681 223.927 146.714 39.4537 44.3711 34.8158 24.7173 22.1056 16.7165 16.6353 14.2267 16.1017 14.1216 13.8043 10.8844 10.8745 9.46718 9.43217 10.6227 12.0007 9.24744 9.0386 8.5955 9.65122 8.46384 8.29568 8.11673 7.74675 7.5167
threshold=1.0000000180025095e-35 1.0000000180025095e-35 0.1095455400645733 1.0000000180025095e-35 0.41248604655265814 1.0000000180025095e-35 -0.75183990597724903 0.11795619875192644 0.074371796101331725 0.8213065266609193 1.0000000180025095e-35 0.7712407410144807 0.82767108082771312 0.1043694131076336 0.72977426648139965 0.33769354224205023 0.87998354434967052 0.84549328684806835 1.0000000180025095e-35 0.85586708784103405 0.90011167526245128 0.7215886414051057 0.016909807920455936 1.0000000180025095e-35 0.73381945490837108 0.72975030541419994 0.31200164556503301 0.53320875763893139 1.0000000180025095e-35 0.48586714267730718
decision_type=2 2 2 2 2 2 2 2 2 2 2 2 2 2 2 2 2 2 2 2 2 2 2 2 2 2 2 2 2 2
left_child=3 4 7 6 5 -2 10 11 28 16 -1 12 14 -4 -3 -16 21 -11 19 20 26 -10 -19 -8 -25 -9 -13 -20 -5 -7
right_child=1 2 13 8 -6 29 23 25 9 17 -12 18 -14 -15 15 -17 -18 22 27 -21 -22 -23 -24 24 -26 -27 -28 -29 -30 -31
leaf_value=-0.067609015911455891 0.010488501237352817 0.031719583917250847 0.053227728860712142 -0.072641187897478823 -0.070803883786909785 0.053534129219325377 -0.066449051173222917 0.059050116233774465 0.046966367493914488 -0.047619670601036612 -0.052391455650319212 0.0041735042635456686 0.057316226135042558 0.064806253856634619 -0.07624036893977626 0.02087408431637721 0.076155825851027745 -0.042269734368073658 0.00076881988860601734 -0.069514230339486768 0.063675500105440097 -0.0086288271983610727 0.0065288008850168519 -0.00015217236470593199 -0.056608585830641468 0.02955954420286629 -0.081502561669234697 0.051003986073333035 -0.035462179998000762 0.034415418284327287
leaf_weight=231.71894909441471 264.42277038097382 17.623622417449955 278.67684231698513 15.632879897952078 10.942433997988699 68.587040200829506 4099.445870295167 31.520265623927116 9.4426447153091413 30.194431945681572 798.28109067678452 6.9047697335481697 26.172282442450523 4785.0011381059885 7.2726854830980283 4.7824945896863937 5.7068133950233451 14.717783585190771 82.601552799344063 9.8110716342926008 4.7065666764974585 35.981780856847763 26.710561990737915 8.1416732817888242 107.80942866206169 106.65542398393154 4.7821656316518784 8.9080837368965131 135.03237257897854 205.28187577426434
leaf_count=1203 1083 81 1460 73 53 334 21093 167 42 131 3765 29 122 26892 30 20 25 60 340 41 20 150 108 35 533 480 20 37 595 978
internal_value=7.16249e-05 0.0580725 0.0616369 -0.0621945 0.0231873 0.0250979 -0.0640558 0.0205075 -0.0264872 -0.0107366 -0.0558149 0.00794551 0.0287276 0.064169 0.00351672 -0.0377134 0.0111011 -0.0263265 -0.00191484 -0.0283637 -0.00373616 0.00292808 -0.0108073 -0.0660693 -0.0526444 0.0362869 -0.0308842 0.00565901 -0.0393198 0.0392035
internal_weight=11443.5 5924.65 5375.42 5518.82 549.234 538.292 5245.4 311.741 273.419 122.754 1030 173.565 55.8511 5063.68 29.6788 12.0552 51.1312 71.6228 117.714 26.2046 16.3935 45.4244 41.4283 4215.4 115.951 138.176 11.6869 91.5096 150.665 273.869
internal_count=60000 32187 29739 27813 2448 2395 26629 1387 1184 516 4968 740 253 28352 131 50 217 299 487 110 69 192 168 21661 568 647 49 377 668 1312
is_linear=0
shrinkage=0.05


Tree=15
num_leaves=31
num_cat=0
split_feature=135 84 22 101 128 22 119 103 119 57 15 107 119 17 102 101 39 68 87 6 119 119 84 102 8 119 71 6 96 76
split_gain=15402.6 232.685 237.563 143.748 35.9058 24.9646 24.2516 21.198 20.4513 29.8229 18.0762 16.9209 16.0037 15.8366 15.0949 12.1291 10.8229 10.633 12.7068 11.3241 14.1703 10.5496 8.86479 9.16013 8.85146 8.71315 9.34426 9.49429 9.34166 8.70399
threshold=1.0000000180025095e-35 1.0000000180025095e-35 0.12999680638313296 1.0000000180025095e-35 -0.68322628736495961 0.11410588026046754 0.71691182255744945 1.0000000180025095e-35 0.8213065266609193 0.85845956206321727 1.0000000180025095e-35 0.1043694131076336 0.70916947722435009 0.82682490348815929 0.71672436594963085 1.0000000180025095e-35 0.082387972623109831 0.77768483757972728 1.0000000180025095e-35 0.8571683168411256 0.72977426648139965 0.75870630145072948 1.0000000180025095e-35 0.73381945490837108 0.28745912015438085 0.79188296198844921 1.0000000180025095e-35 0.89633107185363781 0.33136716485023504 0.089697774499654784
decision_type=2 2 2 2 2 2 2 2 2 2 2 2 2 2 2 2 2 2 2 2 2 2 2 2 2 2 2 2 2 2
left_child=3 6 5 4 10 17 -2 21 9 12 -1 25 -5 -10 -7 -8 -14 19 -19 20 -3 -4 -6 -24 -12 -9 -27 28 -28 -16
right_child=1 2 7 8 22 14 15 11 13 -11 24 -13 16 -15 29 -17 -18 18 -20 -21 -22 -23 23 -25 -26 26 27 -29 -30 -31
leaf_value=-0.066515829628208331 0.064721936043610595 0.032132183297153782 0.064642715145526317 0.033956367948289351 -0.065432584628862214 0.058984537293284928 0.011057200989854944 0.060104483796091263 -0.057617215275656858 0.043149854857289317 -0.053793826747423279 0.063819574233916432 -0.051673892865373799 -0.025075247315741029 0.024761256679771318 0.031663789425852844 -0.013036230502766165 -0.059896106258031906 -0.0029964330926264457 0.046904079471051463 -0.035269916256443816 0.042099769201143965 -0.00014456893539312101 -0.055196484078672982 -0.040487585900829189 0.047661572755234749 0.019191295870071529 0.042229617864785129 -0.081832342064862673 -0.034602528332791475
leaf_weight=259.80072140693665 28.080920979380608 15.787246465682985 71.921941339969635 11.122605323791502 3840.9754559248686 34.266470938920975 269.82430006563663 136.43845655024052 57.516191512346268 22.248771697282791 723.61232846975327 4500.0839329361916 32.937472492456436 106.82267560064793 144.47636877000332 97.109883233904839 40.300260066986084 11.60968194901943 63.367360904812813 20.183611735701561 15.408635720610617 186.41310112178326 8.1413588970899564 105.10812802612782 151.07435692846775 120.68839508295059 5.0692651271820086 11.075777888298033 4.1713053584098816 6.4503692835569373
leaf_count=1392 160 73 412 49 20429 186 1113 745 260 97 3546 26216 147 462 649 476 169 50 261 93 63 919 35 533 694 639 26 58 21 27
internal_value=7.29817e-05 0.0569696 0.0597051 -0.0608869 -0.0627764 0.0173349 0.019938 0.0623264 -0.0254004 -0.00834503 -0.0549353 0.0630807 -0.021926 -0.0364645 0.029026 0.0165108 -0.0304129 0.000199913 -0.011807 0.0177213 -0.00115985 0.0483759 -0.0650261 -0.0512389 -0.0514956 0.0510967 0.0423806 0.0110091 -0.026412 0.0222241
internal_weight=11102.1 5742.43 5347.41 5359.66 5088.71 311.55 395.015 5035.86 270.948 106.609 1134.49 4777.53 84.3603 164.339 185.193 366.934 73.2377 126.357 74.977 51.3795 31.1959 258.335 3954.22 113.249 874.687 277.443 141.005 20.3163 9.24057 150.927
internal_count=60000 32187 30438 27813 26629 1402 1749 29036 1184 462 5632 27705 365 722 862 1589 316 540 311 229 136 1331 20997 568 4240 1489 744 105 47 676
is_linear=0
shrinkage=0.05


Tree=16
num_leaves=31
num_cat=0
split_feature=135 120 56 101 128 26 101 39 120 56 15 22 102 8 119 84 6 102 0 126 58 126 113 42 93 59 62 119 85 102
split_gain=14361.9 288.152 215.978 141.037 37.1279 35.8695 38.8668 21.5464 20.4947 17.9061 17.2425 14.7787 14.6193 14.2216 11.6862 9.78059 8.94675 8.70374 8.46112 8.38845 7.66717 7.38491 8.22855 7.31641 8.33771 7.39339 8.89734 7.29474 9.0513 7.16758
threshold=1.0000000180025095e-35 1.0000000180025095e-35 0.1095455400645733 1.0000000180025095e-35 -0.49999997019767756 0.35206137597560888 1.0000000180025095e-35 0.1013208217918873 1.0000000180025095e-35 0.074371796101331725 1.0000000180025095e-35 0.156626932322979 0.71672436594963085 0.28745912015438085 0.8213065266609193 1.0000000180025095e-35 0.87998354434967052 0.73381945490837108 0.87303909659385692 -0.25104470551013941 -0.13711646199226377 0.48586714267730718 0.69029811024665844 -1.0216603279113767 -1.148824095726013 -1.0308717489242551 0.55639949440956127 0.7215886414051057 0.79487663507461559 0.78330385684967052
decision_type=2 2 2 2 2 2 2 2 2 2 2 2 2 2 2 2 2 2 2 2 2 2 2 2 2 2 2 2 2 2
left_child=3 5 7 4 10 6 -2 19 -5 -10 -1 -4 -9 -12 16 -6 27 -17 -16 -3 -20 -8 -23 24 -14 26 -26 -11 29 -29
right_child=1 2 11 8 15 -7 21 12 9 14 13 -13 23 -15 18 17 -18 -19 20 -21 -22 22 -24 -25 25 -27 -28 28 -30 -31
leaf_value=-0.065564183175305227 0.0094342848229120018 0.035174898275936749 0.050841407201589951 -0.071469981415648448 -0.065017641315366609 -0.06964279390334159 0.051060108248782592 0.055981157629321411 -0.032865437076819569 0.044399119773968938 -0.054531350353404312 0.062970423123130906 0.058266316138588681 -0.03827398159813096 -0.034970946673185177 -0.00013734482418102238 0.0722335173017878 -0.05385189867260675 -0.033733160538496822 -0.0069738905310593102 0.021472479867465696 -0.01940585709957195 0.033765239732739392 0.026814140378086562 -0.070068329381307748 0.017964299879232419 0.00493032339324614 -0.0069909381131900098 0.040542197218579309 -0.07260933130211171
leaf_weight=318.03263455629349 263.81063176691532 13.814792707562445 266.16273599863052 21.26333187520504 3268.7358589172363 10.654287323355673 65.858617469668388 37.869312167167664 132.18754410743713 9.2294812351465207 1081.0975110530853 4451.4130811691284 5.3829140514135352 153.6375230550766 38.136160090565681 8.1410601288080198 5.5516127347946158 102.41466355323792 9.8512036800384539 81.126128926873207 17.395032301545143 7.5636845529079428 191.52295780181885 138.70002901554108 7.9116723090410233 13.332235023379326 7.9063973277807236 21.513150110840801 8.1429113000631315 5.1597337722778311
leaf_count=1757 1083 60 1471 103 18007 53 334 209 595 42 5577 26881 24 720 164 35 25 533 40 343 70 35 943 624 34 59 34 91 33 21
internal_value=7.4145e-05 0.0559167 0.0596455 -0.0596613 -0.0615823 0.0211892 0.0230194 0.0189418 -0.0243664 -0.0203141 -0.0551825 0.0622861 0.0278389 -0.0525085 -0.0058843 -0.0645229 0.0124178 -0.0498965 -0.0197676 -0.000840847 0.00151222 0.0365464 0.0317452 0.0216869 0.00109374 -0.00946379 -0.0325815 0.0048784 -0.00559833 -0.0196845
internal_weight=10763.5 5563.03 5023.62 5200.49 4932.06 539.41 528.756 306.043 268.43 247.167 1552.77 4717.58 211.103 1234.74 114.979 3379.29 49.5969 110.556 65.3824 94.9409 27.2462 264.945 199.087 173.233 34.5332 29.1503 15.8181 44.0453 34.8158 26.6729
internal_count=60000 32187 29739 27813 26629 2448 2395 1387 1184 1081 8054 28352 984 6297 486 18575 212 568 274 403 110 1312 978 775 151 127 68 187 145 112
is_linear=0
shrinkage=0.05


Tree=17
num_leaves=31
num_cat=0
split_feature=135 120 22 101 128 9 101 22 120 15 107 119 74 0 119 102 23 119 22 23 84 24 8 119 2 119 51 92 119 70
split_gain=13401.4 284.046 212.914 138.483 38.2651 33.0964 36.3636 20.0156 19.468 18.9123 16.1922 15.8909 25.8831 19.2572 12.4744 11.9816 14.8294 11.8674 9.37849 9.2611 9.04903 8.87698 8.45462 8.33037 8.31343 9.25217 10.6062 8.24327 7.77961 9.91353
threshold=1.0000000180025095e-35 1.0000000180025095e-35 0.12999680638313296 1.0000000180025095e-35 -0.68322628736495961 0.41248604655265814 1.0000000180025095e-35 0.11795619875192644 1.0000000180025095e-35 1.0000000180025095e-35 0.1043694131076336 0.8213065266609193 0.85845822095870983 0.82871991395950328 0.70916947722435009 0.7712407410144807 0.82770609855651867 0.7336290478706361 0.098718564957380309 0.76903277635574352 1.0000000180025095e-35 -0.40901382267475123 0.28745912015438085 0.74709975719451915 1.0000000180025095e-35 0.85586708784103405 0.7297671139240266 0.25966683030128485 0.78162270784378063 1.0000000180025095e-35
decision_type=2 2 2 2 2 2 2 2 2 2 2 2 2 2 2 2 2 2 2 2 2 2 2 2 2 2 2 2 2 2
left_child=3 5 7 4 9 6 -2 15 -5 -1 28 12 14 -13 -10 16 17 19 -16 -3 -6 -15 -11 -22 25 26 -17 -28 -4 -30
right_child=1 2 10 8 20 -7 -8 -9 11 22 -12 13 -14 21 18 24 -18 -19 -20 -21 23 -23 -24 -25 -26 -27 27 -29 29 -31
leaf_value=-0.064472391120179315 0.0089725483654502988 -0.033605342811322818 0.058753943549897394 -0.070029463638870859 -0.063306886592463488 -0.068328903061831994 0.035312579407460423 0.032801271973150636 0.032068683343122649 -0.050927529051184389 0.062151369491805886 -0.053815115117740675 0.044357538812208441 -0.054908512731567605 -0.037111082677196698 -0.064293187665367887 0.054331757456335096 -0.040501989495691969 0.0043269644042842259 0.047023073217554917 0.0029785874528030225 -0.0098257404115445184 -0.037706978557988595 -0.05235196697623104 0.0047774755505193035 -0.066073826978982508 0.059317783906508464 -0.027986458741783016 0.011911377257556893 0.047341473351035029
leaf_weight=242.31569680571556 263.52472005784512 4.8192821294069352 119.3699074536562 20.63170051574707 3590.2596483975649 10.324560105800627 260.61633968353271 128.32955496013165 10.941352322697638 689.19645483791828 4290.4944210648537 53.645510137081146 21.583458960056305 12.67713053524494 48.633857384324074 5.0564556270837846 25.038735210895538 10.547082707285879 18.984564587473869 13.645332157611845 7.2960141599178305 78.733910366892815 146.66484773159027 100.58547659218311 91.044199720025063 9.661054462194441 6.5054108649492246 4.6267085671424866 23.684835955500603 118.64448744058609
leaf_count=1392 1083 20 694 103 20429 53 1312 625 49 3546 26892 248 95 54 215 21 122 44 79 67 32 341 694 536 377 41 28 20 127 661
internal_value=7.5232e-05 0.054918 0.0587292 -0.0585068 -0.0604617 0.0203232 0.0220695 0.0178773 -0.0233829 -0.0521733 0.0614149 -0.019458 -0.00413853 -0.0300341 -0.0174623 0.00667374 0.0261406 0.0018101 -0.0254769 0.025979 -0.0628782 -0.0160779 -0.0486078 -0.04861 -0.00232755 -0.0273519 -0.00424338 0.0230326 0.0493405 0.0414456
internal_weight=10428.1 5385.93 4851.47 5042.15 4776.32 534.466 524.141 299.274 265.831 1078.18 4552.19 245.2 100.143 145.057 78.5598 170.944 54.0504 29.0117 67.6184 18.4646 3698.14 91.411 835.861 107.881 116.894 25.8496 16.1886 11.1321 261.699 142.329
internal_count=60000 32187 29739 27813 26629 2448 2395 1365 1184 5632 28374 1081 438 643 343 740 253 131 294 87 20997 395 4240 568 487 110 69 48 1482 788
is_linear=0
shrinkage=0.05


Tree=18
num_leaves=31
num_cat=0
split_feature=135 120 56 101 128 9 101 119 23 120 32 119 56 107 96 12 22 126 84 119 102 28 23 17 126 22 12 9 10 119
split_gain=12513.7 280.391 210.757 135.968 39.5088 30.562 33.988 19.3303 22.3566 18.5183 18.0672 16.2684 15.9382 15.8273 14.0527 12.9282 12.8766 11.8409 10.0563 9.39098 7.98297 7.90763 7.89617 7.41349 7.23537 7.92173 7.82046 7.17466 7.08725 7.02393
threshold=1.0000000180025095e-35 1.0000000180025095e-35 0.1095455400645733 1.0000000180025095e-35 -0.49999997019767756 0.41248604655265814 1.0000000180025095e-35 0.77350604534149181 0.82292941212654125 1.0000000180025095e-35 1.0000000180025095e-35 0.70055276155471813 0.074371796101331725 0.1043694131076336 0.26343040168285375 0.78449127078056347 0.11795619875192644 0.36544926464557653 1.0000000180025095e-35 0.8213065266609193 0.73381945490837108 1.0122516155242922 0.88002267479896557 0.87251311540603649 0.48586714267730718 0.7122611701488496 0.69050297141075145 -0.99785891175270069 -0.065403074026107774 0.71691182255744945
decision_type=2 2 2 2 2 2 2 2 2 2 2 2 2 2 2 2 2 2 2 2 2 2 2 2 2 2 2 2 2 2
left_child=3 5 7 4 10 6 27 8 11 -5 -1 -3 -11 29 -12 17 21 -13 -6 22 -20 -9 -14 -21 -8 -26 -27 -2 -16 -4
right_child=1 2 13 9 18 -7 24 16 -10 12 14 15 19 -15 28 -17 -18 -19 20 23 -22 -23 -24 -25 25 26 -28 -29 -30 -31
leaf_value=-0.063669998077624343 0.056003092288502844 0.049440138606602783 0.061789956304465245 -0.068712859208974061 -0.06308798093604312 -0.067125057423761569 0.048794527079847584 0.0025252261218101858 0.063688381696077837 -0.030639299779830039 -0.055644240617150897 -0.081390966036427925 0.0044730076257691554 0.061390335310219403 -0.045624058085556717 0.022596372068816171 0.023723038545156679 0.014492408862003273 0.00025838353881153532 -0.031970911121570571 -0.051349333300394734 -0.044010558523848498 0.068705604948478938 0.0023558372457667814 0.033025713168891024 -0.031899981071992899 0.027031982898584855 0.0070979079665346905 -0.014369793188371324 0.043187167166221473
leaf_weight=296.18975362181664 7.7262540608644477 18.643702745437622 70.720867395401001 19.991895258426666 3047.5030990242958 9.9926539510488492 63.204473122954369 113.68748998641968 41.647348493337631 129.53604584932327 553.03790511190891 8.5886542201042193 43.6883225440979 4130.5503548979759 601.335235029459 14.193101987242697 89.097345888614655 5.150960609316825 8.1197644025087339 37.353347510099411 97.127968475222588 9.9257809817790967 5.3730337917804709 27.169452607631683 170.23970457911491 9.8586322665214556 13.123124763369558 255.51650805771351 18.702540710568428 179.61026169359684
leaf_count=1757 33 102 428 103 18007 53 334 476 223 595 3093 39 187 26892 3113 67 415 23 35 164 533 42 25 110 863 49 66 1050 91 1032
internal_value=7.61498e-05 0.0539692 0.0578701 -0.0574172 -0.0594074 0.0194882 0.0211537 0.0173939 0.0370708 -0.0224552 -0.0526357 0.01327 -0.0186514 0.0606505 -0.0498497 -0.0108717 0.00923277 -0.0454444 -0.0625632 -0.0049799 -0.0473678 -0.00121146 0.0115075 -0.0175165 0.0341096 0.029306 0.00175156 0.00853329 -0.0446813 0.0484426
internal_weight=10096.6 5211.48 4681.82 4885.13 4622.02 529.661 519.669 300.934 88.2238 263.112 1469.27 46.5764 243.12 4380.88 1173.08 27.9327 212.711 13.7396 3152.75 113.584 105.248 123.613 49.0614 64.5228 256.426 193.221 22.9818 263.243 620.038 250.331
internal_count=60000 32187 29739 27813 26629 2448 2395 1387 454 1184 8054 231 1081 28352 6297 129 933 62 18575 486 568 518 212 274 1312 978 115 1083 3204 1460
is_linear=0
shrinkage=0.05


Tree=19
num_leaves=31
num_cat=0
split_feature=135 120 56 101 128 9 101 15 119 6 120 107 119 56 12 5 126 119 84 34 85 126 34 119 110 6 128 42 93 12
split_gain=11690.9 276.826 208.366 133.973 40.6674 28.2483 31.7664 18.5848 18.1102 21.2759 17.6647 16.3376 15.0695 14.6214 11.6278 11.4872 10.5257 9.1574 9.06817 8.65374 7.72911 7.38198 7.35851 8.89881 8.18409 7.48281 7.29567 7.274 7.36967 7.21217
threshold=1.0000000180025095e-35 1.0000000180025095e-35 0.1095455400645733 1.0000000180025095e-35 -0.75183990597724903 0.41248604655265814 1.0000000180025095e-35 1.0000000180025095e-35 0.77350604534149181 0.82288038730621349 1.0000000180025095e-35 0.1043694131076336 0.70055276155471813 0.074371796101331725 0.78449127078056347 0.12560168653726581 0.36544926464557653 0.7215886414051057 1.0000000180025095e-35 0.70134833455085765 0.74160608649253856 0.11669299006462099 0.90571773052215587 0.88304558396339428 0.10808158293366434 0.87953791022300731 -0.49999997019767756 -1.0216603279113767 -1.0072714090347288 0.65512958168983471
decision_type=2 2 2 2 2 2 2 2 2 2 2 2 2 2 2 2 2 2 2 2 2 2 2 2 2 2 2 2 2 2
left_child=3 5 8 4 7 6 -2 -1 9 12 -5 -4 -3 -12 16 22 -14 -15 26 -17 29 -19 23 24 -10 -25 -6 28 -21 -20
right_child=1 2 11 10 18 -7 -8 -9 15 -11 13 -13 14 17 -16 19 -18 21 20 27 -22 -23 -24 25 -26 -27 -28 -29 -30 -31
leaf_value=-0.062687022166516615 0.0081172186408860394 0.048155593613418146 0.047340715341686643 -0.067506100971192709 -0.055796753991737252 -0.06601926105433574 0.032953667179544496 -0.045243766122102812 0.0029196588023685057 0.062459883758205527 -0.029411992510117353 0.060682189447536033 -0.076512456563513895 0.042677398153164486 0.021604601417823849 -0.029546500566203449 0.013818999113047882 -0.023435455784481262 -0.063928875746945363 0.023098612589743345 -0.051507509618051096 0.0033150780601044652 0.031919113506217726 -0.0039603787608429048 -0.06457040586969337 -0.076099640966336382 -0.062221643136736698 0.02990798367795508 -0.036274697431337592 0.014356299429385787
leaf_weight=194.19593547284603 262.92154780030251 18.195455372333527 243.53006391227245 19.348135426640511 520.05494013428688 9.6604479253292066 252.27734780311584 714.64022275805473 65.260787233710289 40.375506147742271 128.22817625105381 3973.786095187068 8.6770222038030642 9.3374747633934003 14.104713425040243 8.3308089971542341 5.1323579251766196 47.84937509894371 4.3410013765096656 11.984793767333032 89.171027109026909 55.940513536334038 12.535320565104483 6.3783264309167853 4.8239391148090354 8.2367514222860319 2938.2085787504911 85.081368327140808 9.2681845128536207 9.1290737241506559
leaf_count=1203 1083 102 1460 103 3086 53 1312 3765 273 223 595 26892 39 44 67 37 23 204 20 53 503 238 51 26 20 35 18007 397 41 45
internal_value=7.71947e-05 0.0530601 0.0570549 -0.0563792 -0.0584113 0.0186905 0.0202789 -0.048971 0.0166764 0.0359578 -0.0215378 0.0599118 0.0127514 -0.0178528 -0.0103263 0.00880695 -0.0429401 -0.00475062 -0.0608208 0.0195273 -0.0461748 -0.00901749 -0.00383506 -0.00912657 -0.00172569 -0.0446166 -0.0612555 0.023372 -0.00279342 -0.0108727
internal_weight=9771.01 5040.56 4515.7 4730.44 4469.74 524.859 515.199 908.836 298.385 86.4851 260.704 4217.32 46.1095 241.356 27.9141 211.9 13.8094 113.127 3560.9 114.665 102.641 103.79 97.2351 84.6998 70.0847 14.6151 3458.26 106.334 21.253 13.4701
internal_count=60000 32187 29739 27813 26629 2448 2395 4968 1387 454 1184 28352 231 1081 129 933 62 486 21661 528 568 442 405 354 293 61 21093 491 94 65
is_linear=0
shrinkage=0.05


Tree=20
num_leaves=31
num_cat=0
split_feature=135 120 56 101 128 9 101 32 119 6 107 120 119 119 6 0 22 17 119 45 84 8 28 24 102 6 119 79 45 119
split_gain=10927.4 273.604 205.853 132.247 41.9443 26.1273 29.6622 20.2143 16.9635 20.6835 16.893 16.8819 14.4386 13.6744 23.1375 18.0454 11.3562 10.541 10.0644 11.2385 9.48514 8.80589 8.36126 8.31782 7.56526 15.0039 7.46019 7.39471 7.86236 7.32728
threshold=1.0000000180025095e-35 1.0000000180025095e-35 0.1095455400645733 1.0000000180025095e-35 -0.68322628736495961 0.41248604655265814 1.0000000180025095e-35 1.0000000180025095e-35 0.77765810489654552 0.8262062966823579 0.1043694131076336 1.0000000180025095e-35 0.70055276155471813 0.8213065266609193 0.86958384513854992 0.82871991395950328 0.11795619875192644 0.5863475799560548 0.6919899880886079 0.90105703473091137 1.0000000180025095e-35 0.28745912015438085 1.0122516155242922 -0.40901382267475123 0.79040801525115978 0.84668692946434032 0.7336290478706361 0.32118161022663122 0.10913416743278505 0.78162270784378063
decision_type=2 2 2 2 2 2 2 2 2 2 2 2 2 2 2 2 2 2 2 2 2 2 2 2 2 2 2 2 2 2
left_child=3 5 8 4 7 6 -2 -1 9 12 29 -5 -3 14 18 -15 22 -14 -13 -20 -6 -9 -10 -17 25 26 -22 28 -25 -4
right_child=1 2 10 11 20 -7 -8 21 16 -11 -12 13 17 15 -16 23 -18 -19 19 -21 24 -23 -24 27 -26 -27 -28 -29 -30 -31
leaf_value=-0.06197003998576267 0.0077195419174914022 0.047416849024563508 0.055961256915345196 -0.066397144929979252 -0.060634998441585132 -0.065001187749586117 0.031823878696044437 -0.047190603210047977 0.0020558061875578957 0.060415664721947662 0.060022139941533527 0.049563836694425836 -0.08464716946892531 -0.050650218254154833 0.05481637868168715 -0.051589302265389429 0.022082408357170503 0.0026491345745524603 -0.0082950025402676372 -0.05592172180736156 0.019791919861864533 -0.03331463766671805 -0.046837891812736406 -0.0077765154475757997 -0.052530345328429262 0.074618917984434388 -0.053885152958037669 -0.01418634254481705 0.072300951282982973 0.038290373318963039
leaf_weight=216.92300190031528 262.649917319417 18.374654069542885 106.88765376806259 18.704050838947296 3223.1950169205666 9.3295540958642942 248.2752845287323 640.56913763284683 111.11884374916553 40.814287915825844 3820.4930636286736 5.9737433344125739 3.9658519476652172 51.46532329916954 14.818202093243597 12.37411645054817 84.854734763503075 27.005367740988731 62.151005148887634 15.46941554546356 4.4500432163477006 139.17960102856159 9.4907385110855085 6.8736744225025159 77.035679936408997 3.5526517927646628 15.074365288019179 65.099243357777596 5.5324930101633072 130.02507492899895
leaf_count=1392 1083 106 684 103 20429 53 1312 3546 466 230 26892 28 18 248 67 54 402 125 274 69 19 694 40 30 447 20 82 287 24 776
internal_value=7.81352e-05 0.0521881 0.0562838 -0.0553876 -0.0574661 0.0179185 0.0194326 -0.0484696 0.0160022 0.034083 0.0592187 -0.0206461 0.0123032 -0.017077 -0.00276649 -0.0270408 0.00806811 -0.00852912 -0.0129738 -0.0177868 -0.0601642 -0.0447138 -0.00179163 -0.0135219 -0.0450075 -0.0198948 -0.0370925 -0.00744424 0.0279338 0.0462629
internal_weight=9451.73 4873.29 4353.03 4578.44 4319.98 520.255 510.925 996.672 295.624 90.1602 4057.41 258.461 49.3459 239.757 98.4124 141.345 205.464 30.9712 83.5942 77.6204 3323.31 779.749 120.61 89.8795 100.113 23.0771 19.5244 77.5054 12.4062 236.913
internal_count=60000 32187 29739 27813 26629 2448 2395 5632 1387 479 28352 1184 249 1081 438 643 908 143 371 343 20997 4240 506 395 568 121 101 341 54 1460
is_linear=0
shrinkage=0.05


Tree=21
num_leaves=31
num_cat=0
split_feature=135 120 56 101 128 9 84 15 107 120 39 96 56 102 84 76 110 68 102 6 126 13 77 126 127 10 130 5 59 5
split_gain=10218.4 270.487 203.821 130.268 43.4259 24.2517 27.2537 19.5109 17.4469 16.1336 16.0601 14.5899 13.2158 13.0548 10.614 8.69832 8.32458 7.75394 7.30315 13.4238 7.20031 7.07375 8.21763 7.03517 6.98717 6.97791 6.84191 11.2052 10.6242 8.11359
threshold=1.0000000180025095e-35 1.0000000180025095e-35 0.1095455400645733 1.0000000180025095e-35 -0.49999997019767756 0.22695460915565493 1.0000000180025095e-35 1.0000000180025095e-35 0.1043694131076336 1.0000000180025095e-35 0.1013208217918873 0.26343040168285375 0.074371796101331725 0.71672436594963085 1.0000000180025095e-35 1.9632772207260134 2.00095546245575 0.68674230575561535 0.79040801525115978 0.84668692946434032 -0.25104470551013941 0.76363638043403637 0.88144910335540783 1.3961876630783083 1.973138213157654 -0.065403074026107774 2.1971596479415898 0.6382422447204591 0.11668100208044054 0.66137182712554943
decision_type=2 2 2 2 2 2 2 2 2 2 2 2 2 2 2 2 2 2 2 2 2 2 2 2 2 2 2 2 2 2
left_child=3 5 10 4 7 6 16 -1 -4 -5 20 -9 -11 -12 -6 -8 26 -14 19 -16 -3 -19 -23 24 -17 -13 28 -28 -2 -29
right_child=1 2 8 9 14 -7 15 11 -10 12 13 25 17 -15 18 23 -18 21 -20 -21 -22 22 -24 -25 -26 -27 27 29 -30 -31
leaf_value=-0.061353085812004042 0.016927566436684967 0.032176753313725041 0.04522224955777128 -0.065375634768258972 -0.060673854328347925 -0.054162943310659885 0.039709864127610128 -0.052432043248118704 0.059405922847934889 -0.027483094343051087 0.051864009956010572 -0.041783258611611106 0.030068738684531495 0.01760865306204272 -0.035975916418252867 0.0088195312333443476 0.042318481025296666 0.0052861649057591945 -0.051450263819958431 0.068176530627630766 -0.0074918211336273827 -0.0854285730350825 -0.01543748171127887 0.033759640453947241 -0.080810860887307545 -0.010096266630955128 0.051009020347161586 -0.049671382374258513 -0.00259358575700217 0.023456882299689993
leaf_weight=264.89214929938316 125.9500380307436 13.353035047650335 230.41966247558594 18.062748417258263 2726.4287400841713 11.644262745976446 145.03622284531593 504.55776573717594 3670.9049235880375 125.80366703867912 33.386815443634987 561.50022411346436 14.63007268309593 166.61192309856415 19.13931600749493 5.207906052470209 19.716456338763237 45.967815369367599 74.777839347720146 3.6901724636554709 79.815336659550667 4.6059383153915396 46.860921010375023 9.1516605317592603 3.7328694760799408 17.928914561867714 22.876465916633606 5.9635252505540874 156.06037060916424 10.421248137950895
leaf_count=1757 550 60 1460 103 18007 64 785 3093 26892 595 209 3113 70 775 101 28 87 197 447 20 343 20 199 49 20 91 104 26 688 47
internal_value=7.88387e-05 0.0513453 0.0555468 -0.0544451 -0.0565687 0.017176 0.0188238 -0.0491884 0.0585682 -0.0198191 0.0153396 -0.0462158 -0.0163597 0.0233271 -0.0600939 0.035632 0.0107827 -0.00387269 -0.0438933 -0.0191407 -0.00180646 -0.00896909 -0.0217012 0.00294221 -0.0286021 -0.0408028 0.00884738 0.0284031 0.00612485 -0.00315943
internal_weight=9139.1 4710.25 4194.49 4428.85 4172.92 515.761 504.117 1348.88 3901.32 255.931 293.167 1083.99 237.868 199.999 2824.04 163.129 340.988 112.065 97.6073 22.8295 93.1684 97.4347 51.4669 18.0924 8.94078 579.429 321.272 39.2612 282.01 16.3848
internal_count=60000 32187 29739 27813 26629 2448 2384 8054 28352 1184 1387 6297 1081 984 18575 882 1502 486 568 121 403 416 219 97 48 3204 1415 177 1238 73
is_linear=0
shrinkage=0.05


Tree=22
num_leaves=31
num_cat=0
split_feature=135 120 56 101 128 9 101 32 107 119 120 8 22 119 74 17 6 84 119 85 24 96 110 14 119 70 23 102 102 126
split_gain=9557.79 267.595 202.36 128.731 44.7249 22.6044 26.4188 19.9246 18.0488 15.6925 15.4521 14.7531 12.4647 12.3263 21.3956 15.3289 11.7852 10.8558 9.67253 8.04617 7.77172 7.76374 7.71621 7.81283 7.62698 8.08927 18.453 16.4849 7.38025 7.33707
threshold=1.0000000180025095e-35 1.0000000180025095e-35 0.1095455400645733 1.0000000180025095e-35 -0.49999997019767756 0.41248604655265814 1.0000000180025095e-35 1.0000000180025095e-35 0.1043694131076336 0.72977426648139965 1.0000000180025095e-35 0.28745912015438085 0.11795619875192644 0.8213065266609193 0.85845822095870983 0.82682490348815929 0.77903699874877941 1.0000000180025095e-35 0.70916947722435009 0.79487663507461559 -0.40901382267475123 0.26343040168285375 0.13803191483020785 0.5415572226047517 0.71691182255744945 1.0000000180025095e-35 0.81421306729316723 0.83078598976135265 0.73381945490837108 0.48586714267730718
decision_type=2 2 2 2 2 2 2 2 2 2 2 2 2 2 2 2 2 2 2 2 2 2 2 2 2 2 2 2 2 2
left_child=3 5 9 4 7 6 -2 -1 24 16 -5 21 22 14 18 -15 -3 -6 -12 -20 -17 -9 23 -11 -4 26 -26 -28 -19 -8
right_child=1 2 8 10 17 -7 29 11 -10 12 13 -13 -14 15 -16 20 -18 28 19 -21 -22 -23 -24 -25 25 -27 27 -29 -30 -31
leaf_value=-0.060677557628137757 0.0068498415814836153 -0.0052648134569669783 0.059090335935036181 -0.064432600259325998 -0.059971584065593365 -0.063324178678767884 0.045162239812622101 -0.051742585777932254 0.058829741001291715 0.00074964743720130282 0.029885192101537068 -0.029900922446198349 0.023089920431839953 -0.048351945386560853 0.042521754814974042 -0.049867830854070622 0.057131254747964315 0.003310366086665835 -0.030530437084365786 0.012437853131925566 -0.0074966635984215317 -0.042528159378146253 -0.050403774481334589 0.065773502097454875 -0.097105381520077347 0.045084975284382968 0.042608297650416606 -0.049139017037562148 -0.046988600439676495 0.024837550463157901
leaf_weight=254.70708648860455 261.9648247808218 9.8407824486494047 62.133446335792542 17.426875799894333 2623.0565578639507 8.7271198779344541 58.706695348024368 484.60030972957611 3525.2036191374063 132.76767522096634 10.639857470989226 138.72604835033417 103.86202137172222 47.224188342690468 21.123916447162628 12.535968944430349 32.762008965015411 7.9579425901174536 51.870892092585564 13.792091339826582 79.163654267787933 432.72931949794292 7.1103568524122229 4.7861179560422888 3.1352396905422202 120.0968609303236 33.023116126656532 5.7482081204652777 87.250418081879616 182.2480089366436
leaf_count=1757 1083 50 428 103 18007 53 334 3065 26892 570 49 720 511 235 95 56 206 35 234 60 352 2512 30 20 20 767 211 34 533 978
internal_value=7.95728e-05 0.050523 0.054837 -0.0535359 -0.0557115 0.0164561 0.0178405 -0.0481252 0.057955 0.0146809 -0.0189959 -0.0450977 0.00987464 -0.0156458 -0.00201071 -0.025208 0.0427184 -0.0593696 -0.0143392 -0.0215052 -0.0132891 -0.0473959 0.000386688 0.00301212 0.0441971 0.0384851 0.0195709 0.0290059 -0.0427844 0.0297895
internal_weight=8834.92 4552.12 4040.47 4282.81 4029.03 511.647 502.92 1310.76 3749.34 291.129 253.777 1056.06 248.526 236.351 97.4268 138.924 42.6028 2718.26 76.3028 65.663 91.6996 917.33 144.664 137.554 224.137 162.003 41.9066 38.7713 95.2084 240.955
internal_count=60000 32187 29739 27813 26629 2448 2395 8054 28352 1387 1184 6297 1131 1081 438 643 256 18575 343 294 408 5577 620 590 1460 1032 265 245 568 1312
is_linear=0
shrinkage=0.05


Tree=23
num_leaves=31
num_cat=0
split_feature=135 84 56 101 111 103 15 107 119 102 119 23 23 119 22 119 84 0 119 11 119 119 70 119 23 96 12 76 59 118
split_gain=8943.84 212.721 208.389 126.835 45.62 24.9699 23.0859 20.2162 18.0911 16.5407 13.7274 19.2208 11.4245 12.3938 11.3947 10.7287 10.0764 9.77996 9.39385 9.24741 9.07991 8.92419 13.8661 14.708 11.5424 13.4546 8.397 8.73594 8.82363 8.07588
threshold=1.0000000180025095e-35 1.0000000180025095e-35 0.1095455400645733 1.0000000180025095e-35 -0.63405361771583546 1.0000000180025095e-35 1.0000000180025095e-35 0.11183888837695123 0.71691182255744945 0.72975030541419994 0.79898613691329967 0.83191013336181652 0.81677615642547619 0.72977426648139965 0.11410588026046754 0.75870630145072948 1.0000000180025095e-35 0.79991954565048229 0.68742546439170849 0.73196840286254894 0.78162270784378063 0.76884824037551891 1.0000000180025095e-35 0.86209991574287426 0.86627969145774852 0.33136716485023504 0.53074052929878246 -0.68586373329162587 -0.82899561524391163 1.0000000180025095e-35
decision_type=2 2 2 2 2 2 2 2 2 2 2 2 2 2 2 2 2 2 2 2 2 2 2 2 2 2 2 2 2 2
left_child=3 8 9 4 6 15 -1 21 -2 12 11 18 13 -3 -11 -4 -6 -12 -5 -8 -13 -7 23 24 25 -23 27 28 -16 -10
right_child=1 2 5 10 16 7 19 -9 29 14 17 20 -14 -15 26 -17 -18 -19 -20 -21 -22 22 -24 -25 -26 -27 -28 -29 -30 -31
leaf_value=-0.059987994317760543 0.059021159741115305 0.030459584487410665 0.059185532571732792 0.050316047184486748 -0.058464414164777538 0.055041057689396246 -0.043942384769357565 0.058388213019366968 0.0015524407650478311 -0.0059905577293234676 -0.041000526655606558 0.056735564625606541 0.059816989502833463 -0.05587716876911273 -0.0076928925345356898 0.033327930208617677 -0.041724596442128115 -0.016803623066321088 -0.026416865359351789 -0.030007664645323975 -0.0082921107676550022 0.036233270895813456 0.043356785807029147 -0.08126197527054646 0.043714020702886089 -0.099668442666695348 0.021535120968033429 0.033566545822953778 -0.089482050917621375 0.01704279624706611
leaf_weight=207.16178327798843 20.68486125767231 22.230229318141941 53.338627099990845 4.4244395792484275 2861.1706549674273 112.77898040413857 577.20709183812141 3241.3943928480148 139.35117663443089 99.838042706251144 65.085989072918892 16.858268126845363 27.842593014240265 5.1127709448337546 10.680870473384857 161.81268030405045 92.812976196408272 116.51961721479893 40.490009114146233 149.99944378435612 7.8761459589004508 3.6170720160007539 133.88244153559208 4.2394167929887763 16.020557373762131 3.6681663244962692 116.90880364179611 7.2552351653575888 4.7703795135021219 212.37253798544407
leaf_count=1493 160 128 412 21 20323 820 3441 25779 565 429 328 78 179 23 50 919 568 538 185 804 34 22 912 26 102 22 558 34 23 1024
internal_value=8.03747e-05 0.0497317 0.0530764 -0.0526678 -0.0548925 0.0562735 -0.0452629 0.0572854 0.0135781 0.0125949 -0.0182379 0.000633961 0.0372723 0.0143158 0.00690766 0.0397383 -0.0579385 -0.0254756 -0.018858 -0.0410681 0.0360289 0.0442493 0.0367099 0.00440285 0.0199856 -0.0321942 0.0161311 -0.0116926 -0.0329443 0.0109056
internal_weight=8537.41 4397.8 4025.39 4139.61 3888.35 3730.75 934.368 3515.6 372.409 294.639 251.254 69.6489 55.1856 27.343 239.453 215.151 2953.98 181.606 44.9144 727.207 24.7344 274.207 161.428 27.5452 23.3058 7.28524 139.615 22.7065 15.4512 351.724
internal_count=60000 32187 30438 27813 26629 29014 5738 27683 1749 1424 1184 318 330 151 1094 1331 20891 866 206 4245 112 1904 1084 172 146 44 665 107 73 1589
is_linear=0
shrinkage=0.05


Tree=24
num_leaves=31
num_cat=0
split_feature=135 84 56 84 128 103 124 15 107 119 119 125 58 102 119 119 71 119 6 12 119 6 119 70 119 57 62 42 17 22
split_gain=8370.46 209.969 205.84 117.706 52.3951 25.7943 25.4342 20.8815 20.8072 17.3837 15.5245 20.2814 14.7013 13.2836 12.3755 10.8027 9.76782 13.0104 18.6951 9.75524 9.04519 10.8653 8.88562 13.1582 12.9588 10.6607 14.9453 8.25087 8.18729 8.14531
threshold=1.0000000180025095e-35 1.0000000180025095e-35 0.1095455400645733 1.0000000180025095e-35 -0.49999997019767756 1.0000000180025095e-35 0.030841578729450706 1.0000000180025095e-35 0.11183888837695123 0.71691182255744945 0.77350604534149181 0.82506385445594799 0.055163336917757995 0.71251049637794506 0.70055276155471813 0.75870630145072948 1.0000000180025095e-35 0.82355588674545299 0.85805171728134166 0.78449127078056347 0.8213065266609193 0.87698471546173107 0.76884824037551891 1.0000000180025095e-35 0.86209991574287426 0.87737286090850841 0.40114074945449835 -1.0216603279113767 0.87251311540603649 0.11795619875192644
decision_type=2 2 2 2 2 2 2 2 2 2 2 2 2 2 2 2 2 2 2 2 2 2 2 2 2 2 2 2 2 2
left_child=3 9 10 4 7 15 13 -1 22 -2 11 14 -9 -5 -3 -4 27 18 -18 -16 21 -8 -7 24 25 26 -24 -12 -22 -29
right_child=1 2 5 6 -6 8 20 12 -10 -11 16 -13 -14 -15 19 -17 17 -19 -20 -21 28 -23 23 -25 -26 -27 -28 29 -30 -31
leaf_value=-0.059466313812098714 0.058504490544413368 0.043456628330413007 0.058660959262192447 0.015031254085649766 -0.058706735536923599 0.054325684411211828 -0.00022867698894022206 -0.047083952309003398 0.057886455043282506 0.010401211055745983 -0.011196873371258314 0.059738601271473603 -0.034114073320732761 -0.038076295102850322 -0.039852952481586462 0.032248790052259418 -0.051898981188498297 -0.043634242634824134 0.042137620541721849 0.018403349165707236 -0.032038956294233346 0.064617373268235315 0.034456473705924272 0.042368363077032983 -0.074458915857086236 0.047252036546763881 -0.093247429324716857 0.0056917431544891706 0.00090908778212822378 0.030747692857709109
leaf_weight=235.10096995532513 19.84540032595396 16.424774244427681 51.179465383291245 12.545666784048079 2425.0164068341255 108.6555875018239 50.836989492177963 678.39422413706779 3109.3576589673758 350.39470419287682 34.562893733382225 34.520201921463013 322.28279595077038 191.56167876720428 14.483484029769899 158.94021764397621 8.0169594585895556 21.617480978369713 15.51183746755123 14.262552306056021 44.52516034245491 7.4000578224658957 5.1721290573477798 130.24862259626389 4.3912752121686927 13.731519967317579 4.1129211783409119 77.18616995215416 32.703493967652321 55.946044906973839
leaf_count=1757 160 103 412 55 18007 820 224 4442 25779 1589 152 217 1855 1085 67 919 35 100 72 70 214 36 32 912 26 90 24 328 138 280
internal_value=8.14748e-05 0.0489551 0.0523895 -0.0518245 -0.0544366 0.0556796 -0.023664 -0.0460572 0.0567376 0.0129796 0.0120604 0.0308846 -0.0429068 -0.034812 0.0088339 0.0386821 0.00501236 -0.0156315 0.0100966 -0.0109487 -0.00686714 0.00801117 0.0433243 0.0357422 0.00425304 0.0192703 -0.0221115 0.01057 -0.0180867 0.016221
internal_weight=8248.93 4248.56 3878.32 4000.37 3660.79 3585.79 339.573 1235.78 3375.67 370.24 292.532 79.691 1000.68 204.107 45.1708 210.12 212.841 45.1463 23.5288 28.746 135.466 58.237 266.312 157.656 27.4078 23.0166 9.28505 167.695 77.2287 133.132
internal_count=60000 32187 30438 27813 26061 29014 1752 8054 27683 1749 1424 457 6297 1140 240 1331 967 207 107 137 612 260 1904 1084 172 146 56 760 352 608
is_linear=0
shrinkage=0.05


Tree=25
num_leaves=31
num_cat=0
split_feature=135 120 39 101 128 22 15 9 101 120 39 119 84 56 59 111 0 126 113 102 23 119 23 0 119 23 51 126 13 119
split_gain=7835.6 262.25 199.788 124.066 49.1856 25.0991 21.3119 20.2285 22.2298 14.8935 14.7992 12.0379 11.5297 10.9848 10.4606 11.4066 9.48796 7.36327 8.14903 7.31703 13.0729 7.29562 17.5817 16.2823 8.92854 8.62436 8.08681 7.26105 7.01196 6.88704
threshold=1.0000000180025095e-35 1.0000000180025095e-35 0.13240957260131839 1.0000000180025095e-35 -0.49999997019767756 0.11795619875192644 1.0000000180025095e-35 0.41248604655265814 1.0000000180025095e-35 1.0000000180025095e-35 0.70714977383613598 0.77350604534149181 1.0000000180025095e-35 0.074371796101331725 -1.1034095287322996 0.95642799139022838 0.63219705224037182 0.48586714267730718 0.69029811024665844 0.79040801525115978 0.84671401977539074 0.8213065266609193 0.8571683168411256 0.82871991395950328 0.72566989064216625 0.77329432964324962 0.76289072632789623 0.39322932064533239 0.76363638043403637 0.7336290478706361
decision_type=2 2 2 2 2 2 2 2 2 2 2 2 2 2 2 2 2 2 2 2 2 2 2 2 2 2 2 2 2 2
left_child=3 7 5 4 6 21 -1 8 -2 -5 -8 -7 -6 -11 15 -13 -16 -10 -19 20 29 22 24 -23 25 -3 27 -26 -20 -14
right_child=1 2 -4 9 12 11 10 -9 17 13 -12 14 19 -15 16 -17 -18 18 28 -21 -22 23 -24 -25 26 -27 -28 -29 -30 -31
leaf_value=-0.058919852542202125 0.0055689599563675035 -0.022289937472844218 0.057000641403675695 -0.062961402650960577 -0.058127314088178228 0.046466109508512946 -0.0344946513866667 -0.06262475968230119 0.042731960800476754 -0.023841498600605755 -0.047015000262076605 -0.087790913148887761 0.022586781512699477 -0.0019770833355025321 -0.043755689259848504 0.014462649488191707 0.028115083846975378 -0.031073589509192936 0.013193548890036436 -0.04788070747388376 0.072795092677083381 -0.041345787634750844 0.051255252662409045 0.007415969915478663 -0.057457214469579056 0.052344348455150458 0.010708573988055949 0.0087108534950794264 0.033667265428457528 -0.049490243633897681
leaf_weight=225.65640531480312 260.77073740959167 5.6821238845586803 3214.9481200948358 16.243173941969872 2329.1573546081781 73.960354462265968 400.76598338782787 8.4128547161817533 55.599011495709419 120.56746385991573 574.13994890451431 4.3475246131420118 4.3913749009370866 109.72484673559666 4.7549957185983649 7.3183838129043579 134.01710526645184 6.984924688935279 78.907353743910789 67.146165683865547 3.5848662555217734 23.404174789786339 23.734088882803917 63.756155341863632 13.264700531959535 12.14177332818508 16.750149250030518 6.0313324034214011 88.977372258901596 13.511229336261747
leaf_count=1757 1083 25 27640 103 18007 519 2418 53 334 595 3879 21 19 486 24 39 756 35 443 447 20 101 125 264 56 73 70 26 500 82
internal_value=8.25101e-05 0.0481987 0.0529049 -0.0510075 -0.0533459 0.019069 -0.0450731 0.0142517 0.0155682 -0.0166878 -0.0418681 0.0299497 -0.0574538 -0.013424 0.0218297 -0.0236441 0.0256524 0.0268822 0.0218428 -0.0397539 -0.0143584 0.00425031 0.0154006 -0.00567747 -0.000396239 0.0285515 -0.0147101 -0.0367752 0.0240444 -0.0318103
internal_weight=7968.65 4103.76 3604.11 3864.89 3618.35 389.163 1200.56 499.652 491.239 246.535 974.906 224.398 2417.79 230.292 150.438 11.6659 138.772 230.469 174.87 88.6336 21.4875 164.764 77.6042 87.1603 53.8701 17.8239 36.0462 19.296 167.885 17.9026
internal_count=60000 32187 29739 27813 26629 2099 8054 2448 2395 1184 6297 1359 18575 1081 840 60 780 1312 978 568 121 740 375 365 250 98 152 82 943 101
is_linear=0
shrinkage=0.05


Tree=26
num_leaves=31
num_cat=0
split_feature=118 56 120 111 84 15 73 107 120 111 102 102 96 119 23 19 9 84 113 130 119 9 76 119 41 45 120 70 108 119
split_gain=7247.84 329.863 161.244 87.1244 42.5431 39.2704 24.553 20.5307 18.9866 16.2809 16.2381 12.5376 12.3661 9.70636 19.6228 10.4388 9.06908 9.46468 9.92061 13.222 8.76136 8.68943 8.62667 7.85214 7.81788 13.3529 7.7955 7.56829 15.636 14.5595
threshold=1.0000000180025095e-35 0.1095455400645733 1.0000000180025095e-35 -0.70710662007331837 1.0000000180025095e-35 1.0000000180025095e-35 0.077669043093919768 0.1043694131076336 1.0000000180025095e-35 -0.38268354535102839 0.71672436594963085 0.71251049637794506 1.1209317445755007 0.8213065266609193 0.87609472870826732 1.0000000180025095e-35 0.22695460915565493 1.0000000180025095e-35 2.0270020961761479 1.9960836768150332 0.67367947101593029 -0.91037607192993153 1.9632772207260134 0.71691182255744945 -0.10310720652341841 0.31944026052951818 1.0000000180025095e-35 1.0000000180025095e-35 0.81688216328620922 0.8177069127559663
decision_type=2 2 2 2 2 2 2 2 2 2 2 2 2 2 2 2 2 2 2 2 2 2 2 2 2 2 2 2 2 2
left_child=3 6 16 5 9 -1 13 23 12 -5 -8 -6 -7 14 20 -15 17 18 19 24 -2 -21 -19 -4 -3 -26 -13 28 -25 -30
right_child=1 2 7 4 11 8 10 -9 -10 -11 -12 26 -14 15 -16 -17 -18 22 -20 21 -22 -23 -24 27 25 -27 -28 -29 29 -31
leaf_value=-0.058316695830125755 0.068718230538189831 0.023774678220928602 0.056709677141893136 -0.047713917244435237 0.016118299604192216 -0.037199793191892823 0.047703596693976391 0.056865792407576277 0.078215525919449747 -0.057612575909133094 0.010675638407765399 -0.060911838639338016 -0.023878667334134383 -0.048971757745038869 0.063890284038783482 -0.010096318929403058 -0.058616799661184431 0.034835538143616014 0.038581532562476893 0.013360764600431358 -0.0094165971404200511 -0.077102921249117315 -0.0030053163441858093 -0.088689777623149654 -0.068453101940729288 0.0075772230513994499 -0.030992387581033249 0.041170842069102619 0.046143431925043922 -0.023360315851475192
leaf_weight=161.88259025663137 3.789855256676673 78.56424780189991 53.483539581298828 515.17537338286638 12.803463652729986 419.61529432237148 34.897740244865417 2981.3357277736068 3.9527395144104949 2144.8459609150887 195.35378842055798 25.167375847697258 297.89853985607624 21.759032934904099 11.994175642728804 83.659853011369705 3.6104891747236243 132.73891088366508 33.867617040872574 4.2426493614912033 67.277098894119263 7.0913409292697889 16.988903552293777 3.2992883175611487 6.2947745174169532 69.917823925614357 161.31934325397015 107.44190554320812 24.863822400569916 10.810946941375731
leaf_count=1324 20 375 428 3830 56 2588 242 26862 29 17251 931 172 1619 113 61 362 20 785 168 21 295 32 97 21 30 333 924 767 180 64
internal_value=8.32696e-05 0.0472955 0.0522667 -0.0497859 -0.0540261 -0.0360608 0.0053334 0.0558257 -0.0310671 -0.0556955 0.0162877 -0.0317441 -0.0316691 -0.00804867 0.00473413 -0.0181204 0.0202217 0.0210356 0.0139181 0.00888953 -0.00524983 -0.0432397 0.0305419 0.0403135 0.0127068 0.0012975 -0.0350302 0.0343242 0.0154498 0.0250809
internal_weight=7695.94 3953.28 3534.55 3742.66 2859.31 883.349 418.732 3181.24 721.467 2660.02 230.252 199.29 717.514 188.48 83.0611 105.419 353.317 349.706 199.978 166.111 71.067 11.334 149.728 199.9 154.777 76.2126 186.487 146.416 38.9741 35.6748
internal_count=60000 32207 30183 27793 22233 5560 2024 28322 4236 21081 1173 1152 4207 851 376 475 1861 1841 959 791 315 53 882 1460 738 363 1096 1032 265 244
is_linear=0
shrinkage=0.05


Tree=27
num_leaves=31
num_cat=0
split_feature=135 120 39 84 94 32 22 73 9 84 96 120 102 0 59 126 102 85 6 13 12 45 75 76 110 130 6 102 51 10
split_gain=6884.02 250.612 199.09 115.808 54.6218 24.2604 22.3127 21.7648 18.3608 18.6647 15.2201 12.7867 10.6489 13.3794 11.551 9.17064 8.54132 8.15174 9.91895 9.06504 8.60426 8.91018 9.2457 8.09516 7.90799 7.19427 7.01822 10.0792 16.2218 6.8837
threshold=1.0000000180025095e-35 1.0000000180025095e-35 0.13240957260131839 1.0000000180025095e-35 -0.38268354535102839 1.0000000180025095e-35 0.11795619875192644 0.054572511464357383 0.41248604655265814 1.0000000180025095e-35 0.26343040168285375 1.0000000180025095e-35 0.78330385684967052 0.6781044900417329 -1.0308717489242551 -0.14559455960988996 0.70415800809860241 0.69023516774177562 0.79569438099861156 0.76363638043403637 0.80786618590354931 0.088385935872793212 0.15156301856040957 1.9632772207260134 2.00095546245575 1.1595533490180971 0.8262062966823579 0.71672436594963085 0.72600188851356517 -0.065403074026107774
decision_type=2 2 2 2 2 2 2 2 2 2 2 2 2 2 2 2 2 2 2 2 2 2 2 2 2 2 2 2 2 2
left_child=3 8 6 4 5 -1 -3 16 9 24 -7 -9 26 -14 15 -15 -5 18 -13 20 21 -19 -23 -11 -2 -24 27 -8 -29 -12
right_child=1 2 -4 7 -6 10 12 11 -10 23 29 17 13 14 -16 -17 -18 19 -20 -21 -22 22 25 -25 -26 -27 -28 28 -30 -31
leaf_value=-0.05797330510083052 0.0063604964147540265 0.0036496051683242367 0.056101075806113843 0.022650141167324042 -0.057058799951011901 -0.04699286469115796 0.043417538910949738 -0.062090673366958338 -0.061607388620394735 0.033818812969306354 -0.035189787007517702 -0.016513119262037419 -0.066931677073156032 -0.057871243748797319 0.029270454426052431 0.010821721192300713 -0.041985937524525473 0.066474952467769299 0.057612363390456861 -0.022480595226949875 -0.027278635626147699 -0.018982095344339527 0.031121969817890754 -0.0028502487279450845 0.039412745902523805 -0.031514843198409158 0.05307430700761593 -0.078239727960501243 0.040952745462431592 -0.0024024812659141771
leaf_weight=233.45783920586109 317.54130856692791 162.84365592896938 2954.7857568636537 5.3674383610486975 2120.7872105762362 419.167376101017 22.484569571912289 11.906971395015715 8.0055046379566175 130.28958547115326 491.5932647138834 8.4234034270048159 4.3694533556699744 6.9562728852033642 102.42920139431953 16.112513616681099 107.0250449180603 6.0770795494318 9.7217080742120725 96.68724225461483 22.082620412111282 26.636460646986961 27.402353227138519 17.016786798834801 19.190576925873756 5.5052318423986426 52.926500983536243 5.3095645457506162 6.1737909242510796 16.547341957688332
leaf_count=1969 1425 740 27640 23 17795 3093 176 80 53 786 3113 39 23 35 594 92 697 27 47 452 108 126 127 97 87 26 374 28 37 91
internal_value=8.50836e-05 0.0468064 0.0517219 -0.0494595 -0.0522864 -0.0435669 0.0176354 -0.0210766 0.013496 0.0147381 -0.03994 -0.0117356 0.0281423 0.0190771 0.0220716 -0.00989229 -0.0388992 -0.00877523 0.0232015 -0.0119219 -0.000281713 0.00880321 0.00291722 0.0295828 0.00824417 0.0206432 0.0416906 0.0239532 -0.0141583 -0.0341221
internal_weight=7434.82 3826.44 3334.39 3608.39 3281.55 1160.77 379.606 326.836 492.044 484.038 927.308 214.443 216.762 129.867 125.498 23.0688 112.392 202.536 18.1451 184.391 87.7037 65.6211 59.544 147.306 336.732 32.9076 86.8944 33.9679 11.4834 508.141
internal_count=60000 32187 29739 27813 26061 8266 2099 1752 2448 2395 6297 1032 1359 744 721 127 720 952 86 866 414 306 279 883 1512 153 615 241 65 3204
is_linear=0
shrinkage=0.05


Tree=28
num_leaves=31
num_cat=0
split_feature=135 120 39 101 128 15 22 9 84 96 120 84 119 56 59 77 0 8 102 6 22 111 8 8 45 119 6 91 119 68
split_gain=6446.61 247.843 199.142 120.358 53.199 22.4694 20.8471 17.0577 17.4436 15.1578 13.4876 12.2168 11.2176 9.25526 8.83477 9.93503 8.65631 7.77977 7.04653 12.2576 6.60556 6.55351 7.40855 7.50619 6.5496 6.74973 8.72224 6.51084 7.76231 11.0808
threshold=1.0000000180025095e-35 1.0000000180025095e-35 0.13240957260131839 1.0000000180025095e-35 -0.49999997019767756 1.0000000180025095e-35 0.11795619875192644 0.41248604655265814 1.0000000180025095e-35 0.26343040168285375 1.0000000180025095e-35 1.0000000180025095e-35 0.77350604534149181 0.074371796101331725 -1.1034095287322996 0.98078528046607982 0.63219705224037182 1.9631230831146242 0.79040801525115978 0.84668692946434032 0.17586228251457217 0.92387953400611889 -0.81963515281677235 -0.76141557097434986 1.3003250360488894 0.72566989064216625 0.77329432964324962 0.79993724822998058 0.70055276155471813 0.72944915294647228
decision_type=2 2 2 2 2 2 2 2 2 2 2 2 2 2 2 2 2 2 2 2 2 2 2 2 2 2 2 2 2 2
left_child=3 7 6 4 5 -1 24 8 17 -7 -5 -6 27 -12 15 -14 -16 -2 19 -13 -4 -15 -23 -24 25 26 -3 28 -8 -30
right_child=1 2 20 10 11 9 12 -9 -10 -11 13 18 14 21 16 -17 -18 -19 -20 -21 -22 22 23 -25 -26 -27 -28 -29 29 -31
leaf_value=-0.057507798347653641 0.0060959261701945943 -0.021188695261687582 0.046985149354978259 -0.061092332077141792 -0.056585462312656501 -0.046131772655444242 0.047653367392020675 -0.060917661989737651 0.028608137899770677 -0.033113414487538233 -0.021314700667654982 -0.029335929573525727 -0.055432315538951851 -0.023100391603440476 -0.043251609882746449 0.041528381842413704 0.025498536857682653 0.040872570184251368 -0.04538697793212014 0.072396021619337989 0.056355821817025031 -0.0084525901619085225 0.05146310646909931 0.0056256071394793425 -0.056689303417907427 0.0013876314256923274 0.05507656615184852 0.052983026346858232 -0.072491473542270854 0.049456679507253992
leaf_weight=199.34314867854118 319.12466791272163 5.2253367006778744 202.55729452520609 14.632009938359259 2058.6725720688701 405.97859616577625 9.3890558928251284 7.6990979164838782 144.78422622382641 497.71480178833008 117.0419325530529 16.990978956222538 7.7105243206024152 25.736389026045799 4.7474993765354148 4.0189463943243027 128.63949802517891 16.935093969106674 61.827637299895287 3.5858336985111228 2628.5725729987025 43.522250175476074 13.641978725790976 25.865246415138245 4.4019985347986212 139.84703881293535 13.269101478159426 50.829653181135654 4.3522258251905432 3.2566174119710922
leaf_count=1757 1434 23 1839 103 18007 3093 77 53 883 3204 595 101 37 115 24 23 756 78 447 20 25801 194 61 116 20 609 88 395 27 20
internal_value=8.57005e-05 0.0460924 0.0511465 -0.0487043 -0.0512341 -0.0423135 0.0169422 0.0129171 0.0140993 -0.0389618 -0.014571 -0.0558298 0.0272389 -0.0115565 0.0193932 -0.02221 0.0230516 0.00784843 -0.0369521 -0.0116075 0.0556854 -0.00105575 0.00577735 0.0214535 0.00346932 0.00514176 0.0335289 0.0440248 0.0172364 -0.0202971
internal_weight=7179.91 3695.36 3206.82 3484.55 3244.11 1103.04 375.687 488.543 480.844 903.693 240.44 2141.08 212.944 225.808 145.116 11.7295 133.387 336.06 82.4044 20.5768 2831.13 108.766 83.0295 39.5072 162.743 158.341 18.4944 67.8276 16.9979 7.60884
internal_count=60000 32187 29739 27813 26629 8054 2099 2448 2395 6297 1184 18575 1359 1081 840 60 780 1512 568 121 27640 486 371 177 740 720 111 519 124 47
is_linear=0
shrinkage=0.05


Tree=29
num_leaves=31
num_cat=0
split_feature=135 120 39 101 128 15 22 26 84 8 120 84 119 119 6 0 59 128 6 130 119 70 6 119 6 76 119 68 126 22
split_gain=6037.37 245.089 198.874 118.903 54.7362 22.8792 19.4207 15.8578 16.2802 15.1846 12.9296 12.5157 10.9937 9.17142 16.7462 10.0793 9.04549 10.7899 9.72731 8.50951 8.45394 7.85827 9.10285 15.5377 11.8474 7.71228 7.36328 10.1309 7.22698 11.4397
threshold=1.0000000180025095e-35 1.0000000180025095e-35 0.13240957260131839 1.0000000180025095e-35 -0.49999997019767756 1.0000000180025095e-35 0.11795619875192644 0.35206137597560888 1.0000000180025095e-35 0.28745912015438085 1.0000000180025095e-35 1.0000000180025095e-35 0.75352406501770031 0.79898613691329967 0.83191117644310009 0.79991954565048229 -1.0308717489242551 0.92387953400611889 0.83191117644310009 0.33486270904541021 0.78162270784378063 1.0000000180025095e-35 0.90426123142242443 0.82355588674545299 0.84489363431930553 1.9632772207260134 0.70916947722435009 0.76301717758178722 0.61159366369247448 0.65410166978836071
decision_type=2 2 2 2 2 2 2 2 2 2 2 2 2 2 2 2 2 2 2 2 2 2 2 2 2 2 2 2 2 2
left_child=3 7 6 4 5 -1 -3 8 -2 19 -5 -6 -8 14 26 -15 17 -14 -19 -7 -16 22 23 24 -18 -10 -12 -28 29 -11
right_child=1 2 -4 10 11 9 12 -9 25 28 13 -13 16 15 20 -17 21 18 -20 -21 -22 -23 -24 -25 -26 -27 27 -29 -30 -31
leaf_value=-0.05708827866587747 0.0074715348844990983 0.0033084451989724064 0.0552918986416596 -0.060464401624270796 -0.056125618058759888 -0.046982763357323654 0.046693316521480725 -0.060275833465000789 0.031905235917977809 0.099877783469275838 0.024479004570073657 -0.03600279674029943 -0.084037434885804299 -0.034666905747062916 0.058716967060655267 -0.0082782784386796482 -0.063094084486344779 -0.040664865763638751 0.026962184367387721 -0.036214220244652588 -0.0050777394066830062 0.032743788192439303 0.044615765621429243 -0.082206023789926877 0.034342687126423459 -0.0041879675436355878 -0.042912523289122248 0.019386078438706475 -0.025288569643032333 -0.016905973182401966
leaf_weight=190.97918200492859 335.39828878641129 162.31936316937208 2711.7405766099691 14.059268608689306 1973.9077922999859 311.93882688879967 50.429710760712624 7.3996087908744803 125.58756877481937 3.0476068407297117 9.4704645872116071 80.418959438800812 3.7885351628065136 55.751823946833611 16.130895517766479 103.10882796347141 4.0804174542427125 7.629137888550761 17.547362141311169 445.4025983735919 7.6587876081466666 96.642971061170101 9.939034163951872 5.9565818011760703 13.25077500939369 16.777567833662033 23.504228577017784 9.0339958071708661 113.7759013324976 6.7223858535289764
leaf_count=1757 1512 740 27640 103 18007 2491 418 53 786 18 44 568 19 294 77 479 21 40 102 3086 34 588 59 31 81 97 114 39 656 46
internal_value=8.64271e-05 0.0453934 0.0505913 -0.0479616 -0.0505589 -0.0413996 0.0162873 0.0123599 0.0134849 -0.0379982 -0.0139486 -0.0553379 0.0263546 -0.0110376 0.00465974 -0.0175393 0.019897 -0.00536859 0.00646942 -0.0406496 0.0381791 0.0255321 0.00455619 -0.0125409 0.0114024 0.0276517 -0.0143224 -0.0256158 -0.0217449 0.019523
internal_weight=6933.4 3568.49 3083.32 3364.91 3126.19 1071.87 371.584 485.163 477.763 880.887 238.718 2054.33 209.265 224.659 65.7984 158.861 158.835 28.965 25.1765 757.341 23.7897 129.87 33.2268 23.2878 17.3312 142.365 42.0087 32.5382 123.546 9.76999
internal_count=60000 32187 29739 27813 26629 8054 2099 2448 2395 6297 1184 18575 1359 1081 308 773 941 161 142 5577 111 780 192 133 102 883 197 153 720 64
is_linear=0
shrinkage=0.05


Tree=30
num_leaves=31
num_cat=0
split_feature=135 120 39 101 111 15 22 9 101 120 120 102 119 8 119 57 0 59 126 41 45 24 126 11 6 79 59 111 70 23
split_gain=5654.54 242.191 198.825 116.865 55.4635 25.8129 18.1287 14.7526 15.3445 12.3786 12.3163 10.8407 10.6486 9.13715 8.48636 17.3706 14.9466 8.34876 9.31727 7.97271 7.70469 7.68881 7.41878 8.02573 10.3189 8.92789 9.68368 7.35283 7.31853 8.57639
threshold=1.0000000180025095e-35 1.0000000180025095e-35 0.13240957260131839 1.0000000180025095e-35 -0.63405361771583546 1.0000000180025095e-35 0.11795619875192644 0.41248604655265814 1.0000000180025095e-35 1.0000000180025095e-35 1.0000000180025095e-35 0.7080698311328889 0.75352406501770031 0.28745912015438085 0.8213065266609193 0.85845956206321727 0.82871991395950328 -1.0308717489242551 -0.14559455960988996 -0.57543474435806263 1.0271328091621401 -0.40901382267475123 0.48586714267730718 1.0364971756935122 0.82344356179237377 1.6666038036346438 1.8703621625900271 -0.32143925130367274 1.0000000180025095e-35 0.87609472870826732
decision_type=2 2 2 2 2 2 2 2 2 2 2 2 2 2 2 2 2 2 2 2 2 2 2 2 2 2 2 2 2 2
left_child=3 7 6 4 5 -1 -3 8 -2 -5 27 -12 -8 -7 15 20 -16 18 19 -14 -11 -18 -10 24 -24 -26 -27 -6 29 -19
right_child=1 2 -4 9 10 13 12 -9 22 14 11 -13 17 -15 16 -17 21 28 -20 -21 -22 -23 23 -25 25 26 -28 -29 -30 -31
leaf_value=-0.056642406708461837 0.0046975275610317028 0.0031448345043854943 0.054917029812358048 -0.059878181916375298 -0.048904162208196343 -0.036767817940170464 0.045905148556463743 -0.059677790095797968 0.03936018582133885 -0.0047550285296490058 0.026945464267429189 -0.042342149523797168 0.0090396921211989192 -0.021377152608329442 -0.04226273814943543 0.041949213954308305 -0.044516919786130857 -0.025694524984158515 0.014943510859542717 -0.083329536544540964 -0.05705728602562482 -0.000619198636279834 0.038002965359931661 0.028199901136529343 0.0028842376551020798 0.004090775089504995 -0.11363191992925133 -0.056309789578740603 0.031704647300168462 0.02594944457646356
leaf_weight=154.51086011528969 259.21443524956703 162.22825107723475 2596.6499218270183 13.501194082200525 418.52551008760929 499.78585439920425 48.773037701845169 7.1074693799018851 51.249841898679733 64.810055240988731 5.8995888456702223 130.97610612213612 3.9758899956941605 119.49160900712013 44.647584930062294 20.225610211491585 11.534964710474013 13.802538387477396 19.330872975289822 5.6641887500882167 7.899577096104621 73.761827245354652 19.173552125692368 85.358620256185532 52.804316371679306 3.3546468913555136 3.6448580622673035 1682.9933074265718 94.865866877138615 19.252165205776691
leaf_count=1493 1083 740 27640 103 3745 3546 418 53 334 304 33 1108 20 699 248 95 54 76 113 28 39 341 113 516 308 20 21 16005 588 116
internal_value=8.69927e-05 0.0446991 0.0500431 -0.0472427 -0.0498993 -0.0383597 0.0156419 0.0118245 0.0128948 -0.0133893 -0.0538884 -0.0393557 0.0254996 -0.0337981 -0.0105732 0.000963535 -0.0188242 0.0191562 -0.00508034 -0.0452334 -0.0104374 -0.00655563 0.0227511 0.0175714 0.00608406 -0.00414938 -0.0572111 -0.0548349 0.0246452 0.00438465
internal_weight=6695.01 3446.45 2964.54 3248.56 3012.18 773.788 367.893 481.908 474.8 236.381 2238.39 136.876 205.665 619.277 222.88 92.9352 129.944 156.892 28.971 9.64008 72.7096 85.2968 215.586 164.336 78.9774 59.8038 6.9995 2101.52 127.921 33.0547
internal_count=60000 32187 29739 27813 26629 5738 2099 2448 2395 1184 20891 1141 1359 4245 1081 438 643 941 161 48 343 395 1312 978 462 349 41 19750 780 192
is_linear=0
shrinkage=0.05


Tree=31
num_leaves=31
num_cat=0
split_feature=135 120 90 101 128 15 119 5 9 84 84 73 120 6 12 68 107 56 8 102 6 41 12 93 127 110 59 113 93 75
split_gain=5295.82 238.973 197.37 115.068 57.8254 23.72 18.1682 15.0847 13.7371 14.4836 13.325 12.1883 11.8609 11.2387 8.54832 16.0753 8.3648 8.33215 7.26938 7.01099 12.7049 6.7396 6.31989 7.26302 16.3297 6.31002 6.21468 7.54457 6.59446 11.1865
threshold=1.0000000180025095e-35 1.0000000180025095e-35 0.10082979872822763 1.0000000180025095e-35 -0.49999997019767756 1.0000000180025095e-35 0.72977426648139965 0.72736558318138134 0.41248604655265814 1.0000000180025095e-35 1.0000000180025095e-35 0.085450042039155974 1.0000000180025095e-35 0.77903699874877941 0.79597324132919323 0.59812563657760631 0.12359787151217462 0.074371796101331725 1.9631230831146242 0.79040801525115978 0.84799703955650341 -0.54574069380760182 0.53577989339828502 -0.86630320549011219 -0.94406455755233754 1.7578594684600832 0.11668100208044054 2.6135178804397587 0.054137848317623145 -1.2383602261543272
decision_type=2 2 2 2 2 2 2 2 2 2 2 2 2 2 2 2 2 2 2 2 2 2 2 2 2 2 2 2 2 2
left_child=3 8 6 4 5 -1 13 -7 9 18 -6 -8 -5 14 15 -3 -4 -14 26 20 -12 -21 23 24 -13 -11 28 -28 29 -2
right_child=1 2 16 12 10 7 11 -9 -10 25 19 22 17 -15 -16 -17 -18 -19 -20 21 -22 -23 -24 -25 -26 -27 27 -29 -30 -31
leaf_value=-0.056334613166191871 0.044596156775966594 0.046145292136177955 0.044176255255221342 -0.059330197144936231 -0.055279628446574025 -0.028186340779775578 -0.0014202651405502405 -0.041796249486385731 -0.05911986648871146 0.0365787850377444 -0.026613260259216731 0.027947996008080591 -0.019518561450858955 0.052949821876107563 0.048578853505432631 -0.11036826279801003 0.055336177646187618 -0.00011266120401060254 0.038881208309072345 0.03454104559013401 0.079616221292299574 -0.046727660499467277 0.022806603188754146 0.015841322386362728 -0.10082269927467441 0.015198191831280228 -0.0032343777136430046 0.038718945380125304 0.026437653315784716 -0.0060665002284005821
leaf_weight=175.25293035805225 13.427160382270811 2.9964870512485486 181.08920805156231 12.958339147269724 1813.6041122153401 349.91617570817471 129.15206271409988 486.88066189736128 6.8230163678526869 69.476814717054367 16.291899368166927 4.8330532982945442 114.14574021100998 43.751785792410374 4.7085966318845749 3.625548467040062 2306.9401804432273 107.31803841888905 16.673522159457207 2.6775598526000968 3.4024441689252845 54.015188790857792 150.18418145924807 17.8366584405303 5.0183331593871134 68.564901471138 178.53655762970448 11.400516912341116 55.819519773125648 57.793197363615036
leaf_count=1757 60 22 1847 103 18007 2388 560 3909 53 454 102 26 595 373 30 18 25811 486 78 21 19 426 919 105 28 429 810 54 250 260
internal_value=8.76081e-05 0.0440149 0.0495043 -0.0465314 -0.0492533 -0.0396082 0.0150148 -0.0361051 0.0113189 0.0123378 -0.054418 0.0102709 -0.0128353 0.0414563 -0.00292424 -0.0395455 0.0545239 -0.0101148 0.00670217 -0.0339613 -0.00826079 -0.0428894 0.0187599 -0.00319024 -0.0376483 0.0259591 0.0050095 -0.00071623 0.01357 0.00348492
internal_weight=6465.11 3328.65 2850.14 3136.46 2902.04 1012.05 362.107 836.797 478.515 471.692 1889.99 307.024 234.422 55.0824 11.3306 6.62204 2488.03 221.464 333.65 76.3871 19.6943 56.6927 177.872 27.688 9.85139 138.042 316.977 189.937 127.04 71.2204
internal_count=60000 32187 29739 27813 26629 8054 2081 6297 2448 2395 18575 1638 1184 443 70 40 27658 1081 1512 568 121 447 1078 159 54 883 1434 864 570 320
is_linear=0
shrinkage=0.05


Tree=32
num_leaves=31
num_cat=0
split_feature=135 120 5 101 128 15 119 96 120 9 101 22 120 6 107 5 60 85 13 6 119 91 12 68 12 79 75 130 110 126
split_gain=4959.15 235.898 195.91 113.579 59.3848 24.0875 16.7892 15.3956 12.9581 12.7974 13.5825 11.6525 11.3775 10.6787 9.28115 8.3345 8.04268 7.96771 9.40371 8.45107 7.87088 24.8369 7.79617 14.1483 7.07293 8.66339 7.89382 7.73461 7.23406 7.04419
threshold=1.0000000180025095e-35 1.0000000180025095e-35 0.1526174992322922 1.0000000180025095e-35 -0.49999997019767756 1.0000000180025095e-35 0.72977426648139965 0.26343040168285375 1.0000000180025095e-35 0.41248604655265814 1.0000000180025095e-35 0.11795619875192644 1.0000000180025095e-35 0.77903699874877941 0.12359787151217462 0.07900636270642282 0.75183975696563732 0.69023516774177562 0.76363638043403637 0.77329432964324962 0.79898613691329967 0.8462062180042268 0.79597324132919323 0.59812563657760631 0.80786618590354931 0.33386972546577459 0.13275161385536197 1.1595533490180971 0.072388559579849257 0.48586714267730718
decision_type=2 2 2 2 2 2 2 2 2 2 2 2 2 2 2 2 2 2 2 2 2 2 2 2 2 2 2 2 2 2
left_child=3 9 6 4 5 -1 13 -7 -6 10 -2 -8 -5 22 -4 -10 -17 19 24 -14 21 -18 23 -3 25 -19 -27 28 -28 -12
right_child=1 2 14 12 8 7 11 -9 15 -11 29 -13 17 -15 -16 16 20 18 -20 -21 -22 -23 -24 -25 -26 26 27 -29 -30 -31
leaf_value=-0.055987672144732541 0.004124001537732595 0.04514388681103873 0.043141596682323126 -0.058817336956195038 -0.055154500700855258 -0.042935798750779415 -0.0005537211465066218 -0.029101577007920373 -0.054255153789743493 -0.058598778632930851 0.037777341853811125 0.019075713437914286 -0.039758792229565409 0.052209811660570621 0.055031696848816827 0.041559709473551143 -0.027745780489537832 0.041759516405396629 -0.02291993916798047 0.03905881493123594 -0.041659070197017332 0.1357458118457536 0.047276319785997119 -0.10196611030392073 -0.024690405623749245 -0.025942717343287448 0.010483175489079089 -0.036531055139175254 0.071227803010222662 0.016171102728458141
leaf_weight=167.7126090824604 258.68817161023617 2.911971911787985 177.31391900032759 12.431105747818945 1683.4951842352748 358.86634556204081 142.32476562261581 457.46966962516308 51.426419012248516 6.5465028136968604 49.27128441631794 161.27390979975462 4.4086062163114574 41.370493941009045 2206.2635319158435 3.9153424501419059 16.059607639908794 14.078702718019484 105.22276014089584 14.880263634026049 54.225777298212051 2.7158269584178916 4.5992164686322212 3.7253245860338211 24.145627304911613 21.550166457891464 23.381779953837398 6.6309207975864402 6.2011124938726416 160.95754036307335
leaf_count=1757 1083 22 1865 103 17437 3093 620 3204 524 53 334 1007 20 366 25811 31 110 64 516 73 455 18 30 18 125 108 112 33 30 978
internal_value=8.83278e-05 0.0433367 0.0489786 -0.045822 -0.0486167 -0.0387289 0.0143922 -0.0351832 -0.053987 0.0108261 0.0117953 0.00987358 -0.0122769 0.0404695 0.0541472 -0.0386725 -0.028254 -0.00965314 -0.0125959 0.0210445 -0.0319984 -0.00409707 -0.00275576 -0.0374247 -0.00127873 0.00658971 -0.00198216 0.0122763 0.0232164 0.021235
internal_weight=6244.06 3215.25 2739.78 3028.82 2795.89 984.049 356.206 816.336 1811.84 475.463 468.917 303.599 232.931 52.607 2383.58 128.343 76.9166 220.5 201.211 19.2889 73.0012 18.7754 11.2365 6.6373 95.9883 71.8427 57.764 36.2138 29.5829 210.229
internal_count=60000 32187 29739 27813 26629 8054 2063 6297 18575 2448 2395 1627 1184 436 27676 1138 614 1081 988 93 583 128 70 40 472 347 283 175 142 1312
is_linear=0
shrinkage=0.05


Tree=33
num_leaves=31
num_cat=0
split_feature=135 120 39 101 111 32 102 17 57 119 120 17 26 84 39 120 119 74 8 8 104 119 107 111 119 57 104 119 39 76
split_gain=4643.73 232.595 198.444 111.927 59.8753 26.7813 16.544 19.731 19.2228 16.4015 13.2303 12.151 11.9308 12.8841 11.1057 10.9098 10.8061 9.48774 9.04215 8.94595 8.43051 10.855 8.26124 8.19388 7.67656 14.6196 9.11206 7.60511 7.58011 7.12181
threshold=1.0000000180025095e-35 1.0000000180025095e-35 0.13240957260131839 1.0000000180025095e-35 -0.63405361771583546 1.0000000180025095e-35 0.78527224063873302 0.70152944326400768 0.85712164640426647 0.70055276155471813 1.0000000180025095e-35 0.5863475799560548 0.35206137597560888 1.0000000180025095e-35 0.071004956960678114 1.0000000180025095e-35 0.78872570395469677 0.82706257700920116 0.28745912015438085 -0.54589682817459095 1.0000000180025095e-35 0.74040210247039806 0.12359787151217462 -0.19509035348892209 0.79898613691329967 0.83195805549621593 1.0000000180025095e-35 0.78162270784378063 0.1013208217918873 1.9632772207260134
decision_type=2 2 2 2 2 2 2 2 2 2 2 2 2 2 2 2 2 2 2 2 2 2 2 2 2 2 2 2 2 2
left_child=3 12 6 4 5 -1 8 -8 9 -3 23 -11 13 -2 -12 -5 17 20 -7 -16 21 -13 -4 -6 25 -17 -26 -27 -9 -15
right_child=1 2 22 15 10 18 7 28 -10 11 14 16 -14 29 19 24 -18 -19 -20 -21 -22 -23 -24 -25 26 27 -28 -29 -30 -31
leaf_value=-0.055609827145706552 0.0059946855884878743 0.045076418404529472 0.043190646307037256 -0.058336810631268277 -0.048083258464136733 -0.034003029546942468 -0.068235937480086009 -0.0071723124435550123 0.05298506380565049 -0.071429818545410251 -0.041900385423509871 0.013570335209646288 -0.058111578420079225 0.028653959529167879 -0.014380380505639957 -0.012663108499389947 -0.078769215982821245 0.045947470648179153 -0.018298134805662055 0.087018116632440093 0.022150866081844887 -0.06897513451914751 0.054744269423850835 -0.055560703453851501 -0.034156785564446991 0.056645659612105652 -0.0074754000113994509 -0.0042493590262230206 0.01411108812301777 -0.006558201050810732
leaf_weight=135.38150753080845 331.97020098567009 27.353526793420315 166.96753244847059 11.919764727354048 502.69430236518383 465.30096489936113 8.699877128005026 56.603371202945709 48.334856048226357 5.688376657664775 111.54481169581413 7.7499824911355963 6.278109297156333 117.72968253493309 10.715176507830618 41.162116348743439 3.5231311172246924 14.311296053230761 114.13317741453648 2.7292753830552092 16.476758979260921 8.1933449655771238 2109.4027514383197 1351.0210994631052 45.172051221132278 15.774364776909353 109.73142199218273 7.5962706655263892 160.33376048505306 16.354484170675278
leaf_count=1493 1512 242 1829 103 5126 3546 40 235 351 33 1040 48 53 786 80 197 16 97 699 21 93 37 25811 14624 252 77 521 34 907 97
internal_value=8.8509e-05 0.042665 0.0484595 -0.0451241 -0.0479907 -0.0355876 0.0138149 0.00559688 0.0279019 0.0133468 -0.0524713 -0.00216755 0.0103558 0.0112781 -0.0367261 -0.0117505 0.00567234 0.0120385 -0.0309096 0.0062039 -0.00293006 -0.0288501 0.0538968 -0.053533 -0.00921994 0.0052691 -0.0152561 0.0368527 0.00855781 0.0243591
internal_weight=6030.85 3105.97 2633.64 2924.88 2693.52 714.816 357.268 225.637 131.631 83.2964 1978.7 55.9429 472.332 466.054 124.989 231.356 50.2545 46.7314 579.434 13.4445 32.4201 15.9433 2276.37 1853.72 219.436 64.5328 154.903 23.3706 216.937 134.084
internal_count=60000 32187 29739 27813 26629 5738 2099 1182 917 566 20891 324 2448 2395 1141 1184 291 275 4245 101 178 85 27640 19750 1081 308 773 111 1142 883
is_linear=0
shrinkage=0.05


Tree=34
num_leaves=31
num_cat=0
split_feature=135 119 44 84 128 107 15 124 39 84 73 96 108 22 105 102 40 9 103 119 11 8 119 119 40 17 11 15 62 93
split_gain=4348.24 213.235 114.592 109.019 69.2405 47.5463 24.8443 20.7577 16.6693 23.6954 16.0792 15.1999 14.5599 13.7832 9.77924 15.5756 20.2839 20.3004 12.2132 9.56583 8.9643 8.4333 8.14944 7.55543 13.3461 9.55332 8.46725 7.47376 10.6359 7.42446
threshold=1.0000000180025095e-35 0.75870630145072948 0.38268351554870611 1.0000000180025095e-35 -0.49999997019767756 0.1043694131076336 1.0000000180025095e-35 0.057749181985855109 0.1013208217918873 1.0000000180025095e-35 0.054572511464357383 0.26343040168285375 0.81688216328620922 0.12999680638313296 1.0000000180025095e-35 0.83307066559791576 0.8661937713623048 0.95642799139022838 1.0000000180025095e-35 0.7215886414051057 0.17359838634729388 -0.978990077972412 0.72977426648139965 0.8213065266609193 0.88804361224174511 0.82682490348815929 0.9924428164958955 0.75000000000000011 0.31900192797183996 0.079589214175939574
decision_type=2 2 2 2 2 2 2 2 2 2 2 2 2 2 2 2 2 2 2 2 2 2 2 2 2 2 2 2 2 2
left_child=3 7 8 4 6 20 -1 12 27 -10 19 -8 22 -11 18 16 17 -16 -15 -5 21 -4 -2 24 26 -25 29 28 -3 -12
right_child=1 2 5 10 -6 -7 11 -9 9 13 23 -13 -14 14 15 -17 -18 -19 -20 -21 -22 -23 -24 25 -26 -27 -28 -29 -30 -31
leaf_value=-0.055362397639230669 0.012760239002836325 -0.058549542042311969 -0.0036428768832574483 0.051963389701924746 -0.054154446926625105 0.052552756897306888 -0.04134390403286517 0.054050350973822194 0.0061488548127275923 0.0089819916192597615 -0.0011735939489996364 -0.02723108171086798 0.05496460130789519 0.022047825309843484 0.037817924269120569 -0.13238888677988456 0.058397876972453834 -0.16316505921618346 0.044132167123726952 -0.035734169788966277 -0.0041969704405341148 0.037205053268258764 -0.051631574055241852 -0.03771430184217018 0.075181648257752157 -0.0068347456644812787 -0.054908187936189193 -0.026486290304505184 0.026143175068461096 0.065571889734884564
leaf_weight=153.5932269692421 13.297703281044962 4.590703226625922 17.356109298765659 3.2168613970279685 1593.5705946162343 398.82064754515886 337.01597891002893 1714.4937347844243 323.0694789364934 100.96054447442293 68.389662973582745 439.71610223501921 13.840727768838404 125.18397782742977 2.3946456611156455 2.1530135720968238 8.71666471660137 2.6431820318102837 125.23214416950941 93.150420576334 39.564315877854824 46.458418756723404 7.793457716703414 35.969556346535683 6.0012346506118766 82.481343150138855 6.9397538825869551 34.85291850566864 19.257002912461758 4.4366918057203284
leaf_count=1757 78 19 108 14 18007 5011 3093 21662 1496 506 327 3204 100 854 22 19 76 18 1381 706 258 306 35 217 30 402 35 158 80 21
internal_value=8.91972e-05 0.0420006 0.0262403 -0.0444367 -0.0478267 0.0447199 -0.0369879 0.0532729 0.0138507 0.0160257 -0.0159722 -0.0333545 0.0151164 0.0247136 0.0306773 -0.00733709 0.0122375 -0.0676312 0.0330921 -0.0328067 0.0145021 0.0260953 -0.0110334 -0.00802823 0.0032739 -0.0162118 -0.0021361 -0.0117285 0.00983976 0.00289264
internal_weight=5825.16 3000.68 1251.25 2824.48 2523.9 502.199 930.325 1749.43 749.054 690.354 300.586 776.732 34.9319 367.284 266.324 15.9075 13.7545 5.03783 250.416 96.3673 103.379 63.8145 21.0912 204.218 85.7673 118.451 79.7661 58.7006 23.8477 72.8264
internal_count=60000 32187 10312 27813 26061 5683 8054 21875 4629 4372 1752 6297 213 2876 2370 135 116 40 2235 720 672 414 113 1032 413 619 383 257 99 348
is_linear=0
shrinkage=0.05


Tree=35
num_leaves=31
num_cat=0
split_feature=135 119 61 84 111 107 15 124 70 84 39 119 6 39 73 103 108 28 96 6 119 119 23 119 12 119 76 126 62 119
split_gain=4070.08 214.185 111.321 107.7 69.4148 36.5867 26.7108 20.6815 17.1982 27.2201 24.6915 19.7274 23.4648 15.1495 15.1071 13.9803 13.6162 11.4772 10.9292 9.90665 15.5737 8.78013 8.10219 9.10342 7.54592 7.35804 6.9694 7.22179 7.50865 6.88926
threshold=1.0000000180025095e-35 0.75870630145072948 0.44228871166706091 1.0000000180025095e-35 -0.44228866696357721 0.1043694131076336 1.0000000180025095e-35 0.057749181985855109 1.0000000180025095e-35 1.0000000180025095e-35 0.12135544419288637 0.8177069127559663 0.86675912141799938 0.70714977383613598 0.054572511464357383 1.0000000180025095e-35 0.81688216328620922 -0.017116116359829899 0.45814788341522222 0.87953791022300731 0.85586708784103405 0.7215886414051057 0.82173600792884838 0.78162270784378063 0.71469494700431835 0.72977426648139965 1.9632772207260134 1.3961876630783083 1.3529056906700136 0.8213065266609193
decision_type=2 2 2 2 2 2 2 2 2 2 2 2 2 2 2 2 2 2 2 2 2 2 2 2 2 2 2 2 2 2
left_child=3 7 8 4 6 -4 -1 16 11 -10 -11 12 18 -8 21 26 25 -13 -3 -19 24 -5 -20 -24 -21 -2 -12 28 -28 -16
right_child=1 2 5 14 -6 -7 13 -9 9 10 15 17 -14 -15 29 -17 -18 19 22 20 -22 -23 23 -25 -26 -27 27 -29 -30 -31
leaf_value=-0.05508878692917623 0.012191467892939291 0.060735529354347909 0.010070606118662243 0.048902771491976402 -0.053799463547700925 0.052455768129781449 -0.024356689072386223 0.053759350357792925 0.0058510121244273712 0.0086486362715388447 0.026053339020122208 0.057185726838905528 0.051411676642594585 -0.038624913921826598 0.0031146801760703804 0.044183410366601596 0.053981557635199254 -0.10957821698928293 -0.11524443986373419 -0.063705541615607361 -0.087446442417504142 -0.03477838977484999 0.033704323811736658 -0.064896886471092194 0.024240090547671247 -0.049061185276932817 -0.001607309846450885 0.024590384559791404 -0.1000230913671598 -0.015533070905226491
leaf_weight=157.67176403105259 13.224104642868044 2.737848423421382 59.355592258274555 3.2464796602725974 1514.4847812578082 357.98385836184025 327.12544459849596 1639.4818737953901 322.55295222252607 147.55304782092571 107.31666022539139 2.7226157337427166 19.684192530810833 431.34209357202053 85.622811533510685 151.42425622791052 13.399392858147619 5.613861650228503 3.4227597415447226 3.3292686343193081 8.3780907243490201 90.980685569345951 3.8741342425346357 5.9148189947009087 9.1218713968992216 7.7916938811540595 4.595355346798895 7.8089622929692268 3.3516270592808723 117.49405916780233
leaf_count=1882 78 23 392 14 17882 4695 2418 21662 1496 719 755 31 143 3879 413 1749 100 29 18 15 45 706 23 29 54 35 28 48 20 619
internal_value=8.991e-05 0.0413228 0.0254518 -0.0437529 -0.0472276 0.0464276 -0.0363637 0.0529541 0.0146363 0.0167864 0.0251438 -0.0100699 0.014889 -0.0324711 -0.0153484 0.0340106 0.0145945 -0.0405639 -0.0301856 -0.0506283 -0.0347402 -0.0318953 -0.0490271 -0.0258739 0.000724602 -0.0105182 0.0214943 -0.00955835 -0.043114 -0.00767221
internal_weight=5628.61 2900.64 1226.74 2727.97 2430.62 417.339 916.139 1673.9 809.402 744.603 422.05 64.7995 35.6338 758.468 297.344 274.497 34.4152 29.1657 15.9496 26.4431 20.8292 94.2272 13.2117 9.78895 12.4511 21.0158 123.073 15.7559 7.94698 203.117
internal_count=60000 32187 10312 27813 26061 5087 8179 21875 5225 4815 3319 410 236 6297 1752 2600 213 174 93 143 114 720 70 52 69 113 851 96 48 1032
is_linear=0
shrinkage=0.05


Tree=36
num_leaves=31
num_cat=0
split_feature=135 120 39 120 128 56 15 119 96 102 34 57 119 17 26 101 107 119 74 121 119 6 13 12 90 110 45 10 15 104
split_gain=3809.2 225.855 197.088 106.423 72.2431 31.2165 24.608 16.9307 14.9115 14.3808 19.2385 18.1608 14.3325 12.9616 10.7146 10.398 9.21865 8.7029 9.86475 8.08397 17.0098 18.2829 7.26867 7.30887 7.02312 17.3068 7.91848 6.93713 7.55039 6.72065
threshold=1.0000000180025095e-35 1.0000000180025095e-35 0.13240957260131839 1.0000000180025095e-35 -0.49999997019767756 0.059188026934862144 1.0000000180025095e-35 0.68742546439170849 0.26343040168285375 0.78527224063873302 0.69612982869148265 0.85712164640426647 0.70055276155471813 0.57092040777206432 0.16280831396579745 1.0000000180025095e-35 0.12359787151217462 0.78872570395469677 0.82706257700920116 1.0000000180025095e-35 0.85586708784103405 0.88418659567832958 0.76363638043403637 0.87824293971061718 0.050832340493798263 0.067300889641046538 0.088385935872793212 -0.065403074026107774 0.75000000000000011 1.0000000180025095e-35
decision_type=2 2 2 2 2 2 2 2 2 2 2 2 2 2 2 2 2 2 2 2 2 2 2 2 2 2 2 2 2 2
left_child=3 14 9 4 6 -5 -1 -7 -8 11 -11 12 -3 -14 15 -2 -4 18 29 20 21 -12 23 24 25 -9 -26 -10 -29 -15
right_child=1 2 16 5 -6 7 8 22 27 10 19 -13 13 17 -16 -17 -18 -19 -20 -21 -22 -23 -24 -25 26 -27 -28 28 -30 -31
leaf_value=-0.054801726843375878 0.0031386359601124217 0.042819413595882261 0.041093022279077476 -0.041192619058572438 -0.053824586189637036 0.076757638526612895 -0.04015308992554522 -0.025717492385749274 -0.027035831401113958 -0.11030751988128791 -0.045167552022135536 0.051253526608949822 -0.1007170997027616 -0.027747142421871457 -0.046583123071621962 0.018358542258626782 0.053983913003289453 -0.07221625740574171 0.04414122372191473 0.010617323509391235 -0.06968871833674907 0.041500178289170901 -0.01734145664791199 -0.032172885753454693 0.070786236171439351 0.059193681317482774 0.010518845455887152 -0.050471207045919356 0.02961832772259786 0.016984287487213628
leaf_weight=140.36073903739452 255.10056522488594 24.847237624228001 149.96434071660042 92.260310493409634 1425.1354281231761 5.8942682817578307 317.57664379477501 32.827450200915337 407.65328345447779 3.5915393233299246 10.188358128070833 44.633432649075985 3.1957232430577269 17.209450893104076 8.5742370262742025 200.35690551996231 1844.5627000629902 3.5693660676479331 13.914116129279135 182.35002944618464 10.275580585002897 15.109466597437857 123.54860888421535 14.85357081890106 6.1642030179500571 7.3434697091579428 47.057396627962589 4.046574026346204 10.788407564163208 16.398271426558495
leaf_count=1757 1073 242 1829 972 17540 31 3091 201 3109 16 50 351 18 93 64 1311 25811 16 102 985 49 82 651 82 28 40 220 25 66 95
internal_value=9.06181e-05 0.0406573 0.0469769 -0.043067 -0.046868 -0.0165075 -0.0356074 -0.00692581 -0.031967 0.0120996 0.00447223 0.0257508 0.0113668 -0.00302917 0.00879145 0.00983391 0.0530147 0.00308115 0.00873674 0.00636388 -0.0154393 0.00659592 -0.00905378 0.000405514 0.00558693 -0.0101953 0.0174991 -0.0258136 0.00777211 -0.00592126
internal_weight=5439.35 2803.84 2339.81 2635.51 2305.56 329.949 880.426 237.689 740.065 345.283 221.515 123.768 79.1342 54.2869 464.032 455.457 1994.53 51.0912 47.5218 217.923 35.5734 25.2978 231.795 108.246 93.3925 40.1709 53.2216 422.488 14.835 33.6077
internal_count=60000 32187 29739 27813 25588 2225 8048 1253 6291 2099 1182 917 566 324 2448 2384 27640 306 290 1166 181 132 1222 571 489 241 248 3200 91 188
is_linear=0
shrinkage=0.05


Tree=37
num_leaves=31
num_cat=0
split_feature=135 120 90 84 111 15 120 96 119 6 119 119 6 87 22 9 101 12 119 70 119 6 6 119 96 59 41 126 130 13
split_gain=3565.03 222.128 194.525 105.07 72.801 27.2784 16.7028 14.8875 14.0927 18.4565 11.6068 11.4431 21.6481 11.3501 10.2724 10.0779 10.0135 8.8852 8.77833 8.55353 11.803 15.0763 13.2844 9.44995 7.55116 7.46279 8.59765 7.01667 8.38124 7.93099
threshold=1.0000000180025095e-35 1.0000000180025095e-35 0.10082979872822763 1.0000000180025095e-35 -0.44228866696357721 1.0000000180025095e-35 1.0000000180025095e-35 0.26343040168285375 0.77350604534149181 0.82288038730621349 0.69606900215148937 0.79898613691329967 0.85438916087150585 1.0000000180025095e-35 0.17586228251457217 0.41248604655265814 1.0000000180025095e-35 0.78449127078056347 0.68742546439170849 1.0000000180025095e-35 0.8177069127559663 0.8662487566471101 0.9065462350845338 0.88836318254470836 0.38252201676368719 -1.150074243545532 -0.59068316221237172 0.48586714267730718 0.72308698296546947 0.76363638043403637
decision_type=2 2 2 2 2 2 2 2 2 2 2 2 2 2 2 2 2 2 2 2 2 2 2 2 2 2 2 2 2 2
left_child=3 15 8 4 5 -1 -5 -7 9 10 -3 12 18 -13 -4 16 -2 -12 -8 20 21 -10 24 -24 -22 -21 -27 -18 -29 -30
right_child=1 2 14 6 -6 7 11 -9 19 -11 17 13 -14 -15 -16 -17 27 -19 -20 25 22 -23 23 -25 -26 26 -28 28 29 -31
leaf_value=-0.054559612520187185 0.0027270818971663756 0.040802056987954582 0.040022832426349006 -0.056871389903688931 -0.053151586339572676 -0.03906162580330573 0.056723821907765662 -0.024559629146985774 -0.030422347389729345 0.052876120320686018 -0.037528569870753328 -0.035996235436799501 0.060594150289075832 -0.0094310832540546296 0.053752905868849399 -0.057304324516490236 0.03485818766684759 0.016342192481381756 -0.012580185821094764 -0.028669284612302073 -0.0078084545400706855 0.04632200000015204 0.032102624471971049 -0.060213918469667276 -0.080994637785086088 0.058469380065309585 0.010448314620069489 -0.065203892347829084 0.0021271718965778581 0.025221199956686542
leaf_weight=144.02666855603456 257.42777498066425 16.736837409436703 147.64783819764853 21.20841221511364 1386.8255989551544 308.15190955996513 4.9543281942605963 415.72624234855175 11.218336299061777 41.905730225145817 15.530870057642462 57.295999854803085 14.448703095316885 134.81982339918613 1761.2608238309622 5.7631160840392104 45.722587138414383 15.092291928827761 58.770347528159618 11.392274856567381 4.8689798563718858 14.897852897644041 9.5188294351100904 3.9111230522394171 12.763614118099211 9.8536345511674863 172.38881032913923 3.3907249718904486 70.560849472880363 78.575655534863472
leaf_count=1882 1083 165 1857 208 17882 3093 25 3204 52 398 82 379 73 763 25801 53 334 89 304 54 25 90 51 19 60 59 937 18 451 509
internal_value=9.11039e-05 0.0400006 0.0464842 -0.0423921 -0.0460441 -0.034687 -0.0141438 -0.0307331 0.0116452 0.0287064 0.00732025 -0.0107912 0.00533677 -0.0173538 0.0526909 0.00840056 0.00923155 -0.010979 -0.00719209 0.00557299 -0.0114189 0.0133561 -0.0322487 0.00521784 -0.0607854 0.0105906 0.0130448 0.0176776 0.0125275 0.0142947
internal_weight=5256.66 2710.43 2248.99 2546.23 2254.73 867.905 291.498 723.878 340.079 89.2657 47.36 270.289 78.1734 192.116 1908.91 461.441 455.678 30.6232 63.7247 250.813 57.1787 26.1162 31.0625 13.43 17.6326 193.635 182.242 198.25 152.527 149.137
internal_count=60000 32187 29739 27813 26061 8179 1752 6297 2081 734 336 1544 402 1142 27658 2448 2395 171 329 1347 297 142 155 70 85 1050 996 1312 978 960
is_linear=0
shrinkage=0.05


Tree=38
num_leaves=31
num_cat=0
split_feature=135 120 39 120 128 56 15 119 39 119 6 119 107 9 84 17 102 126 119 6 118 70 24 6 119 6 11 6 119 29
split_gain=3336 218.252 195.085 103.92 75.6039 28.5451 25.0706 15.2115 14.7481 12.7982 18.4773 11.5202 9.86627 9.42193 9.4163 7.87764 11.4275 7.66932 7.57254 20.1568 10.1138 8.34543 7.97711 8.74588 8.18108 7.53714 7.4927 7.1977 20.0566 9.86213
threshold=1.0000000180025095e-35 1.0000000180025095e-35 0.13240957260131839 1.0000000180025095e-35 -0.49999997019767756 0.059188026934862144 1.0000000180025095e-35 0.66445672512054454 0.70714977383613598 0.77350604534149181 0.82288038730621349 0.69606900215148937 0.12359787151217462 0.41248604655265814 1.0000000180025095e-35 0.66498184204101574 0.77969098091125499 0.35086621344089514 0.79898613691329967 0.86249417066574108 1.0000000180025095e-35 1.0000000180025095e-35 0.51330077648162853 0.79569438099861156 0.74709975719451915 0.87801828980445873 0.14098678529262546 0.87953791022300731 0.8490285873413087 0.74055260419845592
decision_type=2 2 2 2 2 2 2 2 2 2 2 2 2 2 2 2 2 2 2 2 2 2 2 2 2 2 2 2 2 2
left_child=3 13 9 4 6 -5 -1 -7 -8 10 11 -3 -4 14 -2 16 25 -13 19 22 -21 27 23 26 -25 -11 -9 -20 29 -29
right_child=1 2 12 5 -6 7 8 18 -10 15 -12 17 -14 -15 -16 -17 -18 -19 21 20 -22 -23 -24 24 -26 -27 -28 28 -30 -31
leaf_value=-0.054304363556708535 0.0043749604482816269 0.040110198701009021 0.039732664682966073 -0.039753597822105274 -0.053225288463672998 0.10204830396584326 -0.022082461233518477 0.029139923193334763 -0.036640586713878959 -0.051264805960841486 0.052268205543375537 -0.032428592084430816 0.05353407240892754 -0.056900038990903269 0.020502948493476426 0.0075400794930372515 -0.098976974549547306 0.018392252921763871 -0.05335587684837878 0.13074133727037182 0.029520640661098149 -0.0065183997579396358 -0.065684612169005119 0.055645275516040288 -0.0013894658495580228 0.038107936304071811 -0.035412495394276627 -0.01109260326037427 -0.048868813224037876 0.092624834891570418
leaf_weight=128.13571759313345 328.36347959935665 16.411244548857212 140.28887596726418 86.574999757111073 1304.032363884151 3.2031676471233359 309.45885077863932 5.8588357195258167 397.33166253566742 4.1823614686727506 40.67041253298521 18.25737547129393 1682.7074903696775 5.5200090035796157 124.9370636716485 236.90387629717588 4.2959547042846671 12.51037387549877 20.784755602478981 4.2034212127327901 5.9768686294555664 119.83839811384678 4.9585303068161002 10.285480849444868 16.175071276724339 5.4112312197685242 19.314315274357796 4.2541989982128161 15.036400482058523 4.9690488874912262
leaf_count=1757 1512 167 1829 972 17540 18 2415 27 3876 19 402 101 25811 53 883 1287 19 71 128 19 35 629 26 49 79 33 96 23 98 26
internal_value=9.2028e-05 0.0393501 0.045998 -0.04172 -0.0457035 -0.0152123 -0.0339556 -0.00616578 -0.0302665 0.0111473 0.0275706 0.00628015 0.052472 0.00802943 0.0088201 0.00539439 -0.0312032 -0.0117645 -0.00766209 0.00654348 0.0713145 -0.0134149 -0.00510808 0.000709258 0.0207805 -0.000854434 -0.0203885 -0.0317627 -0.0132625 0.0447854
internal_weight=5080.85 2620.46 2161.64 2460.39 2138.96 321.433 834.926 234.858 706.791 338.643 87.8494 47.179 1823 458.821 453.301 250.793 13.8895 30.7677 231.655 66.7725 10.1803 164.883 56.5922 51.6337 26.4606 9.59359 25.1732 45.0444 24.2596 9.22325
internal_count=60000 32187 29739 27813 25588 2225 8048 1253 6291 2099 741 339 27640 2448 2395 1358 71 172 1235 331 54 904 277 251 128 52 123 275 147 49
is_linear=0
shrinkage=0.05


Tree=39
num_leaves=31
num_cat=0
split_feature=135 119 120 61 128 107 56 15 90 8 70 120 56 119 6 119 6 96 5 130 39 41 130 126 113 79 8 102 48 124
split_gain=3120.82 216.697 101.977 99.6177 77.2714 36.2897 27.0188 25.2758 20.6773 14.7119 14.6996 21.8055 34.145 15.6823 23.0255 14.1163 13.688 10.6378 10.0275 9.11298 8.99067 9.21049 9.11266 8.58892 14.0902 8.31644 8.24283 7.50918 7.39601 7.77806
threshold=1.0000000180025095e-35 0.75870630145072948 1.0000000180025095e-35 0.44228871166706091 -0.49999997019767756 0.1043694131076336 0.059188026934862144 1.0000000180025095e-35 0.07759560272097589 0.28745912015438085 1.0000000180025095e-35 1.0000000180025095e-35 0.1095455400645733 0.82355588674545299 0.86675912141799938 0.66445672512054454 0.79743528366088878 0.45814788341522222 0.47329853475093847 0.33486270904541021 0.56802552938461315 -0.094039805233478532 0.90697234869003307 0.61159366369247448 1.2889860272407534 -0.04846606217324733 1.9827103614807131 0.69968721270561229 0.52305814623832714 0.69847398996353161
decision_type=2 2 2 2 2 2 2 2 2 2 2 2 2 2 2 2 2 2 2 2 2 2 2 2 2 2 2 2 2 2
left_child=2 8 4 10 7 -5 -4 -1 16 19 13 18 -13 14 17 -8 27 -3 -12 -9 -20 -22 -23 24 -11 -15 -25 -2 29 -24
right_child=1 3 6 5 -6 -7 15 9 -10 23 11 12 -14 25 -16 -17 -18 -19 20 -21 21 22 28 26 -26 -27 -28 -29 -30 -31
leaf_value=-0.054076878300920964 0.0047949591318616827 0.059895669065763005 -0.038991886858249357 0.0076556682837617147 -0.052942295247780359 0.051198163747314562 0.099879748516936373 -0.040309998370757744 0.052732278830586003 -0.011691978043360628 -0.072501445129475706 0.007605500499252473 0.042438184031877733 0.056216462078507626 0.045649406199579003 -0.0073384160682025898 0.039903985881478421 -0.05158275920265696 0.02679833088853319 -0.027523903295622622 0.014027992987014124 -0.045370866609675015 0.0024918024212236042 -0.01176542632241144 0.12477313184760142 -0.050246913338395587 -0.061264180192951823 -0.071970898816806281 -0.027459121735295123 0.073757157627504163
leaf_weight=122.38623279333115 7.570966951549055 2.5325862765312221 83.92084226757288 56.920710317790508 1246.897196918726 300.33498231321573 3.111410826444625 229.23097727447748 1371.7951611056924 5.3450882285833341 3.8995912596583358 139.30822172015905 142.13878738880157 1.9939869046211267 20.066127710044384 230.07957616448402 17.767075307667255 13.804699808359144 55.592203542590141 355.43243232369423 165.73978997766972 11.336859822273253 171.0221600830555 88.873656280338764 2.9275220483541489 22.908968035131693 9.289757162332533 5.4997806400060654 20.787491038441658 3.9164061248302451
leaf_count=1757 44 24 972 392 17540 4695 18 2489 21674 46 34 666 1861 27 157 1235 132 74 312 3083 846 55 913 593 18 128 62 25 107 21
internal_value=9.21954e-05 0.0386873 -0.0410587 0.0224167 -0.0451212 0.0442606 -0.0146632 -0.0331333 0.0518221 -0.0294244 0.0123478 0.0143659 0.025197 -0.0111472 0.00976868 -0.00590783 0.011332 -0.0343015 0.00731422 -0.032537 0.00804076 0.00524364 -0.00178764 -0.0123265 0.0366005 -0.0417224 -0.0164498 -0.0275058 0.000736796 0.00408724
internal_weight=4912.43 2534.94 2377.49 1132.3 2060.38 357.256 317.112 813.486 1402.63 691.099 775.048 713.742 281.447 61.3064 36.4034 233.191 30.8378 16.3373 432.295 584.663 428.395 372.803 207.063 106.436 8.27261 24.903 98.1634 13.0707 195.726 174.939
internal_count=60000 32187 27813 10312 25588 5087 2225 8048 21875 6291 5225 4815 2527 410 255 1253 201 98 2288 5572 2254 1942 1096 719 64 155 655 69 1041 934
is_linear=0
shrinkage=0.05


Tree=40
num_leaves=31
num_cat=0
split_feature=118 39 120 128 84 135 15 39 96 102 107 102 113 126 126 28 39 6 120 42 59 0 57 51 8 102 34 126 126 75
split_gain=2918.39 230.439 165.447 95.8033 55.0529 41.9157 26.2285 14.845 14.4156 11.0689 10.6049 8.28491 7.96095 9.99231 9.47333 7.80898 7.62817 6.97523 6.62103 6.46356 7.06818 6.49517 6.43953 15.5701 12.3122 11.41 16.6676 6.85066 6.7552 11.9225
threshold=1.0000000180025095e-35 0.13240957260131839 1.0000000180025095e-35 -0.49999997019767756 1.0000000180025095e-35 1.0000000180025095e-35 1.0000000180025095e-35 0.1013208217918873 0.26343040168285375 0.71672436594963085 0.12359787151217462 0.71251049637794506 2.0270020961761479 0.42395940423011785 0.28122286498546606 1.3167409896850588 0.71933835744857799 0.89633107185363781 1.0000000180025095e-35 0.076674338430166258 0.16990113258361819 0.80453419685363781 0.8277280628681184 0.72600188851356517 -1.0238459706306455 0.77969098091125499 0.69612982869148265 -0.0074094550218433133 0.18580103665590289 0.077402569353580489
decision_type=2 2 2 2 2 2 2 2 2 2 2 2 2 2 2 2 2 2 2 2 2 2 2 2 2 2 2 2 2 2
left_child=3 7 12 5 -5 6 -1 15 -8 -9 -4 -6 13 14 19 -2 -15 -18 -13 20 21 -3 23 27 -25 -24 -27 -11 29 -28
right_child=1 2 10 4 11 -7 8 9 -10 22 -12 18 -14 16 -16 -17 17 -19 -20 -21 -22 -23 25 24 -26 26 28 -29 -30 -31
leaf_value=-0.053862294419797244 -0.0019698103101096049 -0.030347430687696103 0.03830154154269675 -0.05200792381230334 0.0188430208745268 -0.0015293459324840523 -0.036830653933019146 0.040713825896959072 -0.022034351752725612 -0.014701354163145728 0.053130866424786496 -0.055439519486093464 0.028550695543805571 0.0057404367818114435 0.063192474250225381 -0.069564815763333052 -0.011210786073268079 -0.080018546194627838 -0.020497496407700516 0.03750129516369638 -0.064549717903468834 0.019999599332136003 0.043084722640812055 -0.041611992757678858 0.020761942955981556 -0.095844911384117396 0.0082794351595540747 -0.10314236558766031 0.024290426938191105 -0.061811689015342702
leaf_weight=116.86945939809084 206.99253741651773 7.9147955253720275 130.84824896603823 1229.4289716109633 12.172757193446158 131.68530486524105 282.6058129966259 35.033700570464134 394.27084238827229 3.8666946738958359 1533.2993443310261 15.103309161961077 61.334314852952957 150.44018978625536 12.431654982268808 4.3627802655100814 17.556154213845733 4.6610513404011717 132.43224845826626 22.609438382089138 3.403348743915557 33.602637924253941 30.377714827656746 10.08596397936344 36.700663916766644 3.6828345358371726 57.246449403464794 5.0483215451240522 59.11799193918705 6.7863452583551398
leaf_count=1757 999 49 1829 18036 56 551 3093 405 3204 20 25781 172 379 869 77 23 98 25 924 134 21 201 238 54 222 16 349 24 356 38
internal_value=9.2412e-05 0.038276 0.0456841 -0.0401176 -0.0484204 -0.0276545 -0.0319887 0.00637095 -0.028212 0.0146702 0.0519649 -0.0208034 0.0123922 0.00846901 0.0230814 -0.0033651 0.00170166 -0.0256463 -0.0240745 0.0156973 0.00472299 0.0104015 0.0103848 -0.0042236 0.00731577 0.0155608 0.00896855 -0.064783 0.012103 0.000851014
internal_weight=4751.97 2437.4 1978.1 2314.57 1389.14 925.431 793.746 459.302 676.877 247.947 1664.15 159.708 313.954 252.619 79.9619 211.355 172.657 22.2172 147.536 67.5302 44.9208 41.5174 212.913 55.7016 46.7866 157.211 126.834 8.91502 123.151 64.0328
internal_count=60000 32207 29463 27793 19188 8605 8054 2744 6297 1722 27610 1152 1853 1474 482 1022 992 123 1096 405 271 250 1317 320 276 997 759 44 743 387
is_linear=0
shrinkage=0.05


Tree=41
num_leaves=31
num_cat=0
split_feature=135 120 39 120 128 15 56 39 102 57 34 107 77 110 11 102 5 110 101 42 76 126 13 34 12 104 41 126 113 79
split_gain=2728.16 207.376 192.36 99.8202 80.3815 25.551 24.6522 14.2502 11.1397 16.2093 14.3525 10.9673 10.3871 8.79612 8.64832 8.56135 7.98273 7.4894 9.59776 7.16535 7.02753 10.7936 6.74206 8.99827 10.1129 7.2418 6.59273 6.73191 10.1224 10.4675
threshold=1.0000000180025095e-35 1.0000000180025095e-35 0.13240957260131839 1.0000000180025095e-35 -0.49999997019767756 1.0000000180025095e-35 0.059188026934862144 0.70714977383613598 0.78527224063873302 0.85712164640426647 0.69612982869148265 0.12359787151217462 0.68322631716728222 2.00095546245575 2.6062024831771855 0.65507918596267711 0.45319466292858129 1.9483364224433901 1.0000000180025095e-35 -0.91289314627647389 1.9436787366867068 1.5819873809814455 0.76363638043403637 0.6484857201576234 0.54782027006149303 1.0000000180025095e-35 -0.58332794904708851 0.093547888100147261 0.61375287175178539 0.81153512001037609
decision_type=2 2 2 2 2 2 2 2 2 2 2 2 2 2 2 2 2 2 2 2 2 2 2 2 2 2 2 2 2 2
left_child=3 13 8 4 5 -1 -5 -7 9 15 -10 -4 -8 14 16 -3 -2 18 -18 -12 -19 -22 -14 24 -24 -25 -21 28 -28 -30
right_child=1 2 11 6 -6 7 12 -9 10 -11 19 -13 22 -15 -16 -17 17 20 -20 26 21 -23 23 25 -26 -27 27 -29 29 -31
leaf_value=-0.053659787001801032 -0.050866407226652248 0.04498281732185206 0.037612429800881426 -0.037538751535771686 -0.052410560271582862 -0.019598656005848716 0.08046592311089365 -0.034364200166580962 -0.095999733117398539 0.048559293770782525 -0.0076127314557457599 0.052946197397055673 0.0028523381003093731 0.03415684107415079 0.064598839981472519 0.00071563159422550506 0.00034489636783426692 -0.0012666276024190072 0.01641470907386261 0.063749698723584811 -0.092583438626976267 0.014027250172106901 -0.044434194278371142 -0.039922571601619439 0.036227986170491847 -0.011385551305530541 0.0083981502287664052 0.01824440635956447 -0.075102777363810713 0.016668383174767737
leaf_weight=111.57860190421343 6.4639469236135474 13.331373289227484 126.68962008878589 78.824004277586937 1140.2213615253568 294.40013904869556 3.4883570298552504 367.23048647493124 3.5912520438432685 39.027571707963943 75.262390665709972 1465.9021076150239 104.73329932242632 27.795193776488304 6.0254580527544013 60.4454076141119 224.91157825291157 18.763529211282734 158.32120992988348 5.7986710444092742 6.3775537014007551 3.7820461243391037 5.2040230631828335 32.598693542182446 15.3394733145833 69.905184008181095 37.592500686645508 80.976929485797882 8.6375416070222837 4.8530186414718619
leaf_count=1757 62 158 1829 972 17540 2415 21 3876 16 351 397 25811 567 153 39 408 948 102 1089 40 33 22 26 198 77 364 206 450 47 26
internal_value=9.36619e-05 0.0373626 0.0445315 -0.0397067 -0.0439715 -0.0315267 -0.0133907 -0.0277941 0.00975767 0.0224999 0.00312499 0.0517264 -0.00516032 0.00690706 0.00512342 0.00871466 0.00426735 0.00513203 0.00698366 0.00479532 -0.0194021 -0.0528962 -0.00647165 -0.0144079 0.0157949 -0.020461 0.0115694 0.00927815 -0.00493518 -0.0420895
internal_weight=4598.07 2374.55 1922.11 2223.52 1913.43 773.209 310.093 661.631 329.517 112.804 216.712 1592.59 231.269 452.441 424.645 73.7768 418.62 412.156 383.233 213.121 28.9231 10.1596 227.781 123.047 20.5435 102.504 137.859 132.06 51.0831 13.4906
internal_count=60000 32187 29739 27813 25588 8048 2225 6291 2099 917 1182 27640 1253 2448 2295 566 2256 2194 2037 1166 157 55 1232 665 103 562 769 729 279 73
is_linear=0
shrinkage=0.05


Tree=42
num_leaves=31
num_cat=0
split_feature=118 39 120 111 84 32 135 119 96 107 120 22 28 108 119 68 75 45 120 77 126 109 8 76 110 113 126 24 45 28
split_gain=2552.98 218.915 165.029 94.1008 55.6105 38.6323 27.3203 14.1883 14.1111 11.3247 11.074 9.97399 9.47159 7.75022 9.75379 11.5021 9.15794 9.96586 7.60668 7.56833 8.71886 7.92733 7.41469 9.92495 8.39865 7.2045 9.32487 9.07905 9.02747 13.7629
threshold=1.0000000180025095e-35 0.13240957260131839 1.0000000180025095e-35 -0.44228866696357721 1.0000000180025095e-35 1.0000000180025095e-35 1.0000000180025095e-35 0.6919899880886079 0.26343040168285375 0.12359787151217462 1.0000000180025095e-35 0.11795619875192644 1.2484914660453799 0.79579704999923717 0.82355588674545299 0.80167692899703991 0.018458724953234199 0.24961774051189425 1.0000000180025095e-35 0.88144910335540783 0.8502759337425233 0.81672435998916637 -0.82437723875045765 -0.80625891685485829 -0.87221473455429066 2.0270020961761479 0.56375187635421764 -1.2682027816772459 -0.63417005538940419 -0.513902187347412
decision_type=2 2 2 2 2 2 2 2 2 2 2 2 2 2 2 2 2 2 2 2 2 2 2 2 2 2 2 2 2 2
left_child=3 7 25 5 -5 -1 8 -2 -7 -4 -9 12 19 16 -15 -16 17 -13 -6 -12 21 22 -21 -24 -25 26 27 28 -3 -30
right_child=1 2 9 4 18 6 -8 10 -10 -11 11 13 -14 14 15 -17 -18 -19 -20 20 -22 -23 23 24 -26 -27 -28 -29 29 -31
leaf_value=-0.05348060246785459 0.044204447316778667 0.015682227891519424 0.036921315088192352 -0.051408951061435816 -0.054884856301315559 -0.035386272633994027 -0.0015948597502459625 -0.056432092949485119 -0.0204064422796317 0.052764020598097199 -0.022295288353552326 -0.0029887411715040779 -0.056060006499263328 0.034419007408578124 -0.053046720620249593 0.01337834372882135 0.018293088777804938 -0.11315172824868105 -0.016042331882692461 -0.0041644594878067834 -0.025962363362799935 0.071812352997120382 0.046502510481255782 0.082993200629454353 0.0037255519318575552 0.027046882053705746 0.00032344087336900335 0.030236905581406116 -0.10855900549349157 0.018674542988402567
leaf_weight=114.41779796779156 22.956070110201836 17.950651735067371 122.70980771258473 1117.0589706301689 13.835008405148981 267.51457086205482 131.56753057986498 7.4831336736679068 381.2889705747366 1396.7842425219715 31.656434617936611 4.3521715104579943 7.5965100824832907 57.93673799186945 7.117140404880046 77.299229122698307 8.8531974852085096 3.8860947489738464 141.69578296691179 98.39605288952589 22.152002938091755 4.6213284879922858 20.178526483476162 3.4958883970975867 75.725889943540096 59.735731482505798 157.60194260627031 66.042440056800842 4.3818351030349731 4.1275022327899915
leaf_count=1882 264 107 1829 17911 172 3093 551 81 3204 25781 149 28 37 494 39 514 63 24 980 460 103 20 96 17 355 379 911 408 22 26
internal_value=9.43785e-05 0.0369925 0.0447032 -0.0387728 -0.0475089 -0.0263482 -0.02237 0.00590329 -0.0265829 0.0514846 0.0038621 0.00492806 -0.0010388 0.014801 0.0186207 0.00777805 -0.0170128 -0.054954 -0.0194975 0.000592454 0.00381882 0.00707799 0.00556553 0.0151972 0.00722346 0.0114461 0.00771994 0.0203218 -0.00442563 -0.0468437
internal_weight=4450.42 2283.04 1829.33 2167.38 1272.59 894.789 780.371 453.706 648.804 1519.49 430.75 423.267 263.823 159.445 142.353 84.4164 17.0915 8.23827 155.531 256.226 224.57 202.418 197.796 99.4003 79.2218 309.84 250.104 92.5024 26.46 8.50934
internal_count=60000 32207 29463 27793 19063 8730 6848 2744 6297 27610 2480 2399 1237 1162 1047 553 115 52 1152 1200 1051 948 928 468 372 1853 1474 563 155 48
is_linear=0
shrinkage=0.05


Tree=43
num_leaves=31
num_cat=0
split_feature=118 90 120 128 84 32 135 8 119 6 107 119 12 70 6 119 119 6 12 79 130 126 7 8 68 6 102 135 119 34
split_gain=2384.82 211.802 164.75 96.421 56.3639 35.9906 25.6958 14.1223 13.3169 24.4356 12.6269 12.4393 13.8683 10.236 15.1957 23.2492 11.5428 14.8692 11.0667 9.48154 8.73899 8.21367 10.0965 8.31262 8.15125 7.80226 7.56809 7.36086 7.23868 7.69965
threshold=1.0000000180025095e-35 0.10082979872822763 1.0000000180025095e-35 -0.49999997019767756 1.0000000180025095e-35 1.0000000180025095e-35 1.0000000180025095e-35 0.28745912015438085 0.77130869030952465 0.82288038730621349 0.12359787151217462 0.6919899880886079 0.78930434584617626 1.0000000180025095e-35 0.90576907992362987 0.88736760616302501 0.84012430906295787 0.87652441859245311 0.71469494700431835 0.35988555848598486 0.33486270904541021 0.67066544294357311 -0.087611783295869813 1.9827103614807131 0.6779271960258485 0.80067735910415661 0.71251049637794506 1.0000000180025095e-35 0.81176975369453441 0.70134833455085765
decision_type=2 2 2 2 2 2 2 2 2 2 2 2 2 2 2 2 2 2 2 2 2 2 2 2 2 2 2 2 2 2
left_child=3 8 -3 5 27 -1 7 20 9 11 -4 -2 -13 14 16 -16 17 19 -19 -10 -7 22 -9 -23 -14 -26 -6 -5 29 -21
right_child=1 2 10 4 26 6 -8 21 13 -11 -12 12 24 -15 15 -17 -18 18 -20 28 -22 23 -24 -25 25 -27 -28 -29 -30 -31
leaf_value=-0.053287989808064408 0.038494268902494105 0.010932259033941204 0.035703708385106399 -0.051467803958285666 0.019197645034284398 -0.037163412370972565 -0.0015148945831895781 -0.0034639214071630815 0.015553975268112905 0.050868601996106856 0.052593512688554916 -0.042094572649023693 0.065186714276372779 0.0060413160674993929 0.050184176796883057 -0.059265185158417666 -0.067185235576252431 -0.040268937969716083 0.0514391162375398 -0.062674089545528514 -0.024004626750357815 -0.0082698959251052851 0.10823336664698383 -0.059954363485862409 -0.035697119992769914 0.042902572729675618 -0.022003752317170333 4.6930217875471557e-05 -0.089727200040664382 0.0021912261481377201
leaf_weight=101.64592792466283 15.476053848862646 307.96170467883348 120.67797667905688 1069.0628827549517 12.098228320479391 204.32535811513662 131.58640644326806 5.4753516837954521 7.4078250899910918 41.896058969199657 1332.8610668554902 21.214950300753117 5.9458577036857632 263.94157962501049 17.539862938225273 6.7074736878275862 13.746611356735228 4.6580426320433608 11.197611443698404 9.5526694357395225 329.87957017868757 84.241106510162354 3.2087587267160398 8.5711534917354566 8.1467004865407926 5.1553038507699958 141.54207241535187 6.9796200618147841 7.5699712708592406 8.7797120064496976
leaf_count=1757 172 1854 1847 18007 56 2491 551 49 37 432 25781 112 38 1416 103 40 81 24 67 46 3086 589 20 62 45 28 1096 29 41 43
internal_value=9.54694e-05 0.0363393 0.0441528 -0.0380795 -0.0470887 -0.02533 -0.0216263 -0.0257893 0.00568117 0.0219947 0.0511913 0.000369298 -0.0142126 0.00113538 -0.013721 0.0199075 -0.0266819 -0.0153574 0.0244973 -0.0343282 -0.0290377 -0.00869208 0.037808 -0.0130429 0.0165189 -0.00523515 -0.0187594 -0.0511337 -0.048594 -0.0316089
internal_weight=4309.05 2210.44 1761.5 2098.62 1229.68 868.934 767.288 635.701 448.936 97.8349 1453.54 55.9389 40.4628 351.101 87.1598 24.2473 62.9124 49.1658 15.8557 33.3102 534.205 101.496 8.68411 92.8123 19.2479 13.302 153.64 1076.04 25.9024 18.3324
internal_count=60000 32207 29482 27793 19188 8605 6848 6297 2725 827 27628 395 223 1898 482 143 339 258 91 167 5577 720 69 651 111 73 1152 18036 130 89
is_linear=0
shrinkage=0.05


Tree=44
num_leaves=31
num_cat=0
split_feature=118 39 120 128 120 15 135 39 5 119 107 120 73 28 34 88 59 127 109 119 105 23 102 126 58 135 113 126 24 45
split_gain=2227.41 207.497 165.071 96.4266 56.9629 35.6754 24.157 13.7071 13.6834 12.6073 12.0614 10.2128 8.82367 8.43415 7.72818 7.67659 12.0105 9.51638 9.92841 7.44972 14.7639 26.3376 18.7647 7.39635 13.3156 7.00084 6.73359 8.78911 10.4485 8.08295
threshold=1.0000000180025095e-35 0.13240957260131839 1.0000000180025095e-35 -0.49999997019767756 1.0000000180025095e-35 1.0000000180025095e-35 1.0000000180025095e-35 0.70714977383613598 0.07900636270642282 0.6919899880886079 0.12359787151217462 1.0000000180025095e-35 0.085450042039155974 1.2484914660453799 0.61718398332595836 1.0000000180025095e-35 0.042838107794523246 0.14053752273321155 0.12532795965671542 0.7259977161884309 1.0000000180025095e-35 0.83856895565986644 0.85274150967597973 0.8502759337425233 0.62552919983863842 1.0000000180025095e-35 2.0270020961761479 0.42395940423011785 -1.2682027816772459 -0.63417005538940419
decision_type=2 2 2 2 2 2 2 2 2 2 2 2 2 2 2 2 2 2 2 2 2 2 2 2 2 2 2 2 2 2
left_child=3 9 26 5 25 -1 7 -7 -6 -2 19 -11 13 23 -10 16 -16 18 -18 -4 -21 -22 -23 24 -13 -5 27 28 29 -3
right_child=1 2 10 4 8 6 -8 -9 14 11 -12 12 -14 -15 15 -17 17 -19 -20 20 21 22 -24 -25 -26 -27 -28 -29 -30 -31
leaf_value=-0.053117379722120731 0.042780065924857794 0.014547989136536273 0.05339688754439114 -0.051658817619515462 -0.050391695578107812 -0.01685391305114696 -0.0014389494274721433 -0.031754550692181409 0.02876289800143543 -0.056097461176353142 0.052430830600935258 -0.00029832809231189006 0.013307889891258674 -0.055540401039749498 -0.014289865117841506 -0.032311113575687368 0.14056674065407682 -0.036830751325183132 0.011547701766418813 0.037489067738865942 -0.16635225226291545 0.032280401225257875 -0.16381290696172759 -0.0284919657707863 0.051813689986642042 -0.00097226860791040548 0.025730794615598337 0.00051474051061857842 0.0340298275314454 -0.044533759879977874
leaf_weight=96.991305988281965 21.481244999915361 17.718805193901066 38.778249144554138 993.30300569906831 32.095359321683645 281.79552826285362 131.60418930649757 341.23156147450209 9.6988151744008047 7.064065381884574 1271.6913216635585 208.16130249947309 169.98798583075404 7.0091284140944472 77.089447058737278 53.216402363032103 3.289499316364525 2.3355452492833138 2.7274735346436501 61.200833003968 2.4858072474598876 11.483327142894266 1.3650079071521748 20.689342357218266 13.025195643305777 6.8595134764909735 58.430731549859047 170.36222410947084 51.049347601830959 8.5981325507163984
leaf_count=1757 264 107 654 17504 524 2418 551 3879 51 81 25781 980 1229 35 575 435 26 23 22 950 34 174 17 96 59 28 379 992 327 48
internal_value=9.56404e-05 0.0356896 0.0436919 -0.0373959 -0.0466461 -0.0245723 -0.0209034 -0.025015 -0.0207899 0.00540632 0.0510268 0.00352146 0.0045269 -0.00147051 -0.0143858 -0.017404 -0.00811928 0.048832 0.0820828 0.0355429 0.0264967 -0.0173755 0.0114474 9.6343e-05 0.00277044 -0.0513112 0.0104626 0.00686138 0.0208368 -0.00475489
internal_weight=4172.82 2140.58 1693.16 2032.24 1180.62 851.623 754.631 623.027 180.453 447.418 1387 425.937 418.873 248.885 148.357 138.658 85.442 8.35252 6.01697 115.313 76.535 15.3341 12.8483 241.876 221.186 1000.16 306.159 247.729 77.3663 26.3169
internal_count=60000 32207 29463 27793 19188 8605 6848 6297 1656 2744 27610 2480 2399 1170 1132 1081 646 71 48 1829 1175 225 191 1135 1039 17532 1853 1474 482 155
is_linear=0
shrinkage=0.05


Tree=45
num_leaves=31
num_cat=0
split_feature=118 119 128 95 120 15 124 56 120 135 17 6 124 22 58 5 96 127 46 102 11 119 0 109 120 119 6 0 119 135
split_gain=2079.4 203.085 96.4328 78.4793 57.4487 35.3377 32.3888 27.4203 29.6867 22.6702 19.709 16.7116 15.7435 14.9176 13.6014 13.3583 11.8864 17.4142 11.537 10.0665 9.98052 8.51574 8.12648 11.2484 7.13922 7.12167 34.0649 8.63993 8.17716 6.94694
threshold=1.0000000180025095e-35 0.75870630145072948 -0.49999997019767756 0.55557033419609081 1.0000000180025095e-35 1.0000000180025095e-35 0.057749181985855109 0.1095455400645733 1.0000000180025095e-35 1.0000000180025095e-35 0.64414232969284069 0.82288038730621349 0.10405194014310838 0.16042046248912814 0.055163336917757995 0.07900636270642282 0.38252201676368719 -0.010120828635990618 0.78930434584617626 0.7918783724308015 -0.19005650281906125 0.67367947101593029 0.86385670304298412 0.64312201738357555 1.0000000180025095e-35 0.79898613691329967 0.85394814610481273 0.81824845075607311 0.72977426648139965 1.0000000180025095e-35
decision_type=2 2 2 2 2 2 2 2 2 2 2 2 2 2 2 2 2 2 2 2 2 2 2 2 2 2 2 2 2 2
left_child=2 6 5 7 29 -1 11 24 -9 14 -10 18 19 -12 22 -6 17 -16 21 -5 -18 -2 -7 -24 -3 26 28 -27 -17 -4
right_child=1 3 4 12 15 9 -8 8 10 -11 13 -13 -14 -15 16 25 20 -19 -20 -21 -22 -23 23 -25 -26 27 -28 -29 -30 -31
leaf_value=-0.052956128107095324 0.027828232871851457 -0.055033651417639308 -0.05142404283046044 -0.077099782735363359 -0.050079381451001319 -0.036617140352610614 0.051803277715317897 0.0087968946946902198 -0.098200018298200256 -0.0013668242711313457 0.020164709288509351 0.055501700569653159 0.050850749070931692 0.048177071448783748 -0.055899061576835551 0.019576571113188657 0.073608244251540153 0.14553758136071324 0.028388926956987984 0.020208394416245251 -0.017340949116492529 -0.048506628462306987 -0.024077206581747231 0.057147388398341672 0.00090638191451472962 -0.036645466331101488 0.098922380871447113 -0.0077890408841575377 -0.033611175841888052 -0.00092370089863885729
leaf_weight=92.534818463027477 4.6869847401976612 5.8142966404557219 949.06423396617174 3.4992273636162272 30.715665496885777 208.51001218706369 1038.5242383927107 289.53172919899225 2.7792177498340598 131.62094880267978 84.581938967108727 14.184626709669827 182.39770010858774 108.48430294916034 1.7716239839792249 10.320154424756764 3.059188798069953 2.7204728722572318 12.813526965677736 11.052600905299185 215.88371475785971 16.570379368960857 174.73418845236301 4.3689740672707549 299.43521573394537 47.238108117133379 7.6590667739510527 57.532230723649263 24.10537376627326 6.8591783419251433
leaf_count=1757 39 72 17504 29 524 2394 21625 1746 32 551 904 119 3737 2188 19 50 28 27 67 110 1781 82 2008 40 1457 423 39 441 179 28
internal_value=9.63594e-05 0.0350291 -0.0367112 0.0186174 -0.0462102 -0.0238196 0.0499426 0.0115826 0.0189669 -0.0201892 0.0340018 0.00989919 0.0468578 0.0359049 -0.0242436 -0.020093 -0.0144183 0.0660936 -0.00908636 -0.00319096 -0.0160702 -0.0316757 -0.0299073 -0.0220958 -0.000159146 -0.0138212 0.00355181 -0.0207996 -0.0176664 -0.0510617
internal_weight=4043.05 2074.36 1968.7 987.576 1133.49 835.204 1086.78 790.627 485.377 742.669 195.845 48.2555 196.95 193.066 611.048 177.571 223.435 4.4921 34.0709 14.5518 218.943 21.2574 387.613 179.103 305.25 146.855 42.0846 104.77 34.4255 955.923
internal_count=60000 32207 27793 10275 19188 8605 21932 6399 4870 6848 3124 307 3876 3092 6297 1656 1855 46 188 139 1809 121 4442 2048 1529 1132 268 864 229 17532
is_linear=0
shrinkage=0.05


Tree=46
num_leaves=31
num_cat=0
split_feature=118 119 124 95 32 39 78 56 120 105 62 6 68 6 120 39 135 12 119 119 135 90 127 135 59 8 129 90 14 7
split_gain=1940.6 201.955 96.7254 76.1355 64.1107 32.5258 31.4355 25.3541 28.4278 19.397 19.1164 17.5584 16.8135 18.6712 15.7246 15.4845 13.2575 12.2301 11.6938 11.1329 10.9256 9.93344 9.42999 8.09557 7.67114 10.2764 7.62514 6.78514 12.4536 10.3788
threshold=1.0000000180025095e-35 0.75870630145072948 0.7918524742126466 0.55557033419609081 1.0000000180025095e-35 0.12500885874032977 -0.81241148710250843 0.1095455400645733 1.0000000180025095e-35 1.0000000180025095e-35 0.45074227452278143 0.81872534751892101 0.78892639279365551 0.8662487566471101 1.0000000180025095e-35 0.15554314851760867 1.0000000180025095e-35 0.78930434584617626 0.68742546439170849 0.6919899880886079 1.0000000180025095e-35 0.11245856806635858 -1.0065457224845884 1.0000000180025095e-35 -0.14432454109191892 0.021569256670773033 0.32143938541412359 0.67200416326522838 0.38116651773452764 -0.84508833289146412
decision_type=2 2 2 2 2 2 2 2 2 2 2 2 2 2 2 2 2 2 2 2 2 2 2 2 2 2 2 2 2 2
left_child=2 5 4 7 -1 11 14 -3 -9 21 -11 17 13 -12 16 22 27 19 -8 -2 26 -10 -5 -4 -18 -26 -20 28 29 -6
right_child=1 3 23 15 6 -7 18 8 9 10 12 -13 -14 -15 -16 -17 24 -19 20 -21 -22 -23 -24 -25 25 -27 -28 -29 -30 -31
leaf_value=-0.052854952386681933 0.021227991440291968 -0.00015249567361925434 -0.052086589617077218 -0.068324415729681592 0.0052642176273949917 0.052010805227300963 0.082397111993137762 0.008395664438201873 0.022930468403034879 0.035611326961070965 -0.10121162594251232 0.048005854983360546 -0.17506993655553454 0.037487792959369208 0.11584567979261484 0.050605758358470948 0.044858989504406359 0.02866879341729945 -0.020829495946308396 -0.050812815665347746 -0.0025914021982022138 0.048506604346104265 0.021806654012997959 0.016246849734237668 -0.062339127753400482 0.01474308837230328 0.012838149664217487 -0.040550685799262229 -0.031936949408227604 0.16962819595440509
leaf_weight=213.62219002842903 7.9950120262801674 304.96301392093301 649.14084056392312 4.0179711356759062 2.5060562491416931 972.05219281464815 2.9628143683075896 288.23406468331814 58.864899188280106 12.280627466738226 4.3869330324232561 26.084796033799648 2.2856852263212195 5.4293628931045532 1.713142592459916 174.37688387557864 6.7355600893497494 16.522704597562551 571.21215183660388 16.288815803825855 108.8020302541554 106.91966795548797 10.44886204227805 4.3634546548128119 7.4876224100589779 10.233275279402731 17.327692203223705 296.73353096470237 13.100272376090286 1.5572725310921693
leaf_count=4183 85 1529 12460 36 33 21360 21 1746 617 175 34 289 15 66 16 3738 27 116 5384 82 451 2217 102 18 30 41 120 4824 166 19
internal_value=9.57109e-05 0.034363 -0.0360337 0.0179838 -0.0279056 0.0496901 -0.0227827 0.0111139 0.0182958 0.0333013 -0.00833787 0.0159654 -0.0529358 -0.0244974 -0.0352551 0.0464818 -0.0360201 -0.00451586 -0.0167262 -0.0270947 -0.0171473 0.0394253 -0.00322606 -0.0516303 -0.000562279 -0.0178265 -0.0198383 -0.0387827 -0.00821698 0.0682568
internal_weight=3918.65 2011.15 1907.5 972.208 1253.99 1038.94 1040.37 783.364 478.401 190.167 24.3826 66.8913 12.102 9.8163 340.067 188.844 338.354 40.8065 700.305 24.2838 697.342 165.785 14.4668 653.504 24.4565 17.7209 588.54 313.897 17.1636 4.06333
internal_count=60000 32207 27793 10275 15315 21932 11132 6399 4870 3124 290 572 115 100 5156 3876 5140 283 5976 167 5955 2834 138 12478 98 71 5504 5042 218 52
is_linear=0
shrinkage=0.05


Tree=47
num_leaves=31
num_cat=0
split_feature=135 119 124 95 15 78 39 112 120 39 119 91 90 5 56 33 0 87 119 6 6 101 119 11 62 110 127 120 73 120
split_gain=1810.56 212.53 99.6429 75.3043 64.0899 36.872 20.8781 15.589 13.7464 13.6441 13.0695 12.727 10.7858 13.0653 9.55887 13.4817 11.7412 9.24962 17.0995 28.9746 13.3915 9.73815 9.70617 9.29759 12.3432 9.95814 8.90352 8.04472 7.64011 9.14484
threshold=1.0000000180025095e-35 0.75870630145072948 0.77884548902511608 0.55557033419609081 1.0000000180025095e-35 -0.81241148710250843 0.12500885874032977 0.16280832886695865 1.0000000180025095e-35 0.15554314851760867 0.68742546439170849 0.79993724822998058 0.039450615644454963 0.64953327178955089 0.12063619494438173 1.0000000180025095e-35 0.64408436417579662 1.0000000180025095e-35 0.82355588674545299 0.8571683168411256 0.9065462350845338 1.0000000180025095e-35 0.86003288626670849 1.0364971756935122 1.7523906826972964 1.8381786346435549 -1.0065457224845884 1.0000000180025095e-35 0.09321944043040277 1.0000000180025095e-35
decision_type=2 2 2 2 2 2 2 2 2 2 2 2 2 2 2 2 2 2 2 2 2 2 2 2 2 2 2 2 2 2
left_child=2 6 4 7 -1 8 11 17 -6 26 -7 -2 -12 -14 -9 -16 -17 18 19 -3 -20 23 -22 -19 25 -25 -5 -8 -23 -30
right_child=1 3 -4 9 5 10 27 14 -10 -11 12 -13 13 -15 15 16 -18 21 20 -21 22 28 -24 24 -26 -27 -28 -29 29 -31
leaf_value=-0.052707229435334915 -0.013966551992018253 -0.058440502515111584 -0.051285046549024785 -0.06250936955735005 -0.038051549749871447 0.063017824265393083 0.0064827183392202718 0.0065640259526209459 0.11884772612500837 0.050029683696681294 -0.034361288934944709 0.038513391474581771 -0.006762395544978695 -0.021248232844656607 0.010184604836133863 -0.085582902375136619 0.044720269206196407 0.0047800925677903361 -0.088650456512887582 0.046878218357672856 0.047093076481138058 0.0022215308273180094 -0.059030138515622027 -0.087941820045651625 0.00036588060520466537 -0.0021005035965173404 0.024558173584862814 0.052006891973869686 0.010468327591275141 0.030842082484097755
leaf_weight=200.53946749120951 19.058376133441925 10.077636931091549 656.66148387268186 4.1680691838264456 271.89927135780454 5.2475107461214057 9.8074897825717908 65.44971290230751 1.4032053537666787 167.87183134257793 73.065745376050472 29.333716850727797 309.20001291111112 313.46394320577383 54.182510189712048 1.7650879807770241 84.054060861468315 184.69515931233764 10.640095733106138 18.553501863032579 4.405359782278536 101.06089133396745 4.2171573303639889 9.6660952866077405 23.32771236076951 5.193892464041709 9.9350193478167039 922.86582903191447 135.78604132682085 92.663589637726545
leaf_count=4118 143 63 13144 36 4448 32 60 396 12 3743 1034 335 1988 3037 329 25 1640 793 65 153 31 482 23 40 103 22 100 21337 964 1304
internal_value=9.64696e-05 0.0333833 -0.0356857 0.0170107 -0.0269665 -0.0216682 0.0498667 0.0104497 -0.037246 0.0460614 -0.0155946 0.0178451 -0.0161875 -0.0140549 0.0223376 0.0297117 0.0420403 0.00638098 -0.0146974 0.00980796 -0.0511211 0.00820852 -0.00481036 0.000136535 -0.0223221 -0.0579384 -0.00117403 0.0515282 0.0136685 0.0187323
internal_weight=3800.26 1968.78 1831.48 987.713 1174.82 974.28 981.065 805.739 273.302 181.975 700.977 48.3921 695.73 622.664 205.451 140.002 85.8191 600.287 47.8938 28.6311 19.2626 552.393 8.62252 222.883 38.1877 14.86 14.1031 932.673 329.511 228.45
internal_count=60000 32187 27813 10312 14669 10551 21875 6433 4460 3879 6091 478 6059 5025 2390 1994 1665 4043 335 216 119 3708 54 958 165 62 136 21397 2750 2268
is_linear=0
shrinkage=0.05


Tree=48
num_leaves=31
num_cat=0
split_feature=118 119 128 95 84 15 56 103 105 108 135 39 8 62 85 6 119 56 73 40 130 126 39 8 12 45 11 12 135 119
split_gain=1689.97 198.525 96.3152 84.751 57.8833 34.2347 27.926 27.1952 19.2289 35.6026 18.12 14.0447 12.6691 12.6061 21.6794 13.8781 13.1336 11.2987 9.78533 10.8281 8.14795 8.12435 10.355 8.36868 7.86139 7.21983 7.93078 7.07 6.8445 6.62013
threshold=1.0000000180025095e-35 0.71691182255744945 -0.49999997019767756 0.55557033419609081 1.0000000180025095e-35 1.0000000180025095e-35 0.1095455400645733 1.0000000180025095e-35 1.0000000180025095e-35 0.79918673634529125 1.0000000180025095e-35 0.15554314851760867 0.28745912015438085 0.43719074130058294 0.81346333026885997 0.86574226617813121 0.77350604534149181 0.13244093954563144 0.10154888033866884 0.77501845359802257 0.33486270904541021 0.61159366369247448 0.62922543287277233 1.9827103614807131 0.76985624432563793 0.051554482430219657 0.19737362116575244 0.77695241570472728 1.0000000180025095e-35 0.79898613691329967
decision_type=2 2 2 2 2 2 2 2 2 2 2 2 2 2 2 2 2 2 2 2 2 2 2 2 2 2 2 2 2 2
left_child=2 18 5 6 28 -1 -3 -8 17 -10 12 25 20 -11 15 16 24 -9 19 27 -7 22 -14 -23 -15 -5 -27 -2 -4 -6
right_child=1 3 4 11 29 10 7 8 9 13 -12 -13 21 14 -16 -17 -18 -19 -20 -21 -22 23 -24 -25 -26 26 -28 -29 -30 -31
leaf_value=-0.052522927351592731 -0.064128963497272748 0.00030680899632363378 -0.050235198785480162 0.035330585908821231 0.0015113741405536722 -0.03371807420250085 0.0091303139959581763 0.021192346505333845 -0.24180993956767605 0.041117563437466448 -0.0013217220120639512 0.050527973088256233 0.12364360316519225 -0.091492897347929175 -0.16947803688981478 0.043100497443491356 -0.13461090738648315 0.048147207392390097 0.052254649765820699 0.042411652426095639 -0.020221057494576186 -0.0048462473104325179 0.0016852080738210329 -0.058819349007540225 0.056191756745194034 -0.094685596770694477 0.0081120821420633381 0.027912461539450758 -0.00040881517898998238 -0.022315271914275184
leaf_weight=80.281217347830534 4.8682186566293257 334.704266410321 854.81639526039362 7.8236029893159849 40.522011317312717 177.57905040681362 296.44101145491004 57.801575630903244 1.472289316356181 16.235863707959652 131.49219509214163 196.27645353600383 2.6635613143444052 1.3666490167379404 2.1314463019371024 8.5609773956239206 2.8417991176247597 118.74400602653623 808.63499768450856 20.443555921316147 301.95230127871037 80.982389070093632 5.0221507176756859 7.8808638229966155 2.6451540924608707 3.1037986539304256 4.7439635582268238 3.6511561200022697 6.948308750987052 103.90651765838265
leaf_count=1757 30 1737 18007 74 256 2491 1913 632 15 266 551 4639 16 19 13 128 18 2689 19656 232 3086 594 48 62 39 35 50 22 29 896
internal_value=9.70477e-05 0.033058 -0.0346726 0.0186277 -0.0449239 -0.0215802 0.0115213 0.0189066 0.0325898 -0.00112401 -0.0180694 0.0468911 -0.0218921 0.00936562 -0.0200154 0.000651487 -0.0523725 0.0393221 0.0512319 0.022676 -0.0252192 -0.00536735 0.0439511 -0.00963287 0.00588194 0.00134072 -0.0325445 -0.0246827 -0.0498335 -0.0156303
internal_weight=3686.54 1892.49 1794.05 1054.89 1006.19 787.854 842.945 508.241 211.8 35.2542 707.573 211.948 576.08 33.7819 17.546 15.4146 6.8536 176.546 837.598 28.9629 479.531 96.549 7.68571 88.8633 4.0118 15.6714 7.84776 8.51937 861.765 144.429
internal_count=60000 32207 27793 12267 19188 8605 7469 5732 3819 498 6848 4798 6297 483 217 204 76 3321 19940 284 5577 720 64 656 58 159 85 52 18036 1152
is_linear=0
shrinkage=0.05


Tree=49
num_leaves=31
num_cat=0
split_feature=118 119 124 95 15 95 73 120 107 39 135 0 62 120 124 40 119 90 70 6 30 102 6 5 135 60 11 90 14 42
split_gain=1574.86 197.532 98.6525 82.2401 63.1849 28.1432 26.032 19.4764 32.2051 13.8914 11.8966 11.8691 14.5913 10.2634 10.0596 9.99476 9.89128 9.94143 8.09789 19.859 14.2149 11.1771 11.4792 7.90736 7.72634 7.3735 7.66118 6.88434 11.4038 8.76803
threshold=1.0000000180025095e-35 0.71691182255744945 0.7918524742126466 0.55557033419609081 1.0000000180025095e-35 -0.7933533489704131 0.085450042039155974 1.0000000180025095e-35 0.1080937758088112 0.15554314851760867 1.0000000180025095e-35 0.60108557343482982 0.39467957615852362 1.0000000180025095e-35 0.069991968572139754 0.77501845359802257 0.68742546439170849 0.039450615644454963 1.0000000180025095e-35 0.81263852119445812 0.93636366724967968 0.77571934461593639 0.90011167526245128 0.47329853475093847 1.0000000180025095e-35 0.81241145730018627 0.97994953393936168 0.67200416326522838 0.38116651773452764 -1.0000000180025095e-35
decision_type=2 2 2 2 2 2 2 2 2 2 2 2 2 2 2 2 2 2 2 2 2 2 2 2 2 2 2 2 2 2
left_child=2 14 4 6 -1 10 25 23 18 -5 13 12 -10 27 15 -2 -7 -18 19 -9 21 -21 -23 -8 -4 -3 -27 28 29 -6
right_child=1 3 24 9 5 16 7 8 11 -11 -12 -13 -14 -15 -16 -17 17 -19 -20 20 -22 22 -24 -25 -26 26 -28 -29 -30 -31
leaf_value=-0.052440962653861292 -0.023220475752500733 -0.044995809132215625 -0.051547164153144448 0.001310905057454887 0.12559662600945162 0.077441264234522064 -0.070302160963045049 -0.11114255354078051 0.052457295150741517 0.050310614035428483 0.00013496484098541128 0.047658876786402286 -0.22453820068149324 0.06974641291929147 0.052140168740780792 0.041441286501446371 -0.033349618527562512 -0.013239911248347192 0.018612266359727927 0.047468426736332524 -0.054406684131538402 -0.041588117630643906 0.037293350522322959 0.0082563591099545485 0.015226599837984143 0.0016169039327060002 -0.032398242216097925 -0.038721586239551055 -0.029601410889102647 -0.023889772703613719
leaf_weight=185.53274172917008 8.5945862829685229 9.9604569450020772 565.845508556813 15.673549003899096 2.4933095537126064 2.8880379833281031 3.239318221807479 4.051311381161212 1.009084865450858 187.49032805487514 24.812701135873795 118.01005436107516 0.898991398513317 2.2781680934131137 771.0635004080832 19.615081466734409 68.435210440307856 602.78800505399704 137.35265323147178 17.063890524208546 8.3157693333923799 10.942992351949217 7.9721824005246154 287.32429173588753 4.3655577152967444 211.07910425588489 17.962208833545446 267.64001832902431 12.108619321137665 1.6171645596623445
leaf_count=4183 52 47 12460 159 32 21 31 23 23 4639 102 2824 17 20 19660 228 1025 4912 1240 198 66 65 59 1766 18 1012 98 4832 167 21
internal_value=9.82384e-05 0.0323826 -0.0339816 0.018 -0.0256743 -0.0206328 0.0110598 0.0166489 0.0254608 0.0465304 -0.0330764 0.0456587 -0.0780493 -0.0359564 0.0510673 0.0217409 -0.0148929 -0.0152902 0.0124177 -0.00518138 0.00451009 0.0181274 -0.00834193 0.00738056 -0.0510359 -0.0028821 -0.00105068 -0.0368047 -0.00517382 0.0667849
internal_weight=3578.42 1837.62 1740.81 1038.35 1170.59 985.061 835.182 596.181 305.617 203.164 310.95 119.918 1.90808 286.137 799.273 28.2097 674.111 671.223 185.699 48.3461 44.2948 35.9791 18.9152 290.564 570.211 239.002 229.041 283.859 16.2191 4.11047
internal_count=60000 32207 27793 12267 15315 11132 7469 6312 4515 4798 5174 2864 40 5072 19940 280 5958 5937 1651 411 388 322 124 1797 12478 1157 1110 5052 220 53
is_linear=0
shrinkage=0.05


Tree=50
num_leaves=31
num_cat=0
split_feature=118 102 124 95 15 56 120 112 107 107 39 130 0 6 120 45 11 14 11 47 15 5 102 6 93 93 11 73 39 41
split_gain=1466.71 180.435 99.2317 71.3179 62.7867 28.8198 37.2446 27.8457 18.9366 17.8098 14.1319 9.57703 9.15265 7.45129 7.0869 7.04067 7.65702 6.0774 6.89224 8.07518 11.9943 6.06096 5.95882 15.4105 5.66105 10.277 5.62919 5.60606 6.77176 8.60251
threshold=1.0000000180025095e-35 0.71672436594963085 0.7918524742126466 0.55557033419609081 1.0000000180025095e-35 0.1095455400645733 1.0000000180025095e-35 -0.89687272906303395 0.1080937758088112 0.05765244364738465 0.15554314851760867 0.84034106135368358 0.60378271341323864 0.77064770460128795 1.0000000180025095e-35 0.051554482430219657 0.19737362116575244 0.36515890061855322 0.43744745850563055 0.93636366724967968 0.75000000000000011 0.1371320113539696 0.73381945490837108 0.80301108956336986 -1.1040127277374265 -1.148824095726013 0.58631277084350597 0.44594347476959234 0.56802552938461315 -0.072437375783920274
decision_type=2 2 2 2 2 2 2 2 2 2 2 2 2 2 2 2 2 2 2 2 2 2 2 2 2 2 2 2 2 2
left_child=2 9 4 5 -1 14 27 -6 17 13 15 22 -10 -2 -3 -5 -17 -8 24 26 -21 -18 23 -9 25 -19 -20 -7 -29 -30
right_child=1 3 -4 10 7 6 8 11 12 -11 -12 -13 -14 -15 -16 16 21 18 19 20 -22 -23 -24 -25 -26 -27 -28 28 29 -31
leaf_value=-0.052316260770991031 -0.048781189812435927 -0.055547536405395941 -0.050846144358859507 0.03397232839823687 -0.041728364962414201 -0.061696454872797714 0.038776883909423666 -0.02946726088851459 -0.11177219471115413 0.051121784939173201 0.049992812344621683 -0.011326230711750991 0.047910117353019553 0.021327746908543659 0.00083981825581626356 -0.09550586079363306 -0.066097856394607399 0.026295302518395854 -0.0361701762117069 0.0082993401824027098 -0.15838219295252476 0.051818200331047982 -0.023088035577291381 0.080464736491337285 0.025364063048141167 -0.12005211386346409 0.027946687123466603 0.027090273266901155 0.016073411502931036 -0.0029516657234723745
leaf_weight=176.89424843713641 5.1950297802686718 5.6722471565008155 544.38176999613643 7.5419288612902147 127.22140190005302 2.9199059680104247 22.770525846630335 8.8090376332402212 0.90368146076798339 753.61535789072514 170.030053909868 423.22458131238818 128.565713763237 14.011622607707976 316.17534131556749 3.0522868819534779 1.7677274793386457 3.0733738355338573 5.8707399703562286 2.110687091946601 2.2087162397801876 2.8415095284581184 405.46754778176546 4.9959062710404387 40.450319692492485 1.9675744771957386 8.2113871425390226 39.729304105043411 100.64061976969242 145.05805511027575
leaf_count=4183 24 73 12478 72 2759 25 280 69 16 19821 4395 3465 3242 92 1576 31 9 32 59 26 19 39 4810 29 495 22 98 262 619 880
internal_value=9.9134e-05 0.0317196 -0.0332677 0.0178224 -0.0249219 0.0115366 0.018995 -0.0199247 0.0346869 0.04991 0.0458631 -0.0166322 0.0467956 0.00236463 -0.000153953 -0.000321999 -0.034081 0.0165974 0.00869299 -0.0171273 -0.0769329 0.00659522 -0.0219882 0.0103163 0.0191375 -0.0308268 0.00121682 0.00723295 0.00793809 0.0048412
internal_weight=3475.38 1784.38 1690.99 1011.56 1146.61 826.328 504.481 969.718 216.133 772.822 185.234 842.497 129.469 19.2067 321.848 15.2035 7.66152 86.6633 63.8928 18.4015 4.3194 4.60924 419.272 13.8049 45.4913 5.04095 14.0821 288.348 285.428 245.699
internal_count=60000 32207 27793 12270 15315 7724 6075 11132 4289 19937 4546 8373 3258 116 1649 151 79 1031 751 202 45 48 4908 98 549 54 157 1786 1761 1499
is_linear=0
shrinkage=0.05


Tree=51
num_leaves=31
num_cat=0
split_feature=135 119 124 95 15 78 39 78 107 33 120 119 124 6 124 61 22 84 7 93 0 127 113 39 31 31 7 8 12 68
split_gain=1372.54 203.018 100.825 74.0712 61.8497 31.9929 12.5003 12.4093 16.1754 14.295 11.4586 11.0395 9.40058 9.33731 9.16872 11.7391 8.70413 9.04441 9.4494 7.94669 8.10056 7.29611 7.19849 6.80976 10.3899 8.76698 7.68463 6.54321 6.37067 6.27584
threshold=1.0000000180025095e-35 0.72977426648139965 0.77884548902511608 0.55557033419609081 1.0000000180025095e-35 -0.81241148710250843 0.15554314851760867 0.032701602580138996 0.1043694131076336 1.0000000180025095e-35 1.0000000180025095e-35 0.68742546439170849 0.069991968572139754 0.77903699874877941 0.019496093504130844 -0.32143937051296229 0.11410588026046754 1.0000000180025095e-35 -0.58166858553886402 -0.39529328048229212 0.82196941971778881 -1.0065457224845884 2.000290155410767 0.70338383316993724 0.38116651773452764 0.51995083689689647 -0.84508833289146412 2.0080595016479497 0.79597324132919323 0.90046301484107982
decision_type=2 2 2 2 2 2 2 2 2 2 2 2 2 2 2 2 2 2 2 2 2 2 2 2 2 2 2 2 2 2
left_child=2 12 4 7 -1 10 21 16 -9 22 23 -7 13 28 -13 19 29 -18 -19 20 -16 -5 -10 24 26 -26 -6 -17 -2 -3
right_child=1 3 -4 6 5 11 -8 8 9 -11 -12 14 -14 -15 15 27 17 18 -20 -21 -22 -23 -24 -25 25 -27 -28 -29 -30 -31
leaf_value=-0.052197527227398836 -0.056994712901295722 -0.021681873445609845 -0.050472673784095728 -0.051666889922542571 0.0064103838555423787 0.06029006904632972 0.04941252310295622 0.0074726226921635209 -0.0054926534748223474 0.043101548536574011 0.10124949602061922 -0.030893138729938555 0.051556374188807763 0.041707501734907504 -0.033511268404620612 -0.0029419756464983313 0.0014802567157671026 0.042266229928305699 0.010885449795082996 -0.019318681186617254 0.08138215823292537 0.024670299751237083 0.030795226864857441 -0.037738564579378527 -0.048856071090731493 0.063595999243491949 0.14332636104025356 -0.058079223515220969 0.035739744684396238 0.038305843879065951
leaf_weight=165.97030827403069 5.1984190829098242 42.150781389325857 547.2733951471746 4.5072462372481814 2.4612461477518082 5.0444007515907279 162.82236238569021 174.76413555070758 31.032062072306871 85.260654181241989 1.5416975915431965 71.350078102201223 723.05782696604729 16.425873883068562 2.5102077051997176 259.36420981958508 282.05118456110358 28.390501204878092 154.74437870457768 323.23379845172167 3.9454328417778015 10.244537483900784 24.421956121921539 223.97913028299809 9.4561582133173925 2.1222060881555072 1.7560276016592968 5.4947179406881324 2.8769666887819767 4.8630318641662589
leaf_count=4118 34 204 13144 40 33 32 4379 1291 191 2077 12 1084 20203 225 25 1637 1370 364 1497 3228 39 109 163 4229 137 30 19 46 20 20
internal_value=0.00010078 0.0307916 -0.0329938 0.0161174 -0.0241221 -0.0190142 0.0454195 0.00983081 0.0176318 0.0302491 -0.0346272 -0.0133987 0.0505242 0.0200652 -0.0139569 -0.0119244 0.00502598 0.00709808 0.0157503 -0.0182216 0.0367071 0.00134631 0.0104885 -0.0355009 -0.00377094 -0.0282447 0.0634207 -0.00408584 -0.0239568 -0.0154768
internal_weight=3378.31 1752.81 1625.5 1005.25 1078.23 912.259 177.574 827.679 315.479 140.715 241.316 670.943 747.559 24.5013 665.898 594.548 512.2 465.186 183.135 329.689 6.45564 14.7518 55.454 239.775 15.7956 11.5784 4.21727 264.859 8.07539 47.0138
internal_count=60000 32187 27813 11705 14669 10551 4528 7177 3722 2431 4460 6091 20482 279 6059 4975 3455 3231 1861 3292 64 149 354 4448 219 167 52 1683 54 224
is_linear=0
shrinkage=0.05


Tree=52
num_leaves=31
num_cat=0
split_feature=135 119 124 95 15 78 39 112 56 33 120 119 124 90 61 23 119 74 34 104 126 92 130 119 23 119 46 113 51 28
split_gain=1277.19 201.322 100.885 71.5807 61.1849 30.7881 12.3198 11.9918 10.3766 11.9097 10.1829 10.1524 9.48239 8.91977 10.6424 8.69134 7.89525 20.5931 19.0664 16.2265 10.1775 12.4574 9.51603 9.18789 8.63802 14.1869 9.79251 7.56056 7.73721 7.50784
threshold=1.0000000180025095e-35 0.72977426648139965 0.77884548902511608 0.55557033419609081 1.0000000180025095e-35 -0.81241148710250843 0.15554314851760867 0.16280832886695865 0.12063619494438173 1.0000000180025095e-35 1.0000000180025095e-35 0.68742546439170849 0.069991968572139754 0.039450615644454963 -0.32143937051296229 0.77905100584030162 0.83802261948585521 0.86297684907913219 0.83885523676872265 1.0000000180025095e-35 0.73346954584121715 0.42379988729953771 0.88527056574821483 0.87886160612106334 0.80370965600013744 0.79648631811141979 0.70907047390937816 0.79533702135086071 0.90272998809814464 0.28644485771656042
decision_type=2 2 2 2 2 2 2 2 2 2 2 2 2 2 2 2 2 2 2 2 2 2 2 2 2 2 2 2 2 2
left_child=2 12 4 7 -1 10 -5 16 29 -10 -6 -7 15 -13 -15 -2 17 19 -18 24 22 23 27 -22 -3 26 -26 -20 -29 -9
right_child=1 3 -4 6 5 11 -8 8 9 -11 -12 13 -14 14 -16 -17 18 -19 20 -21 21 -23 -24 -25 25 -27 -28 28 -30 -31
leaf_value=-0.052085769035002019 -0.022626710237281494 -0.08500337068323402 -0.050273351943490231 0.0012996118361805365 -0.034835767053868823 0.058583164034881542 0.049163748502653044 0.014728179893668668 0.010026138377467799 0.04018639469450111 0.090036733115289591 -0.031040286506238735 0.05143804409135079 -0.017545932802195612 -0.0041005577999978053 0.040965877606013612 -0.04874546350556809 0.040769157951445922 0.008162898809882654 0.010820587150387223 -0.1184798138431743 -0.0025826956884810394 0.030371120260920922 -0.015036194083773356 -0.055265767192882578 -0.088016397949632508 0.033981034983313937 -0.062147228564069457 0.026715830866152226 -0.021640199784739869
leaf_weight=158.20603413507342 8.1151666268706339 5.8313179612159756 522.5947682633996 14.714855536818503 232.37493281811476 4.9346281737089148 155.64550951495767 48.30915242806077 55.142032999545336 80.538780745118856 1.6441385746002186 64.651235453784466 689.33629596605897 326.45661433413625 267.99204897135496 15.900503054261206 18.194501511752605 51.838070947676897 134.95030307024717 182.30082324519753 4.1242628507316095 135.36322801560163 48.739826146513224 4.4765063300728798 4.3024512194097069 5.0964690409600726 10.761382073163984 7.8101889565587026 3.568823829293251 20.093167807906866
leaf_count=4118 54 31 13144 149 4448 32 4379 315 354 1881 12 1034 20203 3304 1721 225 114 689 972 1264 23 804 342 27 29 30 93 53 30 126
internal_value=9.9828e-05 0.0301042 -0.0323047 0.0155337 -0.0234145 -0.0183636 0.0450295 0.00941654 0.0199238 0.027929 -0.0339585 -0.0128677 0.0503621 -0.0134027 -0.0114844 0.0194772 0.00594311 0.0125693 0.00111799 0.0055511 0.00379396 -0.00629014 0.0112362 -0.0646397 -0.0314082 -0.0159059 0.00849084 0.00486265 -0.0342769 0.00404498
internal_weight=3284.01 1705.15 1578.85 991.802 1056.26 898.054 170.36 821.441 204.083 135.681 234.019 664.035 713.352 659.1 594.449 24.0157 617.358 260.131 357.228 208.292 339.033 143.964 195.069 8.60077 25.9916 20.1603 15.0638 146.329 11.379 68.4023
internal_count=60000 32187 27813 11705 14669 10551 4528 7177 2676 2235 4460 6091 20482 6059 5025 279 4501 2136 2365 1447 2251 854 1397 50 183 152 122 1055 83 441
is_linear=0
shrinkage=0.05


Tree=53
num_leaves=31
num_cat=0
split_feature=118 119 128 95 120 32 73 120 120 107 39 5 96 0 96 73 57 10 70 6 47 119 28 5 60 110 12 8 102 6
split_gain=1186.33 190.965 93.0367 71.9548 61.547 31.6692 19.5186 17.2165 16.4036 29.5231 13.2272 11.7008 11.3978 11.1939 11.8227 10.5398 8.24851 7.41171 7.32372 16.5246 13.36 12.9091 7.03193 6.79373 6.70682 6.49188 9.32223 6.38188 6.34094 10.7805
threshold=1.0000000180025095e-35 0.71691182255744945 -0.49999997019767756 0.55557033419609081 1.0000000180025095e-35 1.0000000180025095e-35 0.085450042039155974 1.0000000180025095e-35 1.0000000180025095e-35 0.1080937758088112 0.15554314851760867 0.07900636270642282 0.26343040168285375 0.60108557343482982 0.47512857615947729 0.10154888033866884 0.77501845359802257 -0.97335556149482716 1.0000000180025095e-35 0.81263852119445812 0.76363638043403637 0.79769402742385875 1.2484914660453799 0.47329853475093847 0.81241145730018627 0.067300889641046538 0.85620406270027172 0.28745912015438085 0.78527224063873302 0.90011167526245128
decision_type=2 2 2 2 2 2 2 2 2 2 2 2 2 2 2 2 2 2 2 2 2 2 2 2 2 2 2 2 2 2
left_child=2 15 5 6 17 -1 22 12 23 18 -5 -6 27 14 -11 16 -2 -4 19 -10 28 -22 24 -8 -3 -13 -27 -7 -21 -30
right_child=1 3 4 10 11 7 8 -9 9 13 -12 25 -14 -15 -16 -17 -18 -19 -20 20 21 -23 -24 -25 -26 26 -28 -29 29 -31
leaf_value=-0.051942529644156167 -0.020696374792916722 -0.042156997080153046 -0.036874653673650899 0.0010033598155747921 -0.047895863736212456 -0.025281801774562997 -0.067594008711114942 0.10279940257692251 -0.1008140039277971 0.052237318304643371 0.049456172112214238 -0.013994982443868998 -0.010619247872957895 0.046557844538567761 -0.19347369361842104 0.051741424535152195 0.038954394172374236 -0.051463843481961535 0.016755779527580932 0.048373051865243662 0.01080396241259254 -0.080982474442951924 -0.053543560022884032 0.0068134680113835916 0.00062162587013956912 0.030590328227864595 -0.046160121111163285 0.055013543561823232 -0.036722701264593441 0.052161854516324872
leaf_weight=63.199949931353331 8.6063405424356478 9.5579577535390836 102.76764735579491 15.481441047042606 22.397544875741005 228.05399943143129 3.1014499217271796 3.092642229050397 4.2033574804663649 0.95223580300807853 156.20960959047079 110.26476959884167 427.79128108173609 101.48479339852929 1.0075685717165468 636.9362231977284 17.743933115154505 569.39610664919019 132.44647318124771 13.49569993466139 7.788297448307274 7.5385717935860157 6.5866439603269091 282.05830025672913 221.31926683709025 19.072176154702905 4.9919161051511756 2.5017643757164469 8.1751678325235826 5.8541951850056639
leaf_count=1757 52 45 2502 159 524 3180 31 35 23 24 4639 923 3603 2824 16 19656 232 15030 1240 158 94 43 38 1766 1074 160 49 30 47 46
internal_value=0.000100094 0.0297529 -0.0312137 0.015699 -0.0426543 -0.0181271 0.00943551 -0.0148961 0.0144674 0.0229967 0.0450872 -0.0144386 -0.015449 0.0442722 -0.0740869 0.0504594 0.0194717 -0.0492333 0.0107359 -0.00620813 0.00307178 -0.0343415 -0.00260262 0.0060042 -0.00114934 -0.00886002 0.014669 -0.0244105 0.0239047 0.000367189
internal_weight=3194.08 1640.55 1553.53 977.261 828.89 724.64 805.57 661.44 568.106 282.946 171.691 156.726 658.347 103.445 1.9598 663.286 26.3503 672.164 179.502 47.0553 42.8519 15.3269 237.464 285.16 230.877 134.329 24.0641 230.556 27.5251 14.0294
internal_count=60000 32207 27793 12267 19188 8605 7469 6848 6312 4515 4798 1656 6813 2864 40 19940 284 17532 1651 411 388 137 1157 1797 1119 1132 209 3210 251 93
is_linear=0
shrinkage=0.05


Tree=54
num_leaves=31
num_cat=0
split_feature=135 119 124 95 15 39 73 112 130 40 124 56 33 90 8 6 12 10 79 119 74 34 104 6 119 13 109 76 5 93
split_gain=1108.09 196.047 100.539 66.3172 58.9197 31.1748 12.4338 10.9608 10.6988 10.4449 9.65331 9.47421 13.0931 9.20693 8.81834 7.75288 7.38881 11.903 7.7145 7.11667 18.9926 16.9179 14.3871 7.2252 11.6545 8.00584 7.0689 8.88907 8.6227 9.79712
threshold=1.0000000180025095e-35 0.72977426648139965 0.7918524742126466 0.58216589689254772 1.0000000180025095e-35 0.71074548363685619 0.14328266680240634 0.16280832886695865 0.27179849147796636 0.79488334059715282 0.069991968572139754 0.13244093954563144 1.0000000180025095e-35 0.039450615644454963 0.28745912015438085 0.77903699874877941 0.45282949507236486 -0.81241148710250843 -0.32305550575256342 0.83802261948585521 0.86297684907913219 0.83885523676872265 1.0000000180025095e-35 0.79659932851791393 0.78539574146270763 0.76363638043403637 0.98181727528572094 1.8352280259132387 0.72356921434402477 1.7742579579353335
decision_type=2 2 2 2 2 2 2 2 2 2 2 2 2 2 2 2 2 2 2 2 2 2 2 2 2 2 2 2 2 2
left_child=2 10 4 7 -1 13 9 19 14 -5 15 -9 -13 -6 -7 -2 17 -10 -18 20 22 -21 23 -3 25 -25 -23 28 29 -28
right_child=1 3 -4 6 5 8 -8 11 16 -11 -12 12 -14 -15 -16 -17 18 -19 -20 21 -22 26 -24 24 -26 -27 27 -29 -30 -31
leaf_value=-0.051882135656990416 -0.020734594563723917 -0.092926667832776658 -0.050733720277527365 -0.13817989451784848 -0.028156603078636069 -0.037415690926481733 0.049750505650393219 0.0054220143438369738 -0.0088623295868801907 0.014955912498204353 0.051216449277224831 0.01007330367602878 0.042764876132535816 -0.0077908445536270191 0.065715372478155565 0.039725945872541558 0.080443115015526243 0.1462737502596887 -0.0224472664302829 -0.046110106577355904 0.039614994544588389 0.007882776438466731 0.010174806715863053 0.043613389020374919 -0.073910473398037219 -0.028663068995810427 0.00020037654899942431 0.011110900483766672 -0.075367957736751312 -0.049159960689447106
leaf_weight=146.14723044261336 8.1953366138041037 3.8452484048903015 449.00241278484464 1.2006371431052709 62.723892193287611 208.13653119280934 135.98174621909857 79.030084948986769 4.3440484143793583 15.342193536460398 626.35483396053314 57.115902556106448 66.040599280968308 481.51855270937085 2.0936038121581069 15.019738506525753 1.8465942591428746 1.7283832579851139 135.62144451215863 18.145357374101877 49.666176248341799 245.08558807149529 180.5203257612884 7.2221604809165028 6.6588383577764025 8.1605265848338586 35.530804250389338 35.671990409493446 6.4159651249647132 14.019100330770014
leaf_count=4183 54 20 12460 13 1043 4439 4259 605 56 186 20203 374 1767 3894 36 225 23 18 1661 114 689 1722 1264 66 39 58 206 207 36 80
internal_value=0.000101049 0.0288041 -0.0309484 0.0145173 -0.0224404 -0.0176489 0.0447712 0.00884232 -0.0292038 0.0038417 0.050043 0.0189333 0.0276036 -0.010138 -0.0363886 0.0183823 -0.0186809 0.0352937 -0.0210652 0.00550278 0.0118555 0.000918653 0.00517595 -0.0296834 -0.0186503 0.00527068 0.00345294 -0.00839466 -0.0208273 -0.0137651
internal_weight=3108.39 1615.22 1493.16 965.653 1044.16 898.013 152.525 813.129 353.771 16.5428 649.57 202.187 123.157 544.242 210.23 23.2151 143.54 6.07243 137.468 610.942 256.073 354.869 206.407 25.8868 22.0415 15.3827 336.723 91.6379 55.9659 49.5499
internal_count=60000 32187 27813 11705 15353 11170 4458 7247 6233 199 20482 2746 2141 4937 4475 279 1758 74 1684 4501 2136 2365 1447 183 163 124 2251 529 322 286
is_linear=0
shrinkage=0.05


Tree=55
num_leaves=31
num_cat=0
split_feature=118 119 124 112 32 112 56 120 107 0 124 22 119 14 96 70 119 6 6 12 120 6 119 11 11 75 87 6 119 12
split_gain=1028.03 186.296 98.5641 66.7363 59.0311 24.379 18.1611 26.4652 19.7775 14.7406 10.7517 10.4639 9.60529 8.08354 7.37821 7.35317 14.3805 14.801 7.28524 10.2868 6.56793 6.35823 15.63 8.09013 11.8047 7.4271 7.08265 12.4438 20.4686 8.22624
threshold=1.0000000180025095e-35 0.71691182255744945 0.7918524742126466 0.58216589689254772 1.0000000180025095e-35 -0.89687272906303395 0.1095455400645733 1.0000000180025095e-35 0.12359787151217462 0.54526808857917797 0.069991968572139754 0.11795619875192644 0.68742546439170849 0.36515890061855322 1.1382151246070864 1.0000000180025095e-35 0.87053558230400097 0.83333557844161998 0.78167855739593517 0.78930434584617626 1.0000000180025095e-35 0.82767108082771312 0.78539574146270763 0.18497781455516818 -0.10808977484703063 -0.16113688051700589 1.0000000180025095e-35 0.87998354434967052 0.85020273923873912 0.73420497775077831
decision_type=2 2 2 2 2 2 2 2 2 2 2 2 2 2 2 2 2 2 2 2 2 2 2 2 2 2 2 2 2 2
left_child=2 10 4 6 -1 -6 20 -8 9 -9 18 -5 -7 -11 -14 16 17 -15 19 -2 -3 23 -23 24 -22 -25 27 -24 29 -29
right_child=1 3 -4 11 5 12 7 8 -10 13 -12 -13 14 15 -16 -17 -18 -19 -20 -21 21 22 26 25 -26 -27 -28 28 -30 -31
leaf_value=-0.051786981142399074 -0.044960879886219642 -0.055119625061071258 -0.049890313415550912 -0.12589473621433198 -0.039201102710836037 0.074112164578393716 0.0055883566203915056 -0.16283726157394934 0.047630314461150437 0.040778879468121539 0.051571318584418796 0.047099586966547501 -0.017316668240399947 -0.084651517615555852 -0.0068063008246144769 0.018506890353124705 -0.13715152746883433 0.021236521097413596 0.042697639913961513 0.054804927347372384 -0.06175888145834274 0.038790926401970065 -0.048910340319930419 -0.053131538295039027 0.025491645696537842 -0.011284036743351237 0.005826550890166227 -0.0059942945804791377 -0.043793460822392008 0.057535715049236637
leaf_weight=139.26853477209806 7.6036029681563395 5.300728663802146 432.7421141974628 0.87950098514556785 107.08527437970042 3.0960007831454268 282.34861811250448 1.1480003520846356 85.125070940703154 27.252391841262579 578.58940569125116 142.91815791837871 550.64565448835492 4.2268232144415441 239.64613329991698 57.645554460585117 2.1911740042269221 15.053300328552721 13.919537756592034 3.9136902280151844 4.6249787211418179 30.284196346998215 18.185337141156197 13.80349926650524 23.959826283156872 45.725944701582193 153.73891448229551 8.3232053220272082 14.630977578461168 13.139375433325766
leaf_count=4183 47 73 12478 4 2759 24 1787 17 2647 425 19660 4465 6512 30 1837 907 17 218 206 27 22 227 91 66 116 221 738 42 83 71
internal_value=0.000100569 0.0284595 -0.0298386 0.0146613 -0.021493 -0.0168077 0.0090677 0.0153371 0.0296254 0.0153703 0.0501726 0.0460415 -0.0137852 0.0172936 -0.0141295 0.00920398 -0.0157722 -0.00197754 0.0183575 -0.0110595 9.04759e-05 0.000987042 0.00523042 -0.010489 0.0113746 -0.0209875 0.000344524 -0.0151827 0.00181059 0.0328987
internal_weight=3027.02 1554.53 1472.48 950.506 1039.74 900.473 806.708 474.991 192.642 107.517 604.026 143.798 793.388 106.369 790.292 79.1169 21.4713 19.2801 25.4368 11.5173 331.717 326.416 238.302 88.1142 28.5848 59.5294 208.018 54.2789 36.0936 21.4626
internal_count=60000 32207 27793 12267 15315 11132 7798 6048 4261 1614 19940 4469 8373 1597 8349 1172 265 248 280 74 1750 1677 1252 425 138 287 1025 287 196 113
is_linear=0
shrinkage=0.05


Tree=56
num_leaves=31
num_cat=0
split_feature=135 119 124 95 15 39 73 26 124 112 107 40 56 120 85 6 119 119 74 68 0 102 126 42 73 124 6 8 130 119
split_gain=959.425 190.199 99.9587 61.3097 57.1962 28.9245 12.3972 11.0274 9.81954 9.49141 8.88996 8.66422 8.62829 13.0016 7.85462 6.86365 6.54974 6.35664 16.9566 15.0901 13.1732 9.12643 8.21911 8.43552 7.46671 7.39808 7.09989 8.94194 7.07108 6.83908
threshold=1.0000000180025095e-35 0.72977426648139965 0.7918524742126466 0.58216589689254772 1.0000000180025095e-35 0.70714977383613598 0.14328266680240634 1.0000000180025095e-35 0.069991968572139754 0.16280832886695865 0.023396412841975692 0.79488334059715282 0.13244093954563144 1.0000000180025095e-35 0.6859005093574525 0.77903699874877941 0.68742546439170849 0.83802261948585521 0.86297684907913219 0.83886754512786876 0.69589367508888256 0.83878639340400707 0.73346954584121715 1.9997937679290774 0.69976747035980236 0.050035268068313606 0.89633107185363781 -0.020165041089057919 0.88527056574821483 0.8771021068096162
decision_type=2 2 2 2 2 2 2 2 2 2 2 2 2 2 2 2 2 2 2 2 2 2 2 2 2 2 2 2 2 2
left_child=2 8 4 9 -1 10 11 -7 15 17 14 -5 -11 -14 -6 -2 -12 18 20 21 -3 -19 28 24 29 -20 27 -26 -21 -24
right_child=1 3 -4 6 5 7 -8 -9 -10 12 16 -13 13 -15 -16 -17 -18 19 25 22 -22 -23 23 -25 26 -27 -28 -29 -30 -31
leaf_value=-0.051696797081098936 -0.018990460293108205 -0.031605254979203842 -0.050426457159582688 -0.12184480547607335 0.086576938173394333 -0.023303057212879869 0.049380763696475365 -0.0459135291149214 0.051008519857191174 0.0048891868432725744 0.053000382333829726 0.013576070302222455 0.010551627686202558 0.043794331849765111 -0.03806731974147505 0.038397255743795405 -0.0078617725593085799 -0.018450713588551267 -0.0019560827171451775 0.004246779746648382 0.0093344109613827143 -0.097641562382466088 -0.017770060959718597 0.045020049946765978 -0.070000536285056661 0.047841188629992065 -0.099631398827643547 0.021135104396677568 0.026371412867282024 0.0060915221595434213
leaf_weight=132.70159642025828 8.2502540424466151 22.017443746328354 408.96584934741259 1.2830238714814211 1.3131917938590039 282.29311369359493 124.27676956914365 66.658823326230049 569.01491765677929 78.234349079430103 4.4611154086887828 14.872852753847836 62.075370751321316 55.901420766487718 33.688357517123222 14.139970254153011 485.26793012022972 10.08616082370281 9.2701366767287237 145.64431589469314 182.67245921678841 5.6911064051091662 55.410309240221977 7.6515510603785506 5.05481033027172 38.163400130346417 3.9736653827130786 5.7567922323942176 48.021128837019205 65.556182038038969
leaf_count=4183 54 148 12460 13 13 4497 4259 1878 20203 605 30 186 401 1740 713 225 4039 53 54 1075 1299 36 338 45 27 635 21 31 347 392
internal_value=0.000102089 0.0275079 -0.0295822 0.0135504 -0.0211117 -0.0164662 0.0440244 -0.0276222 0.0497305 0.00820889 -0.00904723 0.00282158 0.0177649 0.0263032 -0.0333909 0.0172513 -0.00730736 0.00510957 0.0111728 0.000777148 0.00493074 -0.0470161 0.00301422 -0.00605917 -0.00893822 0.0381091 -0.0424795 -0.0214741 0.00973279 -0.00483859
internal_weight=2948.37 1533.02 1415.35 941.613 1006.38 873.683 140.433 348.952 591.405 801.181 524.731 16.1559 196.211 117.977 35.0015 22.3902 489.729 604.969 252.123 352.846 204.69 15.7773 337.069 143.403 135.752 47.4335 14.7853 10.8116 193.665 120.966
internal_count=60000 32187 27813 11705 15353 11170 4458 6375 20482 7247 4795 199 2746 2141 726 279 4069 4501 2136 2365 1447 89 2276 854 809 689 79 58 1422 730
is_linear=0
shrinkage=0.05


Tree=57
num_leaves=31
num_cat=0
split_feature=135 119 124 78 15 78 107 112 23 120 124 119 56 120 0 62 107 61 85 93 96 9 8 0 23 68 119 74 0 0
split_gain=890.374 187.981 99.61 62.2382 56.3544 27.7315 12.298 10.4695 9.3711 9.07228 8.38152 7.99743 7.97041 11.6176 9.75277 12.2581 7.59288 8.90374 7.24624 6.86962 7.70968 6.77991 7.70516 6.59752 8.4789 10.5214 7.96428 17.49 13.3064 8.73563
threshold=1.0000000180025095e-35 0.71691182255744945 0.7918524742126466 0.60876142978668224 1.0000000180025095e-35 -0.81241148710250843 0.13114799559116366 0.16280832886695865 0.79488334059715282 1.0000000180025095e-35 0.069991968572139754 0.66445672512054454 0.12063619494438173 1.0000000180025095e-35 0.60108557343482982 0.35748608410358435 0.023396412841975692 -0.32143937051296229 0.6859005093574525 -0.39529328048229212 0.36880601942539221 0.16280831396579745 0.28745912015438085 0.59587973356246959 0.85805171728134166 0.6999170482158662 0.83802261948585521 0.86297684907913219 0.81951323151588451 0.80453419685363781
decision_type=2 2 2 2 2 2 2 2 2 2 2 2 2 2 2 2 2 2 2 2 2 2 2 2 2 2 2 2 2 2
left_child=2 10 4 7 -1 9 8 23 -5 21 -2 -7 -9 -14 15 -15 18 19 -13 20 -18 22 -6 24 -3 -26 27 29 -28 -25
right_child=1 3 -4 6 5 11 -8 12 -10 -11 -12 16 13 14 -16 -17 17 -19 -20 -21 -22 -23 -24 26 25 -27 28 -29 -30 -31
leaf_value=-0.051611311541495099 0.01695802442413738 -0.072268885168949581 -0.050274616509568673 -0.10455839845208298 -0.028214302494958002 0.080623646070409893 0.050296148241879328 0.0041342316650678102 0.017931795794653108 0.084431013577447395 0.051419225611874446 0.078294716691034397 0.0097374583451929897 0.052129897903223345 0.042521579018922569 -0.19203888989708384 -0.0052933439729799118 -0.0030980269893266616 -0.038802090032859587 -0.01637554439788921 0.10750666005417892 -0.047868675260094647 0.070270392841717558 -0.0038815011733739262 0.056616305125340861 -0.081246029228061817 -0.045800687168455173 0.041524322948058474 0.0028272091607298411 0.016856949527157761
leaf_weight=126.43346441164613 18.256697934120893 6.2469219304621202 390.16582366451621 1.7204526923596883 172.08678541705012 2.3980980589985839 119.72009460069239 68.483188688755035 16.895311247557402 1.6926500648260105 525.91475159116089 1.3777188546955574 63.992804236710072 1.044714389368891 67.525588935241103 1.0118988081812856 4.2140081636607638 282.08654827624559 32.195312011986971 310.88927008956671 2.3649304062128067 50.6105782315135 2.0092109479010096 102.45693105272949 4.1161097176373005 2.0849771462380886 14.679900556802748 42.922487614676356 337.42655061557889 100.6734572686255
leaf_count=4183 239 45 12460 25 3518 17 4351 458 259 12 19675 13 423 28 2044 17 48 1962 708 3347 21 1494 30 727 55 12 95 700 2269 765
internal_value=0.000102222 0.026826 -0.0288828 0.013415 -0.0204382 -0.0158655 0.0444175 0.00813764 0.00661136 -0.0308918 0.0502631 -0.0105125 0.0180032 0.0251137 0.0392547 -0.0680065 -0.0108577 -0.00956202 -0.0339968 -0.0153056 0.0352549 -0.0317604 -0.0270777 0.00487301 -0.0311548 0.0102632 0.00562277 0.0125245 0.000799832 0.00639668
internal_weight=2873.7 1495.17 1378.52 951.001 988.359 861.925 138.336 812.666 18.6158 226.399 544.171 635.526 202.058 133.575 69.5822 2.05661 633.128 599.555 33.573 317.468 6.57894 224.707 174.096 610.607 12.448 6.20109 598.159 246.053 352.106 203.13
internal_count=60000 32187 27813 12273 15353 11170 4635 7638 284 5054 19914 6116 2970 2512 2089 45 6099 5378 721 3416 69 5042 3548 4668 112 67 4556 2192 2364 1492
is_linear=0
shrinkage=0.05


Tree=58
num_leaves=31
num_cat=0
split_feature=118 119 124 112 15 129 56 120 107 0 124 135 22 135 24 0 6 7 102 6 92 110 11 11 6 126 25 14 110 85
split_gain=827.122 177.754 96.3098 59.3468 55.967 22.0547 14.5643 23.4384 19.1453 13.1227 11.1346 9.88619 9.71235 8.39724 8.33187 10.46 9.36362 9.0989 15.0656 17.7657 13.5915 7.82132 8.26526 12.8421 8.16578 11.8012 15.3014 7.75628 7.11604 7.09595
threshold=1.0000000180025095e-35 0.71691182255744945 0.7918524742126466 0.58216589689254772 1.0000000180025095e-35 -0.91037610173225392 0.1095455400645733 1.0000000180025095e-35 0.12359787151217462 0.54346486926078807 0.069991968572139754 1.0000000180025095e-35 0.11795619875192644 1.0000000180025095e-35 -0.14940373599529264 0.86385670304298412 0.84387013316154491 -0.015554814599454401 0.79495525360107433 0.85557764768600475 0.73476243019104015 0.072388559579849257 0.73196840286254894 0.78507456183433544 0.90774852037429821 1.649580776691437 1.7448635697364809 0.36515890061855322 0.093988854438066496 0.84657651185989391
decision_type=2 2 2 2 2 2 2 2 2 2 2 2 2 2 2 2 2 2 2 2 2 2 2 2 2 2 2 2 2 2
left_child=2 10 4 6 -1 -6 -3 -8 9 -9 -2 14 -5 -4 15 -7 -17 18 19 20 -16 -19 -23 29 28 26 -26 -11 -25 -24
right_child=1 3 13 12 5 11 7 8 -10 27 -12 -13 -14 -15 17 16 -18 21 -20 -21 -22 22 23 24 25 -27 -28 -29 -30 -31
leaf_value=-0.051530263322369187 0.016719526612109722 7.8844871186082197e-05 -0.050124142529044284 -0.12033783853313751 -0.040175126924511417 -0.027466574698764529 0.0048181468832860707 -0.1495102532857337 0.046970439947322744 0.039683727786980712 0.051347122244385472 -5.1056133953387086e-05 0.046175513255877057 0.019777346090909718 0.0043819435532727411 0.076563647018175307 -0.012098648794495299 -0.027785449465485293 -0.0061120942897609611 0.17116653991525954 0.13079227473364383 -0.026152733650213061 0.14105215114261183 0.06414653191026283 0.0063632039341552666 -0.025482580931565808 0.13186637883764687 0.0079243669356161024 -0.012597964433354793 0.014980461727690287
leaf_weight=120.45161827839911 24.344711482524872 328.16862296313047 372.2234460003674 0.88186816871166129 79.953369405120611 208.73027473688126 279.76356853544712 1.2133996561169613 76.243892883881927 25.66185787320137 500.3506323415786 130.62726877629757 125.6487152222544 4.3465592786669722 12.139347553253176 3.036590237170457 153.99530692026019 69.308856144547462 56.019581001251936 2.4807659760117522 2.577960528433322 42.088322423398495 2.4153217300772658 3.1361858062446109 5.3596853911876661 6.0705699101090422 4.4409611746668816 76.63275752030313 81.910712040960789 2.0749966725707054
leaf_count=4183 280 1750 12460 4 2311 3002 1787 15 2647 425 19660 549 4465 18 118 42 2262 825 629 16 23 445 23 34 50 50 34 1174 697 22
internal_value=0.000101661 0.0265434 -0.0278048 0.0132299 -0.0195956 -0.0151557 0.00812411 0.0138697 0.0279575 0.0139526 0.0497405 -0.012612 0.045015 -0.0493173 -0.0151141 -0.0201326 -0.0103841 -0.00878496 0.00645471 0.0473888 0.0265246 -0.0139316 -0.0074216 5.75133e-05 -0.00362381 0.0292999 0.0632324 0.0158916 -0.00976794 0.0827938
internal_weight=2802.3 1438.91 1363.39 914.215 986.818 866.366 787.684 459.515 179.752 103.508 524.695 786.413 126.531 376.57 655.785 365.762 157.032 290.023 73.2177 17.1981 14.7173 216.806 147.497 105.408 100.918 15.8712 9.80065 102.295 85.0469 4.49032
internal_count=60000 32207 27793 12267 15315 11132 7798 6048 4261 1614 19940 8821 4469 12478 8272 5306 2304 2966 786 157 141 2180 1355 910 865 134 84 1599 731 45
is_linear=0
shrinkage=0.05


Tree=59
num_leaves=31
num_cat=0
split_feature=118 119 124 95 15 112 22 120 107 124 22 70 6 119 28 135 6 12 119 6 129 30 24 109 12 28 113 41 130 41
split_gain=766.858 175.067 95.6331 57.2358 54.9931 21.0814 13.6575 14.6474 27.9501 11.3946 9.35246 8.73308 10.4579 14.0471 10.1725 8.39503 7.87148 7.84561 7.81918 7.35491 7.13166 7.09338 6.88858 8.56362 6.80533 6.49807 6.40102 8.3652 12.4079 7.30075
threshold=1.0000000180025095e-35 0.71691182255744945 0.79575228691101085 0.60876142978668224 1.0000000180025095e-35 -0.89687272906303395 0.11795619875192644 1.0000000180025095e-35 0.12359787151217462 0.069991968572139754 0.12552670389413836 1.0000000180025095e-35 0.81675344705581676 0.80682674050331127 0.22574862837791446 1.0000000180025095e-35 0.9065462350845338 0.70907047390937816 0.68742546439170849 0.88576993346214306 0.32143938541412359 0.76363638043403637 0.57294791936874401 1.1626687049865725 0.54782027006149303 1.2484914660453799 2.0270020961761479 -0.072437375783920274 0.69489252567291271 0.16403094679117206
decision_type=2 2 2 2 2 2 2 2 2 2 2 2 2 2 2 2 2 2 2 2 2 2 2 2 2 2 2 2 2 2
left_child=2 9 4 6 -1 -6 25 26 11 24 -5 12 -9 17 -15 18 -16 19 -7 -14 -20 -18 23 -17 -2 -3 27 -8 -29 -30
right_child=1 3 -4 10 5 15 7 8 -10 -11 -12 -13 13 14 16 22 21 -19 20 -21 -22 -23 -24 -25 -26 -27 -28 28 29 -31
leaf_value=-0.051453757436865803 -0.034985468144134703 -0.00050967068510051792 -0.049463109094829386 -0.049135889950773864 -0.036435523354715893 0.071695201473990153 0.011890110640836914 -0.071751612655723537 0.046783073757685631 0.051279721827253502 0.047333857064878637 0.016936065813358516 -0.058210622975283843 0.022307854584205852 -0.089699841845240685 0.0026642772816537433 0.043619102846350136 0.045528853425491816 -0.015507029454395927 0.054715813790035664 0.017922141913371686 -0.067702662346918241 -0.017097673723352934 0.056757817803758638 0.029875366510003068 -0.050096207979622748 0.0201514351731426 -0.10843870842300758 -0.033204443242616254 -1.7931927921226089e-05
leaf_weight=115.59263932704926 5.1401722878217724 240.52082280814648 351.96175082027912 2.5683743506669989 98.997806705534458 2.6335299573838702 97.931456930935383 5.6613695137202731 74.414525583386421 476.55802611075342 115.21698589995503 134.71117855794728 4.2271557915955809 6.1426388341933515 7.4021587297320348 79.840978384017944 2.8837518692016602 16.393998658284545 614.81097259745002 2.1882881559431553 16.379414696246386 2.8404900208115578 41.487437687814236 8.0546760186552984 18.965847529470921 6.793498568236827 52.757600024342537 2.9710919223725787 19.556622974574566 108.60299445688725
leaf_count=4213 51 1182 12244 14 2933 14 633 34 2705 19660 4375 1635 48 59 40 336 24 239 7725 35 120 17 174 34 229 40 373 18 116 680
internal_value=9.9315e-05 0.0258652 -0.0271138 0.0127263 -0.0190691 -0.0147274 0.00785542 0.0123212 0.0209573 0.0495832 0.0452303 0.010424 -0.00795162 0.000632226 -0.0307989 -0.0119116 -0.0556508 0.0271847 -0.0142808 -0.0196918 -0.0146395 -0.0116211 -0.000304942 0.00762136 0.016045 -0.00187177 0.00444987 0.000833487 -0.00742386 -0.00508206
internal_weight=2734.21 1404.45 1329.76 903.785 977.797 862.205 786 538.685 256.866 500.664 117.785 182.451 47.7399 42.0785 19.269 763.207 13.1264 22.8094 633.824 6.41544 631.19 5.72424 129.383 87.8957 24.106 247.314 281.82 229.062 131.131 128.16
internal_count=60000 32207 27793 12267 15549 11336 7878 6656 4836 19940 4389 2131 496 462 140 8403 81 322 7859 83 7845 41 544 370 280 1222 1820 1447 814 796
is_linear=0
shrinkage=0.05


Tree=60
num_leaves=31
num_cat=0
split_feature=118 119 124 112 15 129 56 103 107 124 105 6 102 22 135 6 102 13 24 34 7 102 6 109 110 85 6 29 6 85
split_gain=710.682 172.01 94.7533 55.0021 54.0094 20.202 12.4555 17.4243 18.049 11.6181 8.72957 15.4492 13.2938 8.69856 8.58257 8.12378 11.9453 8.87062 7.9687 9.31864 8.44408 13.2941 14.6038 13.6196 7.31225 7.08416 6.72229 9.31308 6.70744 8.17667
threshold=1.0000000180025095e-35 0.71691182255744945 0.79575228691101085 0.58216589689254772 1.0000000180025095e-35 -0.91037610173225392 0.1095455400645733 1.0000000180025095e-35 0.12359787151217462 0.069991968572139754 1.0000000180025095e-35 0.79743528366088878 0.85860139131546032 0.12552670389413836 1.0000000180025095e-35 0.86574226617813121 0.78527224063873302 0.93636366724967968 -0.14940373599529264 0.86079668998718273 -0.015554814599454401 0.79495525360107433 0.85438916087150585 0.69776767492294323 0.072388559579849257 0.67759874463081371 0.78167855739593517 0.78930434584617626 0.84917408227920543 0.85268169641494762
decision_type=2 2 2 2 2 2 2 2 2 2 2 2 2 2 2 2 2 2 2 2 2 2 2 2 2 2 2 2 2 2
left_child=2 9 4 6 -1 -6 -3 -8 10 26 -9 -12 15 -5 18 16 17 -13 19 -7 21 22 23 -20 25 -22 27 -2 29 -23
right_child=1 3 -4 13 5 14 7 8 -10 -11 11 12 -14 -15 -16 -17 -18 -19 20 -21 24 28 -24 -25 -26 -27 -28 -29 -30 -31
leaf_value=-0.051380849532790096 -0.044208339313111453 3.5324219395252558e-05 -0.049266663244272355 -0.046026302043823318 -0.038160396803912061 -0.026456284879549277 0.0052603823859247167 0.021262559568098516 0.046073114834845073 0.051215772981726609 -0.15841768248051216 0.045949675910567374 -0.11661802959868886 0.046402060781991099 -1.5433361416770487e-05 0.034433443758961443 -0.10609143332671687 -0.089149244274284348 -0.0078453470695149501 -0.010226732074444439 0.061099841453414176 0.0057989343386582676 0.14572892428760584 0.097426536284196938 -0.0065669082577383703 -0.029523703120438935 0.040594251503797314 0.052555906776963236 -0.018406961660178502 0.10230292877248488
leaf_weight=110.10720524936914 7.6036432161927241 327.3542134091258 336.0979604255408 2.6038497909903517 79.544606471434236 194.0124681238085 281.51972742937505 74.853841142728925 65.639778053388 453.86775650829077 1.686143353581431 4.9397241584956699 2.3056384846568099 113.63522006943822 130.64317062497139 13.442176038399337 3.1246178448200226 1.6114001572132108 10.105075400322677 162.54884670674801 2.2305371090769759 17.63905501365662 2.9769562743604174 4.4146728180348864 145.26602099090815 64.956091314554214 12.55682087689638 3.6949190720915794 34.997130680829287 2.5069092474877825
leaf_count=4213 47 1750 12244 14 2474 2893 1913 1260 2512 19660 10 77 18 4455 549 223 19 16 98 2453 13 198 18 41 1355 812 206 27 405 27
internal_value=0.000100553 0.0252131 -0.0264125 0.0122548 -0.0184274 -0.014168 0.00745286 0.0128593 0.025623 0.0494281 0.0124582 -0.011852 -0.00213149 0.0443316 -0.0116968 0.00928669 -0.0256488 0.012719 -0.0140752 -0.0190576 -0.00784373 0.00687252 0.044846 0.0241622 -0.0128754 -0.0265151 0.0154171 -0.012564 -0.00517633 0.0178076
internal_weight=2668.49 1370.44 1298.05 892.716 961.949 851.842 776.477 449.123 167.603 477.723 101.964 27.1097 25.4236 116.239 772.297 23.1179 9.67574 6.55112 641.654 356.561 285.092 72.6398 17.4967 14.5197 212.453 67.1866 23.8554 11.2986 55.1431 20.146
internal_count=60000 32207 27793 12267 15549 11336 7798 6048 4135 19940 1623 363 353 4469 8862 335 112 93 8313 5346 2967 787 157 139 2180 825 280 74 630 225
is_linear=0
shrinkage=0.05


Tree=61
num_leaves=31
num_cat=0
split_feature=135 102 107 15 112 78 5 73 120 107 5 90 14 78 14 110 107 110 17 79 6 7 8 120 9 22 113 13 92 113
split_gain=658.639 164.839 89.1558 51.3397 48.0477 20.9678 17.6102 12.1824 9.32703 46.9961 9.00775 8.89696 13.9439 17.4773 9.01039 7.87189 7.85458 7.71783 7.65375 9.80798 7.3116 7.28538 13.3211 6.74187 10.5624 6.68042 7.9767 6.58095 8.08158 10.2792
threshold=1.0000000180025095e-35 0.71672436594963085 0.79501140117645275 1.0000000180025095e-35 0.58216589689254772 -0.81241148710250843 0.07900636270642282 0.11623799800872804 1.0000000180025095e-35 0.11183888837695123 0.47329853475093847 0.67200416326522838 0.38935339450836187 -0.89687272906303395 0.51995083689689647 2.00095546245575 0.13114799559116366 1.9483364224433901 0.6480497717857362 0.52780717611312877 0.8174482285976411 0.19524866342544558 1.7654209136962893 1.0000000180025095e-35 0.58216586709022533 0.57246822118759166 1.8293564319610598 0.76363638043403637 0.33832092583179479 1.2513447403907778
decision_type=2 2 2 2 2 2 2 2 2 2 2 2 2 2 2 2 2 2 2 2 2 2 2 2 2 2 2 2 2 2
left_child=2 7 3 -1 8 11 -7 20 10 -10 -3 12 13 -5 -14 17 -6 25 19 -11 -2 -19 -23 24 -8 26 -12 28 -25 -30
right_child=1 4 -4 5 16 6 23 -9 9 18 15 -13 14 -15 -16 -17 -18 21 -20 -21 -22 22 -24 27 -26 -27 -28 -29 29 -31
leaf_value=-0.051311524355266085 -7.2567277310379898e-05 -0.064925386352493245 -0.048903672210973248 0.20758088615708054 0.0015114577221070611 -0.048144849227396112 -0.010375133942260905 0.050923153006254357 0.0034407359838038174 0.051877784820651709 -0.0083762713607460244 -0.031538173853206633 -0.047678079250645239 0.0085947779618776431 0.070229797113120149 0.030533943099973274 0.047672731600355213 0.0063581154691156579 0.046900386474904465 -0.1851892838656351 0.047723215068919633 -0.13381118471153702 -0.022136943202374318 -0.0024757924131973449 -0.053244361176523758 0.0011052485944529212 0.041423372243552747 -0.0089420397718368416 0.036216596207413763 -0.03690641863381481
leaf_weight=104.43915240094066 19.601989183574915 4.9137467220425597 319.81184110976756 1.6981382481753824 10.186801167204974 28.374074753373861 344.9647641479969 423.92662492021918 290.48832181841135 0.93617909029126056 12.368495829403399 179.53810860961676 8.2692477013915759 3.1512350142002097 2.0151693895459166 24.709868535399437 96.622796274721622 11.250424794852735 87.97814404591918 0.81707829795777798 13.520681910216807 3.4090921804308882 12.323831208050249 70.308385889977217 14.993008822202681 322.98415380716324 22.982238449156284 130.18731278553605 33.783892951905727 5.6031947322189799
leaf_count=4196 249 59 12216 22 181 937 3745 19307 2281 30 72 4486 144 44 31 147 4048 63 3390 11 321 19 72 495 302 1785 152 925 229 41
internal_value=9.98702e-05 0.0241788 -0.0261393 -0.0182884 0.0117831 -0.0140971 -0.00965415 0.0486414 0.00755361 0.0132107 0.00236994 -0.0284348 0.00838179 0.0782751 -0.0245747 0.0031764 0.0432702 0.001422 0.0448389 -0.0586036 0.0194377 -0.0243652 -0.0463351 -0.00783344 -0.0121607 0.00336383 0.0239995 -0.00134009 0.00768195 0.0258141
internal_weight=2606.16 1359.02 1247.14 927.326 901.971 822.887 628.215 457.049 795.162 380.22 414.942 194.672 15.1338 4.84937 10.2844 410.028 106.81 385.318 89.7314 1.75326 33.1227 26.9833 15.7329 599.841 359.958 358.335 35.3507 239.883 109.695 39.3871
internal_count=60000 32187 27813 15597 12310 11401 6674 19877 8081 5712 2369 4727 241 66 175 2310 4229 2163 3431 41 570 154 91 5737 4047 2009 224 1690 765 270
is_linear=0
shrinkage=0.05


Tree=62
num_leaves=31
num_cat=0
split_feature=118 119 124 15 95 129 124 22 120 107 107 70 13 119 6 79 41 6 102 6 96 119 135 8 126 113 8 34 8 12
split_gain=611.109 165.952 92.4877 51.7576 51.0017 18.8326 11.694 11.0708 12.3523 25.4438 8.51006 7.57868 9.43888 9.03577 9.86433 9.77296 14.8448 8.48965 7.89602 12.4532 7.97999 7.51843 7.15609 6.74588 7.73572 9.04167 8.11773 7.01924 6.65289 6.25385
threshold=1.0000000180025095e-35 0.71691182255744945 0.79575228691101085 1.0000000180025095e-35 0.60876142978668224 -0.91037610173225392 0.069991968572139754 0.11795619875192644 1.0000000180025095e-35 0.12359787151217462 0.13114799559116366 1.0000000180025095e-35 0.76363638043403637 0.86787667870521557 0.92245337367057811 0.22520633041858676 -0.31783561408519739 0.81047609448432933 0.78696501255035411 0.90011167526245128 0.73695880174636852 0.66445672512054454 1.0000000180025095e-35 0.28745912015438085 0.61159366369247448 1.2889860272407534 1.9827103614807131 0.61718398332595836 -0.74702599644660939 0.54782027006149303
decision_type=2 2 2 2 2 2 2 2 2 2 2 2 2 2 2 2 2 2 2 2 2 2 2 2 2 2 2 2 2 2
left_child=2 6 3 -1 7 -5 -2 -3 -9 11 -6 12 17 14 15 -14 -17 -10 -19 20 -20 -7 23 27 25 -25 -26 29 -18 -23
right_child=1 4 -4 5 10 21 -8 8 9 -11 -12 -13 13 -15 -16 16 28 18 19 -21 -22 22 -24 24 26 -27 -28 -29 -30 -31
leaf_value=-0.051246143234892384 0.014664610551737942 -0.001809596270665561 -0.048895947459364097 -0.037115478573382057 0.0021543391020163202 0.099120184482760443 0.051098777086119485 0.0038648386822163444 -0.083230797454790784 0.04594856661033845 0.049127152608928998 0.01565561929117645 0.059292977685301368 -0.13337722001651162 0.059108819149083627 -0.17563285707796686 -0.061199475918429572 0.046124211407159575 -0.0095804522780699123 0.050726856088865582 -0.10968901027313394 -0.026277163085776763 -0.00035346527597536156 0.0016762109350872774 -0.00018854987532810236 0.11392948965005059 -0.057221973812137707 -0.016102627423014933 0.033594958057321864 0.06034947281538855
leaf_weight=99.888253165408969 23.267618734389544 246.77581126987934 306.63818139769137 74.649964479729533 10.757255362346767 1.5526603162288655 411.89197509363294 279.37379730865359 2.2631218656897572 65.380238456651568 93.027592744678259 131.06458535417914 1.9954587146639848 2.1165461167693129 2.9480492286384097 2.2431360818445674 5.8291747402399752 12.758476028218867 5.5461943186819536 5.4972960613667956 3.1052125319838524 3.2937925904989225 130.18249624222517 4.29780139774084 75.062228843569756 3.0790333598852158 6.8045940250158301 527.29621033556759 2.7120495587587365 5.6698842123150826
leaf_count=4213 280 1222 12244 2474 194 15 19660 1820 11 2705 4195 1635 26 14 34 18 50 201 40 53 17 19 540 47 593 18 62 7535 32 33
internal_value=9.85667e-05 0.0239248 -0.025077 -0.0172385 0.0113562 -0.0131551 0.0491507 0.00691923 0.0110392 0.0192719 0.0442584 0.00947781 -0.00774428 -0.0363882 -0.0233361 -0.0423545 -0.0611626 0.00977813 0.017601 -0.00811963 -0.045512 -0.010793 -0.0110188 -0.0132386 -0.00051016 0.0485299 -0.00492905 -0.0153568 -0.0310999 0.0285177
internal_weight=2546.97 1308.55 1238.42 931.777 873.394 831.889 435.16 769.609 522.833 243.46 103.785 178.079 47.0147 17.8444 15.7279 12.7798 10.7844 29.1703 26.9072 14.1487 8.65141 757.239 755.686 625.504 89.2437 7.37683 81.8668 536.26 8.54122 8.96368
internal_count=60000 32207 27793 15549 12267 11336 19940 7878 6656 4836 4389 2131 496 174 160 126 100 322 311 110 57 8862 8847 8307 720 65 655 7587 82 52
is_linear=0
shrinkage=0.05


Tree=63
num_leaves=31
num_cat=0
split_feature=118 119 124 15 95 129 124 56 103 39 0 107 14 53 6 102 79 5 119 135 24 58 75 7 58 6 124 79 45 58
split_gain=565.474 162.584 91.219 50.6511 48.9361 17.9931 11.9231 10.2406 15.2087 16.975 9.87592 8.4354 7.83287 7.06287 16.0548 11.345 11.6826 14.772 6.70303 6.68716 6.54536 8.28236 7.85282 6.45068 6.73451 12.1392 6.28208 6.35402 12.9856 10.2074
threshold=1.0000000180025095e-35 0.71691182255744945 0.79575228691101085 1.0000000180025095e-35 0.60876142978668224 -0.91037610173225392 0.069991968572139754 0.1095455400645733 1.0000000180025095e-35 0.17939504981040957 0.54346486926078807 0.13114799559116366 0.36515890061855322 1.0000000180025095e-35 0.80301108956336986 0.75765380263328563 0.22520633041858676 0.15634173899888995 0.68742546439170849 1.0000000180025095e-35 0.57294791936874401 0.38821969926357275 0.40080368518829351 -0.73597887158393849 -0.65680885314941395 0.90071961283683788 0.019496093504130844 0.19268713146448138 0.10173121467232706 -0.48682025074958796
decision_type=2 2 2 2 2 2 2 2 2 2 2 2 2 2 2 2 2 2 2 2 2 2 2 2 2 2 2 2 2 2
left_child=2 6 3 -1 7 -5 -2 -3 -9 10 -10 -6 -12 14 -14 -16 -17 -18 -7 23 21 22 -21 -20 25 -25 -26 -28 29 -29
right_child=1 4 -4 5 11 18 -8 8 9 -11 12 -13 13 -15 15 16 17 -19 19 20 -22 -23 -24 24 26 -27 27 28 -30 -31
leaf_value=-0.051183894882890893 0.014055193107997799 -8.5720341331937459e-05 -0.048691919449384405 -0.036486874945944513 0.0020498666290001085 0.06521448969349658 0.051044054132455642 0.0046514129809830645 -0.11871274771894127 0.04820228149537345 0.038198684651457787 0.048964334425139394 -0.15739006988434462 0.015785436564677732 0.053573617318466452 0.037638297040229168 -0.018602066752937376 -0.15551932728403489 -0.019970460149550822 0.0052098836051523451 -0.016780649795572603 0.036792294682913326 -0.048821626344495585 0.0067829209808808041 -0.025495590431228711 0.17980243427396575 -0.027724378276248653 0.16869238873445658 -0.0077199436950545824 0.025304502892381814
leaf_weight=95.129285153001547 23.067866889759898 325.9289070405066 292.87493404746056 72.201830949634314 10.740669229999183 2.9230992179363957 392.2131944578141 281.17737232521176 1.4069459885358799 49.789780786260962 26.466439293697476 88.777479378506541 1.8797891903668666 58.380776112899184 5.8864438105374601 4.3658481389284125 6.2406399771571142 2.8787055518478155 208.76421414501965 62.489941578358412 41.3513308390975 18.775174126029015 7.5356005802750579 4.8818906471133223 56.016148459166288 1.2794573903083799 34.758193334564567 1.3405060172081018 293.42642665281892 16.747824715450406
leaf_count=4213 280 1750 12244 2474 194 24 19660 1939 15 2185 529 4195 17 1149 140 65 53 36 3575 259 170 79 31 92 1053 20 567 16 2762 214
internal_value=9.91082e-05 0.0232792 -0.0243967 -0.0166424 0.0109205 -0.0126473 0.0489894 0.00662672 0.0116163 0.0240665 0.0128883 0.043901 0.0146334 0.00680132 -0.0178794 -0.0043415 -0.0296221 -0.0618228 -0.0103532 -0.0106488 -0.000349249 0.00730227 -0.000604564 -0.0128206 -0.00916625 0.0427119 -0.0099608 -0.00744776 -0.00518533 0.0359308
internal_weight=2489.7 1279.2 1210.5 917.621 863.92 822.492 415.281 764.402 438.473 157.295 107.506 99.5181 106.099 79.6322 21.2514 19.3716 13.4852 9.11935 750.29 747.367 130.152 88.8007 70.0255 617.215 408.45 6.16135 402.289 346.273 311.515 18.0883
internal_count=60000 32207 27793 15549 12267 11336 19940 7878 6128 4189 2004 4389 1989 1460 311 294 154 89 8862 8838 539 369 290 8299 4724 112 4612 3559 2992 230
is_linear=0
shrinkage=0.05


Tree=64
num_leaves=31
num_cat=0
split_feature=135 119 124 32 95 78 124 90 14 78 14 22 67 8 45 119 57 0 34 12 6 102 17 11 41 119 6 41 126 12
split_gain=522.624 165.674 93.9006 49.1661 47.525 21.1558 9.44957 8.93703 13.2951 13.3528 8.31155 7.9459 7.83219 7.02896 6.88735 9.9375 20.4954 24.4929 14.3528 13.3836 12.8314 13.5126 13.084 10.9471 12.0227 8.13457 12.2602 7.29623 8.35755 7.04238
threshold=1.0000000180025095e-35 0.71691182255744945 0.7918524742126466 1.0000000180025095e-35 0.63405364751815807 -0.81241148710250843 0.069991968572139754 0.67200416326522838 0.38935339450836187 -0.89687272906303395 0.51995083689689647 0.183482900261879 1.0000000180025095e-35 0.28745912015438085 0.033016044646501548 0.83802261948585521 0.8629894256591798 0.72488811612129223 0.83988130092620861 0.45282949507236486 0.79569438099861156 0.7712407410144807 0.5863475799560548 -0.1519704535603523 -0.16056246310472486 0.88930833339691173 0.90844395756721508 2.5129760503768925 1.1017719507217409 0.67420941591262828
decision_type=2 2 2 2 2 2 2 2 2 2 2 2 2 2 2 2 2 2 2 2 2 2 2 2 2 2 2 2 2 2
left_child=2 6 3 -1 14 7 -2 8 9 -5 -10 -6 -13 -9 -3 16 17 20 25 -18 -16 22 -22 24 29 26 -17 28 -25 -20
right_child=1 4 -4 5 11 -7 -8 13 10 -11 -12 12 -14 -15 15 18 19 -19 23 -21 21 -23 -24 27 -26 -27 -28 -29 -30 -31
leaf_value=-0.051124531069517302 0.012680262080773611 0.01559944998037413 -0.049243429391162233 0.18462935189340207 0.0032279529977891244 -0.0074926266201285237 0.050993385954636573 -0.030784633129803726 -0.046856151895636383 0.013115416552460082 0.065851715818739082 -0.086345179661719992 0.051049697490290917 0.058708439655869415 -0.099743272841866293 -0.05422596952558232 -0.074793295752572916 0.011274247927025973 -0.060573382489737197 0.040138419995389779 -0.093903802094320532 -0.06837065618536553 0.017443691917956729 0.0079529783549531132 -0.13774961423863971 -0.1108036576315341 0.024987861188151394 0.06539614378740953 -0.0092349567587927239 0.032431907912396619
leaf_weight=89.924779161810875 16.817476615309715 157.58778008259833 281.84235287457705 1.8492251075804231 10.56049340777099 600.16409576870501 373.96877097524703 174.88999508693814 7.576434947550295 2.9372209906578055 2.086127407848835 1.0506531633436669 81.285410968586802 2.2219547424465409 6.0520363710820666 14.21492312662304 2.639857990667223 177.71612007729709 4.3916009068489057 62.5632204990834 3.0706187896430555 10.023671913892029 18.738073736429214 200.45246805436909 2.7841765563935033 3.3431193716824046 7.4419650360941878 4.5896160826086989 109.28240852989256 3.7935890629887581
leaf_count=4183 239 1785 12460 20 194 6116 19675 4787 139 38 31 14 4099 39 41 100 25 1677 26 1269 20 50 198 1951 17 21 45 34 677 30
internal_value=9.87144e-05 0.0222457 -0.0241207 -0.0160895 0.0102333 -0.0121102 0.0493446 -0.0265772 0.0112338 0.0793792 -0.0225228 0.0440594 0.0492965 -0.0296619 0.00624903 0.00391419 0.0109219 0.00349331 -0.00170334 0.0354852 -0.0330072 -0.0203192 0.0017662 0.00110245 -0.0479973 -0.0382116 -0.0270057 0.00281594 0.00188863 -0.0174682
internal_weight=2435.86 1272.37 1163.49 881.65 881.582 791.725 390.786 191.561 14.449 4.78645 9.66256 92.8966 82.3361 177.112 788.685 631.097 280.804 215.601 350.294 65.2031 37.8844 31.8324 21.8087 325.294 10.9694 25 21.6569 314.324 309.735 8.18519
internal_count=60000 32187 27813 15353 12273 11170 19914 5054 228 58 170 4307 4113 4826 7966 6181 3280 1986 2901 1294 309 268 218 2735 73 166 145 2662 2628 56
is_linear=0
shrinkage=0.05


Tree=65
num_leaves=31
num_cat=0
split_feature=118 119 124 15 95 129 124 22 84 105 6 119 34 0 22 113 119 113 8 45 68 119 28 78 7 7 96 7 5 6
split_gain=486.193 155.09 88.1157 48.1314 44.7485 16.6808 12.2102 8.91155 11.7091 9.99443 13.4815 10.3144 10.0575 8.6451 8.33029 7.65314 7.45778 7.51266 8.32573 7.27836 8.45001 6.84395 8.76789 8.31448 10.2774 8.09916 6.6139 9.8402 15.1837 6.54836
threshold=1.0000000180025095e-35 0.71691182255744945 0.79575228691101085 1.0000000180025095e-35 0.60876142978668224 -0.91037610173225392 0.069991968572139754 0.12552670389413836 1.0000000180025095e-35 1.0000000180025095e-35 0.79659932851791393 0.78352016210556041 0.67778167128562938 0.55749168992042553 0.11795619875192644 2.0270020961761479 0.94907251000404369 1.9167740941047671 1.8271249532699587 0.34540821611881262 0.76885467767715465 0.76884824037551891 0.43412905931472784 -0.41248601675033564 0.41108641028404241 -0.26798729598522181 0.39644838869571691 -0.015554814599454401 0.1641829460859299 0.82767108082771312
decision_type=2 2 2 2 2 2 2 2 2 2 2 2 2 2 2 2 2 2 2 2 2 2 2 2 2 2 2 2 2 2
left_child=2 6 3 -1 7 -5 -2 29 15 21 -11 13 -13 -12 -6 16 17 -9 -19 -14 -21 -10 26 24 25 -24 27 -23 -29 -3
right_child=1 4 -4 5 14 -7 -8 8 9 10 11 12 19 -15 -16 -17 -18 18 -20 20 -22 22 23 -25 -26 -27 -28 28 -30 -31
leaf_value=-0.051068779291318173 0.0131681869190656 -0.012743446603136014 -0.048308758969769633 -0.035460439603300913 -0.10958057604755758 -0.0095891365540434932 0.050942809377109877 0.00083499405996331527 0.046410915842131362 -0.13096857202811221 -0.063728216504808408 -0.12562908766728326 0.025592603608984493 0.04722450153856747 0.044668404289586877 0.024565939734779847 -0.072994040067758933 -0.080360845383019908 0.014271804340007153 0.0098606457943644383 -0.081592830022233775 0.021271434809512439 -0.0026427213710679578 0.01186304149092505 0.041224947761241235 -0.11777017826150891 0.041792545268950376 -0.18750199207622542 0.051507218500988244 0.0039503327085741394
leaf_weight=86.266857223585248 22.761973606422544 80.537377081811428 267.08886004798114 68.050128484144807 0.88382820785045524 737.96480471454561 355.57625120505691 134.77754128910601 23.093225276097655 2.0840767491608849 2.0390102025121442 2.1474875714629915 7.6904020514339235 12.632544655352829 90.683306580409408 27.683897314593196 3.8235851749777785 6.1117259711027128 3.7505329996347427 4.7373812776058895 5.4104109164327383 63.995516549795866 2.5077763367444277 98.976941768079996 2.8575399108231068 3.9086490795016271 47.295849569141865 1.4328821972012513 1.2391275800764558 217.08747560530901
leaf_count=4213 280 392 12244 2474 4 8862 19660 769 806 15 25 19 155 300 4385 174 20 29 21 52 34 1572 29 1334 27 32 835 17 48 1173
internal_value=9.75925e-05 0.0220527 -0.0231141 -0.0155725 0.0101686 -0.0117734 0.0486702 0.0061694 0.0105451 0.0168617 -0.00745842 -3.12619e-05 -0.0234021 0.0318046 0.0431796 0.000430911 -0.00406954 -0.0022475 -0.0443729 -0.0110953 -0.0388988 0.0205042 0.0178119 0.00762137 -0.0376482 -0.0727741 0.0274917 0.0173463 -0.076663 -0.000567009
internal_weight=2385.1 1225.73 1159.37 892.282 847.388 806.015 378.338 755.821 458.196 282.049 36.7413 34.6572 19.9857 14.6716 91.5671 176.147 148.463 144.64 9.86226 17.8382 10.1478 245.308 222.214 108.251 9.27397 6.41643 113.963 66.6675 2.67201 297.625
internal_count=60000 32207 27793 15549 12267 11336 19940 7878 6313 5300 600 585 260 325 4389 1013 839 819 50 241 86 4700 3894 1422 88 61 2472 1637 65 1565
is_linear=0
shrinkage=0.05


Tree=66
num_leaves=31
num_cat=0
split_feature=118 119 124 15 95 112 124 70 79 119 6 59 74 119 5 0 68 29 107 120 5 25 6 29 8 119 67 29 127 93
split_gain=448.806 151.495 86.8741 46.7537 42.8372 19.0216 12.414 8.91493 10.9599 12.3491 19.3409 10.0336 9.34625 19.547 9.85651 9.66873 10.9743 9.17307 8.5072 6.64608 30.5336 8.23885 6.39599 8.61025 6.36144 6.09623 6.01679 5.8275 9.88957 11.1574
threshold=1.0000000180025095e-35 0.71691182255744945 0.81093937158584606 1.0000000180025095e-35 0.60876142978668224 -0.89687272906303395 0.069991968572139754 1.0000000180025095e-35 0.28023707866668707 0.86787667870521557 0.90576907992362987 -0.90080589056015004 0.83791020512580883 0.79188296198844921 0.14532425999641421 0.6781044900417329 0.76549196243286144 0.53074052929878246 0.13114799559116366 1.0000000180025095e-35 0.17562834173440936 -0.34114272892475123 0.78167855739593517 0.78930434584617626 0.28745912015438085 0.68742546439170849 1.0000000180025095e-35 0.58777821063995372 -1.1215983033180235 -0.89935997128486622
decision_type=2 2 2 2 2 2 2 2 2 2 2 2 2 2 2 2 2 2 2 2 2 2 2 2 2 2 2 2 2 2
left_child=2 6 3 -1 7 24 22 8 11 10 12 -3 14 17 -10 -15 -17 -14 -6 21 27 -9 23 -2 -5 -7 -20 28 -21 -30
right_child=1 4 -4 5 18 25 -8 19 9 -11 -12 -13 13 15 -16 16 -18 -19 26 20 -22 -23 -24 -25 -26 -27 -28 -29 29 -31
leaf_value=-0.051016446666975468 -0.044376408041899303 -0.02015199662833865 -0.049629320215805274 -0.033561548051111438 0.00024900697972644675 0.063677238720307908 0.050895994130038917 -0.037774529962269321 -0.0298938679934624 -0.063202440932628029 0.045623955134745355 0.047645065213111827 -0.081511230537829979 -0.074621702629106265 -0.11879719441320045 0.051451735208075902 -0.032524882304204576 0.043118472595809948 -0.057867464431422225 0.081607223480280155 0.045445424145070676 0.0043779215241414818 0.038751001879839132 0.050420411815018308 0.14272734503417525 -0.0092731539961018791 0.050323009390421308 0.010585541381525655 -0.039812631100251579 0.0028385916992336815
leaf_weight=83.593908263370395 7.5935305915772933 8.3991989810019749 233.12341284751892 95.938160208985209 10.357138035818933 2.8752464726567259 338.537841103971 12.120446119457482 19.10883525386453 11.207632604986427 14.346622718498109 15.580491401255129 1.6073453966528202 8.935053816065194 3.7254663668572894 5.0847464054822948 16.563772412016988 18.126584488898516 1.3071206882596005 3.1506823990494004 59.753765221685171 265.90878032892942 11.492644004523752 3.499130018055439 0.51447937823831935 720.67844116687775 76.175401592627168 210.21885561943054 21.06140935793519 56.38016015291214
leaf_count=4284 47 116 11307 3645 194 24 19660 108 105 75 167 257 11 49 32 32 98 245 16 26 2689 1742 206 27 17 8516 4179 1576 158 392
internal_value=9.95137e-05 0.0214234 -0.0224159 -0.015395 0.00977004 -0.0117637 0.0485015 0.00590714 -0.00642153 -0.0137874 -0.00745788 0.0238983 -0.0178684 -0.0058288 -0.0443986 -0.0308618 -0.0128007 0.0329673 0.0428088 0.00831339 0.0128919 0.00254032 0.0126102 -0.0144732 -0.0326212 -0.00898326 0.0484978 0.0062031 -0.00522819 -0.00876106
internal_weight=2336.97 1200.24 1136.72 903.6 839.12 820.006 361.123 751.28 122.686 98.7061 87.4984 23.9797 73.1518 50.3175 22.8343 30.5836 21.6485 19.7339 87.8397 628.594 350.565 278.029 22.5853 11.0927 96.4526 723.554 77.4825 290.811 80.5923 77.4416
internal_count=60000 32207 27793 16486 12267 12202 19940 7878 1187 814 739 373 572 435 137 179 130 256 4389 6691 4841 1850 280 74 3662 8540 4195 2152 576 550
is_linear=0
shrinkage=0.05


Tree=67
num_leaves=31
num_cat=0
split_feature=101 73 128 120 0 120 120 120 9 10 119 57 17 6 119 12 119 119 17 13 62 12 119 119 6 51 5 39 6 75
split_gain=406.523 142.755 108.675 86.9023 26.3496 23.4901 12.6391 11.4808 10.9194 9.77251 9.52306 24.7255 21.7221 13.8774 12.7596 8.58022 14.3319 7.61427 12.3088 9.4756 8.81434 7.75848 13.9403 7.31801 18.0082 16.131 7.21069 7.14847 8.76379 11.7117
threshold=1.0000000180025095e-35 0.12805059552192691 -0.44228866696357721 1.0000000180025095e-35 0.72953033447265636 1.0000000180025095e-35 1.0000000180025095e-35 1.0000000180025095e-35 -0.99785891175270069 -0.97335556149482716 0.8213065266609193 0.85712164640426647 0.82897409796714794 0.93044868111610424 0.88836318254470836 0.71469494700431835 0.7797503173351289 0.6919899880886079 0.72136884927749645 0.76363638043403637 1.0387094616889956 0.75309807062149059 0.74709975719451915 0.84607958793640148 0.8863273859024049 0.76540353894233715 0.07900636270642282 0.17939504981040957 0.7721061408519746 -0.44597205519676203
decision_type=2 2 2 2 2 2 2 2 2 2 2 2 2 2 2 2 2 2 2 2 2 2 2 2 2 2 2 2 2 2
left_child=2 7 4 -3 -1 9 8 -2 -6 -4 11 17 13 23 -15 16 -13 -9 19 -19 -20 -21 -23 24 -12 -26 -7 28 29 -5
right_child=1 3 5 27 6 26 -8 10 -10 -11 12 15 -14 14 -16 -17 -18 18 20 21 -22 22 -24 -25 25 -27 -28 -29 -30 -31
leaf_value=-0.052699863922463931 -0.053935411940221417 0.0061809791777820951 -0.025705368245003385 -0.24321154016928526 0.036408399608155013 -0.044108498744278371 0.083295887568152802 0.032534437391139058 -0.0087892183908841789 -0.049858133314726612 -0.045550995929892278 0.050288303889051957 0.0049567229134344394 0.085584978234457806 -0.03644136222106658 0.054235881004756639 -0.019863165289261353 0.00073383047869610206 0.016010363898288964 -0.062725297799731433 -0.0549105960479555 0.02773922163285061 -0.051526362358499771 -0.053959262208573146 -0.020285473317234605 0.091355807834417199 -0.002501862629257951 0.050514127026359358 0.033790829388413261 0.013270497273112251
leaf_weight=33.660080127418041 9.0568072497844678 164.2698537632823 48.640322895720601 0.67464185506105412 13.627176916226743 13.580517722293733 3.8188378084450951 16.317264849320054 689.48370891064405 301.35416348278522 24.428110219538212 15.462855082005264 212.08133550733328 4.9456125870347005 3.7792956531047821 33.86892120167613 13.759140990674494 35.290612755343318 66.315908232703805 15.325488300994037 4.6909788213670245 9.9159450363367814 12.58869883418083 27.625587176531553 7.6694745235145074 5.5966909788548946 44.651968451216817 417.64851447753608 38.524954218417406 1.3080781288444985
leaf_count=1715 153 1314 1891 22 88 524 88 414 7969 14906 160 284 1430 36 24 375 80 252 461 98 28 91 75 193 49 37 616 24960 1609 58
internal_value=0.00010034 0.0212378 -0.020896 0.0373821 -0.00947848 -0.0416092 -0.00742052 0.0018659 -0.00791323 -0.0465015 0.0028575 0.01059 -0.00318354 -0.0264991 0.0327278 0.0371085 0.0172576 0.000162315 -0.00350266 -0.0179017 0.0113251 -0.0352863 -0.0166005 -0.0344102 -0.020083 0.0268134 -0.012205 0.0485691 0.0285148 -0.0740003
internal_weight=2289.96 1141.14 1148.82 622.426 740.59 408.227 706.93 518.719 703.111 349.994 509.662 223.536 286.126 74.0448 8.72491 63.0909 29.222 160.445 144.128 73.1207 71.0069 37.8301 22.5046 65.3199 37.6943 13.2662 58.2325 458.156 40.5077 1.98272
internal_count=60000 32203 27797 27963 9860 17937 8145 4240 8057 16797 4087 2158 1929 499 60 739 364 1419 1005 516 489 264 166 439 246 86 1140 26649 1689 80
is_linear=0
shrinkage=0.05


Tree=68
num_leaves=31
num_cat=0
split_feature=135 119 107 15 61 78 5 73 107 90 14 78 14 93 76 76 13 119 91 51 104 130 125 102 13 6 22 42 93 9
split_gain=386.148 149.305 80.6297 43.4732 39.7666 17.381 14.7751 9.7966 8.71279 8.11986 10.9954 10.1321 7.75052 6.89158 11.2657 13.1964 12.5463 6.79693 20.1169 15.2638 12.7182 10.918 10.802 13.8473 13.6742 9.92747 8.9504 8.81405 12.7773 7.96735
threshold=1.0000000180025095e-35 0.71691182255744945 0.80366715788841259 1.0000000180025095e-35 0.7294733226299287 -0.81241148710250843 0.07900636270642282 0.10154888033866884 0.13114799559116366 0.67200416326522838 0.38935339450836187 -0.89687272906303395 0.51995083689689647 0.20267079770565036 0.12677972018718722 0.067424595355987563 0.76363638043403637 0.85489189624786388 0.87601590156555187 0.84570732712745678 1.0000000180025095e-35 0.28634549677371984 0.79579704999923717 0.78527224063873302 0.76363638043403637 0.8571683168411256 0.10605650022625925 -0.1224059723317623 -0.13497334718704221 0.79335334897041332
decision_type=2 2 2 2 2 2 2 2 2 2 2 2 2 2 2 2 2 2 2 2 2 2 2 2 2 2 2 2 2 2
left_child=2 7 3 -1 17 9 -7 -2 -6 10 11 -5 -12 -11 15 -15 -17 18 20 29 21 -3 -23 24 -24 -26 -21 -28 -29 -19
right_child=1 4 -4 5 8 6 -8 -9 -10 13 12 -13 -14 14 -16 16 -18 19 -20 26 -22 22 23 -25 25 -27 27 28 -30 -31
leaf_value=-0.050919906397528795 0.010857286229580052 0.043329631527452478 -0.048499011046887627 0.15442769344790641 0.00084794131044641776 -0.046873167025734574 -0.0054260305571665621 0.050812263086965542 0.050902356908582913 -0.030130435329276735 -0.046149692089945925 0.011448716593297537 0.062084592886906501 -0.026278485229704215 -0.051982481151035133 0.031524952818294767 0.25785606704817565 0.0029094155770092384 0.035844651127138256 -0.055457447545840088 0.009009063769542195 -0.096366841221726632 0.035213806285017614 -0.070902028191107067 -0.060594344513132198 0.043293401799527537 0.013076569487584837 -0.081173665080486693 -0.001102165364540072 -0.078249724439148904
leaf_weight=75.119100548326969 16.14692261070013 6.1221627555787554 220.9776364248246 2.1002468466758728 10.073641419410704 22.33888010121882 574.00048354640603 307.64371880609542 63.472745737060905 157.32383857853711 7.1573320515453798 3.0218558069318524 2.1511367112398148 1.9570076391100872 3.2663790248334408 1.1914418488740923 1.2596742082387207 4.5255697965621939 63.496693067252636 6.5140069983899584 303.00750322639942 5.0970478337258092 13.466696172952654 9.3409115821123105 9.9975784979760629 2.9865314308553925 144.63491148129106 5.1154073365032664 191.36813592538238 9.1138450186699611
leaf_count=4238 243 103 11756 22 193 937 5752 19671 3867 4667 144 44 31 64 100 31 27 74 1363 28 3115 30 167 58 67 42 1914 37 1163 52
internal_value=0.000100408 0.0199348 -0.0215893 -0.0146008 0.00891009 -0.0110839 -0.00697864 0.0488198 0.0440464 -0.0247279 0.0112384 0.0700753 -0.0211373 -0.0278735 0.0183925 0.0705397 0.147841 0.00557479 0.00995209 0.000564488 0.00525493 -0.0189422 -0.028266 -0.0185679 -8.64238e-05 -0.0366987 0.00260022 0.0037089 -0.00318681 -0.0513211
internal_weight=2243.99 1172.12 1071.87 850.887 848.333 775.768 596.339 323.791 73.5464 179.429 14.4306 5.1221 9.30847 164.998 7.6745 4.40812 2.45112 774.787 413.515 361.272 350.018 47.0109 40.8888 35.7917 26.4508 12.9841 347.632 341.118 196.484 13.6394
internal_count=60000 32187 27813 16057 12273 11819 6689 19914 4060 5130 241 66 175 4889 222 122 58 8213 4945 3268 3582 467 364 334 276 109 3142 3114 1200 126
is_linear=0
shrinkage=0.05


Tree=69
num_leaves=31
num_cat=0
split_feature=135 119 124 15 61 5 124 26 107 11 45 119 57 0 12 34 28 6 119 17 90 119 6 25 25 96 58 79 56 12
split_gain=356.075 145.567 86.3945 43.1433 38.0641 17.5584 9.97897 9.76835 8.64773 6.8849 7.06856 9.22165 16.9269 18.908 12.1416 11.1959 10.5824 9.81872 11.9188 9.55967 6.66679 6.53939 10.2531 6.40734 11.5126 16.3903 6.21348 7.68313 6.26282 10.1052
threshold=1.0000000180025095e-35 0.71691182255744945 0.7918524742126466 1.0000000180025095e-35 0.7294733226299287 0.72736558318138134 0.069991968572139754 0.13052625954151156 0.13114799559116366 2.6062024831771855 0.033016044646501548 0.83802261948585521 0.8629894256591798 0.72488811612129223 0.45282949507236486 0.83988130092620861 -0.13263033330440518 0.79569438099861156 0.77130869030952465 0.5863475799560548 0.039450615644454963 0.88930833339691173 0.90844395756721508 1.9728344678878786 1.926421642303467 1.96511447429657 -0.45207086205482477 0.1342674791812897 0.6548278033733369 0.98562908172607433
decision_type=2 2 2 2 2 2 2 2 2 2 2 2 2 2 2 2 2 2 2 2 2 2 2 2 2 2 2 2 2 2
left_child=2 6 3 -1 9 20 -2 -7 -6 10 -3 12 13 17 -14 21 -17 -12 19 -19 -5 22 -13 24 -22 -26 27 -18 -28 -30
right_child=1 4 -4 5 8 7 -8 -9 -10 -11 11 15 14 -15 -16 16 26 18 -20 -21 23 -23 -24 -25 25 -27 28 -29 29 -31
leaf_value=-0.050873785835445197 0.010153516996889891 0.014524374731442635 -0.048487351845630189 -0.02140279626589971 0.00080605910602492043 -0.016515704801033725 0.050772169756351918 -0.045240098579935432 0.050858392552790788 0.058853272385150771 -0.087400811955902935 -0.050855619719675782 -0.071840141736641772 0.0097490050618255809 0.037879514112169423 -0.094116269345558418 -0.049331527351163425 -0.072030760010811698 -0.048546590761349137 0.031381685584350359 -0.0022714011625906854 -0.10241500437163736 0.023020483422318883 -0.039689581740182528 0.11956154826256371 -0.038324193992782724 0.0025689843563456612 0.03930104208658608 -0.020139127484675789 0.054149180949061383
leaf_weight=70.554989030584693 15.943720953539012 152.92944151349366 223.95963862352073 50.384320018813014 10.067361287772654 243.66855279542506 292.95739569235593 33.690038213506341 60.428019214421511 5.9610664034262291 6.1170588396489611 13.747337335720664 2.6387276370078316 172.57823085226119 56.726415634155273 2.9872545339167109 2.8375152144581106 2.7120462320745018 15.873279489576815 12.699456788599489 410.64167079143226 3.196145821362733 7.1338265761733046 11.088343970477579 4.5064865052700034 2.587615467607975 227.11806927993894 17.678725654259324 62.962186887860298 4.9365664999932042
leaf_count=4183 239 1785 12460 1043 193 4900 19675 1505 3867 118 42 99 25 1724 1337 21 31 18 86 171 3562 21 45 98 39 23 2051 269 346 24
internal_value=9.74597e-05 0.0193207 -0.0209391 -0.0134798 0.00854272 -0.00999258 0.0486757 -0.0200048 0.0437105 0.0053265 0.00490934 0.00250647 0.00942886 0.00276415 0.0330026 -0.00293582 -0.000450727 -0.0294651 -0.0181371 0.0131836 -0.00419766 -0.0358112 -0.0256166 -0.00217616 -0.00118041 0.0619718 0.000436036 0.0270426 -0.00141426 -0.014738
internal_weight=2201.31 1150.23 1051.08 827.122 841.329 756.567 308.901 277.359 70.4954 770.833 764.872 611.943 269.345 209.98 59.3651 342.598 318.52 37.4018 31.2848 15.4115 479.208 24.0773 20.8812 428.824 417.736 7.0941 315.533 20.5162 295.017 67.8988
internal_count=60000 32187 27813 15353 12273 11170 19914 6405 4060 8213 8095 6310 3403 2041 1362 2907 2742 317 275 189 4765 165 144 3722 3624 62 2721 300 2421 370
is_linear=0
shrinkage=0.05


Tree=70
num_leaves=31
num_cat=0
split_feature=118 119 107 15 61 126 73 8 12 107 126 0 109 73 12 56 120 39 14 12 53 6 119 6 11 135 12 127 110 122
split_gain=328.915 136.461 74.2932 41.6514 37.9215 12.2377 10.7895 9.07 16.204 8.88356 8.08465 14.1093 14.4822 9.8839 11.0865 8.00949 18.4176 18.546 7.32678 7.24285 7.11925 14.5687 10.6563 8.62523 7.98236 6.97212 6.57225 9.14263 9.16946 6.74579
threshold=1.0000000180025095e-35 0.70055276155471813 0.80719247460365307 1.0000000180025095e-35 0.7294733226299287 -0.03622844256460666 0.038906782865524299 0.28745912015438085 0.67420941591262828 0.13114799559116366 0.044335635378956802 0.85278040170669567 -0.079391114413738237 0.71876701712608349 0.69050297141075145 0.1095455400645733 1.0000000180025095e-35 0.17939504981040957 0.36515890061855322 0.70107209682464611 1.0000000180025095e-35 0.81335249543190014 0.79188296198844921 0.90426123142242443 0.089198496192693724 1.0000000180025095e-35 0.59084084630012523 -1.1465256810188291 -0.95125854015350331 1.0000000180025095e-35
decision_type=2 2 2 2 2 2 2 2 2 2 2 2 2 2 2 2 2 2 2 2 2 2 2 2 2 2 2 2 2 2
left_child=2 -2 3 -1 15 7 -7 -5 -9 -6 11 -8 13 -13 -15 26 -17 18 -18 -14 21 -20 -23 24 -24 -4 27 -3 -29 -30
right_child=1 4 25 5 9 6 10 8 -10 -11 -12 12 19 14 -16 16 17 -19 20 -21 -22 22 23 -25 -26 -27 -28 28 29 -31
leaf_value=-0.050831228246010544 0.049216340309148177 0.073164206561071463 -0.048601434225693504 -0.019271478993653293 0.0010990313954994191 -0.047927364595167665 -0.010937428725503131 -0.053983037019105243 0.17615118036785213 0.050810400396290346 -0.0056386378531423104 -0.020654409755738633 0.19754108656157313 0.21810914757542826 -0.0067446248593804785 0.0023397120042455144 0.035169944925363517 0.048095093873597838 -0.10872210228805411 0.066919595644129595 0.013321862814311981 0.046265267138546583 0.014397825211573546 0.024098140668631973 -0.10588998646975729 0.020225322807389097 0.0037728604393401375 -0.052186036857381282 0.00012892034718398578 -0.040652948982257617
leaf_weight=68.611403534188867 281.04238903429359 2.9925862811505786 196.55240011774004 287.0126898996532 10.524911836721001 14.490112520754336 13.270868703722956 1.453112576156854 1.6149899922311304 61.50453102402389 455.16670265607536 4.677140973508358 2.3139456883072835 1.1192717626690867 1.0744139682501552 275.52652758546174 24.55520745087415 52.396943256258965 3.8532413877546814 1.960333628579974 54.762758605182171 7.0380172934383181 1.9902988355606774 4.0434816479682922 4.4919600952416658 3.7497056350111952 244.11129917390645 14.240331519395111 51.81989536806941 12.606919521465896
leaf_count=4269 19125 17 11521 6591 209 612 165 25 23 4151 4417 54 28 23 21 1850 558 2930 29 28 1200 210 30 56 35 16 1374 73 275 85
internal_value=9.59258e-05 0.0191191 -0.0199106 -0.0134742 0.00888438 -0.0102055 -0.00541941 -0.0183574 0.0671552 0.0435466 -0.00413508 0.0238945 0.0653702 0.0204158 0.107981 0.00557499 0.0100662 0.0239683 0.0114188 0.137634 0.00376305 -0.0206786 -0.00136312 -0.0332098 -0.0689571 -0.047313 -0.000334671 -0.0126136 -0.0158767 -0.0078512
internal_weight=2160.57 1107.5 1053.07 852.765 826.459 784.154 494.073 290.081 3.0681 72.0294 479.583 24.416 11.1451 6.87083 2.19369 754.429 428.658 153.132 100.735 4.27428 76.1798 21.417 17.5638 10.5257 6.48226 200.302 325.771 81.6597 78.6671 64.4268
internal_count=60000 32207 27793 16256 13082 11987 5348 6639 48 4360 4736 319 154 98 44 8722 6898 5048 2118 56 1560 360 331 121 65 11537 1824 450 433 360
is_linear=0
shrinkage=0.05


Tree=71
num_leaves=31
num_cat=0
split_feature=135 119 124 15 78 39 124 43 39 109 39 45 119 40 0 23 0 79 12 28 39 25 8 8 45 23 119 15 5 58
split_gain=303.934 137.564 82.8558 40.6711 34.8305 16.2044 10.4535 9.35204 7.35352 6.9595 6.72001 6.27629 8.17889 21.3371 19.8554 13.7955 13.0309 11.0142 10.158 9.49574 9.23131 6.84039 6.72984 12.0308 6.49033 6.37806 9.9887 6.22285 6.12886 6.1089
threshold=1.0000000180025095e-35 0.71691182255744945 0.7918524742126466 1.0000000180025095e-35 0.75183969736099254 0.71074548363685619 0.069991968572139754 1.0000000180025095e-35 0.15554314851760867 1.7275778055191042 0.84288150072097789 0.033016044646501548 0.81879276037216198 0.85712382197380077 0.69589367508888256 0.79899954795837413 0.81951323151588451 0.096872527152299895 0.45282949507236486 -0.13263033330440518 0.58677840232849132 0.1765188351273537 1.8697830438613894 1.8198089599609377 0.23134960234165194 0.90978688001632702 0.87229958176612865 0.75000000000000011 0.07900636270642282 -0.45207086205482477
decision_type=2 2 2 2 2 2 2 2 2 2 2 2 2 2 2 2 2 2 2 2 2 2 2 2 2 2 2 2 2 2
left_child=2 6 3 -1 11 28 -2 9 -6 -7 -9 -3 13 14 -13 17 25 -16 -15 -18 -17 -22 23 24 -19 27 -27 -14 -5 -21
right_child=1 4 -4 5 8 7 -8 10 -10 -11 -12 12 16 18 15 20 19 22 -20 29 21 -23 -24 -25 -26 26 -28 -29 -30 -31
leaf_value=-0.050789286054743157 0.0084630180965980101 0.014112250293548423 -0.048164735266675099 -0.041884470519941062 -0.015282235186881786 -0.016591661125446321 0.050699196987574816 -0.047895439248130424 0.050794761102112188 0.081415827555709544 0.1262496778589853 -0.035588487716118049 0.026207373525697738 -0.065492854529202713 -0.1269506075747858 0.050663802588678059 -0.085464586324496328 0.035333884135226201 0.044138380740485428 0.026436622321856243 0.036773991265997327 -0.012132502683270251 0.040217863191719952 -0.10935015729072986 -0.01052720473997935 0.033628393863964066 -0.065600186127024382 -0.056469056846678779 -0.0030363484660627447 0.00051960621191508741
leaf_weight=63.944274790585041 15.503897190093992 154.8391297115013 204.22683145757765 10.373815277591346 4.575919594615697 224.65372018888593 265.92548937909305 31.137031005695466 52.726659760810435 1.8260602429509152 0.56400577537715335 28.837073524482548 2.5775369815528419 2.2099514137953511 1.7963539175689209 26.054600416682661 3.1159088667482129 9.3743336964398605 48.116040399298072 24.291846320964396 12.886234575882556 16.060686272569001 8.4290844229981285 2.7673243507742873 43.575332186184824 7.3721834421157819 3.866185812279582 19.452922113239765 476.22718765586615 355.22741050086915
leaf_count=4183 239 1958 12460 366 61 4708 19675 1476 3679 21 28 218 40 22 31 424 22 113 1373 394 114 169 63 17 362 58 23 132 4571 3000
internal_value=9.41354e-05 0.018172 -0.0197083 -0.0125222 0.00790907 -0.00923669 0.0483724 -0.0193617 0.0455182 -0.0158014 -0.0447972 0.00511333 0.00285138 0.0111573 0.00169333 0.0105826 -0.00114491 -0.00483984 0.0393242 0.00146477 0.0290728 0.00963909 -0.00142023 -0.00771941 -0.00240785 -0.0311597 -0.000507887 -0.046796 -0.00386455 0.00217847
internal_weight=2122.54 1109.58 1012.95 808.726 828.153 744.782 281.429 258.181 57.3026 226.48 31.701 770.85 616.011 200.107 149.781 120.944 415.904 65.9424 50.326 382.635 55.0015 28.9469 64.1461 55.717 52.9497 33.2688 11.2384 22.0305 486.601 379.519
internal_count=60000 32187 27813 15353 12273 11170 19914 6233 3740 4729 1504 8533 6575 2906 1511 1293 3669 586 1395 3416 707 283 555 492 475 253 81 172 4937 3394
is_linear=0
shrinkage=0.05


Tree=72
num_leaves=31
num_cat=0
split_feature=135 119 124 15 78 78 124 22 0 39 110 110 14 112 56 120 93 95 110 23 93 76 126 8 12 12 76 42 23 12
split_gain=279.845 133.714 81.0675 39.497 33.3584 15.2085 10.5409 7.88255 13.2378 7.1826 6.51405 6.67897 6.34854 6.17793 7.2659 7.69517 8.70492 9.73985 7.1535 6.86463 11.5863 6.07899 9.58395 5.87154 5.78126 7.87689 6.90577 6.63051 6.17393 5.97373
threshold=1.0000000180025095e-35 0.71691182255744945 0.7918524742126466 1.0000000180025095e-35 0.75183969736099254 -0.81241148710250843 0.069991968572139754 0.69640940427780162 0.86765101552009594 0.15554314851760867 2.00095546245575 1.9483364224433901 0.52532190084457409 0.16280832886695865 0.12063619494438173 1.0000000180025095e-35 1.5588033795356753 0.44228871166706091 1.6152882575988772 0.76502352952957164 -0.87554252147674549 1.9436787366867068 1.649580776691437 0.28745912015438085 0.70107209682464611 0.67726421356201183 -0.74654361605644215 -0.77534127235412587 0.82426607608795177 0.83773252367973339
decision_type=2 2 2 2 2 2 2 2 2 2 2 2 2 2 2 2 2 2 2 2 2 2 2 2 2 2 2 2 2 2
left_child=2 6 3 -1 10 7 -2 8 -5 -6 11 13 21 -3 24 16 17 -16 -18 20 -17 -13 -23 -9 25 26 27 -15 29 -26
right_child=1 4 -4 5 9 -7 -8 23 -10 -11 -12 12 -14 14 15 19 18 -19 -20 -21 -22 22 -24 -25 28 -27 -28 -29 -30 -31
leaf_value=-0.050750202263427205 0.0080846705550234634 0.0022813216250982438 -0.047996020850015808 -0.022322200890580148 -0.014359011658510357 -0.0050046752418998215 0.050664644396947622 -0.02571009666115457 0.12044981965951962 0.050756091085226843 0.029342346201171828 0.0053448804912645843 -0.096997396332906383 -0.0048766430225546456 -0.0035298165992686038 -0.21423339388783469 0.065417498159147339 -0.12739262409546989 0.0067588182920180588 0.035847835732434045 0.051244199009669471 -0.077258309662711952 0.031486028728471678 0.054739407175717895 0.010909288041875152 -0.082372297801744182 0.041564193597584558 -0.073642138120729547 0.024405149792468696 -0.070849346470255578
leaf_weight=60.87133970297873 15.420171461999415 532.52572377119213 194.9324165713042 4.4614897221326819 4.6253126189112654 574.15791481360793 253.12430611625314 155.56945981271565 2.5523897726088762 50.192400076426566 26.298492043279111 17.246122239157565 2.4176047444343558 15.911432152614003 4.7967678457498542 0.74185748118907213 6.0463356114923945 2.3719308115541935 37.021808747202158 58.575041752308607 0.9214945314452041 6.6866336548700911 2.9070153227075934 2.3015676625072947 5.4690350443124753 3.908239357173442 5.8574745543301097 4.4959820732474354 29.128645751625299 3.777240801602602
leaf_count=4183 239 4337 12460 69 61 6116 19675 4908 38 3679 250 163 23 104 37 21 47 24 259 2754 46 55 25 39 34 23 47 30 234 20
internal_value=9.36861e-05 0.0175887 -0.0190829 -0.012037 0.00758077 -0.0088484 0.0482196 -0.0222329 0.0296333 0.0452619 0.00488806 0.00401993 -0.0193931 0.00498263 0.013018 0.0209526 0.00650243 -0.0445127 0.0149939 0.0330035 -0.0671592 -0.0124028 -0.0443072 -0.0245372 0.000230198 -0.0161454 -0.00629079 -0.0200265 0.0131059 -0.0224903
internal_weight=2085.31 1090.47 994.847 799.914 821.923 739.043 268.544 164.885 7.01388 54.8177 767.105 740.806 29.2574 711.549 179.023 110.475 50.2368 7.1687 43.0681 60.2384 1.66335 26.8398 9.59365 157.871 68.548 30.1731 26.2649 20.4074 38.3749 9.24628
internal_count=60000 32187 27813 15353 12273 11170 19914 5054 107 3740 8533 8283 266 8017 3680 3188 367 61 306 2821 67 243 80 4947 492 204 181 134 288 54
is_linear=0
shrinkage=0.05


Tree=73
num_leaves=31
num_cat=0
split_feature=118 119 124 15 95 129 22 23 110 56 120 39 48 12 127 110 127 122 42 67 93 45 126 42 8 85 111 70 13 126
split_gain=259.873 125.304 76.4422 38.4988 34.6257 16.366 7.65285 6.59649 17.7231 6.4771 15.0787 16.653 6.86742 6.30578 6.38167 7.4278 7.13746 6.39997 5.91327 5.56296 5.47314 5.7345 7.04385 7.52858 6.61433 7.14789 6.09122 5.44122 8.8975 6.32082
threshold=1.0000000180025095e-35 0.6919899880886079 0.8188765048980714 1.0000000180025095e-35 0.60876142978668224 -0.89687272906303395 0.183482900261879 0.76032203435897838 -0.21564230322837827 0.1095455400645733 1.0000000180025095e-35 0.17939504981040957 0.36515890061855322 0.59084084630012523 -1.1465256810188291 -0.95125854015350331 -0.94406455755233754 1.0000000180025095e-35 -0.4785188734531402 1.0000000180025095e-35 -0.89935997128486622 0.051554482430219657 0.29394651949405676 -0.73987630009651173 -0.72596663236618031 0.788649082183838 0.95642799139022838 1.0000000180025095e-35 0.76363638043403637 0.31007976830005651
decision_type=2 2 2 2 2 2 2 2 2 2 2 2 2 2 2 2 2 2 2 2 2 2 2 2 2 2 2 2 2 2
left_child=2 -2 3 -1 9 7 -6 8 -5 13 -11 12 -12 14 -3 16 -16 20 -9 -8 -17 -22 24 -24 25 -23 -27 28 -14 -29
right_child=1 4 -4 5 6 -7 19 18 -10 10 11 -13 27 -15 15 17 -18 -19 -20 -21 21 22 23 -25 -26 26 -28 29 -30 -31
leaf_value=-0.050714565052525917 0.049607748522228247 0.056935906115756912 -0.049734016888981047 0.29887345818187877 0.0017480322961234238 -0.0068090742462468545 -0.051951949235413179 0.12807848896724305 -0.050997833512577945 0.0021791254058552176 0.034227466646171913 0.047531998876662755 0.0062073509775142192 0.0037250536568024604 -0.020902654479489073 -0.048123150717898758 -0.093659567066088953 -0.038880066782571089 -0.035301139097825784 0.049894044374644571 0.055210909360654065 -0.06680123297030037 -0.011088943399790536 0.051051533972384613 -0.052308132757593329 -0.015402788410253269 0.063891334396701568 0.0013224412231102722 -0.060217041255502472 0.039984691628190676
leaf_weight=59.942745790816844 235.19192012120038 3.2045476511120787 160.80379178375006 0.54926750529557455 10.615615459159015 706.60780158080161 1.3708222955465306 0.55821596831083198 1.0614392077550281 271.48649006336927 23.646499845199287 44.725818796083331 14.043089560233058 245.28940549679101 9.3016346320509893 5.2733805794268838 5.2866438478231421 13.183628376573322 70.393053949810565 61.18379286210984 5.1810655891895285 2.8029046319425062 9.3826360292732733 10.143872462213038 9.2231086939573341 4.8910156339406949 4.7976193204522133 38.303771742619574 7.8648840934038153 14.601453990675507
leaf_count=4319 18691 18 10838 17 221 9077 16 28 57 1811 576 2725 279 1403 49 31 25 92 3457 4700 28 16 49 54 47 27 24 877 128 320
internal_value=9.35084e-05 0.0174539 -0.0181537 -0.0121018 0.00818408 -0.00913122 0.0410009 -0.0317443 0.0683119 0.0049507 0.00910341 0.0222322 0.0107396 -0.000299967 -0.0122423 -0.0150319 -0.047269 -0.00778329 -0.0340157 0.0476622 0.000147137 0.00563045 -0.00059827 0.0211926 -0.0201933 0.00351866 0.0238621 0.00331572 -0.0176388 0.0119929
internal_weight=2050.91 1051 999.916 839.113 815.804 779.17 73.1702 72.562 1.61071 742.633 414.672 143.186 98.4597 327.961 82.6721 79.4675 14.5883 64.8792 70.9513 62.5546 51.6956 46.4222 41.2412 19.5265 21.7146 12.4915 9.68863 74.8132 21.908 52.9052
internal_count=60000 32207 27793 16955 13516 12636 4937 3559 74 8579 6716 4905 2180 1863 460 442 74 368 3485 4716 276 245 217 103 114 67 51 1604 407 1197
is_linear=0
shrinkage=0.05


Tree=74
num_leaves=31
num_cat=0
split_feature=118 119 124 15 95 112 22 56 103 39 48 53 6 119 6 79 12 121 127 93 127 23 110 73 102 12 22 6 119 17
split_gain=238.894 121.874 74.8105 37.3937 33.0161 14.6628 7.56627 5.92512 11.4786 15.5372 5.94442 5.82276 11.6089 10.2938 7.29794 7.40803 5.68845 5.89031 5.72055 6.83119 6.98626 5.59552 12.3666 5.51351 5.4956 6.71148 6.45102 5.402 9.26964 6.75142
threshold=1.0000000180025095e-35 0.6919899880886079 0.8188765048980714 1.0000000180025095e-35 0.60876142978668224 -0.92387953400611866 0.183482900261879 0.1095455400645733 1.0000000180025095e-35 0.17939504981040957 0.36515890061855322 1.0000000180025095e-35 0.81335249543190014 0.79188296198844921 0.90426123142242443 0.22520633041858676 0.59084084630012523 1.0000000180025095e-35 -1.1465256810188291 -0.89935997128486622 -0.94406455755233754 0.75768598914146434 -0.15197429060935971 0.050931710749864585 0.7080698311328889 0.54782027006149303 0.075691573321819319 0.78167855739593517 0.79769402742385875 0.89837229251861583
decision_type=2 2 2 2 2 2 2 2 2 2 2 2 2 2 2 2 2 2 2 2 2 2 2 2 2 2 2 2 2 2
left_child=2 -2 3 -1 7 21 -6 16 -9 10 -10 12 -12 -14 15 -15 17 -3 -19 20 -20 22 -5 -23 25 -7 -26 -18 -29 -30
right_child=1 4 -4 5 6 24 -8 8 9 -11 11 -13 13 14 -16 -17 27 18 19 -21 -22 23 -24 -25 26 -27 -28 28 29 -31
leaf_value=-0.050679229624298883 0.049507505985340934 -0.038064888536012018 -0.049633621533919529 0.28411216785279408 0.0016627744145534782 -0.028126903827640479 0.047498417452219541 0.0028079296589557804 0.03185235999409549 0.047024950529401421 -0.095165670254322363 0.011920159312353986 0.046014274122838011 0.016000606655645448 0.022102079941443305 -0.097691749362610741 -0.025501355644858455 0.074075078269708688 -0.0076595500236064209 0.001910615474858412 -0.074313964949142206 0.13063645969411755 -0.050958839160195168 -0.034048509579356116 -0.032150260566051705 0.054074200690109257 -0.0062359760378228324 0.023834853961845003 -0.0047160985293352433 0.020292744707740427
leaf_weight=57.058056112378836 224.16316328663379 16.790581671521068 153.26297475583851 0.44721559621393681 10.602279144339262 3.6494218204170448 59.709969058632851 273.7631368637085 23.39957984443754 39.422321450896561 4.0504664853215244 52.959475057199597 6.9641740210354355 2.0515894349664432 3.9421192351728678 4.7502431198954582 15.030835989862679 2.2164786346256724 9.3248785361647624 47.47366176918149 6.7965160235762587 0.51215037144720454 0.71662821155041345 66.401504524983466 24.908714240416884 7.7701074108481407 669.64428904373199 52.76714357919991 144.20100532099605 33.199771419167519
leaf_count=4319 18691 113 10838 19 221 22 4716 1982 580 2545 31 1215 237 34 57 35 78 13 47 250 37 5 40 3397 718 49 8386 386 775 164
internal_value=9.29562e-05 0.016882 -0.0175353 -0.0116162 0.00784651 -0.00873667 0.0405869 0.00473186 0.00872845 0.0205128 0.00986061 0.00297341 -0.0188026 -0.00133568 -0.0320277 -0.0633995 -0.000282804 -0.011631 -0.00488684 -0.0076389 -0.03576 -0.0308975 0.0777947 -0.032788 -0.00659968 0.0278046 -0.00716534 0.00354014 0.00543666 -3.5804e-05
internal_weight=2017.95 1033.58 984.371 831.108 809.416 774.05 70.3122 739.104 411.303 137.54 98.1176 74.7181 21.7586 17.7081 10.744 6.80183 327.801 82.6021 65.8115 63.5951 16.1214 68.0775 1.16384 66.9137 705.973 11.4195 694.553 245.199 230.168 177.401
internal_count=60000 32207 27793 16955 13516 12636 4937 8579 6716 4734 2189 1609 394 363 126 69 1863 460 347 334 84 3461 59 3402 9175 71 9104 1403 1325 939
is_linear=0
shrinkage=0.05


Tree=75
num_leaves=31
num_cat=0
split_feature=101 119 128 112 120 0 39 120 105 62 6 119 120 9 120 127 76 93 126 109 92 73 0 130 110 7 102 6 130 42
split_gain=220.683 113.318 84.8274 31.4604 28.7532 23.1632 12.8698 13.5518 13.2569 11.0053 11.2996 17.0705 10.8005 9.56681 9.36844 7.06798 7.2157 9.16142 7.2743 8.3962 7.88795 6.74555 6.55857 9.28691 12.2462 11.3949 6.50264 26.2203 8.1054 6.37272
threshold=1.0000000180025095e-35 0.6919899880886079 -0.22695478051900861 0.63405364751815807 1.0000000180025095e-35 0.72953033447265636 0.13240957260131839 1.0000000180025095e-35 1.0000000180025095e-35 0.19206271320581439 0.80682152509689342 0.79514917731285106 1.0000000180025095e-35 -0.99785891175270069 1.0000000180025095e-35 -0.86191910505294789 -0.39359275996685023 -0.37062533199787134 -0.46176002919673914 -0.45271843671798701 -0.95922404527664173 0.1242501810193062 0.82196941971778881 0.66251108050346386 -0.3353323489427566 -1.2774205803871153 0.7712407410144807 0.85557764768600475 -0.45908114314079279 -0.35320907831192011
decision_type=2 2 2 2 2 2 2 2 2 2 2 2 2 2 2 2 2 2 2 2 2 2 2 2 2 2 2 2 2 2
left_child=2 -2 5 6 -4 -1 14 -8 -9 -10 -11 -12 13 -7 -3 -15 -17 22 19 29 -20 -5 -18 24 25 -24 27 -6 -28 -19
right_child=1 3 4 21 26 12 7 8 9 10 11 -13 -14 15 -16 16 17 18 20 -21 -22 -23 23 -25 -26 -27 28 -29 -30 -31
leaf_value=-0.052422398220610636 0.04908821098029028 -0.053594841518952968 -0.049152330752006285 -0.022169947980573895 -0.0073051362715031865 0.035377575697342942 0.0049828440634554043 0.03715594363775522 0.051785491011891428 -0.16740618950577599 0.032140170996982229 -0.097506818093828496 0.083810443291662068 0.09901676669807416 0.0009144941282376029 -0.045508132068016661 -0.015911836966908181 0.032195635510147889 0.082044865982671522 0.10722072890644058 -0.0053141889141558969 0.047183162240275599 0.21571408148388174 0.14005068290152387 -0.043858432389282234 -0.0063336320198194799 0.085357363979680495 0.19441607954625251 -0.022385097962392252 -0.021169385870739119
leaf_weight=27.926140557043254 214.41297723539174 8.0253513511270267 209.33552174083889 3.7406004574149838 10.373573824763296 13.428411395289002 159.04026540741324 80.331610512919724 4.8929291674867299 1.4622968062758435 6.4173058355227095 4.2011618129909039 3.3316712509840718 1.561833974905311 442.92368836607784 12.246792572550474 3.9088355740532261 5.841144365258514 2.596637610346078 1.3320220978930581 529.85830596089363 55.929645227268338 1.2181089669466021 2.6260161325335503 2.8934253240004182 1.0990997441112993 1.8281652815639962 1.907072452828287 38.642793068662286 132.41976164095104
leaf_count=2050 18666 148 14705 41 143 88 1274 4065 249 13 258 54 89 29 2886 217 68 148 31 27 5571 4549 27 30 55 15 37 15 944 3508
internal_value=9.1796e-05 0.0169543 -0.0163846 0.00797091 -0.0408388 -0.0077503 0.00502959 0.0139751 0.0286726 -0.0114768 -0.0370992 -0.0191542 -0.00600396 -0.0064248 -5.55857e-05 -0.00722947 -0.00746788 -0.00678657 -0.00755168 -0.0177113 -0.00488816 0.0428356 0.0369912 0.0633786 0.024738 0.110392 -0.00784792 0.0240203 -0.0175181 -0.0189149
internal_weight=1985.75 981.378 1004.38 766.965 262.087 742.288 707.295 256.346 97.3053 16.9737 12.0808 10.6185 714.362 711.03 450.949 697.602 696.04 683.793 672.048 139.593 532.455 59.6702 11.7455 7.83665 5.21063 2.31721 52.7516 12.2806 40.471 138.261
internal_count=60000 32203 27797 13537 15844 11953 8947 5913 4639 574 325 312 9903 9814 3034 9726 9697 9480 9285 3683 5602 4590 195 127 97 42 1139 158 981 3656
is_linear=0
shrinkage=0.05


Tree=76
num_leaves=31
num_cat=0
split_feature=135 119 124 32 78 7 39 119 23 11 42 101 0 23 102 12 74 41 5 61 14 11 12 76 45 119 57 0 12 34
split_gain=204.152 118.155 73.1838 34.6796 29.8336 13.127 6.78979 6.69034 26.3184 15.1952 9.6158 8.39597 8.26264 10.3107 25.9861 17.6517 9.12927 8.35868 6.72079 14.0718 11.5405 6.45684 6.374 9.84855 6.23384 8.04539 16.5883 15.9602 9.03725 8.94038
threshold=1.0000000180025095e-35 0.70055276155471813 0.7918524742126466 1.0000000180025095e-35 0.75183969736099254 -0.61776620149612416 0.15554314851760867 0.79898613691329967 0.83777686953544628 0.2664176225662232 0.17916888743638995 1.0000000180025095e-35 0.80239295959472667 0.87958219647407543 0.84450951218605053 0.71469494700431835 0.78046163916587841 0.19824945926666263 0.72736558318138134 -0.83146962523460377 0.41022963821887976 2.6062024831771855 0.45282949507236486 -0.029408575966954228 0.033016044646501548 0.83802261948585521 0.8629894256591798 0.55749168992042553 0.45282949507236486 0.83988130092620861
decision_type=2 2 2 2 2 2 2 2 2 2 2 2 2 2 2 2 2 2 2 2 2 2 2 2 2 2 2 2 2 2
left_child=2 -2 3 -1 21 -5 -6 8 9 10 -7 -10 13 16 15 -15 -9 -17 19 20 -14 24 23 -20 -3 26 27 -26 -28 -27
right_child=1 4 -4 5 6 7 -8 12 11 -11 -12 -13 18 14 -16 17 -18 -19 22 -21 -22 -23 -24 -25 25 29 28 -29 -30 -31
leaf_value=-0.050614509955175281 0.049040369408801368 0.013176409418026384 -0.047303100821717646 -0.016904375322464003 -0.012248995859055888 0.02108785894503612 0.050632198222738012 0.095900714334619525 0.12254357402222549 -0.018086802151541053 0.14268049187307794 0.042932602451121959 0.20787338061190619 -0.017278075092613459 -0.04895213407084862 0.06015334300846728 -0.045438178253770077 0.16783790594814282 -0.053584259790303429 6.1033757967570154e-05 0.012156082143498748 0.058333713891106656 -0.019766794499598946 0.14223455514475825 -0.095467917023547913 -0.032977149012835494 -0.053939480162078716 0.0037664721725204639 0.036799426330947078 -0.0010948790085378109
leaf_weight=50.106977060437202 209.05226446129382 150.7917304681614 162.71604918409139 248.0257716756314 4.750196522101759 20.198451366275552 44.597364524379373 1.1829497236758459 4.1219201721251038 56.866922905668616 1.7683114632964123 16.85069714859128 1.4877300262451165 6.0213412847369936 13.658904848620294 5.4800039306282979 33.404009088873863 2.6850198544561863 1.1105601806193592 240.15096986852586 1.5255233049392698 5.5230709733441463 63.258421940729022 1.5222095195204008 4.1317944005131713 23.643706157803535 2.8905365653336039 209.42899834550917 54.139961804263294 314.1115429000929
leaf_count=4183 19109 2001 12460 5788 65 249 3960 13 37 541 25 90 14 51 201 35 456 23 24 2303 28 136 1264 28 30 169 31 2298 1574 2814
internal_value=8.83901e-05 0.0155104 -0.0168378 -0.0103951 0.00689931 -0.00759351 0.0445793 -0.00269352 0.00879968 -0.00444347 0.030876 0.0585792 -0.00578136 -0.0223723 0.000273617 0.0476691 -0.0406041 0.0955648 -0.00242983 0.00140835 0.108787 0.00446762 -0.0165942 0.0596339 0.00407572 0.00181992 0.00824402 0.00184657 0.0322004 -0.00332672
internal_weight=1955.2 1023.06 932.143 769.427 814.009 719.32 49.3476 471.294 99.8063 78.8337 21.9668 20.9726 371.488 62.4322 27.8453 14.1864 34.587 8.16502 309.055 243.164 3.01325 764.661 65.8912 2.63277 759.138 608.347 270.591 213.561 57.0305 337.755
internal_count=60000 32187 27813 15353 13078 11170 4025 5382 942 815 274 127 4440 779 310 109 469 58 3661 2345 42 9053 1316 52 8917 6916 3933 2328 1605 2983
is_linear=0
shrinkage=0.05


Tree=77
num_leaves=31
num_cat=0
split_feature=135 119 124 15 78 78 8 39 110 119 57 17 122 22 42 93 12 78 42 119 17 92 76 110 8 93 34 22 14 59
split_gain=187.569 114.576 71.1222 33.5292 28.5229 12.413 7.7183 6.64873 6.20981 6.07267 19.4699 13.8798 11.8272 7.88175 8.86593 12.4694 7.58342 7.0741 6.34159 6.02937 10.1259 6.00511 13.5799 6.17132 10.905 14.7524 10.4974 6.94072 7.99854 8.8224
threshold=1.0000000180025095e-35 0.70055276155471813 0.7918524742126466 1.0000000180025095e-35 0.75183969736099254 -0.83146962523460377 0.28745912015438085 0.15554314851760867 2.00095546245575 0.85586708784103405 0.86187484860420238 0.5863475799560548 1.0000000180025095e-35 0.10605650022625925 -0.1224059723317623 -0.19071073830127713 0.45282949507236486 -0.9807852804660796 1.9997937679290774 0.8177069127559663 0.70152944326400768 0.053042057901620872 0.063275091350078597 -0.3068499863147735 -0.24314805120229718 -0.35340031981468195 0.82313984632492077 0.75111445784568798 0.38935339450836187 -0.098659530282020555
decision_type=2 2 2 2 2 2 2 2 2 2 2 2 2 2 2 2 2 2 2 2 2 2 2 2 2 2 2 2 2 2
left_child=2 -2 3 -1 8 6 21 -6 9 10 11 -3 13 -11 17 -16 -12 -15 -17 -18 -21 23 -23 24 -5 -26 -27 28 29 -25
right_child=1 4 -4 5 7 -7 -8 -9 -10 12 16 -13 -14 14 15 18 19 -19 -20 20 -22 22 -24 27 25 26 -28 -29 -30 -31
leaf_value=-0.050584180428127901 0.048914627083610801 -0.071024390479688504 -0.047112242925761445 -0.020876515009816562 -0.011534630200529862 -0.0041566636769260748 0.079458899035056305 0.050601618265700921 0.028358893234844435 -0.053661502448320311 -0.040352437347652877 0.0035039356455847945 -0.056942421624559869 0.11212550944110942 -0.11264164199464893 -0.00625903191961055 0.045201370115843839 0.0092728567661197938 0.04944900822850163 -0.054898678721920946 0.027383794245018273 -0.028216840948510104 0.12702286956821998 0.14772895923727167 0.28264863688406566 0.22221247154709498 -0.025802412649206619 -0.034832024705931261 -0.02490868894400098 0.011468252500709484
leaf_weight=47.691086428239942 199.35510343778878 6.3748855553567401 155.39169713668525 8.0912303049117309 4.7910836404189459 582.81504781171679 1.8773757684975851 42.447316555306315 25.828030939213932 6.6890027634799472 3.7135308999568215 311.73098992370069 9.3608740353956801 1.6919215396046627 2.7113583330065003 170.88656717445701 43.238933331333101 140.45828895457089 5.266032042913138 4.272463606670498 29.947003622539341 4.0954973995685569 2.1473894957453012 1.4889074638485906 0.74694162607193026 0.54798728227615301 1.9267695993185041 89.571205157786608 14.583803299814461 5.8762127347290543
leaf_count=4183 19109 48 12460 284 65 6567 34 3960 268 30 38 3445 78 8 24 1041 1585 2069 37 34 348 99 38 33 22 21 67 3501 388 116
internal_value=8.3421e-05 0.0149606 -0.0162851 -0.00999424 0.0065978 -0.00728218 -0.0211925 0.0442995 0.00426109 0.00341583 0.00758778 0.00201038 -0.00152615 5.68165e-05 0.00117615 -0.00623153 0.0294451 0.010497 -0.00459366 0.0327914 0.0171104 -0.0226564 0.0251816 -0.0250878 0.0100999 0.0878966 0.0291157 -0.0286573 -0.00345888 0.0390143
internal_weight=1925.61 1008.76 916.851 761.459 809.408 713.768 130.953 47.2384 762.17 736.342 399.278 318.106 337.064 327.703 321.014 178.864 81.1719 142.15 176.153 77.4584 34.2195 129.076 6.24289 122.833 11.3129 3.2217 2.47476 111.52 21.9489 7.36512
internal_count=60000 32187 27813 15353 13078 11170 4603 4025 9053 8785 5498 3493 3287 3209 3179 1102 2005 2077 1078 1967 382 4569 137 4432 394 110 88 4038 537 149
is_linear=0
shrinkage=0.05


Tree=78
num_leaves=31
num_cat=0
split_feature=101 119 128 120 95 0 107 120 120 120 9 107 6 105 119 130 70 119 6 119 13 6 127 76 93 7 24 14 14 130
split_gain=174.537 102.976 76.6215 28.3024 27.6541 20.9654 13.8137 21.4478 9.3865 9.35891 8.4877 7.51751 9.12254 7.72555 8.90456 10.711 6.78603 11.9627 19.6803 11.8148 12.3304 10.8269 6.6221 6.41683 9.1032 6.25368 7.21919 9.41042 10.4125 6.37199
threshold=1.0000000180025095e-35 0.6919899880886079 -0.22695478051900861 1.0000000180025095e-35 0.77259653806686412 0.72953033447265636 0.1043694131076336 1.0000000180025095e-35 1.0000000180025095e-35 1.0000000180025095e-35 -0.99785891175270069 0.14351415634155276 0.76522928476333629 1.0000000180025095e-35 0.76884824037551891 0.33486270904541021 1.0000000180025095e-35 0.84715160727500927 0.88746502995491039 0.81644856929779064 0.76363638043403637 0.86914929747581493 -1.0378452539443968 -0.39359275996685023 -0.37062533199787134 -0.62638238072395314 -1.2682027816772459 0.43977364897727972 0.40148113667964941 0.71360507607460033
decision_type=2 2 2 2 2 2 2 2 2 2 2 2 2 2 2 2 2 2 2 2 2 2 2 2 2 2 2 2 2 2
left_child=2 -2 5 -4 6 -1 9 25 10 -3 -7 12 -9 -14 -15 -16 17 18 19 20 22 -22 -11 -12 -25 26 27 28 -8 -27
right_child=1 4 3 -5 -6 8 7 11 -10 16 23 -13 13 14 15 -17 -18 -19 -20 -21 21 -23 -24 24 -26 29 -28 -29 -30 -31
leaf_value=-0.052462342602452798 0.048735659195350771 -0.053560884475419235 -0.04883485513112916 -0.0068399724712751523 0.049421489161335187 0.033699223187383942 0.012768141655558438 -0.12303142853960186 0.081609504143157624 -0.037439537303425426 -0.042324161956907524 0.048600564860290595 0.036351994609556196 0.038247724428527231 0.05134923838699073 -0.12589180127114799 0.0049104169138969155 -0.038332772269044517 0.036774370255136239 -0.055573199018910335 -0.038969128646708415 0.040995997983750601 0.022693835223601348 0.037096988566925983 -0.006558442661579459 -0.049531745825698484 0.040832515534043892 0.036403477267063833 -0.13855693490481533 0.0019183822091811732
leaf_weight=24.345938142389059 186.15831090789288 7.9977373871952286 183.96670610643923 51.311330395750701 36.855012896470726 13.440463538281618 2.2538777142763156 1.1183348633348966 3.0954942824318996 5.3027548212558022 12.223751912824808 47.614886625669897 23.480742982588712 3.3251628577709189 1.222437337040901 2.8158817728981376 327.79860601760447 26.736861735582352 26.245065961033106 13.538474150002001 28.289722916670144 4.9777579251676789 33.511596778407693 12.161011948250232 661.45191047992557 6.329494420439004 21.080201487988234 4.8827890530228615 2.2935615926980972 122.22629138827324
leaf_count=2050 18666 153 14705 1139 3533 88 21 31 89 39 234 3683 1101 183 58 44 2320 194 259 90 207 64 276 198 9294 50 198 47 21 965
internal_value=7.99629e-05 0.0154507 -0.0148763 -0.0396763 0.0071879 -0.00684723 0.00500498 0.0148171 -0.0052661 6.9034e-05 -0.00565067 0.0360095 0.0172526 0.0223389 -0.0223461 -0.0722393 0.000988668 -0.00828639 -0.00110503 -0.0127161 -0.00466669 -0.0270041 0.0144785 -0.00642182 -0.00577031 0.00421499 0.0245653 -0.0117983 -0.0635547 -0.000614785
internal_weight=1898.05 936.056 961.997 235.278 749.897 726.719 713.042 238.644 702.373 474.399 699.277 79.5774 31.9626 30.8442 7.36348 4.03832 466.401 138.602 111.865 85.6203 72.0818 33.2675 38.8144 685.837 673.613 159.066 30.5104 9.43023 4.54744 128.556
internal_count=60000 32203 27797 15844 13537 11953 10004 6402 9903 3602 9814 5100 1417 1386 285 102 3449 1129 935 676 586 271 315 9726 9492 1302 287 89 42 1015
is_linear=0
shrinkage=0.05


Tree=79
num_leaves=31
num_cat=0
split_feature=101 119 128 120 95 0 107 120 120 120 9 107 6 105 119 96 127 76 93 13 70 12 96 79 119 108 6 119 119 17
split_gain=160.213 99.6716 73.5798 28.096 26.5379 20.1409 12.7425 20.5431 8.86484 8.78338 7.63998 7.43144 7.70395 7.20101 7.8496 9.2714 6.43809 6.41235 7.04261 6.16582 9.77762 11.1005 11.7244 8.12464 7.64601 11.3951 7.40321 18.8241 7.01522 11.6191
threshold=1.0000000180025095e-35 0.6919899880886079 -0.22695478051900861 1.0000000180025095e-35 0.77259653806686412 0.72953033447265636 0.1043694131076336 1.0000000180025095e-35 1.0000000180025095e-35 1.0000000180025095e-35 -0.99785891175270069 0.14351415634155276 0.76522928476333629 1.0000000180025095e-35 0.76884824037551891 0.26343040168285375 -0.86191910505294789 -0.39359275996685023 -0.37062533199787134 0.76363638043403637 1.0000000180025095e-35 0.76985624432563793 0.52980071306228649 0.11098884791135789 0.8177069127559663 0.79579704999923717 0.8571683168411256 0.79188296198844921 0.77130869030952465 0.68329459428787243
decision_type=2 2 2 2 2 2 2 2 2 2 2 2 2 2 2 2 2 2 2 2 2 2 2 2 2 2 2 2 2 2
left_child=2 -2 5 -4 6 -1 8 -8 -3 10 -7 12 -9 -14 -15 -16 -12 -18 -19 24 23 22 -22 -21 25 -10 -25 -28 -27 -30
right_child=1 4 3 -5 -6 9 7 11 19 -11 16 -13 13 14 15 -17 17 18 -20 20 21 -23 -24 26 -26 28 27 -29 29 -31
leaf_value=-0.052375223414261589 0.04860083343498018 -0.053386589965073894 -0.048684406085134857 -0.0065346327587980993 0.049322660018638172 0.031854775385416687 0.0040287953287552218 -0.10564860600545851 -0.0068899982588330804 0.080666459801817872 0.094560270690563705 0.048465678915956441 0.035782532549254412 0.037647131466915174 0.051301701507038902 -0.11365874029277218 -0.043373420505822019 0.031829735202217553 -0.0064185317091034859 0.056518781391233563 -0.026137084802968825 0.02091492078851432 0.0059526955583379323 -0.045925798179800588 -0.00040295301593188543 0.054827665760232805 0.051776664870252599 -0.035530211945417431 -0.026925123287198646 0.034791679341868879
leaf_weight=23.196141792461276 177.55826091766357 7.6318931281566611 175.52184967603534 51.030824087560177 35.126067416742444 13.506019194610415 158.55837661772966 1.2339012501761342 30.239632192999125 2.9780884245410553 1.584153520874678 45.415592103265226 22.682101322337989 3.2121846238151184 1.1940469900146125 2.9715142836794257 11.500549811869858 12.259194458834825 658.43360383249819 3.0889905113726845 48.184609342366457 50.123677037656307 69.54792339913547 26.563640244305134 148.27147420123219 20.115590760484338 8.7897278964519518 20.745287101715803 10.35705980286002 28.922615306451917
leaf_count=2050 18666 153 14705 1139 3533 88 1302 31 199 89 29 3683 1101 183 58 44 217 195 9285 27 363 372 473 191 977 284 136 141 66 220
internal_value=8.01104e-05 0.0149456 -0.0143241 -0.0391902 0.00690257 -0.00653726 0.00479754 0.0143054 6.4173e-05 -0.00501888 -0.00538484 0.0355473 0.0167992 0.0218255 -0.021084 -0.0663733 -0.0061204 -0.00635419 -0.00571941 0.000941537 -0.00495247 0.00120892 -0.00718075 -0.0224262 0.00656643 0.018095 -0.0267732 -0.00954737 0.0308155 0.0185185
internal_weight=1870.54 920.534 950.01 226.553 742.976 723.458 707.85 235.268 472.582 700.262 697.284 76.7093 31.2937 30.0598 7.37775 4.16556 683.778 682.193 670.693 464.95 227.044 167.856 117.733 59.1876 237.906 89.6349 56.0987 29.535 59.3953 39.2797
internal_count=60000 32203 27797 15844 13537 11953 10004 6402 3602 9903 9814 5100 1417 1386 285 102 9726 9697 9480 3449 1703 1208 836 495 1746 769 468 277 570 286
is_linear=0
shrinkage=0.05


Tree=80
num_leaves=31
num_cat=0
split_feature=135 102 124 15 78 130 124 42 62 0 6 12 13 0 45 102 0 127 110 76 12 73 110 7 8 92 71 12 102 6
split_gain=147.495 96.0406 65.7154 30.5503 21.2031 13.3795 13.2874 8.90328 8.36444 15.1672 7.2974 7.42107 8.73655 6.95038 6.37242 6.3335 6.29486 7.50089 6.07498 6.0675 6.85679 5.86583 5.57303 7.98047 8.70771 6.31027 5.68798 7.26427 8.58139 11.0282
threshold=1.0000000180025095e-35 0.71672436594963085 0.81093937158584606 1.0000000180025095e-35 0.79335334897041332 1.0000000180025095e-35 0.084783285856246962 -0.35320907831192011 -1.1077700257301328 0.84549328684806835 0.8174482285976411 0.78930434584617626 0.93636366724967968 0.92681509256362926 0.033016044646501548 0.65507918596267711 0.72600188851356517 0.0795731656253338 2.00095546245575 1.8532689213752749 0.70447996258735668 0.038906782865524299 1.9668063521385195 0.17366223782300952 1.8198089599609377 0.57965371012687694 1.0000000180025095e-35 0.70907047390937816 0.8112836778163911 0.84546616673469555
decision_type=2 2 2 2 2 2 2 2 2 2 2 2 2 2 2 2 2 2 2 2 2 2 2 2 2 2 2 2 2 2
left_child=2 6 3 -1 14 7 10 8 9 -5 11 12 15 -10 -3 -2 -9 -18 22 20 -20 -7 26 25 -25 -24 -16 -28 29 -29
right_child=1 4 -4 5 -6 21 -8 16 13 -11 -12 -13 -14 -15 18 -17 17 -19 19 -21 -22 -23 23 24 -26 -27 27 28 -30 -31
leaf_value=-0.05050659829178418 0.053937232948418623 0.013152985669395498 -0.04890725787880431 0.36943181304465506 0.048991322792047695 -0.041476355409059473 0.04992632827874028 0.039089155134887837 -0.0095916519402402273 0.011905805426110833 0.046363582241179868 0.036221019865073638 -0.13084362409006661 0.15495551665494389 0.0032780607703327483 -0.041614886428205156 -0.036038687038185045 -0.0075498023369466169 -0.077570806073421206 0.040539686734752028 0.032205962690176691 -0.0030506686356952147 -0.033938553999165323 -0.13461149813168247 -0.028102469335489395 0.0712267336714172 -0.040483988786966241 -0.028536084179825113 -0.030728433208144768 0.038518484558610309
leaf_weight=42.4061413789168 2.4843512484803796 152.79812854714692 121.35939699131995 0.47551868669688679 27.205519673414528 10.10436964407563 169.91281179152429 3.6543283937498918 6.4218774624168855 0.78856399655342102 9.1692908862605673 5.6532547986134878 1.9348602415993816 0.71300467289984215 491.11300276126713 5.7435063859447837 78.065265029668808 32.817762895487249 2.6433714404702213 18.167503679171205 3.0797360884025693 581.39843334350735 2.8572540292516342 2.5828938866034132 7.4656415274366736 2.8483837079256773 17.177830949425697 9.398799763061108 16.290134049020708 17.640470585785806
leaf_count=4284 83 2378 11300 23 2825 406 19310 54 194 34 319 95 23 14 6033 47 3175 1252 28 210 35 7077 21 23 98 24 166 66 114 289
internal_value=7.99307e-05 0.0135605 -0.0147508 -0.00927387 0.00563595 -0.00682646 0.04492 -0.0218352 0.0278544 0.146399 0.0108747 -0.00969993 -0.0352446 0.00685191 0.00405072 -0.0127635 -0.025479 -0.0276069 0.00169846 0.0263971 -0.0184974 -0.00370708 0.000658472 -0.0286642 -0.0554797 0.0185623 0.00149592 -0.012969 -0.00206075 0.0152104
internal_weight=1844.37 966.167 878.205 756.845 771.269 714.439 194.898 122.936 8.39896 1.26408 24.9853 15.816 10.1627 7.13488 744.063 8.22786 114.537 110.883 591.265 23.8906 5.72311 591.503 567.374 15.7542 10.0485 5.70564 551.62 60.5072 43.3294 27.0393
internal_count=60000 32187 27813 16513 12310 12229 19877 4746 265 57 567 248 153 208 9485 130 4481 4427 7107 273 63 7483 6834 166 121 45 6668 635 469 355
is_linear=0
shrinkage=0.05


Tree=81
num_leaves=31
num_cat=0
split_feature=101 119 128 120 95 17 107 120 120 120 107 9 105 6 102 24 5 68 25 25 13 93 76 6 45 135 93 127 110 127
split_gain=137.132 92.9463 67.4834 27.8942 24.3031 18.6624 11.2416 19.6256 8.373 8.20119 7.38596 6.87215 6.75236 8.09422 7.21367 6.22502 7.39507 6.85851 9.84536 6.7377 6.96707 11.4171 11.0233 6.60404 6.54554 6.528 7.97197 7.54374 6.90569 17.0203
threshold=1.0000000180025095e-35 0.6919899880886079 -0.22695478051900861 1.0000000180025095e-35 0.77259653806686412 0.72962427139282238 0.1043694131076336 1.0000000180025095e-35 1.0000000180025095e-35 1.0000000180025095e-35 0.14351415634155276 -0.99785891175270069 1.0000000180025095e-35 0.80301108956336986 0.78143382072448742 1.4592976570129397 0.66573175787925731 0.79189497232437145 0.082897614687681212 -0.0051795772742480031 0.76363638043403637 0.10397431999444963 0.1127319671213627 0.77771902084350597 1.6663420200347903 1.0000000180025095e-35 -0.37062533199787134 -0.27780131995677942 1.8648776412010195 1.8277279734611513
decision_type=2 2 2 2 2 2 2 2 2 2 2 2 2 2 2 2 2 2 2 2 2 2 2 2 2 2 2 2 2 2
left_child=2 -2 5 -4 6 -1 8 -8 -3 11 12 -7 -9 -14 -15 16 23 18 19 -18 -21 -22 -23 -13 -17 26 27 -19 29 -27
right_child=1 4 3 -5 -6 9 7 10 -10 -11 -12 15 13 14 -16 24 17 25 -20 20 21 22 -24 -25 -26 28 -28 -29 -30 -31
leaf_value=-0.052326373967013541 0.04835349921892703 -0.053215027979908396 -0.048428187887134079 -0.0057398813883306199 0.049121606165703061 0.030242211972595436 0.0036189954201680621 0.02953272358167694 0.00092104411246236991 0.07997315232798341 0.048300079621782802 0.059020690518782816 -0.17208572791369464 0.03986515580852007 -0.065102810024738347 -0.056763945545142053 -0.024834293769726113 -0.015972088264676172 -0.060181577539701749 -0.024109427983302147 0.0017351634480370982 0.24251307472668859 0.025973114246784491 0.0034077278291626913 -0.011926991816951366 0.0060938304353402757 -0.010882462317618868 0.074148172474923835 0.02733271952442537 -0.050064562448536236
leaf_weight=21.167255016043782 161.72547021508217 7.2545423079282036 160.64780842140317 50.234471457079053 31.944016209803522 13.548962648957966 157.5457078460604 22.901681702584032 462.27557186689228 2.8501566313207141 42.894179391674697 5.5585652366280547 0.83350151777267356 3.6842619525268674 2.9451468214392662 11.494945467449723 25.427173798903823 4.0529813058674335 14.198166148737071 4.4714636011049134 3.5372729673981667 1.2863966971635821 1.082136030308902 134.67542093060911 27.887403069995344 97.802466660737991 300.62053132243454 5.4373896615579707 25.092628061771393 15.651118963956831
leaf_count=2050 18666 153 14705 1139 3533 88 1302 1131 3449 89 3683 40 8 213 65 78 498 96 240 79 74 24 22 1098 234 422 6555 89 110 67
internal_value=7.70629e-05 0.0140479 -0.0134005 -0.0382594 0.0064714 -0.00607721 0.00452602 0.0135613 8.4607e-05 -0.00466797 0.0349425 -0.00501667 0.0160731 -0.0252311 -0.00676737 -0.00572099 -0.00453174 -0.0073844 -0.0249492 -0.0109779 0.022974 0.0586223 0.14358 0.0056121 -0.025014 -0.00542681 -0.00945808 0.0356612 0.00359645 -0.00165332
internal_weight=1820.73 894.004 926.725 210.882 732.279 715.842 700.335 230.804 469.53 694.675 73.2588 691.825 30.3646 7.46291 6.62941 678.276 638.894 498.66 50.0026 35.8044 10.3773 5.90581 2.36853 140.234 39.3823 448.657 310.111 9.49037 138.546 113.454
internal_count=60000 32203 27797 15844 13537 11953 10004 6402 3602 9903 5100 9814 1417 286 278 9726 9414 8276 937 697 199 120 46 1138 312 7339 6740 185 599 489
is_linear=0
shrinkage=0.05


Tree=82
num_leaves=31
num_cat=0
split_feature=101 119 111 120 78 0 107 120 120 120 107 6 105 9 119 96 76 93 0 14 42 14 126 24 28 75 45 22 34 41
split_gain=125.723 89.8677 64.0096 27.5705 22.6508 18.315 10.5716 19.0076 7.93349 7.67357 7.37022 6.66345 6.35943 6.1958 6.14092 7.4479 5.80028 6.61236 8.35462 7.46632 6.45832 6.42075 6.28753 7.11895 10.6074 6.95035 6.06356 5.82856 9.64113 5.75736
threshold=1.0000000180025095e-35 0.6919899880886079 -0.19509035348892209 1.0000000180025095e-35 0.79335334897041332 0.72953033447265636 0.1043694131076336 1.0000000180025095e-35 1.0000000180025095e-35 1.0000000180025095e-35 0.14351415634155276 0.76522928476333629 1.0000000180025095e-35 -0.99785891175270069 0.76884824037551891 0.26343040168285375 -0.39359275996685023 -0.39529328048229212 0.82196941971778881 0.42345251142978674 -0.4785188734531402 0.46458241343498236 -0.46176002919673914 1.4592976570129397 2.0556083917617802 -1.1759967803955076 1.6663420200347903 0.80712491273880016 0.88845366239547741 1.5191119313240053
decision_type=2 2 2 2 2 2 2 2 2 2 2 2 2 2 2 2 2 2 2 2 2 2 2 2 2 2 2 2 2 2
left_child=2 -2 5 -4 6 -1 8 -8 -3 13 11 -9 -13 29 -14 -16 27 18 -18 -20 -19 -21 -22 24 25 -24 -25 -15 -29 -7
right_child=1 4 3 -5 -6 9 7 10 -10 -11 -12 12 14 16 15 -17 17 20 19 21 22 -23 23 26 -26 -27 -28 28 -30 -31
leaf_value=-0.052176582261669872 0.048206697700815621 -0.053058212098236815 -0.048255558124143158 -0.0054787105433735418 0.04897262404331796 -0.012011502017746041 0.0034807922396485284 -0.094276936914393594 0.00087507837726103887 0.078968081121693234 0.048194881603781381 0.034585897798515688 0.036501313785774675 -0.052702261349279571 0.051276037927043765 -0.096345054786761294 -0.034301497249018063 0.12105511294176413 0.13813477299435376 -0.046494699604952769 -0.015485948637909048 0.07606799868344491 0.09416423407316421 -0.054668582894781506 0.072255891184149643 -0.0026753498162486091 -0.0111782017412256 -0.051491682234793557 0.23137926087178659 0.054648949882816648
leaf_weight=20.718775553628802 154.2948242733255 6.9206145033240309 152.681854438968 50.00374533329159 29.682825652882457 5.316100080497562 157.26174080558121 1.3185614049434686 462.23109624627978 2.7447934062220147 41.576668333262205 21.154806329868737 2.9288753326982251 10.409323021769522 1.1643938450142739 3.209721184335649 2.9624289236962777 1.007009376771747 2.3628695607185364 1.7498666848987339 130.41967746708542 2.7446530424058437 1.8600850179791439 11.282708138227461 4.8189459713175884 476.52972251363099 27.669164232909679 0.75541870947927126 0.5010006669908762 8.2906202860176545
leaf_count=2110 18666 153 14635 1139 3462 34 1305 31 3449 89 3751 1101 183 199 58 44 55 21 31 24 3691 40 22 72 36 5277 223 34 11 54
internal_value=7.42179e-05 0.0135469 -0.0129112 -0.0377023 0.0061954 -0.00585534 0.00437566 0.0131921 7.94903e-05 -0.00446731 0.0345956 0.015607 0.0206984 -0.00479985 -0.01953 -0.0570482 -0.00547315 -0.00485856 0.0358662 0.066179 -0.00547043 0.0283502 -0.00566567 -0.00321287 -0.0015553 -0.00229882 -0.0237755 -0.0404236 0.0613039 0.0286049
internal_weight=1796.57 881.744 914.829 202.686 727.449 712.143 697.766 228.615 469.152 691.424 71.353 29.7764 28.4578 688.68 7.30299 4.37412 675.073 663.407 9.81982 6.85739 653.587 4.49452 652.58 522.161 483.209 478.39 38.9519 11.6657 1.25642 13.6067
internal_count=60000 32203 27797 15774 13537 12023 10075 6473 3602 9913 5168 1417 1386 9824 285 102 9736 9492 150 95 9342 64 9321 5630 5335 5299 295 244 45 88
is_linear=0
shrinkage=0.05


Tree=83
num_leaves=31
num_cat=0
split_feature=101 119 128 120 95 0 107 120 120 107 120 5 62 14 119 6 119 51 11 6 127 107 94 119 17 14 111 92 130 92
split_gain=115.135 86.8161 61.591 27.305 22.35 17.1395 9.51733 17.905 7.51843 7.19988 7.175 6.0337 5.99652 12.542 7.40089 18.8033 9.72703 7.47597 6.59517 5.87643 8.00806 5.76748 7.02917 7.19239 8.31448 8.43648 5.98075 14.0168 6.76533 9.08539
threshold=1.0000000180025095e-35 0.6919899880886079 -0.22695478051900861 1.0000000180025095e-35 0.77259653806686412 0.72953033447265636 0.1043694131076336 1.0000000180025095e-35 1.0000000180025095e-35 0.14351415634155276 1.0000000180025095e-35 0.1294016316533089 0.19761686772108081 0.49548439681530004 0.83802261948585521 0.85557764768600475 0.79898613691329967 0.7379935383796693 0.27197688817977911 0.7721061408519746 -0.86667719483375538 0.57072365283966076 -0.99892947077751149 0.94907251000404369 0.94414252042770397 0.48477640748023992 -0.99892947077751149 1.4045793414115908 1.8056199550628664 0.96253022551536571
decision_type=2 2 2 2 2 2 2 2 2 2 2 2 2 2 2 2 2 2 2 2 2 2 2 2 2 2 2 2 2 2
left_child=2 11 5 -4 6 -1 8 -8 -3 19 21 -2 13 -5 15 18 -17 -18 -14 20 -9 26 -23 24 -24 -26 27 -7 29 -28
right_child=1 4 3 12 -6 10 7 9 -10 -11 -12 -13 14 -15 -16 16 17 -19 -20 -21 -22 22 23 -25 25 -27 28 -29 -30 -31
leaf_value=-0.052111721557616945 -0.0034185624198809954 -0.05290924611124867 -0.048096006015050187 0.0027890912144435485 0.048909742882964555 0.03855125955209282 0.0032809560391852521 -0.151492930098937 0.00083140251280015831 0.048011805658023224 0.077951872073773604 0.050045975818547909 0.078797241233807921 0.18165983781545081 -0.032229731948085309 0.18279428139656692 -0.055132925966068815 0.11153521832012579 -0.024554693919605478 0.021270967158876386 0.051479961964261946 -0.046145136285253997 -0.0054761748389169328 -0.045497704852518708 0.014206924913446665 0.17613821306546534 0.017942644214044928 -0.088629037003869288 0.020814943862432048 -0.028199770040065276
leaf_weight=19.230717262253165 5.4811272118240586 6.601158855482935 146.33792774844915 4.2778386976569882 29.032991775777191 3.8270277976989728 156.77359354123473 1.1738910330459478 462.1888194642961 39.037976247724146 2.6441099615767589 141.73908662982285 1.7065546857193172 1.2712245956063268 21.685356419533491 1.9605724774301041 1.2211840935051443 1.4983699508011339 16.163249053992331 27.170881373807788 0.82921580690890806 10.998048354871569 552.7196308253333 11.177737975493072 2.2657832046970721 1.2470275945961473 20.973604599945247 4.9928833618760109 56.819210201501846 21.711110124364495
leaf_count=2050 79 153 14705 91 3533 24 1302 18 3449 3683 89 18587 34 27 574 13 24 30 346 1366 33 72 8669 171 38 13 198 32 412 185
internal_value=7.17628e-05 0.0130584 -0.0124168 -0.0372143 0.00593027 -0.00555352 0.00413168 0.012585 7.46659e-05 0.0339689 -0.00425475 0.0480554 -0.00522832 0.0437663 -0.0113744 0.00868132 0.097898 0.0366948 -0.0146847 0.015178 -0.0674693 -0.00457126 -0.00655423 -0.00578684 -0.00498883 0.0716916 0.006017 -0.0334445 0.00951482 -0.00552719
internal_weight=1774.76 870.029 904.729 196.122 722.809 708.607 693.776 224.986 468.79 68.212 689.376 147.22 49.7843 5.54906 44.2353 22.5499 4.68013 2.71955 17.8698 29.174 2.00311 686.732 578.408 567.41 556.232 3.51281 108.324 8.81991 99.5039 42.6847
internal_count=60000 32203 27797 15844 13537 11953 10004 6402 3602 5100 9903 18666 1139 118 1021 447 67 54 380 1417 51 9814 8963 8891 8720 51 851 56 795 383
is_linear=0
shrinkage=0.05


Tree=84
num_leaves=31
num_cat=0
split_feature=135 119 124 15 95 92 126 11 45 119 74 0 119 6 79 0 15 28 29 34 6 119 25 25 96 6 58 130 6 119
split_gain=105.851 89.7968 58.8791 26.687 20.3707 10.9689 6.11249 5.9261 6.29655 6.33861 13.2743 11.7659 7.99656 10.4766 9.87862 8.1405 7.85271 7.73582 7.69056 7.65139 5.76187 7.45632 5.59081 10.0001 12.7986 7.09761 5.54642 7.74264 5.02047 7.14849
threshold=1.0000000180025095e-35 0.69606900215148937 0.81093937158584606 1.0000000180025095e-35 0.77259653806686412 -0.55886277556419361 1.0000000180025095e-35 2.6062024831771855 0.033016044646501548 0.83802261948585521 0.86297684907913219 0.77994292974472057 0.77765810489654552 0.82288038730621349 0.22998527437448504 0.55749168992042553 0.75000000000000011 -0.13263033330440518 0.45282949507236486 0.83988130092620861 0.90844395756721508 0.87229958176612865 1.9728344678878786 1.926421642303467 1.96511447429657 0.85394814610481273 -0.45207086205482477 0.53813821077346813 0.7491900920867921 0.74386104941368114
decision_type=2 2 2 2 2 2 2 2 2 2 2 2 2 2 2 2 2 2 2 2 2 2 2 2 2 2 2 2 2 2
left_child=2 -2 3 -1 7 6 -5 8 -3 10 11 12 13 14 -10 -15 -16 -11 -12 20 -19 -22 23 28 25 -25 27 -21 -7 -30
right_child=1 4 -4 5 -6 22 -8 -9 9 17 18 -13 -14 15 16 -17 -18 19 -20 26 21 -23 -24 24 -26 -27 -28 -29 29 -31
leaf_value=-0.050419856246278164 0.048546450601244996 0.012377175394442134 -0.048498909446871089 -0.018086342591630607 0.047239403996619786 -0.05749951073966536 0.11254826517109565 0.058170327208169649 -0.10661564101684606 -0.081997874810570054 -0.049266313283869129 0.010228806338326612 -0.042480671806416556 -0.082843025420079916 0.043568969665876395 0.047246325828482406 -0.018930584127218066 -0.050289058510700979 0.034290397419427562 -0.0072709561217447413 0.032464568919086827 -0.063425058676227261 -0.038247218265132533 0.042177255541389819 -0.036838458271284423 0.16151724231187847 -0.0026080658675258881 0.054339835386214674 0.023803139831394347 -0.003353132029828362
leaf_weight=35.102648899424821 140.60199157753959 149.91101665282622 101.58655468840152 156.81982106063515 27.700301932170987 4.1095537021756163 0.90059384144842525 4.9383881613612166 2.8497249395586541 3.12153779529035 2.9199471566826096 132.96787951048464 18.96022298745811 1.3380837980657805 5.8106497959233812 11.873594381846486 37.209027821198106 14.289414909668269 48.402088813018054 9.9305744357407111 6.0930381221696717 3.0382059197872877 10.634237319231032 2.4837887957692137 2.4867778047919273 2.499828964471817 287.00005810242146 10.481731797568498 25.488055308349431 492.28542310465127
leaf_count=4284 18897 2412 11300 5495 3459 51 17 137 49 21 35 1434 138 13 126 387 284 123 1680 251 41 19 102 21 24 21 2509 172 189 6309
internal_value=6.85793e-05 0.0117703 -0.0128257 -0.00788051 0.00513113 -0.0057403 -0.0173404 0.00357827 0.00321697 0.000914023 0.00673048 0.00118356 -0.0142279 -0.00516099 -0.0164609 0.0340708 -0.0104888 -0.00365497 0.0295365 -0.00291578 -0.0304642 0.000559559 -0.00235212 -0.00163102 0.0558091 0.102039 -0.000816962 0.0243662 -0.00245323 -0.00201633
internal_weight=1753.83 919.437 834.397 732.811 778.835 697.708 157.72 751.135 746.197 596.286 262.331 211.009 78.0413 59.0811 45.8694 13.2117 43.0197 333.955 51.322 330.833 23.4207 9.13124 539.988 529.353 7.4704 4.98362 307.412 20.4123 521.883 517.773
internal_count=60000 32187 27813 16513 13290 12229 5512 9831 9694 7282 4146 2431 997 859 459 400 410 3136 1715 3115 183 60 6717 6615 66 42 2932 423 6549 6498
is_linear=0
shrinkage=0.05


Tree=85
num_leaves=31
num_cat=0
split_feature=101 102 128 120 95 73 17 12 107 120 107 120 120 105 70 102 23 30 12 102 68 6 6 92 6 93 7 126 14 14
split_gain=97.9457 70.7612 56.5828 26.5998 19.0779 16.2397 15.8169 11.256 9.11984 18.0161 7.66467 7.07206 6.61351 6.53816 5.79218 9.0118 16.0869 9.5901 9.30145 7.78367 7.45036 8.55381 7.06072 6.38305 5.72371 5.74557 5.60864 8.74138 11.8785 14.9443
threshold=1.0000000180025095e-35 0.69072249531745922 -0.22695478051900861 1.0000000180025095e-35 0.77259653806686412 0.10154888033866884 0.72962427139282238 0.42494811117649084 0.1043694131076336 1.0000000180025095e-35 0.14351415634155276 1.0000000180025095e-35 1.0000000180025095e-35 1.0000000180025095e-35 1.0000000180025095e-35 0.82664147019386303 0.87656718492507946 0.76363638043403637 0.73420497775077831 0.78143382072448742 0.6999170482158662 0.90712493658065807 0.83711913228034984 0.31350846588611608 0.80301108956336986 -0.61267119646072377 -0.62638238072395314 -0.37079732120037073 0.4468092024326325 0.40148113667964941
decision_type=2 2 2 2 2 2 2 2 2 2 2 2 2 2 2 2 2 2 2 2 2 2 2 2 2 2 2 2 2 2
left_child=2 5 6 -4 8 7 -1 -2 11 26 13 -3 -8 -11 15 16 17 19 20 22 -18 -22 23 -13 -15 -26 27 28 29 -10
right_child=1 4 3 -5 -6 -7 12 -9 9 10 -12 14 -14 24 -16 -17 18 -19 -20 -21 21 -23 -24 -25 25 -27 -28 -29 -30 -31
leaf_value=-0.051979758938678192 -0.11573617106312306 -0.052775327669381825 -0.047811134419974463 -0.0048033678422434783 0.048591062260248973 0.050355287382924607 -0.0042021484323566272 0.013136817003721938 0.017916267228587916 0.027672819041613984 0.048008063563447681 -0.024370182869678719 0.077085887573744447 -0.14554835397160309 0.0043338308931631323 -0.033067459740799499 0.063990785198043076 -0.036532042510168353 0.054593775733353868 -0.032308338606763458 -0.050420299719289234 0.042206099179673294 0.046021004124679653 0.048258442274962295 0.01143871671633729 -0.11905962404792514 -0.0015436957269559862 0.043557225460969545 0.038145538062871326 -0.151360437374368
leaf_weight=17.547059700358659 1.894355366006496 6.2568656336516133 134.30744223576039 49.093937296420336 24.957919304724783 126.73700437042862 681.39799539651722 16.04655995965004 2.5917863845825213 21.029109031893316 39.723689909558743 11.679108830168845 2.5114017562009385 0.90624712035059829 321.06239539757371 28.444694850593805 3.4621570780873325 29.008317561820149 16.36794650182128 11.91002545878291 7.5557612776756269 3.7194228041917086 11.458975485526024 4.082719466648995 4.9688844573684037 1.0159042449668048 126.87090578116477 18.507612802088261 5.4867625907063484 2.6237188279628754
leaf_count=2050 18 153 14705 1139 3321 18391 9814 241 26 1114 4118 69 89 5 2270 211 53 219 165 74 54 32 121 32 221 19 1015 182 56 23
internal_value=6.69292e-05 0.0122058 -0.0115714 -0.0362986 0.00565818 0.0440526 -0.00510628 -0.000470696 0.00407948 0.0123449 0.0338978 1.54105e-05 -0.00390365 0.0138222 0.000751463 -0.00825607 -0.00114481 -0.0147458 0.0286496 0.00140462 -0.000165245 -0.019865 0.0161552 -0.0055575 -0.0284454 -0.0107131 0.00300417 0.0227575 -0.0132118 -0.0672403
internal_weight=1733.23 848.369 884.858 183.401 703.691 144.678 701.456 17.9409 678.733 223.725 67.6438 455.008 683.909 27.9201 448.752 127.689 99.2444 68.1391 31.1053 39.1308 14.7373 11.2752 27.2208 15.7618 6.89104 5.98479 156.081 29.2099 10.7023 5.21551
internal_count=60000 32203 27797 15844 13553 18650 11953 259 10232 6779 5477 3453 9903 1359 3300 1030 819 515 304 296 139 86 222 101 245 240 1302 287 105 49
is_linear=0
shrinkage=0.05


Tree=86
num_leaves=31
num_cat=0
split_feature=101 119 124 15 95 129 107 86 110 14 107 124 12 59 13 70 12 96 23 119 6 119 108 11 110 41 119 17 126 22
split_gain=89.6718 77.675 55.079 25.4205 19.5645 7.84581 7.76091 13.0934 6.84051 17.9052 6.66861 6.22924 7.55406 5.78015 5.33165 8.17288 9.70924 10.8225 7.17788 7.44406 15.3812 6.78252 10.3063 6.87404 7.99156 6.53249 6.45639 9.86665 6.28253 8.13112
threshold=1.0000000180025095e-35 0.6919899880886079 0.8188765048980714 1.0000000180025095e-35 0.77259653806686412 -0.96592584252357472 0.1043694131076336 1.0000000180025095e-35 0.19495336711406711 0.48477640748023992 0.14351415634155276 0.069991968572139754 0.42494811117649084 2.0783256292343144 0.76363638043403637 1.0000000180025095e-35 0.76985624432563793 0.52980071306228649 0.93042463064193737 0.79188296198844921 0.8571683168411256 0.8177069127559663 0.79579704999923717 0.13474834710359576 -0.95125854015350331 0.4944294542074204 0.77130869030952465 0.68329459428787243 0.8502759337425233 0.11410588026046754
decision_type=2 2 2 2 2 2 2 2 2 2 2 2 2 2 2 2 2 2 2 2 2 2 2 2 2 2 2 2 2 2
left_child=2 11 3 -1 6 8 14 13 -5 -10 -9 12 -2 -8 21 18 17 -17 19 20 -16 22 23 24 -3 -18 -24 -28 -19 -30
right_child=1 4 -4 5 -6 -7 7 10 9 -11 -12 -13 -14 -15 15 16 25 28 -20 -21 -22 -23 26 -25 -26 -27 27 -29 29 -31
leaf_value=-0.050382189661200977 -0.11602897162728859 -0.033250461577976682 -0.048144878103360211 -0.038714150147991698 0.04857325596101561 -0.0040808683689123491 0.0051268869743905029 0.013803900290078394 -0.050562239769129325 0.38976348793872706 0.047319659594168652 0.050331742268965335 0.024619834569222475 -0.076111886605487053 -0.031015348244321173 -0.025780867732057691 0.026228780854550344 0.011025583474690737 0.052104527740451184 -0.045064720141653941 0.050628358239519056 -0.001198485939718198 0.052381907287887365 -0.023056019761295288 0.063692805035712674 -0.023460018139067586 -0.025177621191579055 0.032038254275263849 -0.064618727207640378 0.031403017472321548
leaf_weight=32.187115148175508 1.134647088125347 3.3267174623906612 90.070684526581317 23.125289546325806 25.197160363662988 729.90303764352575 156.90381272090599 28.143198195379227 0.71630569081753381 0.34067337960004807 31.400953147094697 120.71820350224152 6.0181626537814736 2.2205229029059401 20.641658536158506 48.683919619768858 42.581111833453178 59.878963521681726 3.1235051481053224 26.228878401219845 8.0063350480049831 149.63836911320686 19.169074063189328 21.11486063990742 5.8892961889505404 7.8310489840805522 10.245186654850839 28.482575088739395 6.5065362043678743 3.3346320688724518
leaf_count=4319 15 19 10841 1883 3533 10654 1607 1419 67 33 3355 18503 148 21 156 378 341 421 32 197 131 1042 285 148 40 50 66 229 34 33
internal_value=6.78004e-05 0.0117783 -0.0111092 -0.00686659 0.00530536 -0.00500918 0.00370995 0.0114776 -0.0330288 0.0913585 0.0314786 0.0476454 0.00230878 0.00399323 5.46769e-05 -0.00543 0.000133248 -0.00769095 -0.0216224 -0.0258188 -0.00819815 0.00528458 0.0162802 -0.00733028 0.0286991 0.0185101 0.0286492 0.0169022 0.00494081 -0.0320822
internal_weight=1712.76 836.419 876.343 786.272 708.548 754.085 683.351 218.668 24.1823 1.05698 59.5442 127.871 7.15281 159.124 464.683 226.817 168.816 118.404 58.0004 54.8769 28.648 237.866 88.2277 30.3309 9.21601 50.4122 57.8968 38.7278 69.7201 9.84117
internal_count=60000 32203 27797 16956 13537 12637 10004 6402 1983 100 4774 18666 163 1628 3602 1773 1257 866 516 484 287 1829 787 207 59 391 580 295 488 67
is_linear=0
shrinkage=0.05


Tree=87
num_leaves=31
num_cat=0
split_feature=124 119 15 120 39 128 0 108 119 70 23 119 12 74 12 22 6 73 68 119 77 62 12 23 119 104 12 102 6 6
split_gain=83.8214 65.0777 36.5696 23.7585 60.9007 30.6385 9.8349 6.79343 26.0242 12.8407 13.2885 22.1953 10.9441 8.62424 8.44362 10.9834 7.39447 7.35347 6.91871 8.21069 7.5143 6.78493 6.46927 6.82624 6.25298 10.1763 8.25344 6.92416 7.17924 6.90545
threshold=0.8188765048980714 0.62131977081298839 1.0000000180025095e-35 1.0000000180025095e-35 0.17939504981040957 -0.22695478051900861 0.72953033447265636 0.79579704999923717 0.77130869030952465 1.0000000180025095e-35 0.87905544042587291 0.84811806678771984 0.71469494700431835 0.83791020512580883 0.78930434584617626 0.090998381376266493 0.90844395756721508 0.069953888654708876 0.72562196850776683 0.72977426648139965 0.77259656786918651 0.21919743716716769 0.65512958168983471 0.76502352952957164 0.8213065266609193 1.0000000180025095e-35 0.70907047390937816 0.81833845376968395 0.85285279154777538 0.8863273859024049
decision_type=2 2 2 2 2 2 2 2 2 2 2 2 2 2 2 2 2 2 2 2 2 2 2 2 2 2 2 2 2 2
left_child=1 2 -1 5 7 6 -3 18 13 10 -10 12 16 14 -9 -16 -12 -14 19 22 -20 -13 -5 -24 26 29 -11 28 -28 -26
right_child=-2 3 -4 4 -6 -7 -8 8 9 24 11 21 17 -15 15 -17 -18 -19 20 -21 -22 -23 23 -25 25 -27 27 -29 -30 -31
leaf_value=-0.050352122885659517 -0.047865670593342638 -0.049954514156233358 0.050071371046558233 -0.063492535877239076 0.049038972262265529 -0.043831739859001496 -0.0023967319805915364 -0.0023728663125526395 -0.033668876157750313 -0.0040704360596446991 -0.040145349135184728 0.018670916965730318 0.10762761954742171 0.055166887627975149 0.1810521372662246 0.032938557566147102 0.048877598808276197 0.035879360835707648 -0.084686290843555265 -0.063765331700254391 0.004483937661744839 -0.045495080333477156 -0.04201758362811947 0.034188669862114787 -0.074017221626017315 0.0044932372767052279 0.0047265867548035622 0.10306470410550135 0.064564434112832733 -0.010973196856449919
leaf_weight=10.013783471193163 86.548584709409624 11.015805032569913 95.725244160275906 4.1996295410208466 77.252530538477004 48.664152572862804 826.61793970409781 20.574954456649721 52.164943554904312 17.069235599599779 6.8283113520592469 5.1695656171068576 4.80437286756933 27.438264323398471 1.4158273357897986 10.794648832175879 3.5429032240062952 13.912617240566759 2.4981043385341755 11.749397616833447 43.553276139311492 20.287793049588799 4.4873603451997033 8.514255899935959 6.7897396059706834 236.10177827114239 11.972098006866878 3.8211987782269707 8.6230586729943735 12.056082534603773
leaf_count=1444 10849 1278 15221 43 10226 4125 10682 303 492 152 44 55 31 966 11 180 28 169 35 102 404 215 47 130 69 2328 115 37 103 116
internal_value=6.69496e-05 0.00264741 0.040561 -2.1803e-05 0.00752371 -0.00526291 -0.00302217 0.00156653 0.00382622 -0.000753615 -0.0156265 0.00162852 0.0314665 0.0344841 0.0171746 0.0501126 -0.00973428 0.0542961 -0.012394 -0.031547 -0.000353193 -0.032465 -0.00954013 0.00788695 0.00460033 0.00167097 0.0226026 0.0412494 0.0297803 -0.0336866
internal_weight=1694.21 1607.66 105.739 1501.92 615.622 886.298 837.634 538.369 463.367 403.144 106.711 54.5456 29.0882 60.2237 32.7854 12.2105 10.3712 18.717 75.002 28.9506 46.0514 25.4574 17.2012 13.0016 296.433 254.948 41.4856 24.4164 20.5952 18.8458
internal_count=60000 49151 16665 32486 16401 16085 11960 6175 5414 3954 1034 542 272 1460 494 191 72 200 761 322 439 270 220 177 2920 2513 407 255 218 185
is_linear=0
shrinkage=0.05


Tree=88
num_leaves=31
num_cat=0
split_feature=124 119 15 135 78 15 130 119 108 42 75 13 76 12 79 13 113 12 22 39 7 58 75 102 109 92 6 126 22 5
split_gain=79.223 62.0114 34.7549 21.7198 22.8517 15.7439 10.2463 10.01 17.789 8.04825 6.61947 16.1206 6.30178 8.10955 6.08782 10.2328 11.6999 7.66463 6.01588 6.01302 5.74385 9.66588 15.5207 7.46224 8.23622 6.50565 17.4091 5.82231 5.94393 11.0392
threshold=0.8188765048980714 0.62131977081298839 1.0000000180025095e-35 1.0000000180025095e-35 0.79335334897041332 1.0000000180025095e-35 1.0000000180025095e-35 0.75870630145072948 0.81688216328620922 -0.35320907831192011 -1.9262837171554563 0.76363638043403637 0.054546665400266654 0.78449127078056347 -0.44123397767543787 0.93636366724967968 -0.15540846437215802 0.73052847385406505 0.071480996906757369 0.055418888106942184 -0.61776620149612416 -0.47438432276248926 -0.40538766980171198 0.82097217440605175 -0.4382729679346084 -1.2438824176788328 0.87899804115295421 -0.59364283084869374 0.82715725898742687 0.85000106692314159
decision_type=2 2 2 2 2 2 2 2 2 2 2 2 2 2 2 2 2 2 2 2 2 2 2 2 2 2 2 2 2 2
left_child=1 2 -1 5 7 -3 9 8 12 10 11 -7 13 -5 15 16 -8 -18 19 -11 25 22 23 24 -22 26 -16 -27 -29 -30
right_child=-2 3 -4 4 -6 6 14 -9 -10 18 -12 -13 -14 -15 20 -17 17 -19 -20 -21 21 -23 -24 -25 -26 27 -28 28 29 -31
leaf_value=-0.050334830823696476 -0.047653776932755104 -0.050355200942493863 0.050024151920073902 -0.040016002782468904 0.048838901422975076 0.35107536039096837 -0.052870090413350612 0.0021313676728626891 0.046007354386437133 -0.051291719073002132 0.01207187175439337 -0.051587360660619475 0.028745887030961287 0.017484096044575521 -0.051657231170484257 -0.053071730476392666 0.18858647120930111 0.050092489247569962 -0.024043477543757782 0.15113959119089224 0.14409286552189865 -0.0013644031093817291 0.15656279519443075 -0.026378107528428882 -0.00071361662184203959 -0.042445472432018821 0.31569911237162951 -0.011504061845540505 0.12602107592991396 -0.030193629785738627
leaf_weight=9.5285951625555736 82.68453537626192 19.784069336950779 91.140470805112273 15.21624241396785 29.546084368601441 0.49665794195607293 1.264994293451309 682.73481766786426 36.941727727185935 0.58883555885404237 7.3320990535430592 0.49759663036093116 10.788320502266286 10.271080918610094 0.79205930046737083 2.0045418180525303 2.0649618729948989 1.9352796860039232 103.69762306194752 0.97303562983870506 1.8166201934218409 417.09712479682639 2.4596848618239155 4.9327765926718712 2.1371934013441187 14.899176149163393 0.54402378015220165 116.71953194681555 2.2330129081383339 2.2914224560372531
leaf_count=1444 10849 2875 15221 284 4647 20 26 7836 3504 28 238 24 405 282 30 40 38 37 4772 27 22 4776 33 120 27 432 17 1819 46 81
internal_value=6.54438e-05 0.00254273 0.0405249 -1.99246e-05 0.00570155 -0.00638059 -0.00511381 0.00401554 0.021585 -0.0188332 0.0284887 0.149554 -0.00328575 -0.0168442 -0.00239513 0.043069 0.079671 0.121584 -0.0225765 0.0748217 -0.00297916 -0.000125743 0.0454083 0.0146422 0.0658192 -0.0118716 0.0979222 -0.0129491 -0.00932441 0.0469054
internal_weight=1675.41 1592.73 100.669 1492.06 785.498 706.562 686.778 755.952 73.2174 113.586 8.32635 0.994255 36.2756 25.4873 573.192 7.26978 5.26524 4.00024 105.259 1.56187 565.923 428.443 11.3463 8.88659 3.95381 137.479 1.33608 136.143 121.244 4.52444
internal_count=60000 49151 16665 32486 16958 15528 12653 12311 4475 5109 282 44 971 566 7544 141 101 75 4827 55 7403 4978 202 169 49 2425 47 2378 1946 127
is_linear=0
shrinkage=0.05


Tree=89
num_leaves=31
num_cat=0
split_feature=135 119 107 15 78 130 73 42 45 24 0 127 45 110 76 12 130 110 93 41 31 8 76 31 96 110 59 42 92 113
split_gain=69.776 74.2923 45.801 22.1937 16.8289 9.71264 8.48013 7.2564 6.24504 10.1355 5.46667 7.2862 5.45598 5.45812 5.54662 5.85237 5.4243 5.3175 5.57396 5.56321 5.26433 5.61177 7.75502 9.08062 6.07482 5.25956 5.17336 8.43755 8.28896 9.62788
threshold=1.0000000180025095e-35 0.69606900215148937 0.83028069138526928 1.0000000180025095e-35 0.79335334897041332 1.0000000180025095e-35 0.038906782865524299 -0.35320907831192011 -0.86009725928306568 -1.6361196041107176 0.72600188851356517 0.0795731656253338 0.033016044646501548 2.00095546245575 1.8532689213752749 0.70447996258735668 -0.43885225057601923 1.9483364224433901 1.9444903135299685 2.6212375164031987 0.52532190084457409 1.9724550843238833 1.9436787366867068 0.45591865479946142 1.8290708065032961 1.9668063521385195 1.9395657777786257 1.7710298895835879 1.5503800511360171 2.1555757522583012
decision_type=2 2 2 2 2 2 2 2 2 2 2 2 2 2 2 2 2 2 2 2 2 2 2 2 2 2 2 2 2 2
left_child=2 -2 3 -1 12 7 -7 -5 9 -8 16 -12 -3 17 15 -15 -9 18 19 26 21 22 24 -24 -19 -26 -14 -28 -29 -30
right_child=1 4 -4 5 -6 6 8 10 -10 -11 11 -13 13 14 -16 -17 -18 20 -20 -21 -22 -23 23 -25 25 -27 27 28 29 -31
leaf_value=-0.050331645939259775 0.048000766633385483 0.01159849799742408 -0.048958501622794581 0.025493544499889255 0.048219139886971352 -0.043038061743378618 0.011831085498757958 0.13678669895379886 -0.0021083985857223669 0.17216015086276104 -0.033258432848632558 -0.0039439319325701733 0.00023251703965947233 -0.071489520704579063 0.038803665318317027 0.030523393240036639 0.00060827609025329587 0.023049801392282698 0.021792381065213803 0.061976304761938363 -0.091717190255991621 0.047738983626012393 -0.10853963323234579 0.010029037125347849 0.0010447195427397127 -0.093470623750765147 -0.090212429962080787 0.02307705152991955 -0.12795272339369052 0.0088236237429956017
leaf_weight=28.273029574658722 111.16148426244035 146.8240625099279 71.189386440906674 8.6365523743443173 21.139469342306256 12.624999884515999 3.8186585418879986 1.0023128585889938 559.34483407717198 1.3287372943013895 70.129202171228826 30.379535822197795 489.13264961028472 2.6978147104382542 17.277211727574468 2.9359453599900007 2.703982096631079 8.8667460316792219 30.29139398643747 3.5629187868908039 2.4393247389234594 3.1401201896369448 4.5852970299310973 2.4926000046543777 3.207177195698022 2.7204746142961085 4.1002215817570713 8.1834119781851751 2.5118860355578354 2.6376462024636567
leaf_count=4375 18897 2412 10128 291 3390 903 64 24 7065 24 3509 1380 6338 27 197 33 50 86 335 74 23 36 39 25 28 35 32 123 26 31
internal_value=5.86546e-05 0.00982599 -0.0107044 -0.00691278 0.00423312 -0.0051336 -0.00251031 -0.0185489 -0.0016039 0.0532181 -0.0221989 -0.0243979 0.0029725 0.000828732 0.0247553 -0.0183271 0.0374357 -0.000136595 0.000953885 -0.000283503 -0.021604 -0.0147662 -0.0237399 -0.0667837 -0.00314694 -0.0423328 -0.000721405 -0.0274862 -0.00819624 -0.0578944
internal_weight=1659.34 869.908 789.431 718.242 758.746 689.969 577.117 112.852 564.492 5.1474 104.215 100.509 737.607 590.783 22.911 5.63376 3.70629 567.872 540.42 510.129 27.4517 25.0124 21.8723 7.0779 14.7944 5.92765 506.566 17.4332 13.3329 5.14953
internal_count=60000 32187 27813 17685 13290 13310 8056 5254 7153 88 4963 4889 9900 7488 257 60 74 7231 6959 6624 272 249 213 64 149 63 6550 212 180 57
is_linear=0
shrinkage=0.05


Tree=90
num_leaves=31
num_cat=0
split_feature=124 119 32 120 39 128 0 13 130 119 6 6 119 104 6 29 77 7 68 88 119 8 14 85 17 6 127 130 76 14
split_gain=70.9289 56.53 31.4072 19.3693 55.4489 27.8277 8.69267 6.42501 9.7055 7.09915 11.5151 6.23745 11.051 12.7963 10.0786 9.44804 8.77599 6.9614 5.94348 7.84689 8.75713 6.7843 6.10844 6.88282 6.54052 5.90688 5.86738 5.8109 6.8935 5.78769
threshold=0.8188765048980714 0.62131977081298839 1.0000000180025095e-35 1.0000000180025095e-35 0.17939504981040957 -0.22695478051900861 0.72953033447265636 0.76363638043403637 -0.45908114314079279 0.80182123184204113 0.83641409873962413 0.79743528366088878 0.77130869030952465 1.0000000180025095e-35 0.85438916087150585 0.67420941591262828 0.83146956562995922 -0.63479915261268605 0.65515419840812694 1.0000000180025095e-35 0.75870630145072948 -1.0299227237701414 0.45142881572246557 0.74160608649253856 0.80012789368629467 0.79490104317665111 -0.86191910505294789 0.16213840246200564 -1.0598800778388975 0.40014199912548071
decision_type=2 2 2 2 2 2 2 2 2 2 2 2 2 2 2 2 2 2 2 2 2 2 2 2 2 2 2 2 2 2
left_child=1 2 -1 5 7 6 -3 9 -9 10 18 16 14 27 15 -13 -10 -18 -5 21 25 -20 23 -23 -25 -21 -8 -14 -29 -11
right_child=-2 3 -4 4 -6 -7 26 8 11 29 -12 12 13 -15 -16 -17 17 -19 19 20 -22 22 -24 24 -26 -27 -28 28 -30 -31
leaf_value=-0.050302766563860936 -0.047294432890683656 -0.049514886434903371 0.049944764625844629 0.054718109026414219 0.048839145648245597 -0.043134476283599149 0.084670453408772287 0.098624825149467521 -0.092448025422119662 0.014673162809729808 0.044367955746900702 -0.039463000974916673 0.026285431556425695 0.00079751051230337255 0.06458532828532132 0.027701384463071407 0.079253165868224437 -0.020339128643768647 -0.034130123770601241 -0.030211113063134301 -0.069905681680762097 -0.042115746307063523 0.06266468772926026 0.058683338383214538 -0.051979698368316486 0.052949844021292519 -0.0023507049777144709 0.017963802985313585 -0.043242794725243866 -0.0042039192750938335
leaf_weight=8.627073154319076 75.45730943698436 9.8003420657478255 82.806679064407945 5.2331762611865988 69.616172599606216 44.858972443733364 1.9416170548647631 2.2803784580901256 4.0980632225982836 59.058287152089179 29.301799963228405 7.6923114280216423 4.2111692056059828 144.55186371970922 10.692281534429638 16.397827180102468 1.8493575635366131 34.254651352763176 5.4928630325011936 5.147743761539461 7.2603881051763883 4.5835067206062394 7.9671434238553038 6.2092429297044873 1.7009691968560217 3.6488631786778569 818.55915840063244 5.2779516298323861 35.827831561677158 129.94920937903225
leaf_count=1444 10849 1278 15221 171 10226 4125 41 22 64 602 645 105 60 1514 401 280 25 315 41 38 58 47 79 80 10 39 10641 46 344 1189
internal_value=5.66999e-05 0.00233409 0.0404861 -2.69713e-05 0.00687391 -0.0047763 -0.00270391 0.00138952 -0.00408545 0.00689709 0.0197433 -0.00496979 -0.00172385 -0.00647031 0.0241859 0.00625488 -0.0231083 -0.0152377 0.00447056 -0.00178866 -0.0292617 0.0152083 0.0284535 0.00663737 0.034887 0.00428434 -0.00214478 -0.0296532 -0.0353839 0.00169451
internal_weight=1644.35 1568.9 91.4338 1477.46 602.303 875.16 830.301 532.687 267.134 265.553 76.5457 264.853 224.651 189.869 34.7824 24.0901 40.2021 36.104 47.2439 42.0107 16.057 25.9537 20.4609 12.4937 7.91021 8.79661 820.501 45.317 41.1058 189.007
internal_count=60000 49151 16665 32486 16401 16085 11960 6175 3176 2999 1208 3154 2750 1964 786 385 404 340 563 392 135 257 216 137 90 77 10682 450 390 1791
is_linear=0
shrinkage=0.05


Tree=91
num_leaves=31
num_cat=0
split_feature=124 119 15 15 112 119 6 135 112 110 31 12 26 62 58 62 110 59 92 92 129 127 59 5 28 12 31 31 11 42
split_gain=67.0052 53.847 29.8476 17.6264 24.4029 10.6601 24.0476 7.88985 8.40325 9.16066 12.555 7.81402 6.13648 6.46232 5.83748 12.5503 7.62922 6.59659 10.9804 12.6682 10.5122 9.42018 12.1431 14.1118 15.1194 9.38802 6.71406 7.33 8.675 6.42727
threshold=0.8188765048980714 0.62131977081298839 1.0000000180025095e-35 1.0000000180025095e-35 0.70710688829422008 0.74386104941368114 0.79899394512176525 1.0000000180025095e-35 -0.9807852804660796 0.19495336711406711 0.48477640748023992 0.43585084378719335 -0.88144907355308522 1.2219581604003908 -0.10381598398089407 0.37797369062900549 2.0740687847137456 -0.0048529768828302613 0.42379988729953771 0.36798374354839331 -0.55557018518447865 -0.010120828635990618 0.05769805051386357 0.73934027552604686 0.08031689748167993 0.49259498715400701 0.35248862206935888 0.49395371973514562 -0.099955245852470384 -1.2549818158149717
decision_type=2 2 2 2 2 2 2 2 2 2 2 2 2 2 2 2 2 2 2 2 2 2 2 2 2 2 2 2 2 2
left_child=1 2 -1 -3 5 6 11 8 9 -7 -11 -5 13 -13 16 17 29 20 19 21 -16 -19 -23 -24 -25 -22 -27 28 -28 -10
right_child=-2 3 -4 4 -6 7 -8 -9 14 10 -12 12 -14 -15 15 -17 -18 18 -20 -21 25 22 23 24 -26 26 27 -29 -30 -31
leaf_value=-0.050287913700011011 -0.047053207170393893 -0.050310577973364759 0.049895193975622899 -0.11760588681143046 0.044732684425056235 -0.050716376727536462 0.042996443990977157 0.002273893543048335 0.096913132113262149 -0.050470952272926528 0.32064707517809043 0.27358868150783494 -0.013102721975298534 0.036675182147189532 -0.039579593846266498 -0.0036435023740566184 0.11874554648983338 -0.052764514429320779 -0.021056902400622 0.24337822592767294 0.11898624124177724 0.23337459699606988 -0.035462560330624997 0.31286302945687672 0.0087992516479785503 -0.044912632559221177 -0.019280230263810441 -0.021868289003326373 0.072321938008306969 -0.010586307388004527
leaf_weight=8.2086884072050434 72.136040993500501 17.221693092491478 78.844455804210156 1.6779955625534047 30.624225244857371 14.98697336344048 42.598090434446931 693.85515974275768 1.397018790245055 0.52292946586385447 0.40392281208187342 0.32912973267957513 32.462406897451729 2.2943314341828227 7.0673331329599014 292.03151145670563 1.1537101939320553 1.348639976698905 2.9804220963269472 1.1723483502864835 2.6236885413527551 1.2175651439465562 2.0673684310168032 0.81913253013044574 0.8162022540345788 3.4696745444089201 3.4446771610528311 4.8759413398802272 10.351985340006642 295.53485944727436
leaf_count=1444 10849 2875 15221 17 5150 1594 3246 8142 8 58 30 11 547 144 154 3231 15 35 41 14 23 22 28 16 29 43 35 46 90 6842
internal_value=5.64726e-05 0.00223991 0.0404484 -2.3794e-05 0.000572589 -0.000378777 0.0174274 -0.00143167 -0.0053977 -0.0412824 0.111263 -0.0121994 -0.00715829 0.0663975 -0.00449465 4.17069e-05 -0.00958193 0.0255108 0.0600381 0.0925189 0.0142072 0.0643067 0.0963957 0.0513528 0.161104 0.029556 0.0189592 0.0308277 0.0494512 -0.0100805
internal_weight=1628.54 1556.4 87.0531 1469.35 1452.13 1421.5 79.362 1342.14 648.286 15.9138 0.926852 36.7639 35.0859 2.62346 632.372 334.286 298.086 42.255 10.4217 7.44126 31.8333 6.26891 4.92027 3.7027 1.63533 24.766 22.1423 18.6726 13.7967 296.932
internal_count=60000 49151 16665 32486 29611 24461 3965 20496 12354 1682 88 719 702 155 10672 3807 6865 576 185 144 391 130 95 73 45 237 214 171 125 6850
is_linear=0
shrinkage=0.05


Tree=92
num_leaves=31
num_cat=0
split_feature=124 119 32 32 129 119 6 135 129 110 110 6 12 25 25 96 111 110 45 59 8 14 111 119 109 6 58 62 110 93
split_gain=63.264 51.3068 28.365 16.7498 22.9263 9.49483 22.32 7.33329 7.89022 7.2077 7.19683 11.4016 6.92837 5.47437 9.82858 10.7255 5.45933 5.29697 5.42091 5.70873 9.37376 6.1747 6.10067 5.98931 6.17845 5.19195 4.98039 11.6076 6.78539 6.08153
threshold=0.8188765048980714 0.62131977081298839 1.0000000180025095e-35 1.0000000180025095e-35 0.68322628736495983 0.74386104941368114 0.79899394512176525 1.0000000180025095e-35 -0.97335556149482716 1.9744851589202883 0.19495336711406711 0.89817622303962719 0.43585084378719335 1.9728344678878786 1.926421642303467 1.96511447429657 -0.99144485592842091 2.00095546245575 0.033016044646501548 0.16990113258361819 0.076392859220504775 0.44344586133956915 0.99892947077751171 0.95412051677703869 -0.34576858580112452 0.85394814610481273 -0.10381598398089407 0.37797369062900549 2.0277433395385747 1.8273696303367617
decision_type=2 2 2 2 2 2 2 2 2 2 2 2 2 2 2 2 2 2 2 2 2 2 2 2 2 2 2 2 2 2
left_child=1 2 -1 -3 5 6 12 8 10 -6 -7 -12 -5 14 26 25 -14 18 19 22 -21 -22 23 -9 -25 -16 28 -28 29 -10
right_child=-2 3 -4 4 9 7 -8 17 13 -11 11 -13 16 -15 15 -17 -18 -19 -20 20 21 -23 -24 24 -26 -27 27 -29 -30 -31
leaf_value=-0.050273793519054914 -0.046799958545273135 -0.050295344562202506 0.049844668241519743 -0.11038920543017774 0.044943620390844673 -0.047722405716463287 0.041938239078975217 0.015743402761619018 -0.0086323872006088716 -0.15960039419860073 0.0049502342844575031 0.40808147767310637 0.09967904641082409 -0.041354179818791768 0.040430255407595081 -0.035563646201101883 -0.010619765025265449 0.025729962119663236 -0.00094859554504534652 -0.079957311711671045 -0.041751241271572738 0.048937404743793753 -0.10073665848443938 -0.15205231216180543 0.017454956779753915 0.13968674369821554 0.024183357970607458 -0.0038731790576557318 0.076799581751682056 -0.05444547405773198
leaf_weight=7.8104838011786333 68.980007296893746 16.38661732012406 75.073295475915074 1.6977686318568874 31.882190390024334 15.722269076853992 40.99258435331285 124.05728050880134 284.55834073806182 0.43658582167699833 0.898189132567494 0.21795301185920835 1.1603392157703627 9.8277012109756452 2.5229106470942488 2.3809443488717079 33.827604664489627 23.074705923907459 529.00463100988418 4.4918469991534931 3.2322060205042362 4.4763473961502314 1.1629443326964963 1.0895204166881742 1.0611729486845423 2.7575389072299004 42.616403806954622 273.153215800412 2.2796819731593123 7.4331495091319075
leaf_count=1444 10849 2875 15221 17 5285 1732 3166 2076 6604 18 77 17 39 99 21 24 654 207 5653 31 20 32 23 20 21 21 563 3061 29 101
internal_value=4.93858e-05 0.00214069 0.0404101 -2.82805e-05 0.000541359 -0.000410561 0.0165833 -0.00139861 -0.00523647 0.0421805 -0.0390129 0.0836711 -0.0117483 -0.00433016 -0.0037411 0.0525385 -0.00696182 0.00217689 0.001364 0.0101292 -0.0225438 0.0109115 0.0132588 0.0143093 -0.0684158 0.0922637 -0.00444791 -8.66567e-05 -0.00912777 -0.00979864
internal_weight=1614.27 1545.29 82.8838 1462.4 1446.02 1413.7 77.6783 1336.02 644.368 32.3188 16.8384 1.11614 36.6857 627.53 617.702 7.66139 34.9879 691.651 668.576 139.571 12.2004 7.70855 127.371 126.208 2.15069 5.28045 610.041 315.77 294.271 291.991
internal_count=60000 49151 16665 32486 29611 24308 3876 20432 12349 5303 1826 94 710 10523 10424 66 693 8083 7876 2223 83 52 2140 2117 41 42 10358 3624 6734 6705
is_linear=0
shrinkage=0.05


Tree=93
num_leaves=31
num_cat=0
split_feature=120 39 128 0 127 13 130 102 6 34 12 45 75 23 102 17 42 42 70 102 6 12 45 24 39 104 45 92 12 8
split_gain=51.4168 98.9313 70.2716 11.3525 5.79962 5.6611 7.83632 6.50478 12.5871 9.6743 5.97625 7.57156 6.31759 6.26028 16.7853 7.51964 6.23218 6.89611 5.82888 9.35304 18.6614 8.80543 9.81051 8.59393 7.92422 7.14744 7.53803 6.31785 8.58788 14.7563
threshold=1.0000000180025095e-35 0.17939504981040957 -0.22695478051900861 0.72953033447265636 -1.1034095287322996 0.76363638043403637 -0.45908114314079279 0.78143382072448742 0.79569438099861156 0.70134833455085765 0.81298899650573742 0.095320131629705443 0.40080368518829351 0.88756507635116588 0.87190279364585888 0.8511943817138673 -0.86770886182785023 -0.79232004284858693 1.0000000180025095e-35 0.76524153351783764 0.85438916087150585 0.76985624432563793 0.4032007902860642 0.46763204038143164 0.071004956960678114 1.0000000180025095e-35 0.42349579930305487 -0.0070418021641671649 0.67726421356201183 -0.978990077972412
decision_type=2 2 2 2 2 2 2 2 2 2 2 2 2 2 2 2 2 2 2 2 2 2 2 2 2 2 2 2 2 2
left_child=2 5 3 -1 -5 7 -7 8 -2 -9 11 -11 -13 15 -15 -12 -14 -18 19 20 -8 22 27 -23 -22 -24 -27 -20 -29 -30
right_child=1 -3 -4 4 -6 6 18 9 -10 10 13 12 16 14 -16 -17 17 -19 21 -21 24 23 25 -25 -26 26 -28 28 29 -31
leaf_value=-0.049725564768023374 -0.011068159270883289 0.04955113821323695 -0.046701306270389362 0.11798130069731667 -0.0021414751628354594 0.084526207434265976 -0.022075881536294653 -0.082842291499024612 0.036811415262243463 0.033871827282578808 -0.035998373660900918 -0.0033244547845439907 -0.0046998403661046287 0.060839027036391463 -0.056757152493023724 0.043538667578861642 0.09919152604980512 0.024990872843136482 -0.0071764205078506463 -0.035184858540536865 0.18219108998986644 0.023281580764842977 -0.024167134360522067 -0.035066129600949666 0.042085693280589691 0.097580063379229975 0.00888165203059001 -0.016556351513728307 -0.20753638010571987 -0.049124070920548171
leaf_weight=12.649259704165159 20.765053513459861 131.32563998107798 101.91977881779894 1.0060539534315456 819.8285831939429 2.4767723968252531 25.519044518936425 3.3053562715649596 40.497104655951262 23.698381543159485 25.130886090919379 98.923386933747679 14.326851884834467 7.8689321894198638 4.939149709418416 3.3701661713421336 3.7724859705194822 18.42435253132135 31.623138060793281 35.620816980488598 1.1319456882774819 50.657779454719275 16.979079567827284 7.2088521304540327 9.3086036993190628 2.4986786022782317 57.914801063481718 16.432548737619076 1.7283235331997264 9.8386465972289425
leaf_count=2055 268 25050 14861 16 11104 33 382 30 899 301 271 979 126 80 46 39 33 165 556 435 8 713 227 73 285 33 620 187 20 105
internal_value=4.6518e-05 0.0106724 -0.0075109 -0.00271864 -0.00199425 0.00111029 -0.0040004 0.00629652 0.0205824 0.00200133 0.00340034 0.00779882 0.00323698 -0.013545 0.0154907 -0.0265934 0.0210084 0.0376017 -0.00482326 -0.0170253 0.000963138 -0.000341423 -0.00724842 0.0160128 0.0572757 0.00449481 0.0125502 -0.0224916 -0.0397888 -0.0727939
internal_weight=1600.69 665.287 935.404 833.484 820.835 533.961 268.939 265.022 61.2622 203.76 200.455 159.145 135.447 41.3091 12.8081 28.5011 36.5237 22.1968 266.462 71.5804 35.9596 194.882 137.015 57.8666 10.4405 77.3926 60.4135 59.6227 27.9995 11.567
internal_count=60000 31964 28036 13175 11120 6914 3677 3237 1167 2070 2040 1604 1303 436 126 310 324 198 3644 1110 675 2534 1748 786 293 880 653 868 312 125
is_linear=0
shrinkage=0.05


Tree=94
num_leaves=31
num_cat=0
split_feature=124 119 15 15 78 119 6 12 129 42 7 59 76 135 12 96 113 11 11 112 90 42 58 119 12 42 126 130 104 6
split_gain=56.8617 46.6277 25.6715 15.2668 20.7613 9.88683 14.2131 7.40616 7.38135 6.26619 7.41789 6.94169 7.17368 6.32503 6.69222 8.25485 11.9559 7.34194 12.9652 6.51515 5.89188 5.60702 8.29511 11.3118 5.5716 6.18949 5.53358 5.48406 6.16331 12.2905
threshold=0.8188765048980714 0.62131977081298839 1.0000000180025095e-35 1.0000000180025095e-35 0.79335334897041332 0.7215886414051057 0.78167855739593517 0.42494811117649084 -0.0979645401239395 2.0256479978561406 0.24846334010362628 1.9395657777786257 1.8837323188781741 1.0000000180025095e-35 0.53577989339828502 0.95482200384140026 1.8073961734771731 0.74255946278572094 0.35949537158012396 -0.9807852804660796 0.066103972494602217 1.7006948590278628 1.341906785964966 0.86209991574287426 0.88420024514198314 0.10411649942398073 -1.0486636161804197 0.034055428579449661 1.0000000180025095e-35 0.83856895565986644
decision_type=2 2 2 2 2 2 2 2 2 2 2 2 2 2 2 2 2 2 2 2 2 2 2 2 2 2 2 2 2 2
left_child=1 2 -1 -3 5 6 26 -8 9 11 -11 13 -13 19 15 -15 17 18 -17 -7 -16 22 -21 -24 25 -14 -5 -10 29 -29
right_child=-2 3 -4 4 -6 8 7 -9 27 10 -12 12 24 14 20 16 -18 -19 -20 21 -22 -23 23 -25 -26 -27 -28 28 -30 -31
leaf_value=-0.050248130557479891 -0.046357852453360382 -0.05027113209921466 0.049747429470415251 0.17526049750082345 0.04821755150335591 -0.040181617357814836 -0.072279714396480121 0.049289225396339724 0.032035621858266465 0.1174490885384617 -0.010499160248368783 -0.083865974767971252 -0.077509614305369068 -0.00012199787443389094 -0.024550841666991979 -0.019832770023946424 0.028165005476948515 -0.024956962435329424 -0.15217794969037129 -0.0056433372152179702 0.0062903173390994604 -0.037112226432455958 0.13944735283757059 -0.027962521906477762 -0.074765267682309899 0.015136572418443432 -0.021089889655141539 -0.05050726396198562 0.0051866978531335643 0.0014502820392518878
leaf_weight=7.0851284773088983 63.38021647837013 14.957275795750318 68.210911113303155 0.3678341615013786 22.444108764175326 14.302039823960511 1.3127699922770286 27.432742777746171 16.830240642651916 2.3184562800452104 2.2150828093290329 5.1232214695774045 2.178926524706184 34.734010152518749 16.36457766033709 3.1547254952602106 4.6529870964586726 6.4350657723844051 4.4763989886268973 472.20828968845308 288.36250767996535 14.018735755234955 2.2943831412121645 1.8011671025305984 3.1956228916533282 10.44261099398136 14.649978097295385 15.403506863862274 403.46863359306008 43.593197066802531
leaf_count=1444 10849 2875 15221 8 4647 1700 30 3050 848 20 21 44 18 255 84 21 25 50 36 9299 2346 173 27 21 29 101 268 142 5687 661
internal_value=4.61392e-05 0.00197595 0.0403382 -1.78709e-05 0.000506373 -0.000252364 0.0231416 0.0437373 -0.00100099 -0.00369928 0.0549337 -0.00400006 -0.0324449 -0.00330971 0.00177164 -0.0145466 -0.0413119 -0.0642943 -0.0974661 -0.00691642 0.00463407 -0.00594612 -0.00502883 0.0658228 -0.0157894 -0.000857456 -0.0162806 0.00399977 0.00297947 -0.0121154
internal_weight=1587.42 1524.04 75.296 1448.74 1433.78 1411.34 43.7633 28.7455 1367.57 888.279 4.53354 883.745 20.9404 862.805 358.18 53.4532 18.7192 14.0662 7.63112 504.625 304.727 490.323 476.304 4.09555 15.8172 12.6215 15.0178 479.296 462.465 58.9967
internal_count=60000 49151 16665 32486 29611 24964 3356 3080 21608 14270 41 14229 192 14037 2817 387 132 107 57 11220 2430 9520 9347 48 148 119 276 7338 6490 803
is_linear=0
shrinkage=0.05


Tree=95
num_leaves=31
num_cat=0
split_feature=124 119 15 15 78 119 6 90 87 40 119 15 28 29 17 6 119 5 29 109 9 107 8 127 92 58 109 22 127 25
split_gain=53.6642 44.3995 24.3948 14.5124 19.6996 9.20286 25.6375 6.0154 8.56545 16.1787 29.686 9.95346 9.89731 8.64228 8.56698 7.6021 19.848 7.71879 5.81793 6.55363 5.47515 6.57453 13.5191 8.08978 10.7472 7.82291 14.0887 6.91639 6.47798 5.81203
threshold=0.8188765048980714 0.62131977081298839 1.0000000180025095e-35 1.0000000180025095e-35 0.79335334897041332 0.75870630145072948 0.80301108956336986 0.69215291738510143 1.0000000180025095e-35 0.85712382197380077 0.8213065266609193 0.75000000000000011 0.13897864520549777 0.54782027006149303 0.64414232969284069 0.9065462350845338 0.86615723371505748 0.11383711174130441 0.78449127078056347 1.2038244009017947 0.22695460915565493 0.77512717247009288 0.28745912015438085 1.5914478302001955 -0.16251686215400693 -0.47438432276248926 -0.24623782187700269 0.87853693962097179 1.973138213157654 1.6530171036720278
decision_type=2 2 2 2 2 2 2 2 2 2 2 2 2 2 2 2 2 2 2 2 2 2 2 2 2 2 2 2 2 2
left_child=1 2 -1 -3 5 6 18 8 9 11 13 -7 -12 -11 -10 -14 17 -17 19 -5 21 28 23 24 25 27 -27 -23 29 -9
right_child=-2 3 -4 4 -6 7 -8 20 14 10 12 -13 15 -15 -16 16 -18 -19 -20 -21 -22 22 -24 -25 -26 26 -28 -29 -30 -31
leaf_value=-0.050235970434348534 -0.046069823007423086 -0.050257844377916763 0.049693389230065943 -0.030924950044181637 0.048091118086657204 0.074363739758520966 0.039306077373082601 -0.0089004133886046739 -0.061349557905929497 -0.042438186418448855 0.039717719079441022 -0.045275694310293102 -0.048809072364614306 0.047002294922174878 0.0024436887426270257 0.14223135279193563 -0.049521663482316486 0.026036218948323992 0.0095323039495255613 0.036727509658201436 -0.034048289932183604 0.0054285087521626996 0.23040964576788114 0.13111342221482755 -0.06121989993863397 0.29242959321928969 0.014112354600444094 0.16251199264419336 -0.053983265219934198 0.046346126660046283
leaf_weight=6.7411730699241152 60.656676582526416 14.231467431411145 64.953029460739344 29.440670382231474 21.404228590428829 1.8277262263 51.574940854683518 214.11316576832905 5.2941685989499083 2.9856884172186282 5.4787857304327181 35.59624928701669 26.107320413924754 28.310280002187937 888.77089320775121 1.9486880600452448 10.878362602088599 5.362109343521297 24.045618225587532 4.0752909930888555 18.617873097304255 29.165542053058747 0.70163618959486385 1.3089332915842522 5.309631320647898 0.69881272967904839 1.3017151076346625 0.7179931178688993 7.8207357078790656 4.868805229663848
leaf_count=1444 10849 2875 15221 506 4647 34 3898 4143 46 19 164 449 308 380 10653 17 135 48 530 79 2116 1071 13 13 120 26 42 29 83 42
internal_value=4.50373e-05 0.001893 0.0402974 -1.6465e-05 0.000484337 -0.000240238 0.0137043 -0.00141344 0.000391766 -0.0122401 0.00031245 -0.0394327 -0.0236786 0.0384695 0.00206594 -0.0315198 -0.00670405 0.057008 -0.00923473 -0.0226989 -0.00783551 -0.00600088 0.0129057 0.00894212 0.00464263 0.0156107 0.111333 0.00920266 -0.009269 -0.00767207
internal_weight=1574.31 1513.65 71.6942 1441.96 1427.73 1406.32 109.137 1297.19 1012.56 118.495 81.0712 37.424 49.7753 31.296 894.065 44.2965 18.1892 7.3108 57.5616 33.516 284.625 266.007 39.2043 38.5026 37.1937 31.8841 2.00053 29.8835 226.803 218.982
internal_count=60000 49151 16665 32486 29611 24964 5013 19951 12253 1554 1071 483 672 399 10699 508 200 65 1115 585 7698 5582 1314 1301 1288 1168 68 1100 4268 4185
is_linear=0
shrinkage=0.05


Tree=96
num_leaves=31
num_cat=0
split_feature=124 119 15 15 78 119 6 58 12 129 42 14 59 76 135 12 112 110 68 90 42 58 119 130 92 119 13 79 75 112
split_gain=50.6248 42.2803 23.181 13.794 18.6927 8.78901 12.8492 12.3979 6.82406 6.22399 5.59185 6.7237 6.32319 6.53752 5.57578 5.95034 5.93646 8.01501 10.2696 5.35285 5.34411 7.09819 8.76662 5.17052 7.73339 7.78216 7.00835 13.1055 8.39299 6.9636
threshold=0.8188765048980714 0.62131977081298839 1.0000000180025095e-35 1.0000000180025095e-35 0.79335334897041332 0.7215886414051057 0.78167855739593517 -1.3644903302192686 0.42494811117649084 -0.0979645401239395 2.0256479978561406 0.46994327008724218 1.9395657777786257 1.8837323188781741 1.0000000180025095e-35 0.53577989339828502 -0.9807852804660796 0.19495336711406711 0.9068930745124818 0.066103972494602217 1.7006948590278628 1.341906785964966 0.86209991574287426 0.89583265781402599 1.4045793414115908 0.83231243491172802 0.93636366724967968 0.53673160076141369 0.26774953305721289 -0.47114431858062739
decision_type=2 2 2 2 2 2 2 2 2 2 2 2 2 2 2 2 2 2 2 2 2 2 2 2 2 2 2 2 2 2
left_child=1 2 -1 -3 5 6 7 -5 -8 10 12 -12 14 -14 16 -16 17 -7 -19 -17 21 -18 -23 26 -25 -26 -21 28 -28 -29
right_child=-2 3 -4 4 -6 9 8 -9 -10 -11 11 -13 13 -15 15 19 20 18 -20 23 -22 22 -24 24 25 -27 27 29 -30 -31
leaf_value=-0.050224412641906829 -0.045767904186875714 -0.050245211448136373 0.049638023453784791 0.63671366660727846 0.047960372401516231 -0.050632880224525889 -0.067384709272098928 -0.017933544953406742 0.048584217977214211 0.0036715255302749526 0.11129958400681988 -0.010711556434012219 -0.080044118894165031 -0.014984718055205884 -0.013607071544554934 -0.023450384172221186 -0.0052445099578883334 0.011142760216711919 0.39280509726634222 0.0075042983624431757 -0.036423635399467073 0.11822241997756351 -0.02697307113659991 0.017584527313165423 0.024479137939645436 -0.055263647450228527 -0.0055540433359741181 -0.10394241587023034 0.078835096179078856 -0.031556707693650404
leaf_weight=6.413840784225612 58.069569517858326 13.540708490181713 61.852427245350555 0.072673371993006053 20.414455399848521 12.286218725144861 1.3343304432928587 14.974743333645161 25.722770331194624 477.24095947481692 2.3253090279176822 2.1950209052301943 5.1059410315938321 15.840225986670701 53.716830222867429 16.272959659807384 468.50259776134044 0.80903827818110474 0.22534336475655437 105.30066813109443 13.620907489210365 2.558267079293727 1.7512541711330412 115.40661525400355 5.0915202498435956 7.6663274988532066 34.014252204913646 4.6088303159922388 3.2257627123035482 11.904604334384201
leaf_count=1444 10849 2875 15221 4 4647 1610 30 272 3050 7338 24 17 44 148 387 84 9299 76 14 883 173 27 21 949 46 44 262 24 24 114
internal_value=4.11036e-05 0.0018098 0.0402556 -1.8229e-05 0.000459984 -0.000231778 0.0222667 -0.0147718 0.0428652 -0.000928483 -0.00341629 0.0520524 -0.0037019 -0.0308439 -0.00303848 0.00173197 -0.00644825 -0.0393793 0.0942891 0.00444692 -0.00554646 -0.00465694 0.0592195 0.0060275 0.0135009 -0.0234392 5.47762e-06 -0.0146844 0.00175582 -0.0517593
internal_weight=1562.06 1504 68.2663 1435.73 1422.19 1401.77 42.1045 15.0474 27.0571 1359.67 882.428 4.52033 877.908 20.9462 856.962 357.208 499.754 13.3206 1.03438 303.492 486.433 472.812 4.30952 287.219 128.164 12.7578 159.054 53.7534 37.24 16.5134
internal_count=60000 49151 16665 32486 29611 24964 3356 276 3080 21608 14270 41 14229 192 14037 2817 11220 1700 90 2430 9520 9347 48 2346 1039 90 1307 424 286 138
is_linear=0
shrinkage=0.05


Tree=97
num_leaves=31
num_cat=0
split_feature=124 119 15 15 78 119 6 12 58 90 42 79 113 11 75 26 12 62 8 25 119 58 75 8 12 70 113 119 6 12
split_gain=47.7455 40.2549 22.0271 13.1124 17.7339 8.09821 12.1377 6.34298 6.20031 5.73669 7.5442 7.21047 12.8815 6.54558 9.72373 6.9755 13.7091 8.17604 7.73386 9.79758 7.69909 9.77135 6.79346 7.74039 6.71524 6.32141 9.78954 9.25131 20.56 9.5327
threshold=0.8188765048980714 0.62131977081298839 1.0000000180025095e-35 1.0000000180025095e-35 0.79335334897041332 0.7215886414051057 0.78167855739593517 0.42494811117649084 -1.3644903302192686 0.69215291738510143 1.9737129807472231 1.7978228330612185 1.9167740941047671 0.29990087449550634 1.486084580421448 -0.52778503298759449 0.43585084378719335 0.26751947402954107 0.28745912015438085 0.12977060675621035 0.9004478156566621 -1.0468044877052305 -0.672794610261917 -0.11027042567729949 1.0297048687934878 1.0000000180025095e-35 0.23754481971263888 0.84715160727500927 0.87698471546173107 0.63870340585708629
decision_type=2 2 2 2 2 2 2 2 2 2 2 2 2 2 2 2 2 2 2 2 2 2 2 2 2 2 2 2 2 2
left_child=1 2 -1 -3 5 6 8 -8 -5 25 11 12 13 15 -15 16 -11 20 -17 -20 21 -18 23 -23 -19 26 -7 28 -28 -30
right_child=-2 3 -4 4 -6 9 7 -9 -10 10 -12 -13 -14 14 -16 18 17 24 19 -21 -22 22 -24 -25 -26 -27 27 -29 29 -31
leaf_value=-0.05021341654355968 -0.045451628629202857 -0.050233200304315419 0.049581242362142314 0.32787924689392794 0.047825078742867538 0.023813293448573108 -0.06334659933243908 0.048026630737229598 -0.01698582687157443 0.14793532104712073 0.098969434148842197 -0.10003730770482655 0.13694723904480588 -0.038628054108129181 0.098111605146968608 -0.011029061295763495 -0.027864734790567593 -0.020272212877148133 0.17115497734834739 -0.012791356414682107 -0.020112236931872352 0.032642827517654335 0.041647081486904602 0.18902171598285666 0.077438944703359505 0.0023263707229535728 -0.02202790795566683 -0.040907300206225738 -0.021592191156803511 0.044178030573816363
leaf_weight=6.1023360271938136 55.612283076625317 12.883322700392453 58.901553736068308 0.1314740367233761 19.472397026373073 19.709237938281149 1.3480594470165694 24.745216880226508 15.018583422293883 1.7454039398580778 1.6655512042343605 2.101130328141152 1.5442102984525252 25.08129270980135 1.3711998546496023 196.84962028637528 4.2100665625184801 25.810299568809572 1.328984540421515 1.5899297581054268 7.1214690953493109 1.3783008204773071 13.299762666225432 1.8580579138360978 1.8869320144876827 923.32288299920037 69.458976259455085 25.591390368994325 7.3344932813197401 22.139194646384567
leaf_count=1444 10849 2875 15221 4 4647 579 30 3050 272 22 14 19 16 561 15 6588 61 301 28 21 75 19 171 30 20 11564 725 372 79 328
internal_value=3.87651e-05 0.00173095 0.0402129 -1.83319e-05 0.000438183 -0.000222026 0.0216044 0.0422727 -0.013993 -0.000885693 -0.00713702 -0.00775241 -0.00707223 -0.00785661 -0.03154 -0.00541968 0.00995732 0.00562316 -0.00983109 0.0709596 0.0247441 0.0401418 0.0574561 0.122423 -0.0136154 0.000805691 -0.00892908 -0.0141114 -0.00718001 0.0278112
internal_weight=1550.61 1495 65.0039 1430 1417.11 1397.64 41.2433 26.0933 15.1501 1356.4 288.842 287.177 285.076 283.531 26.4525 257.079 57.3103 55.5649 199.769 2.91891 27.8677 20.7462 16.5361 3.23636 27.6972 1067.56 144.233 124.524 98.9327 29.4737
internal_count=60000 49151 16665 32486 29611 24964 3356 3080 276 21608 7961 7947 7928 7912 576 7336 699 677 6637 49 356 281 220 49 321 13647 2083 1504 1132 407
is_linear=0
shrinkage=0.05


Tree=98
num_leaves=31
num_cat=0
split_feature=124 119 15 15 78 119 6 12 92 12 59 76 24 93 92 75 7 22 127 0 25 7 79 129 39 14 101 25 44 25
split_gain=45.0123 38.3253 20.9301 12.4643 16.8231 7.69106 22.7919 5.39394 5.37314 8.29567 5.22705 5.29357 5.20076 10.8388 7.76894 7.36109 7.47686 6.81582 7.14144 6.23124 6.12568 6.10197 5.98725 5.73618 5.56005 5.63202 5.23675 5.28672 5.0851 5.17585
threshold=0.8188765048980714 0.62131977081298839 1.0000000180025095e-35 1.0000000180025095e-35 0.79335334897041332 0.75870630145072948 0.80301108956336986 0.43585084378719335 2.5268468856811528 0.87096264958381664 1.9474037289619448 1.8712242245674136 1.4326856136322024 1.5925557017326357 1.4045793414115908 1.5463906526565554 1.3754717707633974 0.58014857769012462 1.8716172575950625 0.878472000360489 1.8993406295776369 1.5513013601303103 1.7324563264846804 -0.0979645401239395 0.73496654629707348 0.31438861787319189 1.0000000180025095e-35 1.7448635697364809 -0.99465185403823841 0.18508978933095935
decision_type=2 2 2 2 2 2 2 2 2 2 2 2 2 2 2 2 2 2 2 2 2 2 2 2 2 2 2 2 2 2
left_child=1 2 -1 -3 5 6 7 -5 12 10 11 -10 23 14 -14 16 -15 21 20 -20 26 -17 -16 -7 25 -25 27 -19 29 -2
right_child=28 3 -4 4 -6 8 -8 -9 9 -11 -12 -13 13 15 22 17 -18 18 19 -21 -22 -23 -24 24 -26 -27 -28 -29 -30 -31
leaf_value=-0.050202966117366014 -0.0087899208236822002 -0.050221781249126768 0.049522940284601212 -0.066842640226567537 0.047685007528763389 -0.0032950308862318232 0.037850477590938569 -0.0046319946935702554 0.0025600983643952824 0.10316319224248514 -0.056886944052040672 0.070383471969467357 0.038141965559927681 -0.14350950551875527 -0.13787006091675885 0.077163667868733632 -0.025692995394427751 0.010650620665129212 -0.079859604581146756 0.010379902645481654 0.071329874662043796 0.0081173394206542904 -0.047138571931719775 -0.031173925915561607 0.086279329108946881 0.0047574972047356298 0.042821156204653175 -0.071798273130303569 -0.049057503843431084 0.17949847509627648
leaf_weight=5.8058996854815623 2.8307368163950737 12.257711990969254 56.093209035461769 3.7275453130714586 18.575772177660838 835.96328869042918 48.756088386289775 53.395947768585756 9.4969233502633923 2.8889881866052738 2.4022566149942568 4.1272020423784843 1.4506264012306909 1.7031540838070194 3.3416531891562045 4.3624943629838553 6.4328889902681112 3.6979463845491427 5.9923171093687397 2.8101632311008871 2.886774791404604 12.006430644076316 3.9883691524155438 11.242272834759204 2.0485587902367106 364.32041823677719 3.2532021249644458 4.0998500213027 50.028773747384548 0.41901061637327064
leaf_count=1444 295 2875 15221 39 4647 13535 3898 1076 85 28 23 36 44 19 32 40 79 27 50 21 22 156 45 114 17 5510 44 24 10518 36
internal_value=3.54844e-05 0.00165327 0.040169 -1.95126e-05 0.000415999 -0.000213707 0.0127404 -0.0086915 -0.00127817 0.0251742 0.0111156 0.0231061 -0.00167228 -0.0165662 -0.0675793 -0.00708527 -0.050356 0.00191653 -0.0157928 -0.0510509 0.00647467 0.0265189 -0.0885018 -0.000984685 0.00413 0.00368191 -0.010467 -0.0326986 -0.0451206 0.0154873
internal_weight=1540.41 1487.13 61.8991 1425.23 1412.97 1394.4 105.88 57.1235 1288.52 18.9154 16.0264 13.6241 1269.6 56.0259 8.78065 47.2452 8.13604 39.1092 22.7403 8.80248 13.9378 16.3689 7.33002 1213.57 377.611 375.563 11.051 7.7978 53.2785 3.24975
internal_count=60000 49151 16665 32486 29611 24964 5013 1115 19951 172 144 121 19779 603 121 482 98 384 188 71 117 196 77 19176 5641 5624 95 51 10849 331
is_linear=0
shrinkage=0.05


Tree=99
num_leaves=31
num_cat=0
split_feature=124 119 15 15 95 119 23 85 124 70 113 119 23 29 119 91 23 0 29 8 9 5 102 79 130 42 45 75 130 93
split_gain=42.4832 36.4787 19.8871 11.8501 15.9586 7.34406 11.1306 7.33334 5.09085 5.98284 9.31245 8.49065 18.8883 8.80963 8.56783 9.76194 7.32723 6.79945 6.52997 6.14342 5.57845 5.3783 6.20537 5.12083 8.17866 8.30822 7.14765 17.9187 12.0192 8.328
threshold=0.8188765048980714 0.62131977081298839 1.0000000180025095e-35 1.0000000180025095e-35 0.81241148710250866 0.7215886414051057 0.7816961705684663 0.56063726544380199 0.65954789519310009 1.0000000180025095e-35 0.23754481971263888 0.84715160727500927 0.87706229090690624 0.71230906248092662 0.81385219097137462 0.84802621603012096 0.90911087393760692 0.72600188851356517 0.70907047390937816 -0.93850719928741444 0.22695460915565493 0.10259787365794183 0.78143382072448742 1.7978228330612185 1.7334569096565249 1.4441967606544497 0.10173121467232706 0.1645225211977959 0.79288241267204296 0.17547786980867389
decision_type=2 2 2 2 2 2 2 2 2 2 2 2 2 2 2 2 2 2 2 2 2 2 2 2 2 2 2 2 2 2
left_child=1 2 -1 -3 5 6 -5 -8 9 10 17 12 14 16 15 19 -14 -7 -17 -12 23 -20 -23 24 26 -26 27 29 -29 -10
right_child=-2 3 -4 4 -6 8 7 -9 20 -11 11 -13 13 -15 -16 18 -18 -19 21 -21 -22 22 -24 -25 25 -27 -28 28 -30 -31
leaf_value=-0.050193027039950648 -0.044825327190989431 -0.050210921865363911 0.049463010558574827 -0.012735706996073745 0.050262453033269198 0.045572804211016608 -0.33286129868290354 0.043424593858488708 -0.0065509874552063529 0.0024614978528917537 -0.059721810491786313 -0.039683635707555086 -0.036593772435106357 0.048403459601647922 -0.060997943095196995 -0.028329576360903209 0.049331663619595005 -0.014848132057963814 0.096842499452179653 -0.01540983387694759 -0.033185399025503624 0.042257417946160322 -0.036231012849987969 -0.073150522222323142 -0.004434693845899393 0.080611792107042737 -0.01783582101210578 0.027436481860515612 0.17860671639943415 0.026591914031954968
leaf_weight=5.5238085063174358 51.017275587655604 11.662354546599088 53.420549826696515 15.271365512860937 15.864880775799973 12.540723537560554 0.13015988329425709 24.821462537162006 180.4961981526576 885.45450268755667 11.261279280297453 25.0275108886417 7.4851992274634558 17.949309514835477 11.360280219232662 6.3589143049903241 3.7111613564193249 7.4061153125949195 2.6500184042379251 25.60976346349344 18.149746701586992 8.1535801119171065 3.6435441728681317 2.7048386945389202 5.8475414505228382 5.6428048587404191 85.498952034395188 3.2400750527158371 2.2129034786485136 21.177836031187326
leaf_count=1444 10849 2875 15221 284 4244 451 14 3154 4515 11256 109 379 79 291 163 57 40 222 22 245 2182 112 24 26 65 52 1136 35 27 427
internal_value=3.49825e-05 0.00158108 0.040124 -1.73428e-05 0.000397914 -0.000169665 0.0208847 0.0414617 -0.000795315 0.000928217 -0.00855541 -0.0136865 -0.00705963 0.0266926 -0.0213089 -0.0134916 -0.00811281 0.023139 0.0138916 -0.0289437 -0.00625071 0.0324752 0.0180163 -0.00465741 -0.00404823 0.0373309 -0.00567304 -0.000652418 0.0887837 -0.00307064
internal_weight=1531.29 1480.28 58.9444 1421.33 1409.67 1393.81 40.223 24.9516 1353.58 1028.61 143.157 123.211 98.1831 29.1457 69.0374 57.6771 11.1964 19.9468 20.8061 36.871 324.971 14.4471 11.7971 306.821 304.116 11.4903 292.626 207.127 5.45298 201.674
internal_count=60000 49151 16665 32486 29611 25367 3452 3168 21915 13450 2194 1521 1142 410 732 569 119 673 215 354 8465 158 136 6283 6257 117 6140 5004 62 4942
is_linear=0
shrinkage=0.05


Tree=100
num_leaves=31
num_cat=0
split_feature=124 119 15 15 95 119 6 129 29 85 119 44 87 40 119 15 6 119 120 9 107 17 45 29 6 22 119 77 62 110
split_gain=40.0253 34.7202 18.8955 11.2654 15.1803 6.99428 20.877 5.33396 5.78633 7.71294 5.56331 5.19482 5.14502 14.131 25.9078 9.37027 9.16543 14.313 7.95096 13.8612 12.6834 8.01889 7.69111 7.61152 5.8408 5.80532 5.55266 13.4006 5.51613 5.35325
threshold=0.8188765048980714 0.62131977081298839 1.0000000180025095e-35 1.0000000180025095e-35 0.81241148710250866 0.75870630145072948 0.80301108956336986 0.47114434838294988 0.70447996258735668 0.75456359982490551 0.70916947722435009 -0.99465185403823841 1.0000000180025095e-35 0.85712382197380077 0.8213065266609193 0.75000000000000011 0.9065462350845338 0.86615723371505748 1.0000000180025095e-35 0.47114428877830511 0.14351415634155276 0.64414232969284069 0.20070291310548785 0.54782027006149303 0.75368967652320873 0.10229372978210451 0.79898613691329967 0.77259656786918651 -0.04957910627126693 -0.098775666207075105
decision_type=2 2 2 2 2 2 2 2 2 2 2 2 2 2 2 2 2 2 2 2 2 2 2 2 2 2 2 2 2 2
left_child=1 2 -1 -3 5 6 7 8 -5 10 -10 -2 13 15 23 -7 -16 25 19 24 21 -20 -19 -15 -14 -18 27 -23 -17 -28
right_child=11 3 -4 4 -6 12 -8 -9 9 -11 -12 -13 18 14 16 28 17 22 20 -21 -22 26 -24 -25 -26 -27 29 -29 -30 -31
leaf_value=-0.050183579074811004 0.017143896557749793 -0.050200596861220241 0.049401350558992314 -0.032496787411852322 0.050250079608584214 0.073324810738409504 0.036771159924918757 0.071219056519347401 0.028670803598084244 0.079418228624678372 -0.018468530019925145 -0.048773149345331862 -0.092494363259756129 -0.039177993712567555 -0.041145317061258485 0.037994127027294024 0.12693615409419282 0.048989743006700559 -0.05778031008253276 -0.051097886099980429 0.046211631202615157 -0.089307873510687724 -0.049582530576551348 0.045061688943864781 -0.0018199419843680346 0.029969142029478136 -0.00099564922757102575 0.0306131703707072 -0.047777163406872047 0.015621621240186215
leaf_weight=5.2553736064583054 3.1980080958455792 11.095798721536992 50.877044608350843 20.038530830992386 15.094763743458314 1.8275650111027051 47.463750538183376 2.0415462846867731 8.5458473071921635 2.8919454566203049 23.38982954621315 45.716200996655971 1.7799560213461507 2.9723357716575292 27.381565496558324 1.9889037860557426 2.0813393779099005 2.4593259799294165 5.1988425888121119 14.651048122439532 18.635156612144783 2.4927156600169829 10.129572795238344 27.405122958123684 799.01703557418659 5.9736569034866989 232.28568361932412 35.591796047985554 32.59531693905592 61.244688568636775
leaf_count=1444 331 2875 15221 319 4244 46 4010 199 239 75 297 10518 24 19 432 88 17 67 45 1206 2376 26 136 398 11486 65 2547 375 385 490
internal_value=3.27359e-05 0.00151093 0.0400778 -1.76256e-05 0.000378638 -0.000162911 0.0122852 -0.00813734 -0.0110902 0.00122643 -0.00585425 -0.0444635 -0.00117342 -0.0112741 0.00067985 -0.0370138 -0.0221793 0.00297688 -0.000182973 -0.00290324 0.00605768 0.00383605 -0.0303258 0.0368191 -0.00202149 0.0550246 0.00480203 0.0227641 -0.0428445 0.00247152
internal_weight=1521.32 1472.41 56.1324 1416.27 1405.18 1390.08 104.371 56.9077 54.8662 34.8276 31.9357 48.9142 1285.71 114.815 78.4029 36.4118 48.0255 20.6439 1170.9 815.448 355.449 336.814 12.5889 30.3775 800.797 8.055 331.615 38.0845 34.5842 293.53
internal_count=60000 49151 16665 32486 29611 25367 5139 1129 930 611 536 10849 20228 1653 1134 519 717 285 18575 12716 5859 3483 203 417 11510 82 3438 401 473 3037
is_linear=0
shrinkage=0.05


Tree=101
num_leaves=31
num_cat=0
split_feature=124 119 15 15 95 119 29 135 11 6 84 39 120 120 110 93 13 104 34 29 6 85 24 62 122 76 93 8 17 31
split_gain=37.7532 33.0395 17.9528 10.7105 14.4392 6.44463 7.12321 5.12817 7.40959 22.7136 4.66031 9.86978 9.60812 8.18381 6.3585 6.17769 6.0349 6.30978 7.74356 10.9422 6.42472 9.5344 5.95495 11.9221 5.88465 5.77778 6.08292 5.77219 7.8372 5.92807
threshold=0.8188765048980714 0.62131977081298839 1.0000000180025095e-35 1.0000000180025095e-35 0.81241148710250866 0.68742546439170849 0.42494811117649084 1.0000000180025095e-35 -1.3378220200538633 0.81518414616584789 1.0000000180025095e-35 0.15554314851760867 1.0000000180025095e-35 1.0000000180025095e-35 1.7578594684600832 2.047237873077393 0.76363638043403637 1.0000000180025095e-35 0.75457113981246959 0.76287078857421886 0.87899804115295421 0.74160608649253856 -0.3575888574123382 0.85491120815277111 1.0000000180025095e-35 -0.39359275996685023 -0.37062533199787134 -0.79407894611358631 0.77128756046295177 0.33297631144523626
decision_type=2 2 2 2 2 2 2 2 2 2 2 2 2 2 2 2 2 2 2 2 2 2 2 2 2 2 2 2 2 2
left_child=1 2 -1 -3 5 6 -5 8 9 -2 15 13 14 -12 -13 25 -15 18 19 -18 21 -21 -16 -24 27 -7 -27 28 -19 -30
right_child=7 3 -4 4 -6 10 -8 -9 -10 -11 11 12 -14 16 22 -17 17 24 -20 20 -22 -23 23 -25 -26 26 -28 -29 29 -31
leaf_value=-0.050174592262008266 0.70516480262264691 -0.05019077847457673 0.049337837841120266 -0.10455140890237258 0.05023827740674941 -0.032432589992825306 0.043097914922759606 0.027449939585533358 -0.050213092478807064 -0.050264474606947232 -0.052130554096884711 0.019332327913936551 0.034354975793141451 0.0057288654230321333 0.056040427458137247 0.029883316836828318 -0.033411042481901215 0.065353013793222531 -0.05484276459379659 0.018894351536001677 0.048773003965866285 -0.050227775324849726 -0.078912898683914129 -0.0018510824043625252 -0.027364050823737114 0.03022715852300889 -0.0037466423676497081 0.013985442179295425 0.033739309760406913 -0.013280746000755822
leaf_weight=4.9999386861454687 0.13237512623891134 10.556662952993063 48.456489818170667 0.87179352110251684 14.361871770350261 17.201500494033098 12.96592873171903 2.3744295230135313 43.954982600174844 0.40070523647591472 7.5963422441855064 44.841050278395414 42.316630765562877 242.6500792610459 3.5198658034205428 13.872736126184462 27.596303521422669 3.7095208917744449 11.888365936931221 15.390098501462495 7.9184353835880747 7.3816724382340899 5.7314929589629164 40.371506053954363 17.862859304063022 13.42796709621325 700.46928560524248 66.616380506195128 7.3787266854196778 73.227876506745815
leaf_count=1444 27 2875 15221 20 4244 552 2214 15 10724 83 260 440 5160 2153 39 112 298 38 120 151 102 67 43 347 186 262 11572 556 59 616
internal_value=3.14984e-05 0.00144637 0.0400301 -1.6721e-05 0.00036184 -0.00015543 0.0337958 -0.0441447 -0.0479659 0.137325 -0.000498113 0.00268204 0.0145555 -0.000637667 0.00568595 -0.00317038 0.000174503 -0.00546539 -0.0180661 -0.010565 0.009978 -0.0035122 -0.00664542 -0.0114314 -0.000226783 -0.00379758 -0.00310762 0.00298491 -0.00570637 -0.00897653
internal_weight=1510.04 1463.18 53.4564 1409.72 1399.17 1384.81 13.8377 46.8625 44.4881 0.53308 1370.97 625.997 136.781 489.217 94.4639 744.971 481.62 238.97 70.1749 58.2865 30.6902 22.7718 49.6229 46.103 168.795 731.099 713.897 150.933 84.3161 80.6066
internal_count=60000 49151 16665 32486 29611 25367 2234 10849 10834 110 23133 10635 6029 4606 869 12498 4346 2193 738 618 320 218 429 390 1455 12386 11834 1269 713 675
is_linear=0
shrinkage=0.05


Tree=102
num_leaves=31
num_cat=0
split_feature=124 119 15 15 95 119 23 58 92 109 119 12 42 73 92 44 5 25 92 12 59 12 23 119 13 101 41 93 5 87
split_gain=35.7438 31.4357 17.0564 10.1836 13.7337 6.18593 19.2705 5.11653 18.3716 5.63074 6.22852 6.0301 5.59893 5.60447 5.23073 4.97822 4.82652 5.65705 4.81136 7.48287 4.81234 4.65896 8.00527 5.07534 7.03328 4.70379 4.55737 8.98621 5.68653 4.65092
threshold=0.8188765048980714 0.62131977081298839 1.0000000180025095e-35 1.0000000180025095e-35 0.81241148710250866 0.75870630145072948 0.80301108956336986 -1.4025821685791013 -1.428587734699249 0.11606842279434205 0.72977426648139965 0.76985624432563793 -1.0494074821472166 0.085450042039155974 -0.11320602148771285 -0.99465185403823841 0.93780857324600231 0.18508978933095935 2.5268468856811528 0.87096264958381664 1.9474037289619448 0.67058354616165172 0.85438916087150585 0.70916947722435009 0.76363638043403637 1.0000000180025095e-35 1.8246915340423586 1.5925557017326357 0.59538620710372936 1.0000000180025095e-35
decision_type=2 2 2 2 2 2 2 2 2 2 2 2 2 2 2 2 2 2 2 2 2 2 2 2 2 2 2 2 2 2
left_child=1 2 -1 -3 5 6 7 8 -5 10 11 14 -11 -14 -9 16 -2 -18 26 20 -20 22 23 -8 -25 -23 29 -28 -29 -7
right_child=15 3 -4 4 -6 18 21 9 -10 12 -12 -13 13 -15 -16 -17 17 -19 19 -21 -22 25 -24 24 -26 -27 27 28 -30 -31
leaf_value=-0.050166050235171844 -0.020133131917183581 -0.05018144277080782 0.049272363863423707 -0.048609929999116466 0.05022701652106918 -0.010727105805576814 0.044342805845263081 -0.0090798392574554156 0.30227001694551303 0.10911596557884823 -0.052738376502397433 0.03120897098919842 -0.023376024881190602 0.020933452134440169 -0.11396750138247509 -0.048572992254561631 0.030896602077509706 0.31142248283994201 0.022082752462647817 0.098232314594978998 -0.055245014066940074 0.10774251384574979 0.057284502981068602 0.032311281985515597 -0.070041266247777387 0.041121147795688533 -0.092085370749566076 0.012047159986675297 -0.038182934728992014 -5.2032349212120693e-05
leaf_weight=4.7568783229216924 2.3847600296139713 10.043629328487439 46.152964932844043 1.017872169613838 13.664420876186339 112.25443105725572 2.8030760383699107 4.1031519193202257 0.58887854008935292 1.2172332759946609 12.630473151570184 6.320667244726792 13.749516691081228 14.837628997862337 1.6734250339213774 41.618821078911424 0.56663403334096063 0.26318845944479108 13.557531632017346 2.8766431789845219 2.3626053538173428 2.9498300412669805 6.7200256476644418 2.5661928637418896 4.8516413290053606 26.021698955679312 3.8942743311636177 12.880030462518336 10.016348629724233 1120.462684328435
leaf_count=1444 261 2875 15221 62 4244 1653 271 87 16 15 215 158 106 444 26 10518 63 7 121 28 23 45 843 55 87 2709 49 160 85 18109
internal_value=2.97872e-05 0.00138475 0.0399811 -1.47169e-05 0.000346724 -0.000147051 0.0116993 -0.00794969 0.0799885 -0.0105407 -0.0281798 -0.00253864 0.00409381 -0.000378011 -0.0394649 -0.0439425 0.0160074 0.119869 -0.00109279 0.0240171 0.010607 0.0357248 0.014896 -0.0129736 -0.0346325 0.0479044 -0.00146752 -0.0218692 -0.00992671 -0.00102413
internal_weight=1499.81 1454.97 50.9098 1404.06 1394.02 1380.36 102.051 56.1388 1.60675 54.5321 24.7277 12.0972 29.8044 28.5871 5.77658 44.8334 3.21458 0.829822 1278.3 18.7968 15.9201 45.9125 16.9409 10.2209 7.41783 28.9715 1259.51 26.7907 22.8964 1232.72
internal_count=60000 49151 16665 32486 29611 25367 5139 1129 78 1051 486 271 565 550 113 10849 331 70 20228 172 144 4010 1256 413 142 2754 20056 294 245 19762
is_linear=0
shrinkage=0.05


Tree=103
num_leaves=31
num_cat=0
split_feature=124 119 15 15 95 119 12 124 9 113 113 96 79 75 75 79 59 119 59 45 96 59 5 59 110 93 93 14 6 5
split_gain=33.713 29.9102 16.2042 9.68221 13.0634 5.81503 6.28256 4.42377 5.85756 4.80411 6.86546 4.79976 9.58769 7.3579 8.41865 11.8435 9.25406 7.30075 7.49965 5.74975 10.3312 9.23607 8.76479 12.9807 17.0132 13.6324 8.43338 11.9359 17.983 7.81517
threshold=0.8188765048980714 0.62131977081298839 1.0000000180025095e-35 1.0000000180025095e-35 0.81241148710250866 0.68742546439170849 0.42494811117649084 0.65954789519310009 -0.95642799139022816 -0.71965706348419178 -1.051248252391815 1.3282724022865298 1.7090004086494448 0.49080358445644384 0.26774953305721289 0.54407149553298961 0.011748380027711393 0.92006900906562816 1.581101715564728 0.073595076799392714 0.31733593344688421 -0.42390300333499903 0.76591652631759655 -0.051677366718649857 -0.19218339771032331 -0.057043941691517823 0.20267079770565036 0.49434550106525427 0.87652441859245311 0.75115761160850536
decision_type=2 2 2 2 2 2 2 2 2 2 2 2 2 2 2 2 2 2 2 2 2 2 2 2 2 2 2 2 2 2
left_child=1 2 -1 -3 5 6 -5 9 -9 10 -7 13 17 14 19 16 -16 18 -13 20 26 -21 29 24 -24 -26 -10 -28 -29 -22
right_child=-2 3 -4 4 -6 7 -8 8 11 -11 -12 12 -14 -15 15 -17 -18 -19 -20 21 22 -23 23 -25 25 -27 27 28 -30 -31
leaf_value=-0.050157924464242547 -0.043617860106754676 -0.05017256556404899 0.049204805341692866 -0.092766423181136703 0.050216271492429555 -0.02764204137716432 0.042544271338102506 -0.14978213821010367 -0.009659154856324877 0.00092701980165395324 0.11469717409708531 0.00064942529887780393 -0.056202158959700058 -0.037789502517167173 0.042792211698224641 0.00083175009053474281 0.17954256485666314 -0.051887132692334227 0.07991705048482263 0.15204757032272731 0.039753675579850857 -0.023934448521847642 0.0043298453988885426 0.0083400358789305334 0.28443324099918288 0.083741665091566553 0.01332720282832681 0.040898534254794727 0.38531343380200589 -0.046981255424470153
leaf_weight=4.5255971697624764 42.969347517704591 9.5554434878285957 43.960835449863225 0.92285928828641672 13.000710230786352 1.389886721968651 12.178234114311634 0.70261739008128543 180.64371080556884 1039.1632340394426 2.1694540071766815 4.7142463487107333 3.3905282383784643 17.966523291775957 3.609957868698987 11.849842363269998 1.8821383838076142 1.9994879327714432 8.1297462892252934 0.75607296079397102 5.1378506089095044 53.690196468727663 2.144888661801815 6.0077591794542951 1.6962477664928886 1.6884138097520915 9.9317975672893208 1.1262904354371119 0.57121427357196797 5.2518369616009295
leaf_count=1444 10849 2875 15221 20 4244 23 2214 6 6168 14542 32 54 35 220 42 151 22 18 81 7 70 1092 30 91 23 23 275 38 21 69
internal_value=2.84011e-05 0.00132203 0.0399305 -1.389e-05 0.000330497 -0.000139905 0.0330128 -0.000457958 -0.00557193 0.00112565 0.0591151 -0.00525745 0.0196591 -0.00675217 -0.00480232 0.0289621 0.0896565 0.0369872 0.0508227 -0.00698192 -0.00329402 -0.0214907 0.0292225 0.0592211 0.114502 0.18432 -0.00700224 0.0342689 0.156795 -0.00408958
internal_weight=1492.73 1449.76 48.4864 1401.27 1391.72 1378.72 13.1011 1365.61 322.891 1042.72 3.55934 322.189 18.234 303.955 285.988 17.3419 5.4921 14.8435 12.844 268.646 214.2 54.4463 21.927 11.5373 5.52955 3.38466 192.273 11.6293 1.6975 10.3897
internal_count=60000 49151 16665 32486 29611 25367 2234 23133 8536 14597 55 8530 188 8342 8122 215 64 153 135 7907 6808 1099 306 167 76 46 6502 334 59 139
is_linear=0
shrinkage=0.05


Tree=104
num_leaves=31
num_cat=0
split_feature=124 119 15 15 95 119 23 128 135 11 45 129 29 23 11 119 92 29 93 14 24 93 75 92 7 29 126 22 7 79
split_gain=31.71 28.4623 15.394 9.20408 12.4281 5.47565 14.3682 5.30807 5.16699 6.4845 13.221 4.7412 5.13084 6.41171 5.6734 9.31571 4.39695 6.69541 4.41184 5.65028 4.94027 8.94529 7.13188 6.95442 6.74793 6.46408 7.53498 5.9133 8.88533 5.46008
threshold=0.8188765048980714 0.62131977081298839 1.0000000180025095e-35 1.0000000180025095e-35 0.81241148710250866 0.74386104941368114 0.79899954795837413 -0.99785891175270069 1.0000000180025095e-35 -1.3378220200538633 -1.5502704381942747 0.47114434838294988 0.76985624432563793 0.75768598914146434 0.25326456129550939 0.71691182255744945 2.5268468856811528 0.88420024514198314 2.047237873077393 0.50440177321434032 1.4326856136322024 1.5925557017326357 1.5463906526565554 1.4045793414115908 1.3480006456375124 0.69050297141075145 2.5268468856811528 0.58014857769012462 1.7876941561698916 1.7324563264846804
decision_type=2 2 2 2 2 2 2 2 2 2 2 2 2 2 2 2 2 2 2 2 2 2 2 2 2 2 2 2 2 2
left_child=1 2 -1 -3 5 6 7 -5 9 10 -2 12 -9 -14 -15 -16 18 -18 20 -20 -7 23 24 -22 -23 26 -24 28 -27 -25
right_child=8 3 -4 4 -6 16 -8 11 -10 -11 -12 -13 13 14 15 -17 17 -19 19 -21 21 22 25 29 -26 27 -28 -29 -30 -31
leaf_value=-0.050150198697232334 -0.05034755549045581 -0.050164122885260037 0.049135035945061856 0.10179639525220813 0.05020602621471109 -0.00087488433219603786 0.036964810016630455 -0.035454394308692905 0.027660420048985414 -0.050185588874789647 0.44521152260446767 0.078941941348026012 -0.052357323739837529 0.078676964544048017 0.056268265235745844 -0.043400451935544232 0.011457791943821589 0.099287878576250432 0.011071642870941039 0.088918853010684779 0.036821001473942537 -0.1427273329334276 0.039010362447312853 -0.1301445629834623 -0.027525615070767236 0.076230267531869747 -0.056977301803365868 -0.037835889757468176 -0.023729240461650952 -0.043099997252104505
leaf_weight=4.3055277329403898 0.40418901899829507 9.0909102810546738 41.874741670442745 1.0562180161941785 12.369118048343806 1217.921197809279 33.684169294312596 16.556567839346826 2.4218971570953718 38.235454927431419 0.20178053621202607 1.3760784857440729 3.8755156802944866 3.2013050015084437 4.2801855867728573 5.1838394608348608 16.398363126907501 2.5007569091394535 13.066883252467958 2.8369671287946394 1.4646692806854824 1.5961577366106201 14.090086236596109 3.2986202389001846 6.2425020360387862 3.5727657731622475 2.3915417976677409 13.115948757156728 5.8850956372916698 3.9696931531652808
leaf_count=1444 75 2875 15221 25 4244 19986 3631 266 15 10724 35 162 67 85 116 47 164 31 129 24 52 18 157 33 82 38 19 118 70 47
internal_value=2.32597e-05 0.00125724 0.0398784 -1.76023e-05 0.000310383 -0.000137629 0.0135679 -0.0086136 -0.0431956 -0.0476137 0.114668 -0.0119964 -0.0157773 0.00391848 0.0211385 0.00167557 -0.000862676 0.0230796 -0.00121359 0.0249582 -0.00154042 -0.0161119 -0.00745931 -0.0625743 -0.0509837 0.00127629 0.0250822 -0.0161049 0.0140311 -0.0826039
internal_weight=1486.47 1445.21 46.1803 1399.03 1389.93 1377.57 69.2139 35.5297 41.2633 38.8414 0.60597 34.4735 33.0974 16.5408 12.6653 9.46403 1308.35 18.8991 1289.45 15.9039 1273.55 55.6271 46.8941 8.73298 7.83866 39.0554 16.4816 22.5738 9.45786 7.26831
internal_count=60000 49151 16665 32486 29611 25367 4399 768 10849 10834 110 743 581 315 248 163 20968 195 20773 153 20620 634 502 132 100 402 176 226 108 80
is_linear=0
shrinkage=0.05


Tree=105
num_leaves=31
num_cat=0
split_feature=124 119 15 15 95 119 12 135 11 6 45 28 61 14 6 0 12 79 113 58 11 10 111 58 76 79 13 59 84 39
split_gain=29.9947 27.0734 14.6236 8.75179 11.821 5.28903 5.58042 4.94439 5.61046 10.9438 4.12583 8.05271 4.88449 4.86504 4.47358 10.5928 11.6791 9.32075 6.59381 5.31025 13.5145 10.1567 5.13925 4.91814 9.33178 5.44191 5.33302 5.1799 4.41074 9.03483
threshold=0.8188765048980714 0.62131977081298839 1.0000000180025095e-35 1.0000000180025095e-35 0.81241148710250866 0.68742546439170849 0.42494811117649084 1.0000000180025095e-35 -1.3378220200538633 0.80527773499488842 2.6067874431610112 2.6230174303054814 0.065403342247009291 0.48913984000682836 0.94177162647247326 0.94914028048515331 0.79704815149307262 1.8246036171913149 0.65965402126312267 -0.45207086205482477 -0.45849806070327753 -1.0000000180025095e-35 -0.99785891175270069 2.6222921609878544 1.7551925778388979 2.4825001955032353 0.76363638043403637 1.9474037289619448 1.0000000180025095e-35 0.15554314851760867
decision_type=2 2 2 2 2 2 2 2 2 2 2 2 2 2 2 2 2 2 2 2 2 2 2 2 2 2 2 2 2 2
left_child=1 2 -1 -3 5 6 -5 8 9 -2 14 13 -13 -12 23 16 19 18 -17 20 -16 -22 -21 25 -25 28 -27 -28 -7 -30
right_child=7 3 -4 4 -6 10 -8 -9 -10 -11 11 12 -14 -15 15 17 -18 -19 -20 22 21 -23 -24 24 -26 26 27 -29 29 -31
leaf_value=-0.050142851502698586 0.36682064212701482 -0.050156097246526657 0.049062922474349513 -0.08331567209326772 0.05019625357813539 -0.0036549765075504278 0.041983641347279707 0.02636204310661406 -0.050176507667797757 -0.05034749358967 0.13437587379610441 -0.069099126844355874 0.021984418241884237 0.019396717450838413 -0.015929320770088046 0.006437799559803334 -0.0025619139358525841 0.095553230769333253 -0.067201899617976901 0.15964603646433351 0.34018671318470073 0.10285167916029647 0.039246618747245089 -0.018098331843567586 0.11695388225036152 -0.0029285901380893681 -0.037988700568792826 -0.1358336760358165 -0.00095169661048326532 0.014181313080371231
leaf_weight=4.0961295554880044 0.23954878700896998 8.6488903874997032 39.889574764296412 0.96304217865690489 11.7681019436568 699.70216867793351 11.496638934360815 2.4143184199929228 36.377106554340571 0.4573877879884094 2.3059592596255238 1.9170274781063179 6.3390914765186608 1.5307003480847923 0.91909876791760359 6.2100361352786404 7.4062892545480272 1.6946663118433196 5.9547247332520783 1.0456578333396489 0.8875174429267646 0.91607431834563846 5.816506550880149 2.6219076388515523 2.4974752941634506 8.4941774362232554 5.8743899313267312 1.7572817017789928 475.34373501501977 124.45311036263593
leaf_count=1444 24 2875 15221 20 4244 12038 2214 15 10724 86 37 20 157 16 23 141 126 18 65 9 24 18 110 30 40 87 74 17 4491 5592
internal_value=2.24599e-05 0.00120095 0.0398245 -1.55233e-05 0.000296931 -0.000129782 0.0322989 -0.0429693 -0.0474842 0.0930402 -0.000426075 0.0286495 0.000835297 0.088503 -0.000686216 0.0181352 0.0445962 -0.014305 -0.0296093 0.0810356 0.140119 0.21964 0.0575931 -0.00112586 0.0477865 -0.00131618 -0.0301835 -0.0605187 -0.000957961 0.00218828
internal_weight=1480.04 1440.55 43.9857 1396.56 1387.92 1376.15 12.4597 39.4884 37.074 0.696937 1363.69 12.0928 8.25612 3.83666 1351.59 30.8506 16.9911 13.8594 12.1648 9.58485 2.72269 1.80359 6.86216 1320.74 5.11938 1315.62 16.1258 7.63167 1299.5 599.797
internal_count=60000 49151 16665 32486 29611 25367 2234 10849 10834 110 23133 230 177 53 22903 534 310 224 206 184 65 42 119 22369 70 22299 178 91 22121 10083
is_linear=0
shrinkage=0.05


Tree=106
num_leaves=31
num_cat=0
split_feature=107 119 15 15 95 44 119 12 73 90 120 62 62 10 45 9 44 56 34 6 119 119 14 93 25 92 6 8 17 8
split_gain=25.6723 25.7323 14.0982 8.40005 11.2845 4.9874 4.95746 5.07409 4.31821 4.23308 6.9051 6.07684 6.82676 6.83811 5.50555 4.92769 4.84292 4.8755 9.58113 6.56434 4.60698 7.00571 7.46995 5.61194 6.48532 6.59144 16.267 5.27105 9.10246 5.80068
threshold=0.83028069138526928 0.62131977081298839 1.0000000180025095e-35 1.0000000180025095e-35 0.81241148710250866 -0.99465185403823841 0.68742546439170849 0.42494811117649084 0.038906782865524299 0.61429724097251903 1.0000000180025095e-35 -0.37006166577339167 -0.75536495447158802 -0.86602541804313649 -0.36649946868419642 0.47114428877830511 1.0000000180025095e-35 0.63794371485710155 0.8567875623703004 0.89473342895507824 0.94907251000404369 0.94381576776504528 0.48477640748023992 -0.37062533199787134 -0.36012537777423853 -1.5030357837677 0.88353586196899425 -0.21651202440261838 0.88012555241584789 -0.35460510849952692
decision_type=2 2 2 2 2 2 2 2 2 2 2 2 2 2 2 2 2 2 2 2 2 2 2 2 2 2 2 2 2 2
left_child=1 2 -1 -3 6 -2 7 -5 -8 11 15 12 -10 -14 -13 16 17 18 -11 -20 21 23 -23 27 25 26 -25 28 -19 -30
right_child=5 3 -4 4 -6 -7 8 -9 9 10 -12 14 13 -15 -16 -17 -18 20 19 -21 -22 22 -24 24 -26 -27 -28 -29 29 -31
leaf_value=-0.050136152652007139 0.019043466209183998 -0.05014855218065787 0.048988335306157774 -0.076389783418244497 0.050186933451985549 -0.047970013280026175 -0.03226772816473146 0.041372528412593042 -0.068107932754699993 -0.078959657336738626 0.056782823302736221 -0.091161523848683756 0.21932546940091094 0.053576383316493129 0.0019734989984114826 -0.050368769094992355 0.051411577643863254 -0.015688228168218306 0.061234243863873133 -0.048363817428463636 -0.034958085414505076 0.012838432320745198 0.16560920628729317 -0.051143544813507497 -0.0029419798206958324 -0.044399015450200793 0.35218976468836893 0.09789419481697402 0.12604536061087909 0.0026567845255380594
leaf_weight=3.9609848244581363 3.0389830050989977 8.3362042203079891 38.000472666230053 0.99691582331433792 11.196191299008204 32.138894273666665 10.611477321945129 11.093421555357052 0.84197578206658352 6.1379832290112954 4.701979686273261 1.5899916370399285 0.79681852459907565 2.840535339433699 783.38921943563037 5.6869457713328293 3.973804708570241 8.1155589306727034 3.0308932662010193 2.4875431023538113 11.245738256257026 2.2043720036745067 1.2561165490187702 0.76553053269162663 492.9461257904768 14.712346216198055 0.37120663281530142 2.2573749478906384 2.3821527212858205 1.587125792633741
leaf_count=1465 320 2910 15221 20 4244 9823 1042 2214 9 50 562 31 12 97 11347 865 28 178 22 19 186 41 18 51 8868 222 24 43 34 34
internal_value=1.97189e-05 0.00105242 0.0396314 -0.000107571 0.00019314 -0.0421808 -0.000213641 0.0316624 -0.0004962 -0.000247078 -0.00355592 0.00211623 0.0601882 0.0898863 0.00178485 -0.00406331 -0.00358752 -0.00398525 -0.0359772 0.0118308 -0.00329191 -0.00261566 0.0682924 -0.00308471 -0.00395418 -0.0354361 0.0805668 0.0277601 0.0146595 0.0767081
internal_weight=1472.69 1437.52 41.9615 1395.56 1387.22 35.1779 1376.02 12.0903 1363.93 1353.32 563.863 789.459 4.47933 3.63735 784.979 559.161 553.474 549.5 11.6564 5.51844 537.844 526.598 3.46049 523.137 508.795 15.8491 1.13674 14.3422 12.0848 3.96928
internal_count=60000 49857 16686 33171 30261 10143 26017 2234 23783 22741 11245 11496 118 109 11378 10683 9818 9790 91 41 9699 9513 59 9454 9165 297 75 289 246 68
is_linear=0
shrinkage=0.05


Tree=107
num_leaves=31
num_cat=0
split_feature=124 119 15 15 95 135 11 73 130 119 6 12 6 113 42 22 45 5 43 87 40 119 15 6 119 11 12 45 17 120
split_gain=26.7513 24.4914 13.1948 7.91206 10.696 4.80237 5.07029 7.33587 16.6901 4.66894 17.421 10.0721 8.28676 6.35489 5.54804 5.17049 6.29119 4.50878 4.40552 4.35657 13.075 23.866 8.61615 8.51396 12.7677 7.81496 7.04821 6.81185 6.30041 7.40942
threshold=0.8188765048980714 0.62131977081298839 1.0000000180025095e-35 1.0000000180025095e-35 0.81241148710250866 1.0000000180025095e-35 -1.3378220200538633 0.88280022144317638 -1.5681548118591306 0.75870630145072948 0.81872534751892101 0.78449127078056347 0.79659932851791393 0.83992010354995739 -1.0285905003547666 0.11410588026046754 0.29096430540084844 0.66979491710662853 0.91037613153457653 1.0000000180025095e-35 0.85712382197380077 0.8213065266609193 0.75000000000000011 0.9065462350845338 0.86615723371505748 -0.080827727913856492 0.54782027006149303 0.20070291310548785 0.64414232969284069 1.0000000180025095e-35
decision_type=2 2 2 2 2 2 2 2 2 2 2 2 2 2 2 2 2 2 2 2 2 2 2 2 2 2 2 2 2 2
left_child=1 2 -1 -3 9 6 7 -2 -9 10 11 13 14 -5 -13 -15 -17 -18 -16 20 22 26 -11 25 -25 -23 -22 -26 -21 -30
right_child=5 3 -4 4 -6 -7 -8 8 -10 19 -12 12 -14 15 18 16 17 -19 -20 28 21 23 -24 24 27 -27 -28 -29 29 -31
leaf_value=-0.050129220472591975 -0.050507792591856275 -0.05014120245983137 0.048911128194821733 -0.037301379627187596 0.050178047498626949 0.025631565263874907 -0.050161308800969341 -0.050351158027876042 0.68118675064354806 0.072601853210337797 0.040918214409187498 0.072468853760855212 0.072970074884764757 -0.028022535098203866 0.017854820824767952 0.2166545157668478 0.039649174288838136 -0.042386781489097719 -0.031262914298876676 -0.055061114010288653 -0.036694941035893429 0.092925934306966398 -0.041182946910782253 0.051942234911683066 0.044922389582315786 -0.045238533540279145 0.044223387118286633 -0.048143380012116398 -0.0023967370889937402 0.0063329646641258584
leaf_weight=3.7073126358445725 0.44773057475685973 7.8281047623604527 36.202809403883293 22.877648965921253 10.651985062053425 2.4238295257091513 33.13067225785926 0.1817545248195529 0.13654455216601491 1.7505977102555323 31.652596903033555 2.6645203838124933 5.7075426084920755 7.3764003794640329 9.927100447937848 0.42189940065145393 6.6729284890461695 2.2361896911170334 8.452088166959582 5.1761419770773491 2.9900901545770493 1.0663082695100481 33.531298420391977 8.1068876979406941 2.4705635986756525 25.473934175213799 26.909889289177954 9.6308896148111653 809.15027370443568 347.43523706891574
leaf_count=1444 65 2875 15221 449 4244 15 10724 35 10 46 3647 37 252 57 326 10 209 52 100 47 19 79 473 82 67 353 398 136 12715 5813
internal_value=1.69133e-05 0.00109317 0.0397111 -1.55159e-05 0.000268344 -0.0423591 -0.0472208 0.0799537 0.263465 -0.000119237 0.0103979 -0.00416501 0.0195349 -0.0201812 0.0050421 0.00326156 0.0279924 0.0190581 -0.00473309 -0.000928349 -0.0103493 0.0012449 -0.0355372 -0.0210681 0.00338523 -0.0396875 0.0361313 -0.0291436 -2.06837e-05 0.000225642
internal_weight=1466.39 1430.07 39.9101 1390.16 1382.33 36.3205 33.8967 0.76603 0.318299 1371.68 97.9889 66.3363 26.7513 39.5851 21.0437 16.7074 9.33102 8.90912 18.3792 1273.69 111.93 76.6486 35.2819 46.7486 20.2083 26.5402 29.9 12.1015 1161.76 1156.59
internal_count=60000 49151 16665 32486 29611 10849 10834 110 45 25367 5139 1492 715 777 463 328 271 261 426 20228 1653 1134 519 717 285 432 417 203 18575 18528
is_linear=0
shrinkage=0.05


Tree=108
num_leaves=31
num_cat=0
split_feature=124 119 32 32 95 44 43 119 12 111 79 113 113 12 110 7 128 6 79 14 59 93 14 79 119 8 28 93 14 113
split_gain=25.3134 23.2882 12.5327 7.52354 10.1738 4.66598 4.51728 4.51064 4.50641 3.96348 6.67036 5.47645 8.32413 5.90209 5.26838 4.37482 4.07063 5.44655 12.1484 5.30765 5.97318 7.23375 12.0209 6.23955 5.5526 5.70666 5.168 4.76308 5.71253 4.59266
threshold=0.8188765048980714 0.62131977081298839 1.0000000180025095e-35 1.0000000180025095e-35 0.81241148710250866 -0.99465185403823841 0.99892947077751171 0.68742546439170849 0.42494811117649084 0.99892947077751171 0.10330870375037195 0.78538867831230175 0.92947664856910717 0.59895822405815136 -0.75803008675575245 -0.25242555141448969 -0.99785891175270069 0.92350742220878612 1.6875203251838686 0.31191965937614446 1.495807468891144 1.7908226251602175 0.39659819006919866 1.3604762554168703 0.85790908336639415 1.7041583061218264 0.8999604880809785 2.047237873077393 0.488080844283104 1.7135661244392397
decision_type=2 2 2 2 2 2 2 2 2 2 2 2 2 2 2 2 2 2 2 2 2 2 2 2 2 2 2 2 2 2
left_child=1 2 -1 -3 7 -2 -4 8 -5 16 -11 14 -13 -14 -12 -16 17 19 -19 -9 -21 22 24 -23 25 -22 -24 -18 -29 -25
right_child=5 3 6 4 -6 -7 -8 9 -10 10 11 12 13 -15 15 -17 27 18 -20 20 21 23 26 29 -26 -27 -28 28 -30 -31
leaf_value=-0.0501229051974778 0.016155294966427047 -0.050134298201144616 0.050257141576465651 -0.068674003546024195 0.050169573024478914 -0.047873802064842597 -0.18077320499274188 -0.056109225004996932 0.040768285735597182 -0.067443846382760256 0.05929555151846097 -0.030843281228850307 0.10485656653101205 0.01267976450105604 -0.044166404062221241 0.044410839536944864 -0.0018328871128309495 -0.0045887392750597238 0.15015103001419783 0.073022664658231401 0.025170623757630364 0.055870323891836632 -0.079311653424506134 -0.041234127160357355 0.0030335508813055566 0.15772261389898404 -0.019288575187998262 0.0076495183224307749 0.078894530943191488 0.01812720334461047
leaf_weight=3.5269380428362629 3.1261862118262789 7.447323201224207 34.279278041562065 1.0328879915177811 10.13415005430579 31.66711741918698 0.21289633098058303 3.178086972096934 10.525996941374613 2.287547559477388 12.011895535048099 9.5791642768308538 2.3096232805401069 6.9997136043384671 2.7651820816099644 2.8111080618109545 1232.6607906187419 3.038316849153488 2.1773836296051741 3.5599248281214377 1.6890343914274155 9.6263012532144767 4.8654144408646998 3.9402585467323687 4.4715544581413269 1.5637446513865141 13.638876473531125 10.099981215549631 3.9000202722381792 18.827427902258933
leaf_count=1444 331 2875 15199 20 4244 10518 22 20 2214 21 141 98 30 88 32 38 21891 31 21 30 24 97 38 38 30 21 107 128 38 171
internal_value=1.51326e-05 0.00104527 0.0396514 -1.43875e-05 0.000256543 -0.0421208 0.0488312 -0.000113332 0.0309887 -0.000378453 0.0153793 0.0205734 0.00187845 0.0355486 0.0406504 0.000486976 -0.00084218 0.0108397 0.06001 0.00691599 0.0101371 0.00631835 -0.0132009 0.0221226 0.03919 0.0888938 -0.0350707 -0.00150352 0.0274964 0.00785392
internal_weight=1457.95 1423.16 38.0191 1385.14 1377.69 34.7933 34.4922 1367.56 11.5589 1356 38.7642 36.4767 18.8885 9.30934 17.5882 5.57629 1317.24 70.5763 5.2157 65.3606 62.1825 58.6226 26.2286 32.394 7.72433 3.25278 18.5043 1246.66 14 22.7677
internal_count=60000 49151 16665 32486 29611 10849 15221 25367 2234 23133 448 427 216 118 211 70 22685 628 52 576 556 526 220 306 75 45 145 22057 166 209
is_linear=0
shrinkage=0.05


Tree=109
num_leaves=31
num_cat=0
split_feature=124 85 15 15 95 12 22 135 120 107 9 127 127 13 130 104 85 6 12 68 8 8 14 56 76 110 94 130 28 0
split_gain=23.8192 18.9812 11.1673 7.1759 9.40814 5.37484 5.00804 4.67293 4.41705 27.9038 15.4955 5.88172 6.4622 5.72441 6.56501 5.52449 7.71611 13.0707 7.92025 7.79886 5.14206 7.32135 7.49225 6.21206 13.466 28.8952 11.4031 9.219 11.7534 16.307
threshold=0.8188765048980714 0.6070832908153535 1.0000000180025095e-35 1.0000000180025095e-35 0.81241148710250866 0.42494811117649084 0.13723234832286837 1.0000000180025095e-35 1.0000000180025095e-35 0.14351415634155276 0.47114428877830511 -0.86191910505294789 -0.73102310299873341 0.76363638043403637 -0.45908114314079279 1.0000000180025095e-35 0.74160608649253856 0.85438916087150585 0.75309807062149059 0.66420048475265514 -1.145654499530792 -0.79407894611358631 0.34651209414005285 0.11674640700221063 -0.76141557097434986 -0.78459057211875904 0.96592584252357494 0.14883183687925342 0.29882448911666876 0.86765101552009594
decision_type=2 2 2 2 2 2 2 2 2 2 2 2 2 2 2 2 2 2 2 2 2 2 2 2 2 2 2 2 2 2
left_child=1 2 -1 -3 8 6 -4 -2 10 13 11 -5 -13 -10 -15 16 17 18 -16 -20 -17 22 -22 -24 26 -26 27 -25 29 -29
right_child=7 3 5 4 -6 -7 -8 -9 9 -11 -12 12 -14 14 15 20 -18 -19 19 -21 21 -23 23 24 25 -27 -28 28 -30 -31
leaf_value=-0.050116894372734901 -0.046944049999434946 -0.050127733983053958 -0.10947365927948388 0.093404208248103041 0.050162788168934769 0.050774352456984431 0.050127393788506239 0.025022319948481642 0.0059243846757768637 0.048263631159599543 -0.051206437329002312 -0.093840123118030735 -0.0013298427422346621 0.075234187443170009 -0.050956544162496432 0.038625421239725496 -0.035148227747934628 0.038261809423041956 0.054707130954090369 -0.023776537059917772 0.031303997718351378 0.0087056926104492807 -0.011250607365525984 0.051964828738250306 -0.41429525844989368 -0.024513326518279782 0.030878444785180165 -0.075992402763434913 0.01790014115103614 -0.32212854638373356
leaf_weight=3.3553194070700547 30.990485076094046 7.0850173393264404 1.0442951880395401 1.6342963241040696 9.4033741436433029 30.821720726205967 0.92855277098715294 2.4327050922438493 252.86852433532476 32.7083295827033 15.892381309065966 1.8921424839645613 809.90651450771838 2.5412894655019036 12.776898118667306 7.9129854689817867 32.717043016804382 13.22256669658236 4.8543604472652069 9.0969461873173696 8.9360007077921164 77.396858962252736 70.628136481856927 1.1013804576359669 0.74891012068837914 1.3022379204630841 4.6564732603728771 1.8430137417744847 1.2426217969041315 1.0599133439827708
leaf_count=1444 10834 2875 13 18 4135 13870 420 15 3049 7009 1370 21 11790 21 130 112 390 289 104 86 102 938 511 62 27 49 172 60 53 31
internal_value=1.52066e-05 0.000997509 0.0367641 6.29049e-05 0.000321272 0.0456532 -0.0343548 -0.041706 -2.15951e-05 0.00350852 -0.00231001 -0.0013547 -0.00154547 0.000609237 -0.00472343 -0.00553786 -0.017144 -0.00239978 -0.0225153 0.00353187 -0.000768292 -0.00261372 -0.0121865 -0.0168925 -0.0502248 -0.16683 -0.0260741 -0.0766176 -0.110779 -0.165861
internal_weight=1453 1419.58 36.1499 1383.43 1376.34 32.7946 1.97285 33.4232 1366.94 537.614 829.325 813.433 811.799 504.906 252.038 249.496 72.6678 39.9508 26.7282 13.9513 176.829 168.916 91.5187 82.5827 11.9546 2.05115 9.9034 5.24693 4.14555 2.90293
internal_count=60000 49151 15747 33404 30529 14303 433 10849 26394 13195 13199 11829 11811 6186 3137 3116 999 609 320 190 2117 2005 1067 965 454 76 378 206 144 91
is_linear=0
shrinkage=0.05


Tree=110
num_leaves=31
num_cat=0
split_feature=124 119 15 15 95 119 40 85 60 34 85 11 23 41 15 118 110 14 110 7 15 92 126 76 76 14 45 28 41 76
split_gain=22.5019 21.0534 11.3453 6.8427 9.20739 4.15652 6.99767 7.55473 4.67151 4.39755 6.69497 3.95237 4.32816 3.90894 4.04725 4.70589 3.65611 6.62756 6.40152 7.56373 6.13609 4.83157 4.77078 5.91479 5.55441 5.07248 4.59329 7.65329 4.92141 8.37358
threshold=0.82307362556457531 0.62131977081298839 1.0000000180025095e-35 1.0000000180025095e-35 0.81241148710250866 0.70916947722435009 0.78165724873542797 0.54806599020957958 0.99465191364288341 0.58866411447525036 0.63214924931526195 -0.47776304185390467 0.85180485248565685 2.6212375164031987 0.75000000000000011 1.0000000180025095e-35 2.00095546245575 0.53617689013481151 1.9668063521385195 0.16030829399824145 0.75000000000000011 0.51806142926216137 0.61159366369247448 1.8712242245674136 1.9354080557823183 0.48149017989635473 2.6067874431610112 2.6230174303054814 1.7851548194885256 1.7740728855133059
decision_type=2 2 2 2 2 2 2 2 2 2 2 2 2 2 2 2 2 2 2 2 2 2 2 2 2 2 2 2 2 2
left_child=1 2 -1 -3 5 6 8 -8 9 10 -5 12 -2 16 15 -15 18 22 26 21 -21 -20 -18 -24 25 -25 28 -28 -7 -30
right_child=11 3 -4 4 -6 13 7 -9 -10 -11 -12 -13 -14 14 -16 -17 17 -19 19 20 -22 -23 23 24 -26 -27 27 -29 29 -31
leaf_value=-0.050111283231295427 0.035467914803465915 -0.050121617468478777 0.048687014129311444 0.038073144407626616 0.050153793284134968 -0.00039306771986547965 -0.34541684342707502 0.046647641717107613 -0.061212511557253241 0.048089891810885702 -0.1025732005687339 -0.050500636043843083 -0.053093730955496236 -0.066271930975674173 0.067685826604592284 0.056898786911176259 0.052630471914133906 0.10044595703248647 -0.032347599728448279 0.00011370030476909814 -0.072192239337503405 0.036506427232962844 -0.027070742467761234 0.0228446079869986 -0.0038976732954504722 0.10377497321569039 0.10098350609051082 -0.0040932758895292007 -0.045484091334391852 0.0063490534944936443
leaf_weight=3.2030432918108991 3.092604344245049 6.7819924124050877 31.306372538907453 1.7461498370394131 9.1721939831040782 1228.8858770614024 0.12395717995241184 14.001834669965318 3.1896620742045343 3.8371291214134544 1.6415575677528975 25.404078237013891 2.4906704616732895 1.6235194429755202 4.2363393772393465 1.4845814374275506 5.4706147646065793 2.1029578987509003 4.5864284448325652 4.1890310230664882 9.7948504521045834 5.7320702113211155 11.362797958077861 6.5595907780807483 12.961729627801104 2.7469351999461651 2.9521420504897824 4.1958902853075415 16.164725000970069 15.042684784391893
leaf_count=1448 549 2890 15221 35 4244 21231 2 2786 24 169 13 9473 591 11 39 61 64 24 49 67 80 54 127 78 141 22 32 79 201 195
internal_value=1.93969e-05 0.000942354 0.0395169 -2.18622e-05 0.000225463 -0.000110124 0.0202816 0.0432072 -0.0108136 0.0114368 -0.0300789 -0.0421292 -0.00403898 -0.000483545 0.0358934 -0.00743955 -0.00068401 0.0139778 -0.00115177 -0.026571 -0.0505322 0.00590177 0.00932736 0.00228344 0.017262 0.0467322 -0.000664296 0.0393035 -0.000891018 -0.0204993
internal_weight=1446.08 1415.1 34.5094 1380.59 1373.81 1364.63 24.5403 14.1258 10.4145 7.22484 3.38771 30.9874 5.58327 1340.09 7.34444 3.1081 1332.75 41.2046 1291.54 24.3024 13.9839 10.3185 39.1017 33.6311 22.2683 9.30653 1267.24 7.14803 1260.09 31.2074
internal_count=60000 49387 16669 32718 29828 25584 3029 2788 241 217 48 10613 1140 22555 111 72 22444 456 21988 250 147 103 432 368 241 100 21738 111 21627 396
is_linear=0
shrinkage=0.05


Tree=111
num_leaves=31
num_cat=0
split_feature=124 102 118 15 95 44 5 129 93 62 76 75 96 22 5 28 93 124 129 110 109 102 54 113 126 76 75 62 12 28
split_gain=21.2054 18.7287 11.0631 6.51045 8.28924 3.86751 4.1773 3.80301 4.99017 9.27787 9.08376 8.27433 6.96071 5.74577 5.45213 5.10154 6.16402 4.89608 4.86392 6.30376 7.62524 6.72941 5.8144 5.06449 6.15202 4.98206 9.49179 7.37892 6.3047 9.38029
threshold=0.82307362556457531 0.62132039666175853 1.0000000180025095e-35 1.0000000180025095e-35 0.81241148710250866 -0.99465185403823841 0.93780857324600231 -0.0979645401239395 -0.95937663316726673 0.55639949440956127 -1.0440130829811094 -0.4872410893440246 0.77794587612152111 0.19592154026031497 0.15634173899888995 0.23778765648603442 -1.0072714090347288 0.027234752662479881 -0.032701514165264449 -0.74220347404479969 0.25626355409622198 0.87748172879219066 1.0000000180025095e-35 0.19809624552726748 -0.45468510687351221 1.7740728855133059 0.32128180563449865 0.9985390603542329 0.68306943774223339 -0.066072918474674211
decision_type=2 2 2 2 2 2 2 2 2 2 2 2 2 2 2 2 2 2 2 2 2 2 2 2 2 2 2 2 2 2
left_child=1 2 -1 -3 7 6 -2 -5 9 10 12 -10 14 15 -9 -12 -17 -11 19 21 -21 22 -13 -20 -25 28 -27 -28 29 -26
right_child=5 3 -4 4 -6 -7 -8 8 11 17 13 18 -14 -15 -16 16 -18 -19 23 20 -22 -23 -24 24 25 26 27 -29 -30 -31
leaf_value=-0.046753567304973265 -0.028429553811764964 -0.050115673915403558 0.047103791895111789 -0.0020324933609400238 0.050149222082147664 -0.047374612972084305 0.1054422834801681 -0.0040263701602378018 0.038658228582391312 -0.056204134704780931 -0.029733047260996293 0.090802970473685241 -0.12805166695670331 0.050310154861354955 0.051532904670675644 -0.11003038122032741 -0.012924262126693432 0.0365534684965408 0.023615262514990396 -0.048989352317653022 0.014769886340548917 -0.0078466104655147764 0.0072361073928030525 -0.12939436035352514 -0.1153853163341606 0.10422694801415953 -0.095948107913878644 0.0077932145845987441 0.0027615678024459425 -0.012902083191337323
leaf_weight=3.4981520732399067 1.7468539769761293 6.4519766694866112 30.635967929381877 879.58515797229484 8.2654387920629215 27.113058423856273 0.87439716956578184 22.750415475107733 18.129831521539018 1.59256962686777 19.985874305013578 7.4129416064824891 0.99116059672087331 1.7602400893811125 5.4790699260774991 4.9965418712235987 2.4285179330036035 13.331383519107474 24.201204248936847 5.2202629321254781 46.103169397218153 4.1844341708347192 2.8941588434390724 0.91802172386087377 2.3036511114332816 2.5245967555092639 1.7406483716331411 112.27032030082773 109.76229027973022 72.602198551292531
leaf_count=1452 223 2890 15215 15443 4004 10320 70 188 1028 24 263 91 8 328 517 74 47 310 1027 74 491 49 41 30 46 44 45 1993 2273 1392
internal_value=1.90483e-05 0.000898994 0.037485 -7.3458e-06 0.000228391 -0.0417677 0.0162274 -7.42988e-05 0.00348744 -0.00852764 -0.0175198 0.00563456 0.00218445 -0.0372574 0.00675715 -0.0428807 -0.0782698 0.0266551 0.00410777 0.0165073 0.00828474 0.0456284 0.067338 0.00160695 -0.000156004 0.000237894 0.00833278 0.00620936 -0.00487042 -0.0160538
internal_weight=1441.75 1412.02 34.1341 1377.89 1371.43 29.7343 2.62125 1363.17 483.584 73.3158 58.3918 410.268 29.2206 29.1712 28.2295 27.4109 7.42506 14.924 392.138 65.815 51.3234 14.4915 10.3071 326.323 302.122 301.204 116.536 114.011 184.668 74.9058
internal_count=60000 49387 16667 32720 29830 10613 293 25826 10383 1759 1425 8624 713 712 705 384 121 334 7596 746 565 181 132 6850 5823 5793 2082 2038 3711 1438
is_linear=0
shrinkage=0.05


Tree=112
num_leaves=31
num_cat=0
split_feature=124 119 15 15 95 60 5 44 126 34 40 79 14 92 14 24 126 14 25 8 42 135 42 93 28 59 96 76 17 119
split_gain=19.9498 19.111 13.0203 5.2528 7.71995 3.84151 3.98643 3.72877 3.63595 5.54777 5.14461 9.12871 8.58331 15.7042 8.68652 7.81633 11.9852 7.54807 12.1801 11.7344 8.08287 8.36989 5.85954 5.4357 5.35748 6.9576 4.79284 7.17359 4.90366 4.7889
threshold=0.82307362556457531 0.63955613970756542 1.0000000180025095e-35 1.0000000180025095e-35 0.81241148710250866 0.99465191364288341 0.12146756798028947 -0.99465185403823841 -0.44106553494930262 0.54759180545806896 0.91149607300758373 -0.68693095445632923 0.49548439681530004 -0.83655989170074452 0.53739008307456981 -1.75833523273468 -0.59996768832206715 0.35351052880287176 -0.30093543231487269 0.15377869457006457 -0.42445202171802515 1.0000000180025095e-35 -0.3219123631715774 0.075765699148178114 0.8999604880809785 0.04800193943083287 0.35623237490653997 -0.26815955340862269 0.69667768478393566 0.75870630145072948
decision_type=2 2 2 2 2 2 2 2 2 2 2 2 2 2 2 2 2 2 2 2 2 2 2 2 2 2 2 2 2 2
left_child=1 2 -1 -3 8 -4 -7 -2 10 -10 15 -12 -13 14 -14 16 17 18 -5 22 -19 -22 -20 -23 26 -26 27 -17 -29 -11
right_child=7 3 5 4 -6 6 -8 -9 9 29 11 12 13 -15 -16 24 -18 20 19 -21 21 23 -24 -25 25 -27 -28 28 -30 -31
leaf_value=-0.0501010762710557 0.015211930169584335 -0.050111545952304062 0.05032912758344911 0.26230129686425291 0.05014340339556398 -0.1787568616008722 0.051154587540233658 -0.047104547669761937 -0.078701303499670389 0.013035384632348244 -0.033449718555957617 0.017749508785553186 0.39870974387334107 0.027695511113751837 0.12475391127586884 0.0065705937583474669 0.224708373039742 0.16471293847615889 0.14827469240821203 0.20324313044749084 -0.02667525764206672 0.047577428328684127 -0.010622478713339704 -0.033265128962536084 -0.0010239699410152625 0.13468005327559773 -0.044032394904642932 0.044604621350216804 -0.022770981670222824 0.00020213466742488112
leaf_weight=3.8208694172790265 2.6453361283056465 5.2256420355988658 30.909448676044125 0.63262186851352442 7.6676152916625133 0.37735824286937614 0.37680093862581998 25.934936132049188 2.1836981533560893 77.963446104666218 6.7048598760738995 13.298647687071936 0.55567455757409356 2.1471126293763509 0.60372043401002884 33.157889156835154 0.64177881460636754 0.69728310825303452 0.65333394613116968 0.87782511301338662 20.084398047765717 8.3369685406796652 5.1824311229865989 2.770193154923617 3.2388158021494737 1.3333746455609796 14.140529055614023 2.7876555542461565 86.446739757433534 1075.6908604290802
leaf_count=1901 293 2437 16085 22 3896 2 81 10320 124 3845 268 483 22 44 20 1524 11 27 10 32 1001 60 215 21 57 14 264 35 3437 13449
internal_value=1.98554e-05 0.000859028 0.0370876 -7.72666e-05 0.000113888 0.0476088 -0.0638861 -0.0413367 -0.000168149 0.000918691 -0.00631725 0.0157916 0.0356744 0.107768 0.256055 -0.00916482 0.0103815 0.00687568 0.0525675 0.0328043 -0.00365031 -0.00741405 0.00716661 0.0274148 -0.0146887 0.038551 -0.0164716 -0.0132873 -0.0206662 0.0010694
internal_weight=1437.09 1408.51 35.4845 1373.02 1367.8 31.6636 0.754159 28.5803 1360.13 1155.84 204.292 23.31 16.6052 3.30651 1.15939 180.982 39.8768 39.2351 7.34621 6.71359 31.8888 31.1916 5.83577 11.1072 141.105 4.57219 136.533 122.392 89.2344 1153.65
internal_count=60000 49387 18069 31318 28881 16168 83 10613 24985 17418 7567 837 569 86 42 6730 1399 1388 279 257 1109 1082 225 81 5331 71 5260 4996 3472 17294
is_linear=0
shrinkage=0.05


Tree=113
num_leaves=31
num_cat=0
split_feature=124 119 15 15 95 7 6 0 60 41 120 107 9 127 93 13 113 70 12 96 119 28 8 8 12 6 6 68 6 23
split_gain=18.7471 18.1829 12.3719 4.99506 7.34326 3.73777 5.36309 16.7345 3.61878 3.61272 3.7106 22.131 14.7482 5.20403 6.07187 5.15315 5.58903 6.60582 7.83312 13.926 8.01786 12.5403 7.30422 11.2692 10.16 6.42041 6.30845 5.79056 16.5371 7.2019
threshold=0.82307362556457531 0.63955613970756542 1.0000000180025095e-35 1.0000000180025095e-35 0.81241148710250866 -1.4776647090911863 0.80234423279762279 0.8124108910560609 0.99465191364288341 2.6212375164031987 1.0000000180025095e-35 0.14351415634155276 0.47114428877830511 -0.86191910505294789 -0.55991351604461659 0.76363638043403637 0.14017961174249652 1.0000000180025095e-35 0.76985624432563793 0.39644838869571691 0.86317753791809093 0.4795334935188294 -1.1005960702896116 -0.978990077972412 0.67420941591262828 0.79659932851791393 0.79973021149635326 0.71727970242500316 0.85438916087150585 0.93042463064193737
decision_type=2 2 2 2 2 2 2 2 2 2 2 2 2 2 2 2 2 2 2 2 2 2 2 2 2 2 2 2 2 2
left_child=1 2 -1 -3 9 6 7 -2 -4 10 12 15 13 -5 -15 -12 -17 27 19 22 25 -22 -19 24 -24 -20 -27 28 -18 -29
right_child=5 3 8 4 -6 -7 -8 -9 -10 -11 11 -13 -14 14 -16 16 17 18 20 -21 21 -23 23 -25 -26 26 -28 29 -30 -31
leaf_value=-0.050096137376079465 0.011688612430312474 -0.0501060934576118 0.050316375938790958 0.088018196148498123 0.0501365557930043 -0.047919562699289625 -0.028126351856163408 0.5812314624821292 -0.060873213141447793 0.03488109646835931 0.0056230230890538888 0.047594842780459203 -0.051143807003640331 -0.11037867042064019 -0.0015446538900634943 0.018888190479217453 -0.028936857085558779 0.03769048919695972 -0.012396100255046002 0.00097363060533677708 0.015012286409777642 -0.092540514559932049 -0.052339963966184379 -0.032010983252206339 -0.20437751940312499 0.1196740197589844 0.030525737369938716 -0.043417471657527795 0.057747795395882928 0.048336630790297236
leaf_weight=3.6348727163858703 0.70914653618820311 4.9713116659549987 29.409241059096534 1.6188762187957753 7.294632497127167 23.989680039463565 2.6316650293301791 0.1576437777839601 0.75044233724474807 7.3142353061120948 252.35988474963233 26.327141583780758 15.267605847679077 1.2835915330797423 802.63440511701629 23.225394822191447 19.729652227368209 2.8662291301880058 8.4721088116057199 90.657081097364426 8.2027128986082953 4.047570724040269 2.5113944523036507 22.842043549288064 1.9536106213927267 2.1390418545343008 27.455054559512064 28.165471415268261 7.6295809920411548 2.3143646847456685
leaf_count=1901 97 2437 16085 17 3896 9989 514 13 83 158 3054 5255 1459 19 11863 402 260 42 88 915 98 43 29 285 21 20 375 323 227 32
internal_value=1.51333e-05 0.000815156 0.0370471 -7.77625e-05 0.000104265 -0.0408786 0.0074025 0.115272 0.0475497 -0.000164287 -0.000353922 0.00290343 -0.00246079 -0.00153808 -0.00171843 0.00057156 -0.00448288 -0.00685334 -0.00191643 -0.00881915 0.0146598 -0.0205238 -0.038242 -0.0462121 -0.118862 0.0259824 0.0369693 -0.0214617 -0.00476339 -0.0364505
internal_weight=1432.57 1405.08 33.7946 1371.28 1366.31 27.4881 3.49846 0.86679 30.1597 1359.02 1351.7 530.898 820.804 805.537 803.918 504.571 252.211 228.986 171.147 120.83 50.3165 12.2503 30.1733 27.307 4.46501 38.0662 29.5941 57.8391 27.3592 30.4798
internal_count=60000 49387 18069 31318 28881 10613 624 110 16168 24985 24827 11469 13358 11899 11882 6214 3160 2758 1916 1292 624 141 377 335 50 483 395 842 487 355
is_linear=0
shrinkage=0.05


Tree=114
num_leaves=31
num_cat=0
split_feature=124 119 15 15 78 11 6 125 119 74 12 34 12 23 119 93 102 10 6 93 25 6 43 70 23 102 76 15 39 42
split_gain=17.6339 17.2755 11.7446 4.75106 6.7638 4.14851 3.76263 3.40736 14.0664 12.3234 7.28728 6.94098 7.73951 8.89567 5.98588 5.77306 5.6517 6.53742 6.33979 7.62411 9.85852 5.52114 5.51517 5.09199 8.98449 19.5967 10.4439 5.95367 5.60257 8.39751
threshold=0.82307362556457531 0.63955613970756542 1.0000000180025095e-35 1.0000000180025095e-35 0.83146971464157116 -0.47776304185390467 0.85177427530288707 0.79579704999923717 0.77130869030952465 0.83791020512580883 0.79597324132919323 0.69612982869148265 0.71392521262168895 0.84804716706275951 0.75639230012893688 1.9444903135299685 0.78527224063873302 0.75183969736099254 0.83520823717117321 0.083906337618827834 0.097356155514717116 0.90977594256401073 -0.99785891175270069 1.0000000180025095e-35 0.8816836178302766 0.82971668243408214 -0.080903489142656312 0.75000000000000011 0.60249200463294994 2.0256479978561406
decision_type=2 2 2 2 2 2 2 2 2 2 2 2 2 2 2 2 2 2 2 2 2 2 2 2 2 2 2 2 2 2
left_child=1 2 -1 -3 7 6 -2 15 9 10 -9 12 21 -14 -12 22 17 18 19 -13 -21 -10 -5 24 27 26 -26 -18 -25 -30
right_child=5 3 -4 4 -6 -7 -8 8 11 -11 14 16 13 -15 -16 -17 23 -19 -20 20 -22 -23 -24 28 25 -27 -28 -29 29 -31
leaf_value=-0.050091438613402185 0.033897730921936757 -0.050100908470449304 0.047438680249224735 -0.092358439949803528 0.050129949978324165 -0.050428385252954136 -0.050629768630574112 -0.011101830683990807 -0.053290466592245081 0.050164422322926831 0.069506334123295863 -0.036415153493488187 -0.053367281235488742 0.045409869818943994 -0.0032421999621490569 0.028573374322291574 0.058934912219483097 -0.068008623489514905 0.052859443999396238 0.1442988081991983 7.3831395222235291e-07 0.017137312248220141 -0.0082155212172332747 0.0049961745635779282 0.025205217623604899 -0.027949134191699965 0.13097920867354734 -0.042597128310092172 -0.0032587402826697448 0.050913397945736141
leaf_weight=3.4579139892011872 3.1560620865784612 4.7293349410174406 28.757750515826046 1.9723499242681999 6.7225574284093446 21.075534876203164 2.2587981822434813 23.603044906631112 17.029218413401402 26.092691551544704 6.421844838652758 6.0458816383034044 3.460747745819388 6.6768154692836106 5.0521060097962618 10.768012269283643 1.5339299114421034 1.8448172116186459 13.455630223848855 1.7171761826612053 3.8098295184317976 3.3263649197760961 154.1947893591132 408.82866111258045 12.833329511806367 23.143727283109911 2.8523975727148345 24.583079924806952 589.66307395719923 7.2416874347254625
leaf_count=1901 549 2437 16168 20 3785 9473 591 700 183 3003 392 116 39 90 63 111 56 52 246 24 43 33 2687 5710 150 441 30 464 10381 62
internal_value=1.4789e-05 0.000779585 0.0369701 -7.29304e-05 0.000100673 -0.040399 -0.00136275 -0.000147327 0.000791679 0.0241438 0.00478781 -0.000474616 -0.024005 0.0116895 0.0374744 -0.00683664 0.000179124 0.0228264 0.0295217 0.00238727 0.0448325 -0.0417817 -0.00927822 -0.000389306 -0.0139583 0.00129346 0.0444399 -0.0366338 0.000486928 -0.00260152
internal_weight=1426.31 1399.82 32.2157 1367.6 1362.87 26.4904 5.41486 1356.15 1189.22 61.1697 35.077 1128.05 30.4931 10.1376 11.474 166.935 1097.55 26.8733 25.0285 11.5729 5.52701 20.3556 156.167 1070.68 64.9465 38.8295 15.6857 26.117 1005.73 596.905
internal_count=60000 49387 18069 31318 28881 10613 1140 25096 22278 4158 1155 18120 345 129 455 2818 17775 481 429 183 67 216 2707 17294 1141 621 180 520 16153 10443
is_linear=0
shrinkage=0.05


Tree=115
num_leaves=31
num_cat=0
split_feature=124 119 15 15 95 11 43 119 6 85 60 34 85 6 23 119 29 59 110 111 45 25 76 109 41 42 41 76 109 6
split_gain=16.5941 16.3967 8.79322 5.32099 7.17734 4.10333 3.67615 3.5163 6.28565 5.56504 4.19017 3.83504 5.52618 3.43906 3.32117 8.6535 6.95093 6.06898 4.99454 4.15514 3.96838 6.09664 6.5443 5.13489 4.21159 5.16381 4.26938 8.58867 7.51553 7.54602
threshold=0.82307362556457531 0.62131977081298839 1.0000000180025095e-35 1.0000000180025095e-35 0.81241148710250866 -0.47776304185390467 0.99892947077751171 0.70916947722435009 0.78167855739593517 0.54806599020957958 0.99465191364288341 0.58866411447525036 0.63214924931526195 0.85177427530288707 0.94178894162178051 0.89479950070381176 0.51974803209304821 1.8538201451301577 1.8854891061782839 0.96592584252357494 2.6067874431610112 1.7666810154914858 1.7343409061431887 1.9402155280113222 2.6212375164031987 1.6751573085784914 1.8246915340423586 1.7740728855133059 1.828178942203522 0.79973021149635326
decision_type=2 2 2 2 2 2 2 2 2 2 2 2 2 2 2 2 2 2 2 2 2 2 2 2 2 2 2 2 2 2
left_child=1 2 -1 -3 7 13 -4 8 10 -10 11 12 -5 -2 20 -16 -17 18 19 -18 24 22 -22 -23 26 -26 -9 -28 -29 -30
right_child=5 3 6 4 -6 -7 -8 14 9 -11 -12 -13 -14 -15 15 16 17 -19 -20 -21 21 23 -24 -25 25 -27 27 28 29 -31
leaf_value=-0.05008691569512308 0.031606160286351465 -0.050094667255609772 0.050207069793408492 0.035939429320034084 0.050120544141542961 -0.050408363011419079 -0.14155572906932612 -0.00078194084216447971 -0.2505600605433409 0.046065537464490582 -0.057609236355769339 0.04645749437340653 -0.093167557338014531 -0.049630474155746541 0.077865790725547057 0.081045377718133055 0.0050836628379309374 0.056376852250755727 -0.092211047352350889 -0.055322895906824682 0.018225469382689895 0.050313502772107367 0.15790497019059221 -0.029079454416998038 -0.020266186163433498 0.09946109086832873 -0.051732624930428441 -0.067679533300304878 -0.06786442733336627 0.033170549575562133
leaf_weight=2.5040782334981513 3.2140964644495424 5.2845913041383019 24.435807518195364 1.6851577176712473 7.1550625184318042 20.055434118723497 0.25250436225905915 1255.4334715681616 0.16010419093072314 12.769306923262773 3.189777891151607 3.7052830681204796 1.6310431943275032 2.1908149439841509 4.7497200989164439 2.6627014596015242 14.488451909273872 3.5140908872708669 1.8904248811304558 3.5429489151574662 1.7528953591827297 3.5859244149178249 1.6076496653258798 4.7137569095939398 1.4965608287602656 2.2614561121445149 12.401461760047825 3.1222164109349277 2.1772814919240764 12.221728583099319
leaf_count=1448 549 2890 15199 35 4244 9473 22 21408 2 2786 24 169 13 591 132 36 280 25 16 36 29 71 19 74 17 34 160 54 15 149
internal_value=1.4425e-05 0.000744831 0.0391906 -1.98188e-05 0.000174484 -0.039988 0.0482458 -8.93013e-05 0.0192341 0.0423924 -0.0100888 0.0114992 -0.0275607 -0.00132212 -0.0004251 0.0157896 0.00449231 -0.00420536 -0.0148917 -0.00678548 -0.000809638 0.0282285 0.0850467 0.00522272 -0.00107229 0.0517819 -0.00122682 -0.0198922 0.0026443 0.017893
internal_weight=1419.86 1394.4 27.1924 1367.2 1361.92 25.4603 24.6883 1354.76 23.1407 12.9294 10.2113 7.02148 3.3162 5.40491 1331.62 30.8483 26.0986 23.4359 19.9218 18.0314 1300.77 11.6602 3.36055 8.29968 1289.11 3.75802 1285.36 29.9227 17.5212 14.399
internal_count=60000 49387 16669 32718 29828 10613 15221 25584 3029 2788 241 217 48 1140 22555 525 393 357 332 316 22030 193 48 145 21837 51 21786 378 218 164
is_linear=0
shrinkage=0.05


Tree=116
num_leaves=31
num_cat=0
split_feature=124 119 15 15 95 135 7 24 60 129 51 25 14 113 135 5 5 108 119 74 12 34 102 23 76 119 25 93 7 7
split_gain=15.6079 15.5886 10.5725 4.29797 6.32121 3.67783 4.52544 6.87805 3.33296 3.28854 6.71829 6.69122 12.2188 5.10613 4.55041 3.60811 3.26419 3.25215 12.3853 11.7249 6.70529 6.5444 7.56579 9.16358 7.27097 5.91393 7.70025 11.5464 6.95293 9.42954
threshold=0.82307362556457531 0.63955613970756542 1.0000000180025095e-35 1.0000000180025095e-35 0.81241148710250866 1.0000000180025095e-35 -2.0575609207153316 -2.1384891271591182 0.99465191364288341 -0.96592584252357472 0.72157108783721935 0.18508978933095935 0.52936649322509777 0.27547775208950048 1.0000000180025095e-35 0.77726659178733837 0.12146756798028947 0.79579704999923717 0.77130869030952465 0.83791020512580883 0.79597324132919323 0.69612982869148265 0.77969098091125499 0.84804716706275951 -0.79684665799140919 0.80915924906730663 0.082897614687681212 0.17547786980867389 -0.18786694109439847 0.13708830624818805
decision_type=2 2 2 2 2 2 2 2 2 2 2 2 2 2 2 2 2 2 2 2 2 2 2 2 2 2 2 2 2 2
left_child=1 2 -1 -3 9 6 7 -2 -4 10 -5 13 15 14 -12 -13 -10 -11 19 20 -19 22 23 -20 -25 26 27 -23 -28 -30
right_child=5 3 8 4 -6 -7 -8 -9 16 17 11 12 -14 -15 -16 -17 -18 18 21 -21 -22 25 -24 24 -26 -27 28 -29 29 -31
leaf_value=-0.050082721414273626 -0.050469502037155813 -0.050091290537838742 0.050282983803838971 0.33995116354794275 0.050118034349339251 0.021644444339628109 -0.050114211842378992 0.2438241111631656 -0.15321342420821893 -0.0064540122310460177 -0.050657384700286218 0.12740357289923177 0.43435356599961672 0.23060073639232553 0.029193597821622716 -0.050428170801719865 0.051222667454222853 -0.01071619826597821 -0.060045499171467925 0.049571680620728725 0.036281145405802982 0.012173051904695921 -0.061572854592093877 0.056630197492636425 -0.014031994783282689 -0.00065022145579726721 -0.039613746568496921 0.066495880682537728 0.081107410853604914 -0.0056370061758476836
leaf_weight=3.1293752017663818 0.48741619184147567 4.2800858536502338 25.414890912594277 0.12672780826688068 6.2854015311459071 2.2307978030294171 21.429466309491545 0.3349878618028076 0.40445724129676719 164.48855958285276 12.214880922809238 0.46192400157451519 0.20585178700275708 0.17781724571250457 2.0893145501613626 0.74569356674328446 0.37748879985883832 23.41398061090149 5.8446331166196677 24.762251295964234 11.229381220065987 50.774392508901656 8.9796947047580016 5.972244162810969 9.3241627891547925 985.53624827065505 11.002480961615218 12.116124228574334 3.7638796004466739 18.68836453044787
leaf_count=1901 106 2437 16085 4 3896 14 10462 31 2 2557 1931 2 16 28 12 118 81 668 72 2944 449 898 120 72 81 14233 204 155 45 376
internal_value=1.45052e-05 0.000710658 0.0367786 -6.56705e-05 9.19744e-05 -0.039561 -0.0456969 0.0694044 0.0471547 -0.000140609 -0.0226582 -0.0255491 0.0782891 -0.0356839 -0.0389941 0.017594 -0.0545208 0.000129458 0.00105391 0.0232977 0.00451763 -0.000134405 -0.0231228 -0.00679111 0.013557 0.000505617 0.0123289 0.0226386 -0.00705184 0.00890477
internal_weight=1416.29 1391.81 29.3262 1362.48 1358.2 24.4827 22.2519 0.822404 26.1968 1351.92 16.0222 15.8955 1.41347 14.482 14.3042 1.20762 0.781946 1335.9 1171.41 59.4056 34.6434 1112 30.1207 21.141 15.2964 1081.88 96.3452 62.8905 33.4547 22.4522
internal_count=60000 49387 18069 31318 28881 10613 10599 137 16168 24985 2111 2107 136 1971 1943 120 83 22874 20317 4061 1117 16256 345 225 153 15911 1678 1053 625 421
is_linear=0
shrinkage=0.05


Tree=117
num_leaves=31
num_cat=0
split_feature=119 107 15 15 95 135 7 24 5 111 62 113 113 12 110 7 102 119 128 6 62 12 14 59 93 14 93 76 41 59
split_gain=14.0388 12.1674 9.80994 4.83786 6.50521 4.43782 4.05735 4.71364 3.74581 3.41964 6.09208 5.07255 7.42677 5.62545 4.55768 3.63188 3.54657 3.33272 3.27941 4.65749 13.4125 5.02357 5.21517 4.81611 5.44 9.993 5.19419 7.39908 4.90098 6.82518
threshold=0.62131977081298839 0.83028069138526928 1.0000000180025095e-35 1.0000000180025095e-35 0.81241148710250866 1.0000000180025095e-35 -2.0575609207153316 -2.1384891271591182 0.07900636270642282 0.99892947077751171 0.08260232582688333 0.78538867831230175 0.92947664856910717 0.59895822405815136 -0.75803008675575245 -0.25242555141448969 0.79040801525115978 0.87793946266174328 -0.99785891175270069 0.92350742220878612 1.5825351476669314 1.0321779251098635 0.31191965937614446 1.495807468891144 1.8013663291931155 0.40148113667964941 1.7226846218109133 1.6515727043151858 0.57079470157623302 1.9395657777786257
decision_type=2 2 2 2 2 2 2 2 2 2 2 2 2 2 2 2 2 2 2 2 2 2 2 2 2 2 2 2 2 2
left_child=2 3 -1 -2 8 6 7 -3 -5 18 -11 14 16 -14 -12 -16 -13 -15 19 21 -21 22 -10 -24 25 26 27 -25 29 -26
right_child=1 5 -4 4 -6 -7 -8 -9 9 10 11 12 13 17 15 -17 -18 -19 -20 20 -22 -23 23 24 28 -27 -28 -29 -30 -31
leaf_value=-0.0500911200383704 -0.050085627185339203 -0.050454351914964668 0.048072825060100383 -0.036614345795504009 0.050109258855973393 0.026198187847464995 -0.050109378769853843 0.17929717127862785 -0.052942357857549784 -0.066381311481104918 0.057308854325551897 0.020398926765940031 0.10411375581125913 0.03368780712027989 -0.037346959109772246 0.043535488345412945 -0.048613478542115375 -0.043941873853621582 -0.00096108258651740283 -0.0012564424883460949 0.16817950644040697 -0.058975551548037214 0.069027617372979119 -0.009361488105664657 0.089620306409080336 -0.029055932907978688 -0.010558558958195408 0.11737830202052368 0.010003082760633105 0.0030932864925524782
leaf_weight=2.8710008917842087 4.8164307314436874 0.46931617497466505 22.419723568018526 6.9968918066006145 6.4754867620067662 2.4461963288485995 18.909313703770749 0.42577797686681762 3.1823959111934519 2.1709448378533116 11.584495312417859 2.5683216996258142 2.1726743632461858 4.88511220109649 2.8373063420876861 2.7169569598045191 6.7657404616475105 1.9282884886488316 1237.2900485189166 3.4900116013595825 1.7554956006351856 2.8054958698339751 3.5737266346113747 1.833504958893174 5.4739698824705574 17.527997199678794 3.3344404511153698 3.0962331753689796 20.630545577849261 3.9047301409300417
leaf_count=1754 2910 107 15222 952 4244 14 9699 33 21 19 143 41 33 73 38 39 53 22 23875 38 23 27 35 28 65 162 33 32 218 47
internal_value=1.21357e-05 -0.000661468 0.0369293 -6.30977e-05 0.000114187 -0.0373377 -0.0451855 0.0588337 -0.000125174 6.45732e-05 0.0149251 0.019903 0.00161168 0.0340573 0.0394552 0.00221799 -0.0296243 0.0117175 -0.000362983 0.0101177 0.0554481 0.00647981 0.00941526 0.0127575 0.00915377 -0.00768578 0.0376395 0.0702403 0.0236269 0.0535956
internal_weight=1411.36 1386.07 25.2907 1363.82 1359 22.2506 19.8044 0.895094 1352.53 1345.53 37.6298 35.4589 18.3201 8.98608 17.1388 5.55426 9.33406 6.8134 1307.9 70.6085 5.24551 65.363 62.5575 59.3751 55.8014 25.7922 8.26418 4.92974 30.0092 9.3787
internal_count=60000 43024 16976 33171 30261 9853 9839 140 26017 25065 461 442 222 128 220 77 94 95 24604 729 61 668 641 620 585 255 93 60 330 112
is_linear=0
shrinkage=0.05


Tree=118
num_leaves=31
num_cat=0
split_feature=124 119 120 43 12 11 95 51 126 75 24 40 126 79 31 135 31 8 25 42 110 127 10 41 76 39 130 10 109 28
split_gain=13.9298 14.1732 13.0306 5.79547 5.25991 3.94333 3.41493 3.52121 3.27913 5.54466 4.4983 8.37835 6.21533 5.81854 5.04377 4.82063 5.75614 8.4427 8.85655 7.11277 5.01548 4.87885 4.61899 10.5858 6.18517 5.93395 6.23671 5.82743 6.33265 5.55503
threshold=0.82307362556457531 0.68742546439170849 1.0000000180025095e-35 0.99892947077751171 0.54782027006149303 -0.47776304185390467 0.81241148710250866 0.58335405588150036 -0.44106553494930262 -1.1759967803955076 -1.7178831696510313 0.91149607300758373 -0.58573138713836659 -0.68693095445632923 0.350424274802208 1.0000000180025095e-35 0.35351052880287176 0.15377869457006457 -0.30093543231487269 -0.4785188734531402 0.23047877103090289 0.097038790583610549 -0.99892947077751149 -0.83715277910232533 -0.27781267464160914 0.75721231102943432 0.30657069385051733 -0.97335556149482716 -0.45271843671798701 -1.2415281534194944
decision_type=2 2 2 2 2 2 2 2 2 2 2 2 2 2 2 2 2 2 2 2 2 2 2 2 2 2 2 2 2 2
left_child=1 2 -1 -4 -5 -2 7 -3 10 -10 12 22 15 -13 -15 16 17 18 -9 -18 -21 -17 23 24 -12 26 -24 28 -27 -29
right_child=5 6 3 4 -6 -7 -8 8 9 -11 11 13 -14 14 -16 21 19 -19 -20 20 -22 -23 25 -25 -26 27 -28 29 -30 -31
leaf_value=-0.050076726797706132 -0.00082126201603920004 -0.055802595791589318 0.045090196605266725 -0.24770541608907296 0.050720828727660844 -0.050440859036484542 0.039872722232773668 0.15057610610070585 0.084746620773834408 0.00066251114113529091 0.15922288370317234 -0.064000504972166278 0.11683329129230265 -0.037688623806519585 0.043617792229430047 0.039660002054041257 0.18558735119559447 0.17890556265405957 -0.013405359032260325 -0.025074700359443119 0.12549813327922052 -0.027690649222782294 -0.0010374473880891643 0.18797554180728529 -0.023979205582363456 -0.018669645821598913 -0.036033646114160628 0.095663118602648756 0.1271593402621648 -0.0534520903218655
leaf_weight=4.3388394031208 5.2067879730602753 2.8563441261649123 31.789813532494009 0.32545919809490342 0.27026855561416596 17.333576562465169 5.2986026933649546 0.97658330434933294 1.9639717326499511 1138.5631838927511 0.52595577295869578 1.7575666544726143 1.2511626575142134 2.2261065884958944 13.323752896394579 13.198031190317126 0.42087055370211857 0.8663617051206528 5.2497068603988728 24.520031147403646 0.56580459512770076 3.3768827186431727 62.651725735515356 0.89509141270536829 3.7140691350214183 25.507495996542279 15.977326303371227 0.64309752080589788 0.76683427486568589 21.681035537156276
leaf_count=2901 1140 57 18444 8 41 9473 3546 30 23 16699 22 117 18 82 522 87 17 37 265 1286 31 26 1680 28 178 1074 353 24 21 1770
internal_value=1.15216e-05 0.000645845 0.0312932 0.0421947 -0.112316 -0.0389788 -0.000188619 -0.000346618 -0.000228463 0.000807303 -0.00613224 -0.0104837 0.00678347 0.0222314 0.031978 0.00398342 -0.0071794 0.0326638 0.0123149 -0.0182586 -0.0216786 0.0259383 -0.0147614 0.0317304 -0.00125382 -0.0166379 -0.00814863 -0.030373 -0.0144135 -0.0491565
internal_weight=1408.04 1385.5 36.7244 32.3855 0.595728 22.5404 1348.78 1343.48 1340.62 1140.53 200.095 149.67 50.4254 17.3074 15.5499 49.1743 32.5994 7.09265 6.22629 25.5067 25.0858 16.5749 132.363 5.13512 4.24002 127.228 78.6291 48.5985 26.2743 22.3241
internal_count=60000 49387 21394 18493 49 10613 27993 24447 24390 16722 7668 5871 1797 721 604 1779 1666 332 295 1334 1317 113 5150 228 200 4922 2033 2889 1095 1794
is_linear=0
shrinkage=0.05


Tree=119
num_leaves=31
num_cat=0
split_feature=124 119 15 11 15 95 40 60 110 110 92 73 14 92 14 128 96 8 8 135 42 12 113 75 113 24 79 92 62 8
split_gain=13.0823 13.5166 9.04946 3.89919 3.8342 5.49069 3.13536 3.08077 2.99843 6.02629 5.93814 9.15953 7.0963 6.31205 5.76334 5.529 5.25694 4.62315 4.3876 4.30686 5.20604 8.31796 4.28053 5.53703 4.24894 5.29745 4.22566 11.0926 9.62146 9.22262
threshold=0.82307362556457531 0.63955613970756542 1.0000000180025095e-35 -0.47776304185390467 1.0000000180025095e-35 0.81241148710250866 0.85177427530288707 0.99465191364288341 2.00095546245575 1.9483364224433901 1.044994115829468 0.60186064243316661 0.34071202576160436 1.0840784311294558 0.51995083689689647 -0.99144485592842091 1.7369827628135683 2.0426234006881718 0.23047877103090289 1.0000000180025095e-35 0.10411649942398073 0.72394451498985302 0.98072388768196117 -0.28219874203205103 1.6085128188133242 -0.071453969925642 1.8658468127250674 0.96253022551536571 2.1175942420959477 1.7455283999443056
decision_type=2 2 2 2 2 2 2 2 2 2 2 2 2 2 2 2 2 2 2 2 2 2 2 2 2 2 2 2 2 2
left_child=1 2 -1 6 -3 8 -2 -4 9 26 11 -11 -12 -14 17 -15 -16 19 22 20 21 -10 23 -13 25 -24 -6 28 29 -28
right_child=3 4 7 -5 5 -7 -8 -9 14 10 12 18 13 15 16 -17 -18 -19 -20 -21 -22 -23 24 -25 -26 -27 27 -29 -30 -31
leaf_value=-0.050071182874086032 0.030116336339872176 -0.05008181971381527 0.050258757833169312 -0.050418761883448363 -0.00074177655832230991 0.050102858734931734 -0.049526068420971021 -0.050657718051949907 -0.027496288049983997 0.065526082876300545 -0.10587055116936271 0.027522308730131159 -0.10736473793731041 0.020522410824268374 0.10840214277550871 -0.035641152983651725 0.0064990856229149678 -0.059699706154727208 -0.0864748467919495 0.027267540943760285 -0.023808741555991143 0.12696815458576663 0.0035920812449408445 -0.079884427053518975 -0.046788454293057571 0.10454555492414389 0.17070862445409227 0.0058153950617893663 -0.021937158457552789 0.01381853529402351
leaf_weight=2.694048261386345 3.1854322359431562 3.8210403971606857 22.116875997977335 16.495254890643992 1168.0958435166394 5.4624106317060059 2.019056468619965 0.78304173611104388 1.8467231243848794 4.3792566705960807 3.0990104982629445 1.8788887397386131 2.092724846443164 6.7520766842644724 2.8257986808894193 12.484208801644849 2.2922475037630647 2.4868806186132124 1.9607796221971501 18.474597899010405 12.176925662904976 1.6505428850650785 3.6468332137446846 3.3205423152539861 1.9029757124371824 2.0188281685113911 2.7679178017424411 88.605133262113668 1.7524890078930182 1.4158526335377244
leaf_count=1901 549 2437 16085 9473 22456 3896 591 83 25 60 37 22 22 78 35 172 31 39 26 271 130 21 44 42 19 20 50 1302 44 39
internal_value=7.9869e-06 0.000612487 0.0366104 -0.0385135 -6.63531e-05 7.48562e-05 -0.000780553 0.046808 -0.00012788 -0.00054951 -0.0188393 0.00203951 -0.0351711 -0.0248988 0.0130619 -0.0159273 0.0627623 0.00611868 -0.0168366 0.0109119 -0.00836591 0.0454036 -0.00614238 -0.0410715 0.0178529 0.0395645 8.11283e-05 0.0102484 0.0764164 0.117615
internal_weight=1404.5 1382.8 25.594 21.6997 1357.21 1353.39 5.20449 22.8999 1347.93 1306.17 43.5361 19.1081 24.428 21.329 41.7537 19.2363 5.11805 36.6357 14.7288 34.1488 15.6742 3.49727 12.7681 5.19943 7.56864 5.66566 1262.64 94.5414 5.93626 4.18377
internal_count=60000 49387 18069 10613 31318 28881 1140 16168 24985 24433 542 233 309 272 552 250 66 486 173 447 176 46 147 64 83 64 23891 1435 133 89
is_linear=0
shrinkage=0.05


end of trees

feature_importances:
Column_119=379
Column_6=202
Column_120=155
Column_15=130
Column_12=108
Column_135=93
Column_124=91
Column_102=90
Column_107=77
Column_0=76
Column_39=76
Column_8=73
Column_101=68
Column_22=64
Column_126=64
Column_110=60
Column_56=59
Column_128=57
Column_76=53
Column_14=51
Column_84=51
Column_23=49
Column_93=49
Column_5=48
Column_95=48
Column_9=45
Column_11=42
Column_17=42
Column_113=42
Column_42=41
Column_45=41
Column_96=40
Column_73=39
Column_130=39
Column_59=38
Column_118=36
Column_79=35
Column_7=33
Column_92=32
Column_78=31
Column_85=31
Column_127=31
Column_13=30
Column_62=30
Column_70=30
Column_34=29
Column_24=27
Column_28=27
Column_68=27
Column_41=25
Column_90=25
Column_111=25
Column_25=24
Column_75=24
Column_58=23
Column_112=21
Column_129=20
Column_29=19
Column_109=19
Column_32=18
Column_104=17
Column_40=15
Column_57=15
Column_74=15
Column_51=14
Column_105=14
Column_10=12
Column_103=12
Column_26=10
Column_31=10
Column_60=10
Column_61=10
Column_87=10
Column_108=10
Column_44=9
Column_77=8
Column_43=6
Column_91=5
Column_33=4
Column_122=4
Column_2=3
Column_30=3
Column_48=3
Column_53=3
Column_67=3
Column_71=3
Column_94=3
Column_125=3
Column_19=2
Column_46=2
Column_47=2
Column_88=2
Column_121=2
Column_20=1
Column_54=1
Column_63=1
Column_86=1

parameters:
[boosting: gbdt]
[objective: binary]
[metric: binary_logloss]
[tree_learner: serial]
[device_type: cpu]
[data_sample_strategy: bagging]
[data: ]
[valid: ]
[num_iterations: 120]
[learning_rate: 0.05]
[num_leaves: 31]
[num_threads: 4]
[seed: 1793]
[deterministic: 0]
[force_col_wise: 0]
[force_row_wise: 0]
[histogram_pool_size: -1]
[max_depth: -1]
[min_data_in_leaf: 20]
[min_sum_hessian_in_leaf: 0.001]
[bagging_fraction: 0.85]
[pos_bagging_fraction: 1]
[neg_bagging_fraction: 1]
[bagging_freq: 0]
[bagging_seed: 12028]
[bagging_by_query: 0]
[feature_fraction: 0.85]
[feature_fraction_bynode: 1]
[feature_fraction_seed: 25270]
[extra_trees: 0]
[extra_seed: 7303]
[early_stopping_round: 0]
[early_stopping_min_delta: 0]
[first_metric_only: 0]
[max_delta_step: 0]
[lambda_l1: 0]
[lambda_l2: 0]
[linear_lambda: 0]
[min_gain_to_split: 0]
[drop_rate: 0.1]
[max_drop: 50]
[skip_drop: 0.5]
[xgboost_dart_mode: 0]
[uniform_drop: 0]
[drop_seed: 4593]
[top_rate: 0.2]
[other_rate: 0.1]
[min_data_per_group: 100]
[max_cat_threshold: 32]
[cat_l2: 10]
[cat_smooth: 10]
[max_cat_to_onehot: 4]
[top_k: 20]
[monotone_constraints: ]
[monotone_constraints_method: basic]
[monotone_penalty: 0]
[feature_contri: ]
[forcedsplits_filename: ]
[refit_decay_rate: 0.9]
[cegb_tradeoff: 1]
[cegb_penalty_split: 0]
[cegb_penalty_feature_lazy: ]
[cegb_penalty_feature_coupled: ]
[path_smooth: 0]
[interaction_constraints: ]
[verbosity: -1]
[saved_feature_importance_type: 0]
[use_quantized_grad: 0]
[num_grad_quant_bins: 4]
[quant_train_renew_leaf: 0]
[stochastic_rounding: 1]
[linear_tree: 0]
[max_bin: 255]
[max_bin_by_feature: ]
[min_data_in_bin: 3]
[bin_construct_sample_cnt: 200000]
[data_random_seed: 5893]
[is_enable_sparse: 1]
[enable_bundle: 1]
[use_missing: 1]
[zero_as_missing: 0]
[feature_pre_filter: 1]
[pre_partition: 0]
[two_round: 0]
[header: 0]
[label_column: ]
[weight_column: ]
[group_column: ]
[ignore_column: ]
[categorical_feature: ]
[forcedbins_filename: ]
[precise_float_parser: 0]
[parser_config_file: ]
[objective_seed: 21735]
[num_class: 1]
[is_unbalance: 0]
[scale_pos_weight: 1]
[sigmoid: 1]
[boost_from_average: 1]
[reg_sqrt: 0]
[alpha: 0.9]
[fair_c: 1]
[poisson_max_delta_step: 0.7]
[tweedie_variance_power: 1.5]
[lambdarank_truncation_level: 30]
[lambdarank_norm: 1]
[label_gain: ]
[lambdarank_position_bias_regularization: 0]
[eval_at: ]
[multi_error_top_k: 1]
[auc_mu_weights: ]
[num_machines: 1]
[local_listen_port: 12400]
[time_out: 120]
[machine_list_filename: ]
[machines: ]
[gpu_platform_id: -1]
[gpu_device_id: -1]
[gpu_use_dp: 0]
[num_gpu: 1]

end of parameters

pandas_categorical:null
