tree
version=v4
num_class=1
num_tree_per_iteration=1
label_index=0
max_feature_idx=135
objective=quantile
feature_names=Column_0 Column_1 Column_2 Column_3 Column_4 Column_5 Column_6 Column_7 Column_8 Column_9 Column_10 Column_11 Column_12 Column_13 Column_14 Column_15 Column_16 Column_17 Column_18 Column_19 Column_20 Column_21 Column_22 Column_23 Column_24 Column_25 Column_26 Column_27 Column_28 Column_29 Column_30 Column_31 Column_32 Column_33 Column_34 Column_35 Column_36 Column_37 Column_38 Column_39 Column_40 Column_41 Column_42 Column_43 Column_44 Column_45 Column_46 Column_47 Column_48 Column_49 Column_50 Column_51 Column_52 Column_53 Column_54 Column_55 Column_56 Column_57 Column_58 Column_59 Column_60 Column_61 Column_62 Column_63 Column_64 Column_65 Column_66 Column_67 Column_68 Column_69 Column_70 Column_71 Column_72 Column_73 Column_74 Column_75 Column_76 Column_77 Column_78 Column_79 Column_80 Column_81 Column_82 Column_83 Column_84 Column_85 Column_86 Column_87 Column_88 Column_89 Column_90 Column_91 Column_92 Column_93 Column_94 Column_95 Column_96 Column_97 Column_98 Column_99 Column_100 Column_101 Column_102 Column_103 Column_104 Column_105 Column_106 Column_107 Column_108 Column_109 Column_110 Column_111 Column_112 Column_113 Column_114 Column_115 Column_116 Column_117 Column_118 Column_119 Column_120 Column_121 Column_122 Column_123 Column_124 Column_125 Column_126 Column_127 Column_128 Column_129 Column_130 Column_131 Column_132 Column_133 Column_134 Column_135
feature_infos=[0.10000000149011612:0.99000000953674316] [0:1] [0:1] [0:1] [0:1] [8.9605646280688234e-06:1] [0.72000002861022949:0.94999998807907104] [-2.2304270267486572:4.5799708366394043] [-1.4650466442108154:2.2383532524108887] [-1:1] [-1:1] [-2.2197098731994629:4.5123190879821777] [0.40000000596046448:1.1283930540084839] [0.65454542636871338:1] [0.30887460708618164:0.54773259162902832] [0:1] [0:1] [0.10000000149011612:0.99000000953674316] [0:1] [0:1] [0:1] [0:1] [2.9007594548602356e-06:1] [0.72000002861022949:0.94999998807907104] [-2.2304270267486572:4.5799708366394043] [-1.4650466442108154:2.2383532524108887] [-1:1] [-1:1] [-2.2197098731994629:4.5123190879821777] [0.40000000596046448:1.1283930540084839] [0.65454542636871338:1] [0.30887460708618164:0.54773259162902832] [0:1] [0:1] [0.10000000149011612:0.99000000953674316] [0:1] [0:1] [0:1] [0:1] [2.7974447220913135e-05:1] [0.72000002861022949:0.94999998807907104] [-2.2304270267486572:4.5799708366394043] [-1.4154644012451172:2.2383532524108887] [-1:1] [-1:1] [-2.2197098731994629:4.5123190879821777] [0.40000000596046448:1.1283930540084839] [0.65454542636871338:1] [0.30887460708618164:0.54773259162902832] [0:1] [0:1] [0.10000000149011612:0.99000000953674316] [0:1] [0:1] [0:1] [0:1] [6.3697494624648243e-05:1] [0.72000002861022949:0.94999998807907104] [-2.2304270267486572:4.5799708366394043] [-1.4650466442108154:2.2383532524108887] [-1:1] [-1:1] [-2.2197098731994629:4.5123190879821777] [0.40000000596046448:1.1283930540084839] [0.65454542636871338:1] [0.30887460708618164:0.54773259162902832] [0:1] [0:1] [0.10000000149011612:0.99000000953674316] [0:1] [0:1] [0:1] [0:1] [1.1920928955078125e-07:1] [0.72000002861022949:0.94999998807907104] [-2.2304270267486572:4.5799708366394043] [-1.4650466442108154:2.2383532524108887] [-1:1] [-1:1] [-2.2197098731994629:4.5123190879821777] [0.40000000596046448:1.1283930540084839] [0.65454542636871338:1] [0.30887460708618164:0.54773259162902832] [0:1] [0:1] [0.10000000149011612:0.99000000953674316] [0:1] [0:1] [0:1] [0:1] [5.8809914662560914e-06:0.99999207258224487] [0.72000002861022949:0.94999998807907104] [-2.2304270267486572:4.5799708366394043] [-1.4650466442108154:2.2383532524108887] [-1:1] [-1:1] [-2.2197098731994629:4.5123190879821777] [0.40000000596046448:1.1283930540084839] [0.65454542636871338:1] [0.30887460708618164:0.54773259162902832] [0:1] [0:1] [0.10000000149011612:0.99000000953674316] [0:1] [0:1] [0:1] [0:1] [3.9259593904716894e-05:1] [0.72000002861022949:0.94999998807907104] [-2.2304270267486572:4.5799708366394043] [-1.4650466442108154:2.2383532524108887] [-1:1] [-1:1] [-2.2197098731994629:4.5123190879821777] [0.40000000596046448:1.1283930540084839] [0.65454542636871338:1] [0.30887460708618164:0.54773259162902832] [0:1] [0:1] [0.10000000149011612:0.99000000953674316] [0:1] [0:1] [0:1] [0:1] [1.5894571561148041e-06:1] [0.72000002861022949:0.94999998807907104] [-2.2304270267486572:4.5799708366394043] [-1.4650466442108154:2.2383532524108887] [-1:1] [-1:1] [-2.2197098731994629:4.5123190879821777] [0.40000000596046448:1.1283930540084839] [0.65454542636871338:1] [0.30887460708618164:0.54773259162902832] [0:1] [0:1]
tree_sizes=3363 3510 3480 3462 3509 3509 3482 3515 3510 3507 3517 3509 3509 3506 3506 3513 3484 3484 3485 3503 3485 3528 3500 3507 3509 3515 3517 3521 3512 3516 3513 3530 3500 3532 3513 3512 3530 3533 3533 3535 3530 3528 3516 3558 3564 3533 3541 3551 3547 3552 3581 3546 3542 3557 3550 3557 3549 3552 3553 3559 3561 3542 3553 3554 3555 3560 3554 3563 3568 3565 3578 3574 3556 3552 3570 3576 3582 3570 3558 3575 3593 3573 3565 3584 3582 3589 3572 3579 3586 3583 3576 3587 3566 3598 3568 3576 3587 3585 3574 3607 3617 3610 3595 3583 3619 3595 3626 3595 3591 3607 3613 3587 3605 3614 3614 3606 3616 3612 3597 3615 3614 3593 3608 3601 3600 3590 3597 3590 3556 3631 3603 3606 3610 3612 3595 3608 3619 3575 3616 3581 3598 3589 3606 3605 3608 3612 3605 3612 3619 3583 3604 3612 3613 3636 3615 3624 3628 3616 3618 3614

Tree=0
num_leaves=39
num_cat=0
split_feature=13 135 15 8 119 14 119 14 119 85 120 14 119 12 22 34 14 119 14 14 119 102 12 119 14 12 102 119 127 14 0 119 14 119 12 101 12 119
split_gain=995.093 1085.95 1174.76 87.9662 29.4487 46.1206 26.0149 23.2479 15.4837 14.5934 14.4596 15.2133 25.8187 14.3928 12.3 7.42111 6.84054 6.12829 25.4058 13.6065 15.8738 6.24344 6.05966 8.52192 9.60132 5.7992 10.0189 5.68689 4.95302 4.94818 9.87275 4.74502 7.23183 5.16469 10.74 4.67514 4.65385 6.5641
threshold=0.93636366724967968 1.0000000180025095e-35 0.75000000000000011 -0.37511157989501948 0.560205638408661 0.49548439681530004 0.56429719924926769 0.49434550106525427 0.38069936633110052 0.69023516774177562 1.0000000180025095e-35 0.53617689013481151 0.59593412280082714 0.91245013475418102 0.12173399329185487 0.5538635551929475 0.49782148003578192 0.51532536745071422 0.45428046584129339 0.48106098175048834 0.54231527447700512 0.5541210174560548 0.93004098534584057 0.52266719937324535 0.45428046584129339 0.70107209682464611 0.5541210174560548 0.45485258102416998 -0.70920732617378224 0.48106098175048834 0.5412975847721101 0.48508223891258245 0.42232480645179754 0.45485258102416998 0.78291481733322155 1.0000000180025095e-35 0.78291481733322155 0.387991413474083
decision_type=2 2 2 2 2 2 2 2 2 2 2 2 2 2 2 2 2 2 2 2 2 2 2 2 2 2 2 2 2 2 2 2 2 2 2 2 2 2
left_child=-1 9 -3 6 5 8 7 22 -5 -2 35 -12 -13 17 -8 28 -17 18 31 21 -21 -19 23 24 27 26 -22 36 -9 -25 -31 32 33 34 -10 -6 37 -4
right_child=1 2 3 4 10 -7 14 15 13 -11 11 12 -14 -15 -16 16 -18 19 -20 20 25 -23 -24 29 -26 -27 -28 -29 -30 30 -32 -33 -34 -35 -36 -37 -38 -39
leaf_value=9.6000003814697266 9.6560003662109377 9.2160003662109382 9.6560003662109377 9.3919997787475591 9.6560003662109377 9.2160003662109382 9.6560003662109377 9.6560003662109377 9.6560003662109377 9.2160003662109382 9.6560003662109377 9.2160003662109382 9.6560003662109377 9.6560003662109377 9.6560003662109377 9.6560003662109377 9.6560003662109377 9.6560003662109377 9.2160003662109382 9.2160003662109382 9.2160003662109382 9.6560003662109377 9.6560003662109377 9.6560003662109377 9.6560003662109377 9.6560003662109377 9.6560003662109377 9.6560003662109377 9.6560003662109377 9.6560003662109377 9.6560003662109377 9.6560003662109377 9.6560003662109377 9.6560003662109377 9.2160003662109382 9.6560003662109377 9.6560003662109377 9.6560003662109377
leaf_weight=43208 44 2874 26 57 212 207 153 95 57 7842 701 59 77 383 2041 43 56 109 96 66 24 34 376 188 129 41 20 172 28 29 42 47 44 55 35 239 39 52
leaf_count=43208 44 2874 26 57 212 207 153 95 57 7842 701 59 77 383 2041 43 56 109 96 66 24 34 376 188 129 41 20 172 28 29 42 47 44 55 35 239 39 52
internal_value=9.59921 9.60747 9.61705 9.62707 9.62145 9.61715 9.63123 9.62668 9.62049 9.59666 9.62572 9.62883 9.61659 9.62164 9.63387 9.61492 9.62307 9.61791 9.6142 9.62212 9.61375 9.63097 9.62916 9.6269 9.62337 9.62518 9.61509 9.62742 9.60836 9.6326 9.62361 9.62121 9.61841 9.62267 9.61687 9.61995 9.62062 9.62626
internal_weight=60000 16792 8906 6032 2563 1275 3469 1275 1068 7886 1288 837 136 1011 2194 222 99 628 334 294 151 143 1053 677 418 85 44 289 123 259 71 238 191 147 92 451 117 78
internal_count=60000 16792 8906 6032 2563 1275 3469 1275 1068 7886 1288 837 136 1011 2194 222 99 628 334 294 151 143 1053 677 418 85 44 289 123 259 71 238 191 147 92 451 117 78
is_linear=0
shrinkage=1


Tree=1
num_leaves=39
num_cat=0
split_feature=13 118 15 43 119 14 124 119 14 119 12 119 14 14 119 120 14 119 102 14 102 119 119 12 12 119 14 14 85 119 120 58 119 14 119 12 0 119
split_gain=995.093 1069.25 1176.51 76.9382 34.599 48.7601 27.6971 25.5362 21.9989 16.6612 13.7799 14.6986 21.1849 13.3344 23.238 11.5247 11.5133 20.6633 8.21899 8.6105 8.00742 7.93389 6.94444 6.84312 5.71471 5.27381 8.04614 7.07585 7.82285 5.64655 5.15593 4.92745 4.76339 10.7921 5.15714 11.0473 4.34201 6.36829
threshold=0.93636366724967968 1.0000000180025095e-35 0.75000000000000011 -0.55557009577751149 0.560205638408661 0.49434550106525427 0.050035268068313606 0.56429719924926769 0.49548439681530004 0.38069936633110052 0.93004098534584057 0.5205402970314027 0.45428046584129339 0.53617689013481151 0.59593412280082714 1.0000000180025095e-35 0.48106098175048834 0.53999802470207225 0.5541210174560548 0.49782148003578192 0.7712407410144807 0.51532536745071422 0.54231527447700512 0.76287078857421886 0.93004098534584057 0.52266719937324535 0.45428046584129339 0.48106098175048834 0.54239150881767284 0.45485258102416998 1.0000000180025095e-35 0.10889089480042459 0.48003464937210089 0.42232480645179754 0.45485258102416998 0.78291481733322155 0.43281006813049322 0.387991413474083
decision_type=2 2 2 2 2 2 2 2 2 2 2 2 2 2 2 2 2 2 2 2 2 2 2 2 2 2 2 2 2 2 2 2 2 2 2 2 2 2
left_child=-1 -2 -3 4 5 9 20 8 24 -4 11 12 32 15 -15 23 22 -18 -7 -20 -5 -14 -13 -6 25 26 29 -27 -29 36 -9 -10 33 34 35 -11 37 -8
right_child=1 2 3 6 13 18 7 30 31 10 -12 16 21 14 -16 -17 17 -19 19 -21 -22 -23 -24 -25 -26 27 -28 28 -30 -31 -32 -33 -34 -35 -36 -37 -38 -39
leaf_value=0 -0.36864001464843754 -0.36864001464843754 0.054815972846951805 0.071359985351562474 0.053759985351562491 -0.36864001464843754 0.053759985351562491 0.053759985351562491 0.053759985351562491 0.053759985351562491 0.053759985351562491 0.053759985351562491 -0.36864001464843754 -0.36864001464843754 0.053759985351562491 0.053759985351562491 -0.36864001464843754 0.053759985351562491 0.071359985351562474 0.071359985351562474 0.071359985351562474 0.053759985351562491 0.053759985351562491 0.053759985351562491 0.053759985351562491 0.053759985351562491 0.053759985351562491 0.053759985351562491 0.053759985351562491 0.053759985351562491 0.053759985351562491 0.053759985351562491 0.053759985351562491 -0.38624001464843749 0.053759985351562491 -0.24192038726806644 0.053759985351562491 0.053759985351562491
leaf_weight=43208 7888 2890 60 88 132 178 24 55 121 59 326 160 113 61 97 692 49 49 36 58 92 35 20 155 359 179 117 40 77 160 2097 41 69 36 55 38 36 50
leaf_count=43208 7888 2890 60 88 132 178 24 55 121 59 326 160 113 61 97 692 49 49 36 58 92 35 20 155 359 179 117 40 77 160 2097 41 69 36 55 38 36 50
internal_value=-0.000788668 0.00747451 0.0169748 0.0270542 0.0216497 0.0172975 0.0308416 0.0316615 0.0269967 0.021145 0.0223627 0.0191332 0.0142716 0.0267828 0.016 0.028523 0.0262158 0.0151837 0.00217647 0.0117447 0.0155556 0.00221622 0.0322222 0.021784 0.0291286 0.026981 0.023907 0.031 0.0233504 0.0277037 0.0342714 0.0132839 0.021214 0.0179149 0.0225789 0.0170309 0.0207273 0.0262703
internal_weight=60000 16792 8904 6014 2478 1341 3536 3356 1204 1069 1009 683 405 1137 158 979 278 98 272 94 180 148 180 287 1042 683 387 296 117 270 2152 162 257 188 152 97 110 74
internal_count=60000 16792 8904 6014 2478 1341 3536 3356 1204 1069 1009 683 405 1137 158 979 278 98 272 94 180 148 180 287 1042 683 387 296 117 270 2152 162 257 188 152 97 110 74
is_linear=0
shrinkage=0.04


Tree=2
num_leaves=39
num_cat=0
split_feature=13 135 15 8 119 31 119 31 119 85 120 31 119 12 22 34 31 119 31 31 119 102 12 119 31 12 102 119 127 31 0 119 31 119 12 101 12 119
split_gain=995.093 1085.95 1174.76 87.9662 29.4487 46.1206 26.0149 23.2479 15.4837 14.5934 14.4596 15.2133 25.8187 14.3928 12.3 7.42111 6.84054 6.12829 25.4058 13.6065 15.8738 6.24344 6.05966 8.52192 9.60132 5.7992 10.0189 5.68689 4.95302 4.94818 9.87275 4.74502 7.23183 5.16469 10.74 4.67514 4.65385 6.5641
threshold=0.93636366724967968 1.0000000180025095e-35 0.75000000000000011 -0.37511157989501948 0.560205638408661 0.49548439681530004 0.56429719924926769 0.49434550106525427 0.38069936633110052 0.69023516774177562 1.0000000180025095e-35 0.53617689013481151 0.59593412280082714 0.91245013475418102 0.12173399329185487 0.5538635551929475 0.49782148003578192 0.51532536745071422 0.45428046584129339 0.48106098175048834 0.54231527447700512 0.5541210174560548 0.93004098534584057 0.52266719937324535 0.45428046584129339 0.70107209682464611 0.5541210174560548 0.45485258102416998 -0.70920732617378224 0.48106098175048834 0.5412975847721101 0.48508223891258245 0.42232480645179754 0.45485258102416998 0.78291481733322155 1.0000000180025095e-35 0.78291481733322155 0.387991413474083
decision_type=2 2 2 2 2 2 2 2 2 2 2 2 2 2 2 2 2 2 2 2 2 2 2 2 2 2 2 2 2 2 2 2 2 2 2 2 2 2
left_child=-1 9 -3 6 5 8 7 22 -5 -2 35 -12 -13 17 -8 28 -17 18 31 21 -21 -19 23 24 27 26 -22 36 -9 -25 -31 32 33 34 -10 -6 37 -4
right_child=1 2 3 4 10 -7 14 15 13 -11 11 12 -14 -15 -16 16 -18 19 -20 20 25 -23 -24 29 -26 -27 -28 -29 -30 30 -32 -33 -34 -35 -36 -37 -38 -39
leaf_value=0 0.068505585937500016 -0.3538944140625 0.051609585937499959 -0.20187321752715931 0.068505585937500016 -0.3538944140625 0.051609585937499959 0.051609585937499959 0.051609585937499959 -0.3538944140625 0.051609585937499959 -0.3538944140625 0.051609585937499959 0.051609585937499959 0.051609585937499959 0.051609585937499959 0.051609585937499959 0.051609585937499959 -0.3538944140625 -0.3538944140625 -0.3538944140625 0.051609585937499959 0.051609585937499959 0.051609585937499959 0.051609585937499959 0.051609585937499959 0.050905585937499963 0.051609585937499959 0.051609585937499959 0.051609585937499959 0.051609585937499959 0.051609585937499959 0.051609585937499959 0.051609585937499959 -0.35896319915771485 0.051609585937499959 0.051609585937499959 0.051609585937499959
leaf_weight=43208 44 2874 26 57 212 207 153 95 57 7842 701 59 77 383 2041 43 56 109 96 66 24 34 376 188 129 41 20 172 28 29 42 47 44 55 35 239 39 52
leaf_count=43208 44 2874 26 57 212 207 153 95 57 7842 701 59 77 383 2041 43 56 109 96 66 24 34 376 188 129 41 20 172 28 29 42 47 44 55 35 239 39 52
internal_value=-0.000788668 0.00747451 0.0170465 0.0270743 0.0214545 0.0171451 0.0312263 0.0266824 0.0204944 -0.00333553 0.0257205 0.0288315 0.0165882 0.021638 0.0338669 0.0149189 0.0230707 0.0179108 0.0142036 0.0221224 0.0137483 0.030965 0.0291624 0.026901 0.0233684 0.0251765 0.0150909 0.0274187 0.00835772 0.0326023 0.0236056 0.0212101 0.0184084 0.0226667 0.0168696 0.0199468 0.0206154 0.0262564
internal_weight=60000 16792 8906 6032 2563 1275 3469 1275 1068 7886 1288 837 136 1011 2194 222 99 628 334 294 151 143 1053 677 418 85 44 289 123 259 71 238 191 147 92 451 117 78
internal_count=60000 16792 8906 6032 2563 1275 3469 1275 1068 7886 1288 837 136 1011 2194 222 99 628 334 294 151 143 1053 677 418 85 44 289 123 259 71 238 191 147 92 451 117 78
is_linear=0
shrinkage=0.04


Tree=3
num_leaves=39
num_cat=0
split_feature=13 135 15 8 119 14 119 14 119 85 120 14 119 12 73 68 14 119 14 14 119 102 12 119 14 12 102 119 127 14 17 102 119 14 119 12 101 12
split_gain=995.093 1085.95 1174.76 87.9662 29.4487 46.1206 26.0149 23.2479 15.4837 14.5934 14.4596 15.2133 25.8187 14.3928 12.2124 7.42111 6.84054 6.12829 25.4058 13.6065 15.8738 6.24344 6.05966 8.52192 9.60132 5.7992 10.0189 5.68689 4.95302 4.94818 8.796 4.74744 4.74502 7.23183 5.16469 10.74 4.67514 4.65385
threshold=0.93636366724967968 1.0000000180025095e-35 0.75000000000000011 -0.37511157989501948 0.560205638408661 0.49548439681530004 0.56429719924926769 0.49434550106525427 0.38069936633110052 0.69023516774177562 1.0000000180025095e-35 0.53617689013481151 0.59593412280082714 0.91245013475418102 0.085450042039155974 0.55424043536186229 0.49782148003578192 0.51532536745071422 0.45428046584129339 0.48106098175048834 0.54231527447700512 0.5541210174560548 0.93004098534584057 0.52266719937324535 0.45428046584129339 0.70107209682464611 0.5541210174560548 0.45485258102416998 -0.70920732617378224 0.48106098175048834 0.54184892773628246 0.7712407410144807 0.48508223891258245 0.42232480645179754 0.45485258102416998 0.78291481733322155 1.0000000180025095e-35 0.78291481733322155
decision_type=2 2 2 2 2 2 2 2 2 2 2 2 2 2 2 2 2 2 2 2 2 2 2 2 2 2 2 2 2 2 2 2 2 2 2 2 2 2
left_child=-1 9 -3 6 5 8 7 22 -5 -2 36 -12 -13 17 31 28 -17 18 32 21 -21 -19 23 24 27 26 -22 37 -9 -25 -31 -8 33 34 35 -10 -6 -4
right_child=1 2 3 4 10 -7 14 15 13 -11 11 12 -14 -15 -16 16 -18 19 -20 20 25 -23 -24 29 -26 -27 -28 -29 -30 30 -32 -33 -34 -35 -36 -37 -38 -39
leaf_value=0 0.065765362500000035 -0.3397386375 0.049545202499999948 -0.19379828882607292 0.065765362500000035 -0.3397386375 0.049545202499999948 0.049545202499999948 0.049545202499999948 -0.3397386375 0.049545202499999948 -0.3397386375 0.049545202499999948 0.049545202499999948 0.049545202499999948 0.049545202499999948 0.049545202499999948 0.049545202499999948 -0.3397386375 -0.3397386375 -0.3397386375 0.049545202499999948 0.049545202499999948 0.049545202499999948 0.049545202499999948 0.049545202499999948 0.048869362499999978 0.049545202499999948 0.049545202499999948 0.049545202499999948 0.049545202499999948 0.049545202499999948 0.049545202499999948 0.049545202499999948 0.049545202499999948 -0.34460467119140625 0.049545202499999948 0.049545202499999948
leaf_weight=43208 44 2874 78 57 212 207 60 95 57 7842 701 59 77 383 2082 43 56 109 96 66 24 34 376 188 129 41 20 172 28 31 40 52 47 44 55 35 239 39
leaf_count=43208 44 2874 78 57 212 207 60 95 57 7842 701 59 77 383 2082 43 56 109 96 66 24 34 376 188 129 41 20 172 28 31 40 52 47 44 55 35 239 39
internal_value=-0.000788668 0.00747451 0.0170465 0.0270743 0.0214545 0.0171451 0.0312263 0.0266824 0.0204944 -0.00333553 0.0257205 0.0288315 0.0165882 0.021638 0.0338669 0.0149189 0.0230707 0.0179108 0.0142036 0.0221224 0.0137483 0.030965 0.0291624 0.026901 0.0233684 0.0251765 0.0150909 0.0274187 0.00835772 0.0326023 0.0236056 0.021 0.0212101 0.0184084 0.0226667 0.0168696 0.0199468 0.0206154
internal_weight=60000 16792 8906 6032 2563 1275 3469 1275 1068 7886 1288 837 136 1011 2194 222 99 628 334 294 151 143 1053 677 418 85 44 289 123 259 71 112 238 191 147 92 451 117
internal_count=60000 16792 8906 6032 2563 1275 3469 1275 1068 7886 1288 837 136 1011 2194 222 99 628 334 294 151 143 1053 677 418 85 44 289 123 259 71 112 238 191 147 92 451 117
is_linear=0
shrinkage=0.04


Tree=4
num_leaves=39
num_cat=0
split_feature=13 135 15 8 119 14 119 14 119 120 14 119 12 51 22 51 14 119 14 14 119 102 12 119 14 111 12 102 119 127 14 0 119 14 119 12 101 12
split_gain=995.093 1085.95 1174.76 87.9662 29.4487 46.1206 26.0149 23.2479 15.4837 14.4596 15.2133 25.8187 14.3928 13.1699 12.3 7.42111 6.84054 6.12829 25.4058 13.6065 15.8738 6.24344 6.05966 8.52192 9.60132 6.01667 5.7992 10.0189 5.68689 4.95302 4.94818 9.87275 4.74502 7.23183 5.16469 10.74 4.67514 4.65385
threshold=0.93636366724967968 1.0000000180025095e-35 0.75000000000000011 -0.37511157989501948 0.560205638408661 0.49548439681530004 0.56429719924926769 0.49434550106525427 0.38069936633110052 1.0000000180025095e-35 0.53617689013481151 0.59593412280082714 0.91245013475418102 0.65004700422286998 0.12173399329185487 0.55415591597557079 0.49782148003578192 0.51532536745071422 0.45428046584129339 0.48106098175048834 0.54231527447700512 0.5541210174560548 0.93004098534584057 0.52266719937324535 0.45428046584129339 0.95642799139022838 0.70107209682464611 0.5541210174560548 0.45485258102416998 -0.70920732617378224 0.48106098175048834 0.5412975847721101 0.48508223891258245 0.42232480645179754 0.45485258102416998 0.78291481733322155 1.0000000180025095e-35 0.78291481733322155
decision_type=2 2 2 2 2 2 2 2 2 2 2 2 2 2 2 2 2 2 2 2 2 2 2 2 2 2 2 2 2 2 2 2 2 2 2 2 2 2
left_child=-1 13 -3 6 5 8 7 22 -5 36 -11 -12 17 25 -8 29 -17 18 32 21 -21 -19 23 24 28 -2 27 -22 37 -9 -25 -32 33 34 35 -10 -6 -4
right_child=1 2 3 4 9 -7 14 15 12 10 11 -13 -14 -15 -16 16 -18 19 -20 20 26 -23 -24 30 -26 -27 -28 -29 -30 -31 31 -33 -34 -35 -36 -37 -38 -39
leaf_value=0 0.045534747999999965 -0.32614909200000003 0.047563394399999979 -0.18604635727302998 0.063134748000000018 -0.32614909200000003 0.047563394399999979 0.047563394399999979 0.047563394399999979 0.047563394399999979 -0.32614909200000003 0.047563394399999979 0.047563394399999979 -0.32614909200000003 0.047563394399999979 0.047563394399999979 0.047563394399999979 0.047563394399999979 -0.32614909200000003 -0.32614909200000003 -0.32614909200000003 0.047563394399999979 0.047563394399999979 0.047563394399999979 0.047563394399999979 0.096250907999999955 0.047563394399999979 0.046914587999999993 0.047563394399999979 0.047563394399999979 0.047563394399999979 0.047563394399999979 0.047563394399999979 0.047563394399999979 0.047563394399999979 -0.33082048434375 0.047563394399999979 0.047563394399999979
leaf_weight=43208 30 2874 78 57 212 207 153 95 57 701 59 77 383 7826 2041 43 56 109 96 66 24 34 376 188 129 30 41 20 172 28 29 42 47 44 55 35 239 39
leaf_count=43208 30 2874 78 57 212 207 153 95 57 701 59 77 383 7826 2041 43 56 109 96 66 24 34 376 188 129 30 41 20 172 28 29 42 47 44 55 35 239 39
internal_value=-0.000788668 0.00747451 0.0170465 0.0270743 0.0214545 0.0171451 0.0312263 0.0266824 0.0204944 0.0257205 0.0288315 0.0165882 0.021638 -0.00333553 0.0338669 0.0149189 0.0230707 0.0179108 0.0142036 0.0221224 0.0137483 0.030965 0.0291624 0.026901 0.0233684 0.0153333 0.0251765 0.0150909 0.0274187 0.00835772 0.0326023 0.0236056 0.0212101 0.0184084 0.0226667 0.0168696 0.0199468 0.0206154
internal_weight=60000 16792 8906 6032 2563 1275 3469 1275 1068 1288 837 136 1011 7886 2194 222 99 628 334 294 151 143 1053 677 418 60 85 44 289 123 259 71 238 191 147 92 451 117
internal_count=60000 16792 8906 6032 2563 1275 3469 1275 1068 1288 837 136 1011 7886 2194 222 99 628 334 294 151 143 1053 677 418 60 85 44 289 123 259 71 238 191 147 92 451 117
is_linear=0
shrinkage=0.04


Tree=5
num_leaves=39
num_cat=0
split_feature=30 135 15 8 119 14 119 14 119 85 120 14 119 12 22 51 14 119 14 14 119 102 12 119 14 12 102 119 127 14 0 119 14 119 12 101 12 119
split_gain=995.093 1085.95 1174.76 87.9662 29.4487 46.1206 26.0149 23.2479 15.4837 14.5934 14.4596 15.2133 25.8187 14.3928 12.3 7.42111 6.84054 6.12829 25.4058 13.6065 15.8738 6.24344 6.05966 8.52192 9.60132 5.7992 10.0189 5.68689 4.95302 4.94818 9.87275 4.74502 7.23183 5.16469 10.74 4.67514 4.65385 6.5641
threshold=0.93636366724967968 1.0000000180025095e-35 0.75000000000000011 -0.37511157989501948 0.560205638408661 0.49548439681530004 0.56429719924926769 0.49434550106525427 0.38069936633110052 0.69023516774177562 1.0000000180025095e-35 0.53617689013481151 0.59593412280082714 0.91245013475418102 0.12173399329185487 0.55415591597557079 0.49782148003578192 0.51532536745071422 0.45428046584129339 0.48106098175048834 0.54231527447700512 0.5541210174560548 0.93004098534584057 0.52266719937324535 0.45428046584129339 0.70107209682464611 0.5541210174560548 0.45485258102416998 -0.70920732617378224 0.48106098175048834 0.5412975847721101 0.48508223891258245 0.42232480645179754 0.45485258102416998 0.78291481733322155 1.0000000180025095e-35 0.78291481733322155 0.387991413474083
decision_type=2 2 2 2 2 2 2 2 2 2 2 2 2 2 2 2 2 2 2 2 2 2 2 2 2 2 2 2 2 2 2 2 2 2 2 2 2 2
left_child=-1 9 -3 6 5 8 7 22 -5 -2 35 -12 -13 17 -8 28 -17 18 31 21 -21 -19 23 24 27 26 -22 36 -9 -25 -31 32 33 34 -10 -6 37 -4
right_child=1 2 3 4 10 -7 14 15 13 -11 11 12 -14 -15 -16 16 -18 19 -20 20 25 -23 -24 29 -26 -27 -28 -29 -30 30 -32 -33 -34 -35 -36 -37 -38 -39
leaf_value=0 0.059284711680000018 -0.31310312832000003 0.045660858624000017 -0.17860450298210878 0.060609358080000036 -0.31310312832000003 0.045660858624000017 0.045660858624000017 0.045660858624000017 -0.31310312832000003 0.045660858624000017 -0.31310312832000003 0.045660858624000017 0.045660858624000017 0.045660858624000017 0.045660858624000017 0.045660858624000017 0.045660858624000017 -0.31310312832000003 -0.31310312832000003 -0.31310312832000003 0.045660858624000017 0.045660858624000017 0.045660858624000017 0.045660858624000017 0.045660858624000017 0.045038004479999998 0.045660858624000017 0.045660858624000017 0.045660858624000017 0.045660858624000017 0.045660858624000017 0.045660858624000017 0.045660858624000017 -0.31758766496999996 0.045660858624000017 0.045660858624000017 0.045660858624000017
leaf_weight=43208 44 2874 26 57 212 207 153 95 57 7842 701 59 77 383 2041 43 56 109 96 66 24 34 376 188 129 41 20 172 28 29 42 47 44 55 35 239 39 52
leaf_count=43208 44 2874 26 57 212 207 153 95 57 7842 701 59 77 383 2041 43 56 109 96 66 24 34 376 188 129 41 20 172 28 29 42 47 44 55 35 239 39 52
internal_value=-0.000788668 0.00747451 0.0170465 0.0270743 0.0214545 0.0171451 0.0312263 0.0266824 0.0204944 -0.00333553 0.0257205 0.0288315 0.0165882 0.021638 0.0338669 0.0149189 0.0230707 0.0179108 0.0142036 0.0221224 0.0137483 0.030965 0.0291624 0.026901 0.0233684 0.0251765 0.0150909 0.0274187 0.00835772 0.0326023 0.0236056 0.0212101 0.0184084 0.0226667 0.0168696 0.0199468 0.0206154 0.0262564
internal_weight=60000 16792 8906 6032 2563 1275 3469 1275 1068 7886 1288 837 136 1011 2194 222 99 628 334 294 151 143 1053 677 418 85 44 289 123 259 71 238 191 147 92 451 117 78
internal_count=60000 16792 8906 6032 2563 1275 3469 1275 1068 7886 1288 837 136 1011 2194 222 99 628 334 294 151 143 1053 677 418 85 44 289 123 259 71 238 191 147 92 451 117 78
is_linear=0
shrinkage=0.04


Tree=6
num_leaves=39
num_cat=0
split_feature=30 118 15 43 119 14 124 119 14 119 12 119 14 14 119 120 14 119 102 14 102 119 119 12 12 119 14 14 85 119 120 58 119 14 119 12 12 119
split_gain=995.093 1069.25 1176.51 76.9382 34.599 48.7601 27.6971 25.5362 21.9989 16.6612 13.7799 14.6986 21.1849 13.3344 23.238 11.5247 11.5133 20.6633 8.21899 8.6105 8.00742 7.93389 6.94444 6.84312 5.71471 5.27381 8.04614 7.07585 7.82285 5.64655 5.15593 4.92745 4.76339 10.7921 5.15714 11.0473 4.34201 6.36829
threshold=0.93636366724967968 1.0000000180025095e-35 0.75000000000000011 -0.55557009577751149 0.560205638408661 0.49434550106525427 0.050035268068313606 0.56429719924926769 0.49548439681530004 0.38069936633110052 0.93004098534584057 0.5205402970314027 0.45428046584129339 0.53617689013481151 0.59593412280082714 1.0000000180025095e-35 0.48106098175048834 0.53999802470207225 0.5541210174560548 0.49782148003578192 0.7712407410144807 0.51532536745071422 0.54231527447700512 0.76287078857421886 0.93004098534584057 0.52266719937324535 0.45428046584129339 0.48106098175048834 0.54239150881767284 0.45485258102416998 1.0000000180025095e-35 0.10889089480042459 0.48003464937210089 0.42232480645179754 0.45485258102416998 0.78291481733322155 0.78291481733322155 0.387991413474083
decision_type=2 2 2 2 2 2 2 2 2 2 2 2 2 2 2 2 2 2 2 2 2 2 2 2 2 2 2 2 2 2 2 2 2 2 2 2 2 2
left_child=-1 -2 -3 4 5 9 20 8 24 -4 11 12 32 15 -15 23 22 -18 -7 -20 -5 -14 -13 -6 25 26 29 -27 -29 36 -9 -10 33 34 35 -11 37 -8
right_child=1 2 3 6 13 18 7 30 31 10 -12 16 21 14 -16 -17 17 -19 19 -21 -22 -23 -24 -25 -26 27 -28 28 -30 -31 -32 -33 -34 -35 -36 -37 -38 -39
leaf_value=0 -0.30057900318720004 -0.30057900318720004 0.048666924188914738 0.10492499681279994 0.04383442427904001 -0.30057900318720004 0.04383442427904001 0.04383442427904001 0.04383442427904001 0.04383442427904001 0.04383442427904001 0.04383442427904001 -0.30057900318720004 -0.30057900318720004 0.04383442427904001 0.04383442427904001 -0.30057900318720004 0.04383442427904001 0.12182099681279994 0.12182099681279994 0.12182099681279994 0.04383442427904001 0.04383442427904001 0.04383442427904001 0.04383442427904001 0.04383442427904001 0.04383442427904001 0.04383442427904001 0.04383442427904001 0.04383442427904001 0.04383442427904001 0.04383442427904001 0.04383442427904001 -0.37856557572095995 0.04383442427904001 -0.19672073715971439 0.04383442427904001 0.04383442427904001
leaf_weight=43208 7888 2890 60 88 132 178 24 55 121 59 326 160 113 61 97 692 49 49 36 58 92 35 20 155 359 179 117 40 77 160 2097 41 69 36 55 38 36 50
leaf_count=43208 7888 2890 60 88 132 178 24 55 121 59 326 160 113 61 97 692 49 49 36 58 92 35 20 155 359 179 117 40 77 160 2097 41 69 36 55 38 36 50
internal_value=-0.000788668 0.00747451 0.0169748 0.0270542 0.0216497 0.0172975 0.0308416 0.0316615 0.0269967 0.021145 0.0223627 0.0191332 0.0142716 0.0267828 0.016 0.028523 0.0262158 0.0151837 0.00217647 0.0117447 0.0155556 0.00221622 0.0322222 0.021784 0.0291286 0.026981 0.023907 0.031 0.0233504 0.0277037 0.0342714 0.0132839 0.021214 0.0179149 0.0225789 0.0170309 0.0207273 0.0262703
internal_weight=60000 16792 8904 6014 2478 1341 3536 3356 1204 1069 1009 683 405 1137 158 979 278 98 272 94 180 148 180 287 1042 683 387 296 117 270 2152 162 257 188 152 97 110 74
internal_count=60000 16792 8904 6014 2478 1341 3536 3356 1204 1069 1009 683 405 1137 158 979 278 98 272 94 180 148 180 287 1042 683 387 296 117 270 2152 162 257 188 152 97 110 74
is_linear=0
shrinkage=0.04


Tree=7
num_leaves=39
num_cat=0
split_feature=13 135 15 8 119 48 119 48 119 85 12 101 48 119 22 34 48 119 48 48 119 102 12 119 48 12 102 119 127 48 17 102 48 119 48 119 12 119
split_gain=995.093 1085.95 1174.76 87.9662 29.4487 46.1206 26.0149 23.2479 15.4837 14.5934 14.3928 13.0092 14.0005 23.3267 12.3 7.42111 6.84054 6.12829 25.4058 13.6065 15.8738 6.24344 6.05966 8.52192 9.60132 5.7992 10.0189 5.68689 4.95302 4.94818 8.796 4.80344 6.40501 4.74502 7.23183 5.16469 10.74 4.72278
threshold=0.93636366724967968 1.0000000180025095e-35 0.75000000000000011 -0.37511157989501948 0.560205638408661 0.49548439681530004 0.56429719924926769 0.49434550106525427 0.38069936633110052 0.69023516774177562 0.91245013475418102 1.0000000180025095e-35 0.53617689013481151 0.59593412280082714 0.12173399329185487 0.5538635551929475 0.49782148003578192 0.51532536745071422 0.45428046584129339 0.48106098175048834 0.54231527447700512 0.5541210174560548 0.93004098534584057 0.52266719937324535 0.45428046584129339 0.70107209682464611 0.5541210174560548 0.45485258102416998 -0.70920732617378224 0.48106098175048834 0.54184892773628246 0.60369193553924572 0.48106098175048834 0.48508223891258245 0.42232480645179754 0.45485258102416998 0.78291481733322155 0.56429719924926769
decision_type=2 2 2 2 2 2 2 2 2 2 2 2 2 2 2 2 2 2 2 2 2 2 2 2 2 2 2 2 2 2 2 2 2 2 2 2 2 2
left_child=-1 9 -3 6 5 8 7 22 -5 -2 17 -6 31 -14 -8 28 -17 18 33 21 -21 -19 23 24 27 26 -22 -4 -9 -25 -31 37 -33 34 35 36 -10 -13
right_child=1 2 3 4 11 -7 14 15 10 -11 -12 12 13 -15 -16 16 -18 19 -20 20 25 -23 -24 29 -26 -27 -28 -29 -30 30 -32 32 -34 -35 -36 -37 -38 -39
leaf_value=0 0.068936483340288041 -0.28855584305971205 0.042081047307878379 -0.17340699983038099 0.070208143884288032 -0.28855584305971205 0.042081047307878379 0.042081047307878379 0.042081047307878379 -0.28855584305971205 0.042081047307878379 0.042081047307878379 -0.28855584305971205 0.042081047307878379 0.042081047307878379 0.042081047307878379 0.042081047307878379 0.042081047307878379 -0.28855584305971205 -0.28855584305971205 -0.28855584305971205 0.042081047307878379 0.042081047307878379 0.042081047307878379 0.042081047307878379 0.042081047307878379 0.038363644428287956 0.042081047307878379 0.042081047307878379 0.042081047307878379 0.042081047307878379 0.042081047307878379 0.042081047307878379 0.042081047307878379 0.042081047307878379 0.042081047307878379 -0.29701532888481141 0.042081047307878379
leaf_weight=43208 44 2874 117 57 228 207 153 95 57 7842 383 55 59 94 2041 43 56 109 96 66 24 34 376 188 129 41 20 172 28 31 40 408 191 47 44 55 35 253
leaf_count=43208 44 2874 117 57 228 207 153 95 57 7842 383 55 59 94 2041 43 56 109 96 66 24 34 376 188 129 41 20 172 28 31 40 408 191 47 44 55 35 253
internal_value=-0.000788668 0.00747451 0.0170465 0.0270743 0.0214545 0.0171451 0.0312263 0.0266824 0.0204944 -0.00333553 0.021638 0.0257205 0.0275849 0.0163922 0.0338669 0.0149189 0.0230707 0.0179108 0.0142036 0.0221224 0.0137483 0.030965 0.0291624 0.026901 0.0233684 0.0251765 0.0150909 0.0274187 0.00835772 0.0326023 0.0236056 0.029473 0.0273856 0.0212101 0.0184084 0.0226667 0.0168696 0.0335325
internal_weight=60000 16792 8906 6032 2563 1275 3469 1275 1068 7886 1011 1288 1060 153 2194 222 99 628 334 294 151 143 1053 677 418 85 44 289 123 259 71 907 599 238 191 147 92 308
internal_count=60000 16792 8906 6032 2563 1275 3469 1275 1068 7886 1011 1288 1060 153 2194 222 99 628 334 294 151 143 1053 677 418 85 44 289 123 259 71 907 599 238 191 147 92 308
is_linear=0
shrinkage=0.04


Tree=8
num_leaves=39
num_cat=0
split_feature=13 135 15 8 85 14 85 14 85 85 22 101 14 85 12 121 128 12 51 51 12 85 12 14 85 14 14 85 12 85 14 85 12 104 14 0 104 5
split_gain=995.093 1085.95 1174.76 87.9662 26.2731 39.6881 19.2706 23.8868 14.5934 12.5473 11.9642 10.3907 9.73818 19.9592 9.03588 8.44602 8.30441 7.74799 7.29818 5.97713 5.58806 8.00028 9.83283 5.50115 5.0998 18.9156 12.7496 11.6764 5.55946 5.10341 9.21789 5.1005 8.94896 4.90023 4.78139 9.97403 4.35047 4.26136
threshold=0.93636366724967968 1.0000000180025095e-35 0.75000000000000011 -0.37511157989501948 0.55858969688415538 0.49548439681530004 0.56275790929794323 0.49434550106525427 0.69023516774177562 0.38083229959011083 0.12173399329185487 1.0000000180025095e-35 0.53617689013481151 0.59591841697692882 0.91245013475418102 1.0000000180025095e-35 -0.77259662747383107 0.91245013475418102 0.63956311345100414 0.55415591597557079 0.93004098534584057 0.52062875032424938 0.91245013475418102 0.49782148003578192 0.51539608836174022 0.45428046584129339 0.48106098175048834 0.54239150881767284 0.70107209682464611 0.48024778068065649 0.42232480645179754 0.45455639064311987 0.78291481733322155 1.0000000180025095e-35 0.48106098175048834 0.5412975847721101 1.0000000180025095e-35 0.10259787365794183
decision_type=2 2 2 2 2 2 2 2 2 2 2 2 2 2 2 2 2 2 2 2 2 2 2 2 2 2 2 2 2 2 2 2 2 2 2 2 2 2
left_child=-1 8 -3 6 5 9 7 15 37 -5 -8 -6 16 -14 24 -4 17 18 -13 -9 21 22 -17 -21 25 29 36 -28 -29 30 31 32 -11 -7 -23 -36 -26 -2
right_child=1 2 3 4 11 33 10 19 -10 14 -12 12 13 -15 -16 20 -18 -19 -20 23 -22 34 -24 -25 26 -27 27 28 -30 -31 -32 -33 -34 -35 35 -37 -38 -39
leaf_value=0 0.066179024006676523 -0.27701360933732355 0.040397805415563252 -0.21047062542340847 0.067399818128916489 0.13116681259697713 0.040397805415563252 0.040397805415563252 -0.27701360933732355 0.040397805415563252 0.040397805415563252 0.040397805415563252 -0.27701360933732355 0.040397805415563252 0.040397805415563252 0.040397805415563252 0.040397805415563252 0.040397805415563252 0.040397805415563252 0.040397805415563252 0.040397805415563252 0.040397805415563252 -0.00053524340751526017 0.040397805415563252 0.040397805415563252 -0.27701360933732355 -0.1817906162690949 0.036829098651156474 0.040397805415563252 0.040397805415563252 -0.36510619458443666 0.040397805415563252 -0.28513471572941895 -0.27701360933732355 0.040397805415563252 0.040397805415563252 0.040397805415563252 0.049254864006676446
leaf_weight=43208 20 2874 278 48 231 24 153 134 7842 51 1908 121 52 98 326 342 288 248 442 39 298 154 32 54 25 84 58 40 34 43 32 45 29 150 33 44 94 24
leaf_count=43208 20 2874 278 48 231 24 153 134 7842 51 1908 121 52 98 326 342 288 248 442 39 298 154 32 54 25 84 58 40 34 43 32 45 29 150 33 44 94 24
internal_value=-0.000788668 0.00747451 0.0170465 0.0270743 0.0214545 0.0167202 0.0312263 0.0276193 -0.00333553 0.0200704 0.0336904 0.0249189 0.0263603 0.0168 0.02118 0.0299035 0.0276651 0.0255931 0.0229982 0.0157357 0.0280266 0.0258182 0.0222032 0.0235269 0.0179813 0.0143099 0.0221355 0.0135758 0.0241081 0.021 0.0176561 0.02256 0.0165 -0.00078161 0.031671 0.0235325 0.0316303 0.0196364
internal_weight=60000 16792 8906 6032 2563 1083 3469 1408 7886 909 2061 1480 1249 150 861 1181 1099 811 563 227 903 605 374 93 535 284 251 132 74 200 157 125 80 174 231 77 119 44
internal_count=60000 16792 8906 6032 2563 1083 3469 1408 7886 909 2061 1480 1249 150 861 1181 1099 811 563 227 903 605 374 93 535 284 251 132 74 200 157 125 80 174 231 77 119 44
is_linear=0
shrinkage=0.04


Tree=9
num_leaves=39
num_cat=0
split_feature=13 135 15 128 119 14 119 14 119 85 120 14 119 12 119 14 22 14 119 102 14 119 119 12 119 14 14 85 119 58 102 119 14 119 12 12 0 119
split_gain=995.093 1085.95 1174.76 87.0485 31.5468 48.0169 22.3237 22.2515 16.7262 14.5934 14.0527 16.8166 26.2629 13.5964 14.3509 21.0839 13.36 11.5133 20.6633 8.33542 8.27269 7.70315 6.94444 5.73608 5.31454 7.99768 7.07585 7.82285 5.61108 5.05479 4.86296 4.63742 6.94118 5.36342 11.0473 4.44195 4.34201 6.36829
threshold=0.93636366724967968 1.0000000180025095e-35 0.75000000000000011 -0.29012919962406153 0.560205638408661 0.49434550106525427 0.56429719924926769 0.49548439681530004 0.38069936633110052 0.69023516774177562 1.0000000180025095e-35 0.53617689013481151 0.59593412280082714 0.93004098534584057 0.5205402970314027 0.45428046584129339 0.12173399329185487 0.48106098175048834 0.53999802470207225 0.5541210174560548 0.49782148003578192 0.51532536745071422 0.54231527447700512 0.93004098534584057 0.52266719937324535 0.45428046584129339 0.48106098175048834 0.54239150881767284 0.45485258102416998 0.10889089480042459 0.7712407410144807 0.48508223891258245 0.42232480645179754 0.45485258102416998 0.78291481733322155 0.76287078857421886 0.43281006813049322 0.387991413474083
decision_type=2 2 2 2 2 2 2 2 2 2 2 2 2 2 2 2 2 2 2 2 2 2 2 2 2 2 2 2 2 2 2 2 2 2 2 2 2 2
left_child=-1 9 -3 4 5 8 7 23 -4 -2 35 -12 -13 14 15 31 30 22 -19 -7 -21 -17 -16 24 25 28 -26 -28 36 -9 -8 32 33 34 -10 -6 37 -5
right_child=1 2 3 6 10 19 16 29 13 -11 11 12 -14 -15 17 21 -18 18 -20 20 -22 -23 -24 -25 26 -27 27 -29 -30 -31 -32 -33 -34 -35 -36 -37 -38 -39
leaf_value=0 0.063531863046409495 -0.26593306496383057 0.044283033176153959 0.038781893198940695 0.043966157270553696 -0.26593306496383057 0.038781893198940695 0.038781893198940695 0.038781893198940695 -0.26593306496383057 0.038781893198940695 -0.26593306496383057 0.038781893198940695 0.038781893198940695 0.038781893198940695 -0.26593306496383057 0.038781893198940695 -0.26974198468655974 0.040559390401439195 0.12687447844605387 0.12396986519553252 0.038781893198940695 0.038781893198940695 0.038781893198940695 0.038781893198940695 0.038781893198940695 0.038781893198940695 0.038781893198940695 0.038781893198940695 0.038781893198940695 0.038781893198940695 0.038781893198940695 0.038781893198940695 0.038781893198940695 -0.17354142920474691 0.064703825403759865 0.038781893198940695 0.038781893198940695
leaf_weight=43208 44 2874 60 24 199 179 83 120 59 7842 724 61 80 326 160 114 2005 49 49 36 59 35 20 359 179 117 40 77 159 41 75 55 50 57 38 257 36 50
leaf_count=43208 44 2874 60 24 199 179 83 120 59 7842 724 61 80 326 160 114 2005 49 49 36 59 35 20 359 179 117 40 77 159 41 75 55 50 57 38 257 36 50
internal_value=-0.000788668 0.00747451 0.0170465 0.0270743 0.0216768 0.017367 0.0313522 0.0269817 0.0211866 -0.00333553 0.0260681 0.0290636 0.0164255 0.0224032 0.019207 0.0144314 0.0337809 0.0262158 0.0151837 0.00242336 0.012 0.00244295 0.0322222 0.029122 0.0269677 0.0238756 0.031 0.0233504 0.0276729 0.0131429 0.0225823 0.0213282 0.018549 0.0227532 0.0170309 0.020386 0.0207273 0.0262703
internal_weight=60000 16792 8906 6032 2667 1346 3365 1202 1072 7886 1321 865 141 1012 686 408 2163 278 98 274 95 149 180 1041 682 386 296 117 269 161 158 259 204 154 97 456 110 74
internal_count=60000 16792 8906 6032 2667 1346 3365 1202 1072 7886 1321 865 141 1012 686 408 2163 278 98 274 95 149 180 1041 682 386 296 117 269 161 158 259 204 154 97 456 110 74
is_linear=0
shrinkage=0.04


Tree=10
num_leaves=39
num_cat=0
split_feature=13 118 15 43 102 14 124 102 14 102 63 102 14 14 102 14 102 51 63 102 121 34 14 17 102 14 110 101 102 123 102 14 102 14 85 63 102 14
split_gain=995.093 1069.25 1176.51 76.9382 32.5363 48.0431 27.6971 21.4337 20.0861 16.3476 11.3095 14.9673 17.942 12.2992 18.3434 11.3022 20.2063 9.45476 8.43481 8.00742 6.59319 6.19457 6.73854 5.5976 5.56194 5.52391 5.10831 4.85501 4.61825 4.50084 4.46031 7.07876 6.01703 10.6532 4.45756 4.4372 6.58155 8.45391
threshold=0.93636366724967968 1.0000000180025095e-35 0.75000000000000011 -0.55557009577751149 0.55805155634880077 0.49434550106525427 0.050035268068313606 0.56428781151771557 0.49434550106525427 0.37993320822715765 0.93004098534584057 0.52068921923637401 0.45428046584129339 0.48106098175048834 0.54028829932212841 0.53617689013481151 0.59573671221733104 0.67380130290985119 0.76287078857421886 0.7712407410144807 1.0000000180025095e-35 0.5538635551929475 0.50440177321434032 0.56430265307426464 0.51555371284484874 0.49782148003578192 -0.70719650387763966 1.0000000180025095e-35 0.62132039666175853 1.0000000180025095e-35 0.48479545116424566 0.42232480645179754 0.45443418622016912 0.3916513472795487 0.55450478196144115 0.93004098534584057 0.52068921923637401 0.46050065755844122
decision_type=2 2 2 2 2 2 2 2 2 2 2 2 2 2 2 2 2 2 2 2 2 2 2 2 2 2 2 2 2 2 2 2 2 2 2 2 2 2
left_child=-1 -2 -3 4 5 9 19 8 20 -4 11 12 30 29 -15 17 -17 23 -19 -5 -8 26 -23 25 -14 -6 -10 -9 -18 -13 31 32 33 -11 -7 36 37 -22
right_child=1 2 3 6 15 34 7 27 21 10 -12 13 24 14 -16 16 28 18 -20 -21 35 22 -24 -25 -26 -27 -28 -29 -30 -31 -32 -33 -34 -35 -36 -37 -38 -39
leaf_value=0 -0.25529574236527736 -0.25529574236527736 -0.33582262868389673 0.13398809763472258 0.1217994993082117 -0.25529574236527736 0.037230617470983066 0.032272642014288026 0.037230617470983066 0.037230617470983066 0.037230617470983066 0.037230617470983066 -0.25529574236527736 -0.25895230529909735 0.044269538177185812 -0.25529574236527736 0.037230617470983066 0.037230617470983066 0.037230617470983066 0.15020825763472256 0.037230617470983066 0.037230617470983066 0.037230617470983066 0.037230617470983066 0.037230617470983066 0.037230617470983066 0.037230617470983066 0.037230617470983066 0.037230617470983066 0.037230617470983066 0.037230617470983066 0.037230617470983066 0.037230617470983066 -0.26678766993205233 0.037230617470983066 0.037230617470983066 0.037230617470983066 0.038867939423906255
leaf_weight=43208 7888 2890 52 88 26 170 223 21 86 58 293 142 107 46 43 58 64 290 460 92 317 62 38 296 32 28 35 2048 35 30 47 47 50 36 68 278 220 28
leaf_count=43208 7888 2890 52 88 26 170 223 21 86 58 293 142 107 46 43 58 64 290 460 92 317 62 38 296 32 28 35 2048 35 30 47 47 50 36 68 278 220 28
internal_value=-0.000788668 0.00747451 0.0169748 0.0270542 0.0216497 0.0169992 0.0308416 0.0316615 0.0276084 0.0209034 0.0221224 0.0191348 0.0140371 0.0264981 0.014427 0.0261671 0.0161274 0.0276 0.0250667 0.0155556 0.0298837 0.0166335 0.024 0.0330286 0.0026187 0.0211852 0.0105455 0.0341827 0.0271111 0.0327442 0.0207059 0.0179895 0.0223889 0.0164255 0.000873949 0.0282657 0.0262301 0.0227826
internal_weight=60000 16792 8904 6014 2478 1221 3536 3356 1287 983 931 638 377 261 89 1257 157 1100 750 180 1066 221 100 350 139 54 121 2069 99 172 238 191 144 94 238 843 565 345
internal_count=60000 16792 8904 6014 2478 1221 3536 3356 1287 983 931 638 377 261 89 1257 157 1100 750 180 1066 221 100 350 139 54 121 2069 99 172 238 191 144 94 238 843 565 345
is_linear=0
shrinkage=0.04


Tree=11
num_leaves=39
num_cat=0
split_feature=13 135 32 8 119 14 119 14 119 85 120 14 119 12 22 34 14 119 14 14 119 102 12 119 14 12 102 119 127 14 0 119 14 119 12 101 12 119
split_gain=995.093 1085.95 1174.76 87.9662 29.4487 46.1206 26.0149 23.2479 15.4837 14.5934 14.4596 15.2133 25.8187 14.3928 12.3 7.42111 6.84054 6.12829 25.4058 13.6065 15.8738 6.24344 6.05966 8.52192 9.60132 5.7992 10.0189 5.68689 4.95302 4.94818 9.87275 4.74502 7.23183 5.16469 10.74 4.67514 4.65385 6.5641
threshold=0.93636366724967968 1.0000000180025095e-35 0.75000000000000011 -0.37511157989501948 0.560205638408661 0.49548439681530004 0.56429719924926769 0.49434550106525427 0.38069936633110052 0.69023516774177562 1.0000000180025095e-35 0.53617689013481151 0.59593412280082714 0.91245013475418102 0.12173399329185487 0.5538635551929475 0.49782148003578192 0.51532536745071422 0.45428046584129339 0.48106098175048834 0.54231527447700512 0.5541210174560548 0.93004098534584057 0.52266719937324535 0.45428046584129339 0.70107209682464611 0.5541210174560548 0.45485258102416998 -0.70920732617378224 0.48106098175048834 0.5412975847721101 0.48508223891258245 0.42232480645179754 0.45485258102416998 0.78291481733322155 1.0000000180025095e-35 0.78291481733322155 0.387991413474083
decision_type=2 2 2 2 2 2 2 2 2 2 2 2 2 2 2 2 2 2 2 2 2 2 2 2 2 2 2 2 2 2 2 2 2 2 2 2 2 2
left_child=-1 9 -3 6 5 8 7 22 -5 -2 35 -12 -13 17 -8 28 -17 18 31 21 -21 -19 23 24 27 26 -22 36 -9 -25 -31 32 33 34 -10 -6 37 -4
right_child=1 2 3 4 10 -7 14 15 13 -11 11 12 -14 -15 -16 16 -18 19 -20 20 25 -23 -24 29 -26 -27 -28 -29 -30 30 -32 -33 -34 -35 -36 -37 -38 -39
leaf_value=0 0.071202418219164232 -0.24508391267066629 0.035741392772143714 -0.15637302451080901 0.072327502082220579 -0.24508391267066629 0.035741392772143714 0.035741392772143714 0.035741392772143714 -0.24508391267066629 0.035741392772143714 -0.24508391267066629 0.035741392772143714 0.035741392772143714 0.035741392772143714 0.035741392772143714 0.035741392772143714 0.035741392772143714 -0.24508391267066629 -0.24859421308713348 -0.25763762099020548 0.035741392772143714 0.035741392772143714 0.035741392772143714 0.035741392772143714 0.035388736055795678 0.029961831007251152 0.035741392772143714 0.035741392772143714 0.035741392772143714 0.035741392772143714 0.035741392772143714 0.035741392772143714 0.035741392772143714 -0.25611616313477026 0.035534022209279217 0.035741392772143714 0.035741392772143714
leaf_weight=43208 44 2874 26 57 212 207 153 95 57 7842 701 59 77 383 2041 43 56 109 96 66 24 34 376 188 129 41 20 172 28 29 42 47 44 55 35 239 39 52
leaf_count=43208 44 2874 26 57 212 207 153 95 57 7842 701 59 77 383 2041 43 56 109 96 66 24 34 376 188 129 41 20 172 28 29 42 47 44 55 35 239 39 52
internal_value=-0.000788668 0.00747451 0.0170465 0.0270743 0.0214545 0.0171451 0.0312263 0.0266824 0.0204944 -0.00333553 0.0257205 0.0288315 0.0165882 0.021638 0.0338669 0.0149189 0.0230707 0.0179108 0.0142036 0.0221224 0.0137483 0.030965 0.0291624 0.026901 0.0233684 0.0251765 0.0150909 0.0274187 0.00835772 0.0326023 0.0236056 0.0212101 0.0184084 0.0226667 0.0168696 0.0199468 0.0206154 0.0262564
internal_weight=60000 16792 8906 6032 2563 1275 3469 1275 1068 7886 1288 837 136 1011 2194 222 99 628 334 294 151 143 1053 677 418 85 44 289 123 259 71 238 191 147 92 451 117 78
internal_count=60000 16792 8906 6032 2563 1275 3469 1275 1068 7886 1288 837 136 1011 2194 222 99 628 334 294 151 143 1053 677 418 85 44 289 123 259 71 238 191 147 92 451 117 78
is_linear=0
shrinkage=0.04


Tree=12
num_leaves=39
num_cat=0
split_feature=13 135 15 8 119 14 119 14 119 85 120 14 119 12 22 34 14 119 14 14 119 12 119 14 12 119 119 51 127 14 34 119 14 119 12 101 12 119
split_gain=995.093 1085.95 1174.76 87.9662 29.4487 46.1206 26.0149 23.2479 15.4837 14.5934 14.4596 15.2133 25.8187 14.3928 12.3 7.42111 6.84054 6.12829 25.4058 13.6065 15.8738 6.05966 8.52192 9.60132 5.7992 10.0189 5.68689 5.57183 4.95302 4.94818 8.796 4.74502 7.23183 5.16469 10.74 4.67514 4.65385 6.5641
threshold=0.93636366724967968 1.0000000180025095e-35 0.75000000000000011 -0.37511157989501948 0.560205638408661 0.49548439681530004 0.56429719924926769 0.49434550106525427 0.38069936633110052 0.69023516774177562 1.0000000180025095e-35 0.53617689013481151 0.59593412280082714 0.91245013475418102 0.12173399329185487 0.5538635551929475 0.49782148003578192 0.51532536745071422 0.45428046584129339 0.48106098175048834 0.54231527447700512 0.93004098534584057 0.52266719937324535 0.45428046584129339 0.70107209682464611 0.55386900901794445 0.45485258102416998 0.73406916856765758 -0.70920732617378224 0.48106098175048834 0.54188522696495067 0.48508223891258245 0.42232480645179754 0.45485258102416998 0.78291481733322155 1.0000000180025095e-35 0.78291481733322155 0.387991413474083
decision_type=2 2 2 2 2 2 2 2 2 2 2 2 2 2 2 2 2 2 2 2 2 2 2 2 2 2 2 2 2 2 2 2 2 2 2 2 2 2
left_child=-1 9 -3 6 5 8 7 21 -5 -2 35 -12 -13 17 -8 28 -17 18 31 27 -21 22 23 26 25 -22 36 -19 -9 -24 -31 32 33 34 -10 -6 37 -4
right_child=1 2 3 4 10 -7 14 15 13 -11 11 12 -14 -15 -16 16 -18 19 -20 20 24 -23 29 -25 -26 -27 -28 -29 -30 30 -32 -33 -34 -35 -36 -37 -38 -39
leaf_value=0 0.068354321490397676 -0.23528055616383964 0.034311737061257973 -0.15011810353037661 0.06943440199893175 -0.23528055616383964 0.034311737061257973 0.034311737061257973 0.034311737061257973 -0.23528055616383964 0.034311737061257973 -0.23528055616383964 0.034311737061257973 0.034311737061257973 0.034311737061257973 0.034311737061257973 0.034311737061257973 0.034311737061257973 -0.23528055616383964 -0.23865044456364815 -0.24733211615059728 0.034311737061257973 0.034311737061257973 0.034311737061257973 0.033973186613563869 0.028763357766961123 0.034311737061257973 0.034311737061257973 0.034311737061257973 0.034311737061257973 0.034311737061257973 0.034311737061257973 0.034311737061257973 0.034311737061257973 -0.24587151660937945 0.034112661320908018 0.034311737061257973 0.034311737061257973
leaf_weight=43208 44 2874 26 57 212 207 153 95 57 7842 701 59 77 383 2041 43 56 114 96 66 24 376 188 129 41 20 172 29 28 31 40 47 44 55 35 239 39 52
leaf_count=43208 44 2874 26 57 212 207 153 95 57 7842 701 59 77 383 2041 43 56 114 96 66 24 376 188 129 41 20 172 29 28 31 40 47 44 55 35 239 39 52
internal_value=-0.000788668 0.00747451 0.0170465 0.0270743 0.0214545 0.0171451 0.0312263 0.0266824 0.0204944 -0.00333553 0.0257205 0.0288315 0.0165882 0.021638 0.0338669 0.0149189 0.0230707 0.0179108 0.0142036 0.0221224 0.0137483 0.0291624 0.026901 0.0233684 0.0251765 0.0150909 0.0274187 0.030965 0.00835772 0.0326023 0.0236056 0.0212101 0.0184084 0.0226667 0.0168696 0.0199468 0.0206154 0.0262564
internal_weight=60000 16792 8906 6032 2563 1275 3469 1275 1068 7886 1288 837 136 1011 2194 222 99 628 334 294 151 1053 677 418 85 44 289 143 123 259 71 238 191 147 92 451 117 78
internal_count=60000 16792 8906 6032 2563 1275 3469 1275 1068 7886 1288 837 136 1011 2194 222 99 628 334 294 151 1053 677 418 85 44 289 143 123 259 71 238 191 147 92 451 117 78
is_linear=0
shrinkage=0.04


Tree=13
num_leaves=39
num_cat=0
split_feature=64 135 15 128 119 14 119 14 119 85 120 14 119 12 119 14 22 14 119 102 14 119 119 12 119 14 14 85 119 58 102 119 14 119 12 12 0 119
split_gain=995.093 1085.95 1174.76 87.0485 31.5468 48.0169 22.3237 22.2515 16.7262 14.5934 14.0527 16.8166 26.2629 13.5964 14.3509 21.0839 13.36 11.5133 20.6633 8.33542 8.27269 7.70315 6.94444 5.73608 5.31454 7.99768 7.07585 7.82285 5.61108 5.05479 4.86296 4.63742 6.94118 5.36342 11.0473 4.44195 4.34201 6.36829
threshold=0.93636366724967968 1.0000000180025095e-35 0.75000000000000011 -0.29012919962406153 0.560205638408661 0.49434550106525427 0.56429719924926769 0.49548439681530004 0.38069936633110052 0.69023516774177562 1.0000000180025095e-35 0.53617689013481151 0.59593412280082714 0.93004098534584057 0.5205402970314027 0.45428046584129339 0.12173399329185487 0.48106098175048834 0.53999802470207225 0.5541210174560548 0.49782148003578192 0.51532536745071422 0.54231527447700512 0.93004098534584057 0.52266719937324535 0.45428046584129339 0.48106098175048834 0.54239150881767284 0.45485258102416998 0.10889089480042459 0.7712407410144807 0.48508223891258245 0.42232480645179754 0.45485258102416998 0.78291481733322155 0.76287078857421886 0.43281006813049322 0.387991413474083
decision_type=2 2 2 2 2 2 2 2 2 2 2 2 2 2 2 2 2 2 2 2 2 2 2 2 2 2 2 2 2 2 2 2 2 2 2 2 2 2
left_child=-1 9 -3 4 5 8 7 23 -4 -2 35 -12 -13 14 15 31 30 22 -19 -7 -21 -17 -16 24 25 28 -26 -28 36 -9 -8 32 33 34 -10 -6 37 -5
right_child=1 2 3 6 10 19 16 29 13 -11 11 12 -14 -15 17 21 -18 18 -20 20 -22 -23 -24 -25 26 -27 27 -29 -30 -31 -32 -33 -34 -35 -36 -37 -38 -39
leaf_value=0 0.065620148630781763 -0.22586933391728603 0.039726517801496115 0.032939267578807691 0.039695666434279457 -0.22586933391728603 0.032939267578807691 0.032939267578807691 0.032939267578807691 -0.22586933391728603 0.032939267578807691 -0.22586933391728603 0.032939267578807691 0.032939267578807691 0.032939267578807691 -0.22586933391728603 0.032939267578807691 -0.22910442678110221 0.034617002136334535 0.1361420980892635 0.13673642464225214 0.032939267578807691 0.032939267578807691 0.032939267578807691 0.032939267578807691 0.032939267578807691 0.032939267578807691 0.032939267578807691 0.032939267578807691 0.032939267578807691 0.032939267578807691 0.032939267578807691 0.032939267578807691 0.032939267578807691 -0.1427132275794363 0.066657025918974502 0.032939267578807691 0.032939267578807691
leaf_weight=43208 44 2874 60 24 199 179 83 120 59 7842 724 61 80 326 160 114 2005 49 49 36 59 35 20 359 179 117 40 77 159 41 75 55 50 57 38 257 36 50
leaf_count=43208 44 2874 60 24 199 179 83 120 59 7842 724 61 80 326 160 114 2005 49 49 36 59 35 20 359 179 117 40 77 159 41 75 55 50 57 38 257 36 50
internal_value=-0.000788668 0.00747451 0.0170465 0.0270743 0.0216768 0.017367 0.0313522 0.0269817 0.0211866 -0.00333553 0.0260681 0.0290636 0.0164255 0.0224032 0.019207 0.0144314 0.0337809 0.0262158 0.0151837 0.00242336 0.012 0.00244295 0.0322222 0.029122 0.0269677 0.0238756 0.031 0.0233504 0.0276729 0.0131429 0.0225823 0.0213282 0.018549 0.0227532 0.0170309 0.020386 0.0207273 0.0262703
internal_weight=60000 16792 8906 6032 2667 1346 3365 1202 1072 7886 1321 865 141 1012 686 408 2163 278 98 274 95 149 180 1041 682 386 296 117 269 161 158 259 204 154 97 456 110 74
internal_count=60000 16792 8906 6032 2667 1346 3365 1202 1072 7886 1321 865 141 1012 686 408 2163 278 98 274 95 149 180 1041 682 386 296 117 269 161 158 259 204 154 97 456 110 74
is_linear=0
shrinkage=0.04


Tree=14
num_leaves=39
num_cat=0
split_feature=13 135 15 8 119 14 119 14 119 85 120 14 119 12 22 51 14 119 14 14 119 102 12 119 14 12 102 119 14 0 119 14 119 12 101 12 119 110
split_gain=995.093 1085.95 1174.76 87.9662 29.4487 46.1206 26.0149 23.2479 15.4837 14.5934 14.4596 15.2133 25.8187 14.3928 12.3 7.42111 6.84054 6.12829 25.4058 13.6065 15.8738 6.24344 6.05966 8.52192 9.60132 5.7992 10.0189 5.68689 4.94818 9.87275 4.74502 7.23183 5.16469 10.74 4.67514 4.65385 6.5641 4.64714
threshold=0.93636366724967968 1.0000000180025095e-35 0.75000000000000011 -0.37511157989501948 0.560205638408661 0.49548439681530004 0.56429719924926769 0.49434550106525427 0.38069936633110052 0.69023516774177562 1.0000000180025095e-35 0.53617689013481151 0.59593412280082714 0.91245013475418102 0.12173399329185487 0.55415591597557079 0.49782148003578192 0.51532536745071422 0.45428046584129339 0.48106098175048834 0.54231527447700512 0.5541210174560548 0.93004098534584057 0.52266719937324535 0.45428046584129339 0.70107209682464611 0.5541210174560548 0.45485258102416998 0.48106098175048834 0.5412975847721101 0.48508223891258245 0.42232480645179754 0.45485258102416998 0.78291481733322155 1.0000000180025095e-35 0.78291481733322155 0.387991413474083 -0.70286077260971058
decision_type=2 2 2 2 2 2 2 2 2 2 2 2 2 2 2 2 2 2 2 2 2 2 2 2 2 2 2 2 2 2 2 2 2 2 2 2 2 2
left_child=-1 9 -3 6 5 8 7 22 -5 -2 34 -12 -13 17 -8 37 -17 18 30 21 -21 -19 23 24 27 26 -22 35 -25 -30 31 32 33 -10 -6 36 -4 -9
right_child=1 2 3 4 10 -7 14 15 13 -11 11 12 -14 -15 -16 16 -18 19 -20 20 25 -23 -24 28 -26 -27 -28 -29 29 -31 -32 -33 -34 -35 -36 -37 -38 -39
leaf_value=0 0.062995342685550501 -0.21683456056059458 0.031621696875655372 -0.14570244010122138 0.063990744882215511 -0.21683456056059458 0.031621696875655372 0.031621696875655372 0.031621696875655372 -0.21683456056059458 0.031621696875655372 -0.21683456056059458 0.031621696875655372 0.031621696875655372 0.031621696875655372 0.031621696875655372 0.031621696875655372 0.031621696875655372 -0.21683456056059458 -0.21994024970985812 -0.22840405814788192 0.031621696875655372 0.031621696875655372 0.031621696875655372 0.031621696875655372 0.031229579063567953 0.02216713953271213 0.031621696875655372 0.031621696875655372 0.031621696875655372 0.031621696875655372 0.031621696875655372 0.031621696875655372 -0.2303281268418268 0.0311603282107005 0.031621696875655372 0.031621696875655372 0.031621696875655372
leaf_weight=43208 44 2874 26 57 212 207 153 87 57 7842 701 59 77 383 2041 43 56 109 96 66 24 34 376 188 129 41 20 172 29 42 47 44 55 35 239 39 52 36
leaf_count=43208 44 2874 26 57 212 207 153 87 57 7842 701 59 77 383 2041 43 56 109 96 66 24 34 376 188 129 41 20 172 29 42 47 44 55 35 239 39 52 36
internal_value=-0.000788668 0.00747451 0.0170465 0.0270743 0.0214545 0.0171451 0.0312263 0.0266824 0.0204944 -0.00333553 0.0257205 0.0288315 0.0165882 0.021638 0.0338669 0.0149189 0.0230707 0.0179108 0.0142036 0.0221224 0.0137483 0.030965 0.0291624 0.026901 0.0233684 0.0251765 0.0150909 0.0274187 0.0326023 0.0236056 0.0212101 0.0184084 0.0226667 0.0168696 0.0199468 0.0206154 0.0262564 0.00835772
internal_weight=60000 16792 8906 6032 2563 1275 3469 1275 1068 7886 1288 837 136 1011 2194 222 99 628 334 294 151 143 1053 677 418 85 44 289 259 71 238 191 147 92 451 117 78 123
internal_count=60000 16792 8906 6032 2563 1275 3469 1275 1068 7886 1288 837 136 1011 2194 222 99 628 334 294 151 143 1053 677 418 85 44 289 259 71 238 191 147 92 451 117 78 123
is_linear=0
shrinkage=0.04


Tree=15
num_leaves=39
num_cat=0
split_feature=13 135 15 8 119 14 119 14 119 85 29 101 14 119 22 34 14 119 14 14 119 102 29 119 14 14 102 119 127 14 17 102 14 119 14 119 14 119
split_gain=995.093 1085.95 1174.76 87.9662 29.4487 46.1206 26.0149 23.2479 15.4837 14.5934 14.3928 13.0092 14.0005 23.3267 12.3 7.42111 6.84054 6.12829 25.4058 13.6065 15.8738 6.24344 6.05966 8.52192 9.60132 5.7992 10.0189 5.68689 4.95302 4.94818 8.796 4.80344 6.40501 4.74502 7.23183 5.16469 10.74 4.72278
threshold=0.93636366724967968 1.0000000180025095e-35 0.75000000000000011 -0.37511157989501948 0.560205638408661 0.49548439681530004 0.56429719924926769 0.49434550106525427 0.38069936633110052 0.69023516774177562 0.91245013475418102 1.0000000180025095e-35 0.53617689013481151 0.59593412280082714 0.12173399329185487 0.5538635551929475 0.49782148003578192 0.51532536745071422 0.45428046584129339 0.48106098175048834 0.54231527447700512 0.5541210174560548 0.93004098534584057 0.52266719937324535 0.45428046584129339 0.49434550106525427 0.5541210174560548 0.45485258102416998 -0.70920732617378224 0.48106098175048834 0.54184892773628246 0.60369193553924572 0.48106098175048834 0.48508223891258245 0.42232480645179754 0.45485258102416998 0.3916513472795487 0.56429719924926769
decision_type=2 2 2 2 2 2 2 2 2 2 2 2 2 2 2 2 2 2 2 2 2 2 2 2 2 2 2 2 2 2 2 2 2 2 2 2 2 2
left_child=-1 9 -3 6 5 8 7 22 -5 -2 17 -6 31 -14 -8 28 -17 18 33 21 -21 -19 23 24 27 -22 -27 -4 -9 -25 -31 37 -33 34 35 36 -10 -13
right_child=1 2 3 4 11 -7 14 15 10 -11 -12 12 13 -15 -16 16 -18 19 -20 20 25 -23 -24 29 -26 26 -28 -29 -30 30 -32 32 -34 -35 -36 -37 -38 -39
leaf_value=0 0.060475528978128495 -0.20816117813817081 0.030356829000629162 -0.13987434249717254 0.063339076191642932 -0.20816117813817081 0.030356829000629162 0.030356829000629162 0.030356829000629162 -0.20816117813817081 0.030356829000629162 0.030356829000629162 -0.20816117813817081 0.030356829000629162 0.030356829000629162 0.030356829000629162 0.030356829000629162 0.030356829000629162 -0.20816117813817081 -0.2111426397214638 0.02998039590102522 0.030356829000629162 0.030356829000629162 0.030356829000629162 0.030356829000629162 -0.21926789582196662 0.021280453951403648 0.030356829000629162 0.030356829000629162 0.030356829000629162 0.030356829000629162 0.030356829000629162 0.030356829000629162 0.030356829000629162 0.030356829000629162 0.030356829000629162 -0.22111500176815374 0.030356829000629162
leaf_weight=43208 44 2874 117 57 228 207 153 95 57 7842 383 55 59 94 2041 43 56 109 96 66 41 34 376 188 129 24 20 172 28 31 40 408 191 47 44 55 35 253
leaf_count=43208 44 2874 117 57 228 207 153 95 57 7842 383 55 59 94 2041 43 56 109 96 66 41 34 376 188 129 24 20 172 28 31 40 408 191 47 44 55 35 253
internal_value=-0.000788668 0.00747451 0.0170465 0.0270743 0.0214545 0.0171451 0.0312263 0.0266824 0.0204944 -0.00333553 0.021638 0.0257205 0.0275849 0.0163922 0.0338669 0.0149189 0.0230707 0.0179108 0.0142036 0.0221224 0.0137483 0.030965 0.0291624 0.026901 0.0233684 0.0251765 0.0150909 0.0274187 0.00835772 0.0326023 0.0236056 0.029473 0.0273856 0.0212101 0.0184084 0.0226667 0.0168696 0.0335325
internal_weight=60000 16792 8906 6032 2563 1275 3469 1275 1068 7886 1011 1288 1060 153 2194 222 99 628 334 294 151 143 1053 677 418 85 44 289 123 259 71 907 599 238 191 147 92 308
internal_count=60000 16792 8906 6032 2563 1275 3469 1275 1068 7886 1011 1288 1060 153 2194 222 99 628 334 294 151 143 1053 677 418 85 44 289 123 259 71 907 599 238 191 147 92 308
is_linear=0
shrinkage=0.04


Tree=16
num_leaves=39
num_cat=0
split_feature=13 135 15 8 119 14 119 14 119 85 120 14 119 12 22 34 14 119 14 14 119 102 12 119 14 12 102 119 127 14 0 119 14 119 12 101 12 119
split_gain=995.093 1085.95 1174.76 87.9662 29.4487 46.1206 26.0149 23.2479 15.4837 14.5934 14.4596 15.2133 25.8187 14.3928 12.3 7.42111 6.84054 6.12829 25.4058 13.6065 15.8738 6.24344 6.05966 8.52192 9.60132 5.7992 10.0189 5.68689 4.95302 4.94818 9.87275 4.74502 7.23183 5.16469 10.74 4.67514 4.65385 6.5641
threshold=0.93636366724967968 1.0000000180025095e-35 0.75000000000000011 -0.37511157989501948 0.560205638408661 0.49548439681530004 0.56429719924926769 0.49434550106525427 0.38069936633110052 0.69023516774177562 1.0000000180025095e-35 0.53617689013481151 0.59593412280082714 0.91245013475418102 0.12173399329185487 0.5538635551929475 0.49782148003578192 0.51532536745071422 0.45428046584129339 0.48106098175048834 0.54231527447700512 0.5541210174560548 0.93004098534584057 0.52266719937324535 0.45428046584129339 0.70107209682464611 0.5541210174560548 0.45485258102416998 -0.70920732617378224 0.48106098175048834 0.5412975847721101 0.48508223891258245 0.42232480645179754 0.45485258102416998 0.78291481733322155 1.0000000180025095e-35 0.78291481733322155 0.387991413474083
decision_type=2 2 2 2 2 2 2 2 2 2 2 2 2 2 2 2 2 2 2 2 2 2 2 2 2 2 2 2 2 2 2 2 2 2 2 2 2 2
left_child=-1 9 -3 6 5 8 7 22 -5 -2 35 -12 -13 17 -8 28 -17 18 31 21 -21 -19 23 24 27 26 -22 36 -9 -25 -31 32 33 34 -10 -6 37 -4
right_child=1 2 3 4 10 -7 14 15 13 -11 11 12 -14 -15 -16 16 -18 19 -20 20 25 -23 -24 29 -26 -27 -28 -29 -30 30 -32 -33 -34 -35 -36 -37 -38 -39
leaf_value=0 0.058056507819003331 -0.19983473101264398 0.02914255584060399 -0.13427936879728564 0.058897552039261218 -0.19983473101264398 0.02914255584060399 0.02914255584060399 0.02914255584060399 -0.19983473101264398 0.02914255584060399 -0.19983473101264398 0.02914255584060399 0.02914255584060399 0.02914255584060399 0.02914255584060399 0.02914255584060399 0.02914255584060399 -0.19983473101264398 -0.20269693413260523 -0.21049717998908798 0.02914255584060399 0.02914255584060399 0.02914255584060399 0.02914255584060399 0.028781180064984185 0.020429235793347506 0.02914255584060399 0.02914255584060399 0.02914255584060399 0.02914255584060399 0.02914255584060399 0.02914255584060399 0.02914255584060399 -0.21227040169742759 0.02869964192224728 0.02914255584060399 0.02914255584060399
leaf_weight=43208 44 2874 26 57 212 207 153 95 57 7842 701 59 77 383 2041 43 56 109 96 66 24 34 376 188 129 41 20 172 28 29 42 47 44 55 35 239 39 52
leaf_count=43208 44 2874 26 57 212 207 153 95 57 7842 701 59 77 383 2041 43 56 109 96 66 24 34 376 188 129 41 20 172 28 29 42 47 44 55 35 239 39 52
internal_value=-0.000788668 0.00747451 0.0170465 0.0270743 0.0214545 0.0171451 0.0312263 0.0266824 0.0204944 -0.00333553 0.0257205 0.0288315 0.0165882 0.021638 0.0338669 0.0149189 0.0230707 0.0179108 0.0142036 0.0221224 0.0137483 0.030965 0.0291624 0.026901 0.0233684 0.0251765 0.0150909 0.0274187 0.00835772 0.0326023 0.0236056 0.0212101 0.0184084 0.0226667 0.0168696 0.0199468 0.0206154 0.0262564
internal_weight=60000 16792 8906 6032 2563 1275 3469 1275 1068 7886 1288 837 136 1011 2194 222 99 628 334 294 151 143 1053 677 418 85 44 289 123 259 71 238 191 147 92 451 117 78
internal_count=60000 16792 8906 6032 2563 1275 3469 1275 1068 7886 1288 837 136 1011 2194 222 99 628 334 294 151 143 1053 677 418 85 44 289 123 259 71 238 191 147 92 451 117 78
is_linear=0
shrinkage=0.04


Tree=17
num_leaves=39
num_cat=0
split_feature=13 135 15 8 119 14 119 14 119 120 14 119 29 34 22 34 5 14 119 14 14 119 102 29 119 14 14 102 119 127 14 0 119 14 119 14 101 29
split_gain=995.093 1085.95 1174.76 87.9662 29.4487 46.1206 26.0149 23.2479 15.4837 14.4596 15.2133 25.8187 14.3928 14.3908 12.3 7.42111 7.11712 6.84054 6.12829 25.4058 13.6065 15.8738 6.24344 6.05966 8.52192 9.60132 5.7992 10.0189 5.68689 4.95302 4.94818 9.87275 4.74502 7.23183 5.16469 10.74 4.67514 4.65385
threshold=0.93636366724967968 1.0000000180025095e-35 0.75000000000000011 -0.37511157989501948 0.560205638408661 0.49548439681530004 0.56429719924926769 0.49434550106525427 0.38069936633110052 1.0000000180025095e-35 0.53617689013481151 0.59593412280082714 0.91245013475418102 0.6484857201576234 0.12173399329185487 0.5538635551929475 0.10259787365794183 0.49782148003578192 0.51532536745071422 0.45428046584129339 0.48106098175048834 0.54231527447700512 0.5541210174560548 0.93004098534584057 0.52266719937324535 0.45428046584129339 0.49434550106525427 0.5541210174560548 0.45485258102416998 -0.70920732617378224 0.48106098175048834 0.5412975847721101 0.48508223891258245 0.42232480645179754 0.45485258102416998 0.3916513472795487 1.0000000180025095e-35 0.78291481733322155
decision_type=2 2 2 2 2 2 2 2 2 2 2 2 2 2 2 2 2 2 2 2 2 2 2 2 2 2 2 2 2 2 2 2 2 2 2 2 2 2
left_child=-1 13 -3 6 5 8 7 23 -5 36 -11 -12 18 16 -8 29 -2 -17 19 32 22 -22 -20 24 25 28 -23 -28 37 -9 -26 -32 33 34 35 -10 -6 -4
right_child=1 2 3 4 9 -7 14 15 12 10 11 -13 -14 -15 -16 17 -18 -19 20 -21 21 26 -24 -25 30 -27 27 -29 -30 -31 31 -33 -34 -35 -36 -37 -38 -39
leaf_value=0 0.057357162594841839 -0.19184134177213821 0.02797685360697983 -0.12890819404539422 0.056541649957690794 -0.19184134177213821 0.02797685360697983 0.02797685360697983 0.02797685360697983 0.02797685360697983 -0.19184134177213821 0.02797685360697983 0.02797685360697983 -0.19184134177213821 0.02797685360697983 0.02797685360697983 0.18187114462786175 0.02797685360697983 0.02797685360697983 -0.19184134177213821 -0.19458905676730101 0.027629932862384833 0.02797685360697983 0.02797685360697983 0.02797685360697983 0.02797685360697983 -0.20207729278952447 0.019612066361613605 0.02797685360697983 0.02797685360697983 0.02797685360697983 0.02797685360697983 0.02797685360697983 0.02797685360697983 0.02797685360697983 -0.20377958562953047 0.027551656245357423 0.02797685360697983
leaf_weight=43208 43 2874 78 57 212 207 153 95 57 701 59 77 383 7815 2041 43 28 56 109 96 66 41 34 376 188 129 24 20 172 28 29 42 47 44 55 35 239 39
leaf_count=43208 43 2874 78 57 212 207 153 95 57 701 59 77 383 7815 2041 43 28 56 109 96 66 41 34 376 188 129 24 20 172 28 29 42 47 44 55 35 239 39
internal_value=-0.000788668 0.00747451 0.0170465 0.0270743 0.0214545 0.0171451 0.0312263 0.0266824 0.0204944 0.0257205 0.0288315 0.0165882 0.021638 -0.00333553 0.0338669 0.0149189 0.0145915 0.0230707 0.0179108 0.0142036 0.0221224 0.0137483 0.030965 0.0291624 0.026901 0.0233684 0.0251765 0.0150909 0.0274187 0.00835772 0.0326023 0.0236056 0.0212101 0.0184084 0.0226667 0.0168696 0.0199468 0.0206154
internal_weight=60000 16792 8906 6032 2563 1275 3469 1275 1068 1288 837 136 1011 7886 2194 222 71 99 628 334 294 151 143 1053 677 418 85 44 289 123 259 71 238 191 147 92 451 117
internal_count=60000 16792 8906 6032 2563 1275 3469 1275 1068 1288 837 136 1011 7886 2194 222 71 99 628 334 294 151 143 1053 677 418 85 44 289 123 259 71 238 191 147 92 451 117
is_linear=0
shrinkage=0.04


Tree=18
num_leaves=39
num_cat=0
split_feature=30 135 32 8 119 14 119 14 119 120 14 119 12 22 34 14 119 14 14 119 102 12 119 14 12 102 119 127 14 17 119 14 119 12 101 101 12 119
split_gain=989.317 1093.53 1174.76 87.9662 29.4487 46.1206 26.0149 23.2479 15.4837 14.4596 15.2133 25.8187 14.3928 12.3 7.42111 6.84054 6.12829 25.4058 13.6065 15.8738 6.24344 6.05966 8.52192 9.60132 5.7992 10.0189 5.68689 4.95302 4.94818 8.796 4.74502 7.23183 5.16469 10.74 4.67514 4.66066 4.65385 6.5641
threshold=0.93636366724967968 1.0000000180025095e-35 0.75000000000000011 -0.37511157989501948 0.560205638408661 0.49548439681530004 0.56429719924926769 0.49434550106525427 0.38069936633110052 1.0000000180025095e-35 0.53617689013481151 0.59593412280082714 0.91245013475418102 0.12173399329185487 0.5538635551929475 0.49782148003578192 0.51532536745071422 0.45428046584129339 0.48106098175048834 0.54231527447700512 0.5541210174560548 0.93004098534584057 0.52266719937324535 0.45428046584129339 0.70107209682464611 0.5541210174560548 0.45485258102416998 -0.70920732617378224 0.48106098175048834 0.54184892773628246 0.48508223891258245 0.42232480645179754 0.45485258102416998 0.78291481733322155 1.0000000180025095e-35 1.0000000180025095e-35 0.78291481733322155 0.387991413474083
decision_type=2 2 2 2 2 2 2 2 2 2 2 2 2 2 2 2 2 2 2 2 2 2 2 2 2 2 2 2 2 2 2 2 2 2 2 2 2 2
left_child=-1 35 -3 6 5 8 7 21 -5 34 -11 -12 16 -8 27 -16 17 30 20 -20 -18 22 23 26 25 -21 36 -9 -24 -30 31 32 33 -10 -6 -2 37 -4
right_child=1 2 3 4 9 -7 13 14 12 10 11 -13 -14 -15 15 -17 18 -19 19 24 -22 -23 28 -25 -26 -27 -28 -29 29 -31 -32 -33 -34 -35 -36 -37 -38 -39
leaf_value=0 -0.1841676881012527 -0.1841676881012527 0.02685777946270065 -0.12375186628357845 0.054279983959383174 -0.1841676881012527 0.02685777946270065 0.02685777946270065 0.02685777946270065 0.02685777946270065 -0.1841676881012527 0.02685777946270065 0.02685777946270065 0.02685777946270065 0.02685777946270065 0.02685777946270065 0.02685777946270065 -0.1841676881012527 -0.18680549449660899 -0.19399420107794349 0.02685777946270065 0.02685777946270065 0.02685777946270065 0.02685777946270065 0.026524735547889408 0.018827583707149063 0.02685777946270065 0.02685777946270065 0.02685777946270065 0.02685777946270065 0.02685777946270065 0.02685777946270065 0.02685777946270065 -0.19562840220434927 0.026449589995543123 0.16268264638858931 0.02685777946270065 0.02685777946270065
leaf_weight=43208 7574 2874 26 57 212 207 153 95 57 701 59 77 383 2041 43 56 109 96 66 24 34 376 188 129 41 20 172 28 31 40 47 44 55 35 239 312 39 52
leaf_count=43208 7574 2874 26 57 212 207 153 95 57 701 59 77 383 2041 43 56 109 96 66 24 34 376 188 129 41 20 172 28 31 40 47 44 55 35 239 312 39 52
internal_value=-0.000798001 0.00744116 0.0170465 0.0270743 0.0214545 0.0171451 0.0312263 0.0266824 0.0204944 0.0257205 0.0288315 0.0165882 0.021638 0.0338669 0.0149189 0.0230707 0.0179108 0.0142036 0.0221224 0.0137483 0.030965 0.0291624 0.026901 0.0233684 0.0251765 0.0150909 0.0274187 0.00835772 0.0326023 0.0236056 0.0212101 0.0184084 0.0226667 0.0168696 0.0199468 -0.00340654 0.0206154 0.0262564
internal_weight=60000 16792 8906 6032 2563 1275 3469 1275 1068 1288 837 136 1011 2194 222 99 628 334 294 151 143 1053 677 418 85 44 289 123 259 71 238 191 147 92 451 7886 117 78
internal_count=60000 16792 8906 6032 2563 1275 3469 1275 1068 1288 837 136 1011 2194 222 99 628 334 294 151 143 1053 677 418 85 44 289 123 259 71 238 191 147 92 451 7886 117 78
is_linear=0
shrinkage=0.04


Tree=19
num_leaves=39
num_cat=0
split_feature=13 135 15 8 119 14 119 14 119 120 14 119 12 73 34 14 119 14 14 119 102 12 119 14 12 102 119 127 14 0 102 119 14 119 12 101 12 119
split_gain=988.082 1095.16 1174.76 87.9662 29.4487 46.1206 26.0149 23.2479 15.4837 14.4596 15.2133 25.8187 14.3928 12.2124 7.42111 6.84054 6.12829 25.4058 13.6065 15.8738 6.24344 6.05966 8.52192 9.60132 5.7992 10.0189 5.68689 4.95302 4.94818 9.87275 4.74744 4.74502 7.23183 5.16469 10.74 4.67514 4.65385 6.5641
threshold=0.93636366724967968 1.0000000180025095e-35 0.75000000000000011 -0.37511157989501948 0.560205638408661 0.49548439681530004 0.56429719924926769 0.49434550106525427 0.38069936633110052 1.0000000180025095e-35 0.53617689013481151 0.59593412280082714 0.91245013475418102 0.085450042039155974 0.5538635551929475 0.49782148003578192 0.51532536745071422 0.45428046584129339 0.48106098175048834 0.54231527447700512 0.5541210174560548 0.93004098534584057 0.52266719937324535 0.45428046584129339 0.70107209682464611 0.5541210174560548 0.45485258102416998 -0.70920732617378224 0.48106098175048834 0.5412975847721101 0.7712407410144807 0.48508223891258245 0.42232480645179754 0.45485258102416998 0.78291481733322155 1.0000000180025095e-35 0.78291481733322155 0.387991413474083
decision_type=2 2 2 2 2 2 2 2 2 2 2 2 2 2 2 2 2 2 2 2 2 2 2 2 2 2 2 2 2 2 2 2 2 2 2 2 2 2
left_child=-1 -2 -3 6 5 8 7 21 -5 35 -11 -12 16 30 27 -16 17 31 20 -20 -18 22 23 26 25 -21 36 -9 -24 -30 -8 32 33 34 -10 -6 37 -4
right_child=1 2 3 4 9 -7 13 14 12 10 11 -13 -14 -15 15 -17 18 -19 19 24 -22 -23 28 -25 -26 -27 -28 -29 29 -31 -32 -33 -34 -35 -36 -37 -38 -39
leaf_value=0 -0.17680098057720259 -0.17680098057720259 0.025783468284192639 -0.11880179163223531 0.052108784601007874 -0.17680098057720259 0.025783468284192639 0.025783468284192639 0.025783468284192639 0.025783468284192639 -0.17680098057720259 0.025783468284192639 0.025783468284192639 0.025783468284192639 0.025783468284192639 0.025783468284192639 0.025783468284192639 -0.17680098057720259 -0.17933327471674462 -0.18623443303482576 0.025783468284192639 0.025783468284192639 0.025783468284192639 0.025783468284192639 0.025463746125973827 0.018074480358863131 0.025783468284192639 0.025783468284192639 0.025783468284192639 0.025783468284192639 0.025783468284192639 0.025783468284192639 0.025783468284192639 0.025783468284192639 -0.18780326611617529 0.025391606395721383 0.025783468284192639 0.025783468284192639
leaf_weight=43208 7886 2874 26 57 212 207 60 95 57 701 59 77 383 2082 43 56 109 96 66 24 34 376 188 129 41 20 172 28 29 42 52 47 44 55 35 239 39 52
leaf_count=43208 7886 2874 26 57 212 207 60 95 57 701 59 77 383 2082 43 56 109 96 66 24 34 376 188 129 41 20 172 28 29 42 52 47 44 55 35 239 39 52
internal_value=-0.000800001 0.00743402 0.0170465 0.0270743 0.0214545 0.0171451 0.0312263 0.0266824 0.0204944 0.0257205 0.0288315 0.0165882 0.021638 0.0338669 0.0149189 0.0230707 0.0179108 0.0142036 0.0221224 0.0137483 0.030965 0.0291624 0.026901 0.0233684 0.0251765 0.0150909 0.0274187 0.00835772 0.0326023 0.0236056 0.021 0.0212101 0.0184084 0.0226667 0.0168696 0.0199468 0.0206154 0.0262564
internal_weight=60000 16792 8906 6032 2563 1275 3469 1275 1068 1288 837 136 1011 2194 222 99 628 334 294 151 143 1053 677 418 85 44 289 123 259 71 112 238 191 147 92 451 117 78
internal_count=60000 16792 8906 6032 2563 1275 3469 1275 1068 1288 837 136 1011 2194 222 99 628 334 294 151 143 1053 677 418 85 44 289 123 259 71 112 238 191 147 92 451 117 78
is_linear=0
shrinkage=0.04


Tree=20
num_leaves=39
num_cat=0
split_feature=13 135 32 8 119 14 119 14 119 85 120 14 119 12 22 34 14 119 14 14 119 102 12 119 14 12 102 119 127 14 0 119 14 119 12 101 12 119
split_gain=995.093 1085.95 1174.76 87.9662 29.4487 46.1206 26.0149 23.2479 15.4837 14.5934 14.4596 15.2133 25.8187 14.3928 12.3 7.42111 6.84054 6.12829 25.4058 13.6065 15.8738 6.24344 6.05966 8.52192 9.60132 5.7992 10.0189 5.68689 4.95302 4.94818 9.87275 4.74502 7.23183 5.16469 10.74 4.67514 4.65385 6.5641
threshold=0.93636366724967968 1.0000000180025095e-35 0.75000000000000011 -0.37511157989501948 0.560205638408661 0.49548439681530004 0.56429719924926769 0.49434550106525427 0.38069936633110052 0.69023516774177562 1.0000000180025095e-35 0.53617689013481151 0.59593412280082714 0.91245013475418102 0.12173399329185487 0.5538635551929475 0.49782148003578192 0.51532536745071422 0.45428046584129339 0.48106098175048834 0.54231527447700512 0.5541210174560548 0.93004098534584057 0.52266719937324535 0.45428046584129339 0.70107209682464611 0.5541210174560548 0.45485258102416998 -0.70920732617378224 0.48106098175048834 0.5412975847721101 0.48508223891258245 0.42232480645179754 0.45485258102416998 0.78291481733322155 1.0000000180025095e-35 0.78291481733322155 0.387991413474083
decision_type=2 2 2 2 2 2 2 2 2 2 2 2 2 2 2 2 2 2 2 2 2 2 2 2 2 2 2 2 2 2 2 2 2 2 2 2 2 2
left_child=-1 9 -3 6 5 8 7 22 -5 -2 35 -12 -13 17 -8 28 -17 18 31 21 -21 -19 23 24 27 26 -22 36 -9 -25 -31 32 33 34 -10 -6 37 -4
right_child=1 2 3 4 10 -7 14 15 13 -11 11 12 -14 -15 -16 16 -18 19 -20 20 25 -23 -24 29 -26 -27 -28 -29 -30 30 -32 -33 -34 -35 -36 -37 -38 -39
leaf_value=0 0.052713612093554824 -0.16972894135411448 0.02475212955282494 -0.11404971996694588 0.050024433216967527 -0.16972894135411448 0.02475212955282494 0.02475212955282494 0.02475212955282494 -0.16972894135411448 0.02475212955282494 -0.16972894135411448 0.02475212955282494 0.02475212955282494 0.02475212955282494 0.02475212955282494 0.02475212955282494 0.02475212955282494 -0.16972894135411448 -0.17215994372807486 -0.17878505571343273 0.02475212955282494 0.02475212955282494 0.02475212955282494 0.02475212955282494 0.024445196280934882 0.017351501144508636 0.02475212955282494 0.02475212955282494 0.02475212955282494 0.02475212955282494 0.02475212955282494 0.02475212955282494 0.02475212955282494 -0.18029113547152828 0.024375942139892501 0.02475212955282494 0.02475212955282494
leaf_weight=43208 44 2874 26 57 212 207 153 95 57 7842 701 59 77 383 2041 43 56 109 96 66 24 34 376 188 129 41 20 172 28 29 42 47 44 55 35 239 39 52
leaf_count=43208 44 2874 26 57 212 207 153 95 57 7842 701 59 77 383 2041 43 56 109 96 66 24 34 376 188 129 41 20 172 28 29 42 47 44 55 35 239 39 52
internal_value=-0.000788668 0.00747451 0.0170465 0.0270743 0.0214545 0.0171451 0.0312263 0.0266824 0.0204944 -0.00333553 0.0257205 0.0288315 0.0165882 0.021638 0.0338669 0.0149189 0.0230707 0.0179108 0.0142036 0.0221224 0.0137483 0.030965 0.0291624 0.026901 0.0233684 0.0251765 0.0150909 0.0274187 0.00835772 0.0326023 0.0236056 0.0212101 0.0184084 0.0226667 0.0168696 0.0199468 0.0206154 0.0262564
internal_weight=60000 16792 8906 6032 2563 1275 3469 1275 1068 7886 1288 837 136 1011 2194 222 99 628 334 294 151 143 1053 677 418 85 44 289 123 259 71 238 191 147 92 451 117 78
internal_count=60000 16792 8906 6032 2563 1275 3469 1275 1068 7886 1288 837 136 1011 2194 222 99 628 334 294 151 143 1053 677 418 85 44 289 123 259 71 238 191 147 92 451 117 78
is_linear=0
shrinkage=0.04


Tree=21
num_leaves=39
num_cat=0
split_feature=13 135 15 8 102 14 102 14 102 22 120 14 102 12 102 14 14 102 34 121 14 121 12 102 12 14 0 127 102 14 102 12 101 101 102 85 14 14
split_gain=989.317 1093.53 1174.76 87.9662 28.5642 43.9152 21.7509 22.0107 15.2592 12.1075 11.8093 12.0148 22.3068 10.0243 8.72464 20.8221 9.27471 17.8457 7.49706 7.41599 6.28269 5.84342 5.58438 7.94843 9.76907 5.04905 10.2162 5.03568 4.80042 7.54874 5.92924 10.3863 4.67514 4.66066 4.53586 4.18392 4.19312 4.13803
threshold=0.93636366724967968 1.0000000180025095e-35 0.75000000000000011 -0.37511157989501948 0.55805155634880077 0.49434550106525427 0.56428781151771557 0.49434550106525427 0.37993320822715765 0.12173399329185487 1.0000000180025095e-35 0.53617689013481151 0.59573671221733104 0.91245013475418102 0.51555371284484874 0.45428046584129339 0.48106098175048834 0.54028829932212841 0.5538635551929475 1.0000000180025095e-35 0.50440177321434032 1.0000000180025095e-35 0.93004098534584057 0.52068921923637401 0.91245013475418102 0.48106098175048834 0.5412975847721101 -0.70920732617378224 0.48479545116424566 0.42232480645179754 0.45443418622016912 0.78291481733322155 1.0000000180025095e-35 1.0000000180025095e-35 0.7712407410144807 0.55450478196144115 0.49782148003578192 0.48106098175048834
decision_type=2 2 2 2 2 2 2 2 2 2 2 2 2 2 2 2 2 2 2 2 2 2 2 2 2 2 2 2 2 2 2 2 2 2 2 2 2 2
left_child=-1 33 -3 6 5 8 7 19 -5 34 32 -12 -13 14 15 28 21 -18 27 -4 -20 -16 23 24 -21 -25 -27 -9 29 30 31 -10 -6 -2 -8 -7 -37 -34
right_child=1 2 3 4 10 35 9 18 13 -11 11 12 -14 -15 16 -17 17 -19 20 22 -22 -23 -24 25 -26 26 -28 -29 -30 -31 -32 -33 37 -35 -36 36 -38 -39
leaf_value=0 -0.16293978369994988 -0.16293978369994988 0.023762044370711947 -0.27550443019399995 0.048023455888288852 -0.16293978369994988 0.023762044370711947 0.023762044370711947 0.023762044370711947 0.023762044370711947 0.023762044370711947 -0.16293978369994988 0.023762044370711947 0.023762044370711947 0.023762044370711947 -0.16293978369994988 -0.16527354597895186 0.031466162922634204 0.023762044370711947 0.023762044370711947 0.023762044370711947 0.023762044370711947 0.023762044370711947 0.023762044370711947 -0.012168401055184956 0.023762044370711947 0.023762044370711947 0.023762044370711947 0.023762044370711947 0.023762044370711947 0.023762044370711947 -0.17307949005266715 0.023400904454296809 0.1691467012216675 0.023762044370711947 0.015487340959905893 0.023762044370711947 0.023400904454296809
leaf_weight=43208 7574 2874 230 50 212 163 83 99 56 1959 821 56 79 346 29 89 45 42 65 340 39 104 294 154 32 32 42 30 41 41 49 33 133 312 70 26 42 106
leaf_count=43208 7574 2874 230 50 212 163 83 99 56 1959 821 56 79 346 29 89 45 42 65 340 39 104 294 154 32 32 42 30 41 41 49 33 133 312 70 26 42 106
internal_value=-0.000798001 0.00744116 0.0170465 0.0270743 0.0214545 0.0167958 0.0312263 0.0272749 0.0206919 0.0337652 0.0252822 0.0277992 0.0167407 0.02192 0.0184575 0.014123 0.0245455 0.0143908 0.0160858 0.0295943 0.0240769 0.031188 0.0279463 0.0257333 0.022129 0.031614 0.023027 0.00964341 0.0207273 0.0178994 0.0223768 0.0162247 0.0199468 -0.00340654 0.0229281 0.0011948 0.00952941 0.0237824
internal_weight=60000 16792 8906 6032 2563 1156 3469 1357 925 2112 1407 956 135 875 529 309 220 87 233 1124 104 133 894 600 372 228 74 129 220 179 138 89 451 7886 153 231 68 239
internal_count=60000 16792 8906 6032 2563 1156 3469 1357 925 2112 1407 956 135 875 529 309 220 87 233 1124 104 133 894 600 372 228 74 129 220 179 138 89 451 7886 153 231 68 239
is_linear=0
shrinkage=0.04


Tree=22
num_leaves=39
num_cat=0
split_feature=13 135 32 8 119 14 119 14 119 120 14 119 12 22 34 14 119 14 14 119 102 12 119 14 12 102 119 127 14 17 119 14 119 12 101 12 119 119
split_gain=988.082 1095.16 1174.76 87.9662 29.4487 46.1206 26.0149 23.2479 15.4837 14.4596 15.2133 25.8187 14.3928 12.3 7.42111 6.84054 6.12829 25.4058 13.6065 15.8738 6.24344 6.05966 8.52192 9.60132 5.7992 10.0189 5.68689 4.95302 4.94818 8.796 4.74502 7.23183 5.16469 10.74 4.67514 4.65385 6.5641 4.55079
threshold=0.93636366724967968 1.0000000180025095e-35 0.75000000000000011 -0.37511157989501948 0.560205638408661 0.49548439681530004 0.56429719924926769 0.49434550106525427 0.38069936633110052 1.0000000180025095e-35 0.53617689013481151 0.59593412280082714 0.91245013475418102 0.12173399329185487 0.5538635551929475 0.49782148003578192 0.51532536745071422 0.45428046584129339 0.48106098175048834 0.54231527447700512 0.5541210174560548 0.93004098534584057 0.52266719937324535 0.45428046584129339 0.70107209682464611 0.5541210174560548 0.45485258102416998 -0.70920732617378224 0.48106098175048834 0.54184892773628246 0.48508223891258245 0.42232480645179754 0.45485258102416998 0.78291481733322155 1.0000000180025095e-35 0.78291481733322155 0.387991413474083 0.5350683629512788
decision_type=2 2 2 2 2 2 2 2 2 2 2 2 2 2 2 2 2 2 2 2 2 2 2 2 2 2 2 2 2 2 2 2 2 2 2 2 2 2
left_child=-1 -2 -3 6 5 8 7 21 -5 34 -11 -12 16 -8 27 -16 17 30 20 -20 -18 22 23 26 25 -21 35 -9 -24 -30 31 32 33 -10 -6 36 -4 -7
right_child=1 2 3 4 9 37 13 14 12 10 11 -13 -14 -15 15 -17 18 -19 19 24 -22 -23 28 -25 -26 -27 -28 -29 29 -31 -32 -33 -34 -35 -36 -37 -38 -39
leaf_value=0 -0.1564221923519519 -0.1564221923519519 0.022811562595883503 -0.1032558015709894 0.046102517652757274 0.25326605322575046 0.022811562595883503 0.022811562595883503 0.022811562595883503 0.022811562595883503 -0.1564221923519519 0.022811562595883503 0.022811562595883503 0.022811562595883503 0.022811562595883503 0.022811562595883503 0.022811562595883503 -0.1564221923519519 -0.1586626041397938 -0.16511606213689742 0.022811562595883503 0.022811562595883503 0.022811562595883503 0.022811562595883503 0.022208741912792148 0.016751652725905515 0.022811562595883503 0.022811562595883503 0.022811562595883503 0.022811562595883503 0.022811562595883503 0.022811562595883503 0.022811562595883503 -0.16615631045056045 0.022464868276124931 0.022811562595883503 0.022811562595883503 -0.1564221923519519
leaf_weight=43208 7886 2874 26 57 212 20 153 95 57 701 59 77 383 2041 43 56 109 96 66 24 34 376 188 129 41 20 172 28 31 40 47 44 55 35 239 39 52 187
leaf_count=43208 7886 2874 26 57 212 20 153 95 57 701 59 77 383 2041 43 56 109 96 66 24 34 376 188 129 41 20 172 28 31 40 47 44 55 35 239 39 52 187
internal_value=-0.000800001 0.00743402 0.0170465 0.0270743 0.0214545 0.0171451 0.0312263 0.0266824 0.0204944 0.0257205 0.0288315 0.0165882 0.021638 0.0338669 0.0149189 0.0230707 0.0179108 0.0142036 0.0221224 0.0137483 0.030965 0.0291624 0.026901 0.0233684 0.0251765 0.0150909 0.0274187 0.00835772 0.0326023 0.0236056 0.0212101 0.0184084 0.0226667 0.0168696 0.0199468 0.0206154 0.0262564 -0.000135267
internal_weight=60000 16792 8906 6032 2563 1275 3469 1275 1068 1288 837 136 1011 2194 222 99 628 334 294 151 143 1053 677 418 85 44 289 123 259 71 238 191 147 92 451 117 78 207
internal_count=60000 16792 8906 6032 2563 1275 3469 1275 1068 1288 837 136 1011 2194 222 99 628 334 294 151 143 1053 677 418 85 44 289 123 259 71 238 191 147 92 451 117 78 207
is_linear=0
shrinkage=0.04


Tree=23
num_leaves=39
num_cat=0
split_feature=13 135 15 94 119 14 119 14 119 12 119 14 22 14 119 101 14 119 102 14 119 119 12 119 14 14 85 119 58 39 102 119 14 119 12 0 119 102
split_gain=988.082 1095.16 1174.76 86.8845 31.5199 48.0169 22.1546 22.2515 16.7262 13.5964 14.3509 21.0839 13.2858 11.9851 22.6412 14.4028 11.5133 20.6633 8.33542 8.27269 7.70315 6.94444 5.73608 5.31454 7.99768 7.07585 7.82285 5.61108 5.05479 5.01233 4.86296 4.63742 6.94118 5.36342 11.0473 4.34201 6.36829 4.2555
threshold=0.93636366724967968 1.0000000180025095e-35 0.75000000000000011 -0.38268354535102839 0.560205638408661 0.49434550106525427 0.56429719924926769 0.49548439681530004 0.38069936633110052 0.93004098534584057 0.5205402970314027 0.45428046584129339 0.12173399329185487 0.53617689013481151 0.59593412280082714 1.0000000180025095e-35 0.48106098175048834 0.53999802470207225 0.5541210174560548 0.49782148003578192 0.51532536745071422 0.54231527447700512 0.93004098534584057 0.52266719937324535 0.45428046584129339 0.48106098175048834 0.54239150881767284 0.45485258102416998 0.10889089480042459 0.56004455685615551 0.7712407410144807 0.48508223891258245 0.42232480645179754 0.45485258102416998 0.78291481733322155 0.43281006813049322 0.387991413474083 0.65507918596267711
decision_type=2 2 2 2 2 2 2 2 2 2 2 2 2 2 2 2 2 2 2 2 2 2 2 2 2 2 2 2 2 2 2 2 2 2 2 2 2 2
left_child=-1 -2 -3 4 5 8 7 22 -4 10 11 31 30 15 -15 -6 21 -18 -7 -20 -13 -12 23 24 27 -25 -27 35 -9 -17 -8 32 33 34 -10 36 -5 -16
right_child=1 2 3 6 13 18 12 28 9 -11 16 20 -14 14 37 29 17 -19 19 -21 -22 -23 -24 25 -26 26 -28 -29 -30 -31 -32 -33 -34 -35 -36 -37 -38 -39
leaf_value=0 -0.15016530465787381 -0.15016530465787381 0.033326496814815892 0.021899100092048158 0.046166378051362998 -0.15016530465787381 0.021899100092048158 0.021899100092048158 0.021899100092048158 0.021899100092048158 0.021899100092048158 -0.15016530465787381 0.021899100092048158 -0.15016530465787381 0.021899100092048158 0.021899100092048158 -0.15231609997420203 0.023569667369921762 0.18989759694558728 0.17408062061334822 0.021899100092048158 0.021899100092048158 0.021899100092048158 0.021899100092048158 0.021899100092048158 0.021899100092048158 0.021899100092048158 0.021899100092048158 0.021899100092048158 0.021899100092048158 0.021899100092048158 0.021899100092048158 0.021899100092048158 0.021899100092048158 -0.090348758295991982 0.021899100092048158 0.021899100092048158 0.021899100092048158
leaf_weight=43208 7886 2874 60 24 210 179 83 120 59 326 160 114 2012 61 69 342 49 49 36 59 35 20 359 179 117 40 77 159 41 590 75 55 50 57 38 36 50 42
leaf_count=43208 7886 2874 60 24 210 179 83 120 59 326 160 114 2012 61 69 342 49 49 36 59 35 20 359 179 117 40 77 159 41 590 75 55 50 57 38 36 50 42
internal_value=-0.000800001 0.00743402 0.0170465 0.0270743 0.0216692 0.017367 0.0313381 0.0269817 0.0211866 0.0224032 0.019207 0.0144314 0.0337512 0.0260761 0.0162326 0.0275587 0.0262158 0.0151837 0.00242336 0.012 0.00244295 0.0322222 0.029122 0.0269677 0.0238756 0.031 0.0233504 0.0276729 0.0131429 0.029691 0.0225823 0.0213282 0.018549 0.0227532 0.0170309 0.0207273 0.0262703 0.026991
internal_weight=60000 16792 8906 6032 2660 1346 3372 1202 1072 1012 686 408 2170 1314 172 1142 278 98 274 95 149 180 1041 682 386 296 117 269 161 932 158 259 204 154 97 110 74 111
internal_count=60000 16792 8906 6032 2660 1346 3372 1202 1072 1012 686 408 2170 1314 172 1142 278 98 274 95 149 180 1041 682 386 296 117 269 161 932 158 259 204 154 97 110 74 111
is_linear=0
shrinkage=0.04


Tree=24
num_leaves=39
num_cat=0
split_feature=30 135 15 8 119 14 119 14 119 85 12 22 84 14 119 12 119 14 14 119 102 119 14 14 17 12 102 119 119 14 119 12 12 119 119 102 5 10
split_gain=994.68 1085.48 1174.25 87.7587 29.4487 46.1206 26.2426 23.8408 15.4837 14.5934 14.3928 12.3 11.5762 12.7128 24.8943 7.01473 6.12829 25.4058 13.6065 15.8738 6.24344 6.03449 9.60132 8.26152 7.88462 5.7992 10.0189 5.68689 4.74502 7.23183 5.16469 10.74 4.65385 6.5641 4.55079 4.53586 4.26136 4.26032
threshold=0.93636366724967968 1.0000000180025095e-35 0.75000000000000011 -0.37511157989501948 0.560205638408661 0.49548439681530004 0.56429719924926769 0.49548439681530004 0.38069936633110052 0.69023516774177562 0.91245013475418102 0.12173399329185487 1.0000000180025095e-35 0.53617689013481151 0.59593412280082714 0.93004098534584057 0.51532536745071422 0.45428046584129339 0.48106098175048834 0.54231527447700512 0.5541210174560548 0.52266719937324535 0.45428046584129339 0.48106098175048834 0.55159601569175731 0.70107209682464611 0.5541210174560548 0.45485258102416998 0.48508223891258245 0.42232480645179754 0.45485258102416998 0.78291481733322155 0.78291481733322155 0.387991413474083 0.5350683629512788 0.7712407410144807 0.10259787365794183 1.0000000180025095e-35
decision_type=2 2 2 2 2 2 2 2 2 2 2 2 2 2 2 2 2 2 2 2 2 2 2 2 2 2 2 2 2 2 2 2 2 2 2 2 2 2
left_child=-1 9 -3 6 5 8 7 15 -5 36 16 35 -6 37 -15 21 17 28 20 -20 -18 22 27 -23 -25 26 -21 32 29 30 31 -10 33 -4 -7 -8 -2 -14
right_child=1 2 3 4 12 34 11 -9 10 -11 -12 -13 13 14 -16 -17 18 -19 19 25 -22 23 -24 24 -26 -27 -28 -29 -30 -31 -32 -33 -34 -35 -36 -37 -38 -39
leaf_value=0 0.061935299372183748 -0.14415869247155885 0.021023136088366243 -0.10045862938074247 0.042411761824592491 0.24914202328303539 0.021023136088366243 0.021023136088366243 0.021023136088366243 -0.14415869247155885 0.021023136088366243 0.021023136088366243 0.021023136088366243 -0.14415869247155885 0.021023136088366243 0.021023136088366243 0.021023136088366243 -0.14415869247155885 -0.14622345597523395 -0.15250480746510658 0.021023136088366243 0.021023136088366243 0.021023136088366243 0.021023136088366243 0.021023136088366243 0.020377605541483632 0.0084856827390457999 0.021023136088366243 0.021023136088366243 0.021023136088366243 0.021023136088366243 -0.15589610770069837 0.021023136088366243 0.021023136088366243 -0.14415869247155885 0.021023136088366243 0.031058616658457258 0.021023136088366243
leaf_weight=43208 20 2874 26 57 320 20 83 170 57 7842 383 2041 511 58 84 376 109 96 66 24 34 188 129 78 45 41 20 172 47 44 55 35 39 52 187 70 24 315
leaf_count=43208 20 2874 26 57 320 20 83 170 57 7842 383 2041 511 58 84 376 109 96 66 24 34 188 129 78 45 41 20 172 47 44 55 35 39 52 187 70 24 315
internal_value=-0.000789334 0.00747213 0.017042 0.0270676 0.0214545 0.0171451 0.0312148 0.026651 0.0204944 -0.00333553 0.021638 0.0338669 0.0257205 0.0279008 0.0168451 0.0287964 0.0179108 0.0142036 0.0221224 0.0137483 0.030965 0.0265075 0.0233684 0.0307267 0.0226667 0.0251765 0.0150909 0.0274187 0.0212101 0.0184084 0.0226667 0.0168696 0.0206154 0.0262564 -0.000135267 0.0229281 0.0196364 0.0298015
internal_weight=60000 16792 8906 6032 2563 1275 3469 1275 1068 7886 1011 2194 1288 968 142 1105 628 334 294 151 143 729 418 311 123 85 44 289 238 191 147 92 117 78 207 153 44 826
internal_count=60000 16792 8906 6032 2563 1275 3469 1275 1068 7886 1011 2194 1288 968 142 1105 628 334 294 151 143 729 418 311 123 85 44 289 238 191 147 92 117 78 207 153 44 826
is_linear=0
shrinkage=0.04


Tree=25
num_leaves=39
num_cat=0
split_feature=13 135 15 8 119 14 119 14 101 119 85 12 14 119 22 12 119 14 14 119 102 119 14 14 17 12 102 119 102 14 119 14 119 12 119 14 12 119
split_gain=980.275 1068.79 1156.77 97.8565 26.2426 23.8408 22.4564 46.1206 32.5996 15.4837 14.5934 14.3928 14.0005 23.3267 12.3 7.01473 6.12829 25.4058 13.6065 15.8738 6.24344 6.03449 9.60132 8.26152 7.88462 5.7992 10.0189 5.68689 4.80344 6.40501 4.74502 7.23183 5.16469 10.74 4.72278 5.25896 4.65385 6.5641
threshold=0.93636366724967968 1.0000000180025095e-35 0.75000000000000011 -0.37511157989501948 0.56429719924926769 0.49548439681530004 0.560205638408661 0.49548439681530004 1.0000000180025095e-35 0.38069936633110052 0.69023516774177562 0.91245013475418102 0.53617689013481151 0.59593412280082714 0.12173399329185487 0.93004098534584057 0.51532536745071422 0.45428046584129339 0.48106098175048834 0.54231527447700512 0.5541210174560548 0.52266719937324535 0.45428046584129339 0.48106098175048834 0.55159601569175731 0.70107209682464611 0.5541210174560548 0.45485258102416998 0.60369193553924572 0.48106098175048834 0.48508223891258245 0.42232480645179754 0.45485258102416998 0.78291481733322155 0.56429719924926769 0.49782148003578192 0.78291481733322155 0.387991413474083
decision_type=2 2 2 2 2 2 2 2 2 2 2 2 2 2 2 2 2 2 2 2 2 2 2 2 2 2 2 2 2 2 2 2 2 2 2 2 2 2
left_child=-1 10 -3 4 5 15 7 9 -8 -5 -2 16 28 -14 -6 21 17 30 20 -20 -18 22 27 -23 -25 26 -21 36 34 -30 31 32 33 -11 35 -10 37 -4
right_child=1 2 3 6 14 -7 8 -9 12 11 -12 -13 13 -15 -16 -17 18 -19 19 25 -22 23 -24 24 -26 -27 -28 -29 29 -31 -32 -33 -34 -35 -36 -37 -38 -39
leaf_value=0 0.053995808925207188 -0.13839234477269652 0.020182210644831573 -0.096440284205512761 0.020182210644831573 0.020182210644831573 0.042623252456324819 -0.13839234477269652 0.020182210644831573 0.020182210644831573 -0.13839234477269652 0.020182210644831573 -0.13839234477269652 0.020182210644831573 0.020182210644831573 0.020182210644831573 0.020182210644831573 -0.13839234477269652 -0.14037451773622459 -0.1464046151665023 0.020182210644831573 0.020182210644831573 0.020182210644831573 0.020182210644831573 0.020182210644831573 0.019562501319824292 0.0081462554294839569 0.020182210644831573 0.020182210644831573 0.020182210644831573 0.020182210644831573 0.020182210644831573 0.020182210644831573 -0.14966026339267044 0.020182210644831573 0.020182210644831573 0.020182210644831573 0.020182210644831573
leaf_weight=43208 44 2874 26 57 153 170 228 207 29 57 7842 383 59 94 2041 376 109 96 66 24 34 188 129 78 45 41 20 172 408 191 47 44 55 35 253 26 39 52
leaf_count=43208 44 2874 26 57 153 170 228 207 29 57 7842 383 59 94 2041 376 109 96 66 24 34 188 129 78 45 41 20 172 408 191 47 44 55 35 253 26 39 52
internal_value=-0.000812668 0.00738876 0.0168848 0.0268355 0.0312148 0.026651 0.0209083 0.0171451 0.0246335 0.0204944 -0.00333553 0.021638 0.0275849 0.0163922 0.0338669 0.0287964 0.0179108 0.0142036 0.0221224 0.0137483 0.030965 0.0265075 0.0233684 0.0307267 0.0226667 0.0251765 0.0150909 0.0274187 0.029473 0.0273856 0.0212101 0.0184084 0.0226667 0.0168696 0.0335325 0.0229091 0.0206154 0.0262564
internal_weight=60000 16792 8906 6032 3469 1275 2563 1275 1288 1068 7886 1011 1060 153 2194 1105 628 334 294 151 143 729 418 311 123 85 44 289 907 599 238 191 147 92 308 55 117 78
internal_count=60000 16792 8906 6032 3469 1275 2563 1275 1288 1068 7886 1011 1060 153 2194 1105 628 334 294 151 143 729 418 311 123 85 44 289 907 599 238 191 147 92 308 55 117 78
is_linear=0
shrinkage=0.04


Tree=26
num_leaves=39
num_cat=0
split_feature=13 101 15 96 119 14 124 22 119 14 119 14 119 12 119 14 14 119 119 119 119 51 102 14 102 119 14 119 12 121 45 119 14 12 85 12 14 17
split_gain=972.091 1051.34 1150.86 77.4251 32.7578 51.639 34.7667 31.8008 21.1504 19.8106 17.1462 15.93 25.9727 13.6888 15.7966 21.7582 11.6225 22.8203 8.83205 8.42012 8.10355 8.04867 6.63115 9.21284 5.96606 5.7899 9.36638 6.35735 10.9546 4.78999 4.59127 4.31925 5.65416 4.20012 4.0556 9.04356 5.53822 6.33791
threshold=0.93636366724967968 1.0000000180025095e-35 0.75000000000000011 0.64910107851028453 0.560205638408661 0.49434550106525427 0.050035268068313606 0.10605650022625925 0.56429719924926769 0.49548439681530004 0.38069936633110052 0.53617689013481151 0.59593412280082714 0.93004098534584057 0.5205402970314027 0.45428046584129339 0.48106098175048834 0.54231527447700512 0.7259977161884309 0.70916947722435009 0.51532536745071422 0.70599097013473522 0.5541210174560548 0.49548439681530004 0.5786295235157014 0.48508223891258245 0.42232480645179754 0.45485258102416998 0.78291481733322155 1.0000000180025095e-35 0.38050508499145513 0.56429719924926769 0.49782148003578192 0.93004098534584057 0.52062875032424938 0.91245013475418102 0.48106098175048834 0.55159601569175731
decision_type=2 2 2 2 2 2 2 2 2 2 2 2 2 2 2 2 2 2 2 2 2 2 2 2 2 2 2 2 2 2 2 2 2 2 2 2 2 2
left_child=-1 19 -3 7 5 10 18 -4 9 29 -5 21 -13 14 15 25 24 -18 -6 -2 -17 31 -7 -24 -16 26 27 28 -12 -9 -11 32 -8 34 35 -31 -36 -38
right_child=1 2 3 4 6 22 11 8 -10 30 13 12 -14 -15 16 20 17 -19 -20 -21 -22 -23 23 -25 -26 -27 -28 -29 -30 33 -32 -33 -34 -35 36 -37 37 -39
leaf_value=0 0.06024867505571338 -0.13285665098178864 0.22993203644145996 0.019374922219038311 0.040914494282275289 -0.13285665098178864 0.019374922219038311 0.019374922219038311 0.019374922219038311 0.019374922219038311 0.019374922219038311 -0.13285665098178864 0.019374922219038311 0.019374922219038311 0.019374922219038311 -0.13285665098178864 -0.13475953702677562 0.019374922219038311 0.012840535049279282 -0.13285665098178864 0.019374922219038311 0.019374922219038311 0.018031083249639313 0.17679665620567012 0.019374922219038311 0.019374922219038311 0.019374922219038311 0.019374922219038311 0.019374922219038311 0.019374922219038311 0.019374922219038311 0.019374922219038311 0.019374922219038311 0.019374922219038311 0.019374922219038311 -0.16168494884282311 0.019374922219038311 0.019374922219038311
leaf_weight=43208 22 2878 96 62 26 196 33 152 1933 75 66 67 103 359 173 121 61 52 130 7894 38 586 22 77 20 63 50 64 46 273 67 456 26 245 136 26 61 37
leaf_count=43208 22 2878 96 62 26 196 33 152 1933 75 66 67 103 359 173 121 61 52 130 7894 38 586 22 77 20 63 50 64 46 273 67 456 26 245 136 26 61 37
internal_value=-0.000826001 0.00734111 0.0167931 0.0267703 0.0220683 0.0178776 0.0263854 0.0311628 0.0318869 0.0273806 0.021634 0.0285728 0.0171765 0.0227745 0.0197135 0.0149286 0.026719 0.016531 0.0085641 -0.0032572 0.00304402 0.0303324 0.00291525 0.0113535 0.0326839 0.0214671 0.0184779 0.0228182 0.0170714 0.0295054 0.0134648 0.0339806 0.0237966 0.0282365 0.0262439 0.0231572 0.030188 0.0229388
internal_weight=60000 16792 8876 5998 2897 1470 1427 3101 3005 1072 1175 1271 170 1113 754 448 306 113 156 7916 159 1101 295 99 193 289 226 176 112 930 142 515 59 778 533 299 234 98
internal_count=60000 16792 8876 5998 2897 1470 1427 3101 3005 1072 1175 1271 170 1113 754 448 306 113 156 7916 159 1101 295 99 193 289 226 176 112 930 142 515 59 778 533 299 234 98
is_linear=0
shrinkage=0.04


Tree=27
num_leaves=39
num_cat=0
split_feature=13 135 32 8 102 14 102 14 102 22 120 14 102 12 102 14 14 102 121 12 102 12 51 102 14 0 127 121 102 14 84 102 6 85 14 121 102 14
split_gain=988.082 1093.12 1173.75 87.7186 28.287 44.1398 21.9792 23.8611 15.3104 11.9208 11.8907 11.9903 22.3068 10.003 14.0348 17.6353 11.7612 17.8457 7.16434 5.6262 7.66217 9.80472 5.40975 5.35481 5.00027 10.2162 4.88308 4.63987 4.61385 4.41076 4.32815 4.28926 6.81815 4.18392 4.19312 4.17076 6.31101 10.5105
threshold=0.93636366724967968 1.0000000180025095e-35 0.75000000000000011 -0.40166752040386194 0.55805155634880077 0.49434550106525427 0.56249344348907482 0.49434550106525427 0.37993320822715765 0.12173399329185487 1.0000000180025095e-35 0.53617689013481151 0.59573671221733104 0.93004098534584057 0.52068921923637401 0.45428046584129339 0.48106098175048834 0.54028829932212841 1.0000000180025095e-35 0.93004098534584057 0.52068921923637401 0.91245013475418102 0.55415591597557079 0.51555371284484874 0.48106098175048834 0.5412975847721101 -0.70920732617378224 1.0000000180025095e-35 0.7712407410144807 0.49782148003578192 1.0000000180025095e-35 0.77969098091125499 0.83981725573539745 0.55450478196144115 0.49782148003578192 1.0000000180025095e-35 0.56428781151771557 0.50440177321434032
decision_type=2 2 2 2 2 2 2 2 2 2 2 2 2 2 2 2 2 2 2 2 2 2 2 2 2 2 2 2 2 2 2 2 2 2 2 2 2 2
left_child=-1 30 -3 6 5 8 7 18 -5 28 -6 35 -13 14 15 -10 27 -18 -4 20 21 -20 26 -17 -22 -26 -9 -16 -8 -24 -2 32 -32 -7 -35 -12 37 -37
right_child=1 2 3 4 10 33 9 22 13 -11 11 12 -14 -15 16 23 17 -19 19 -21 24 -23 29 -25 25 -27 -28 -29 -30 -31 31 -33 -34 34 -36 36 -38 -39
leaf_value=0 -0.1275423849425171 -0.1275423849425171 0.018599925330276792 -0.2545861211413043 0.04432462729262731 -0.1275423849425171 0.018599925330276792 0.018599925330276792 0.018599925330276792 0.018599925330276792 0.018599925330276792 -0.1275423849425171 0.018599925330276792 0.018599925330276792 0.018599925330276792 -0.1275423849425171 -0.12936915554570458 0.026003778871206543 0.018599925330276792 0.018599925330276792 0.018599925330276792 -0.014480794735605037 0.018599925330276792 0.018599925330276792 0.018599925330276792 0.018599925330276792 0.024689188258309826 0.018599925330276792 0.018599925330276792 0.018599925330276792 0.018061404879307311 -0.1275423849425171 0.27078858323154587 0.0052153564779231941 0.018599925330276792 0.068979320044938341 0.018599925330276792 -0.2366638293058973
leaf_weight=43208 7410 2874 220 50 453 163 84 100 224 1981 423 56 79 278 29 99 45 42 338 294 150 32 35 28 32 42 30 135 70 50 80 365 31 26 42 48 333 21
leaf_count=43208 7410 2874 220 50 453 163 84 100 224 1981 423 56 79 278 29 99 45 42 338 294 150 32 35 28 32 42 30 135 70 50 80 365 31 26 42 48 333 21
internal_value=-0.000800001 0.00743402 0.0170375 0.027061 0.0214701 0.0168441 0.0312227 0.0271716 0.0207312 0.033733 0.0252711 0.0277917 0.0167407 0.0219545 0.0190565 0.0138917 0.0262789 0.0143908 0.0295379 0.0279369 0.025697 0.0221622 0.0149767 0.00198425 0.0315357 0.023027 0.00984615 0.0325854 0.023013 0.0228235 -0.00341162 0.000285713 0.00717117 0.0011948 0.00952941 0.0296 0.0325174 0.0215072
internal_weight=60000 16792 8906 6032 2574 1161 3458 1323 930 2135 1413 960 135 880 602 351 251 87 1108 888 594 370 215 127 224 74 130 164 154 85 7886 476 111 231 68 825 402 69
internal_count=60000 16792 8906 6032 2574 1161 3458 1323 930 2135 1413 960 135 880 602 351 251 87 1108 888 594 370 215 127 224 74 130 164 154 85 7886 476 111 231 68 825 402 69
is_linear=0
shrinkage=0.04


Tree=28
num_leaves=39
num_cat=0
split_feature=13 135 15 8 119 31 119 31 119 120 31 119 22 12 119 31 31 119 119 12 119 102 31 119 31 31 17 102 101 119 31 119 12 101 119 31 0 56
split_gain=986.847 1092.7 1172.75 88.2786 29.8892 47.6438 26.3318 24.1234 16.3567 14.6604 15.2664 25.8187 12.3323 12.2657 13.1885 19.8015 10.919 20.1667 7.88335 6.96818 6.46423 6.26421 7.92391 6.05132 9.31128 8.26152 7.88462 4.53586 4.45582 4.24559 6.80556 5.16469 10.74 4.19385 4.17339 4.40158 5.69494 5.09031
threshold=0.93636366724967968 1.0000000180025095e-35 0.75000000000000011 -0.40166752040386194 0.560205638408661 0.49434550106525427 0.56429719924926769 0.49548439681530004 0.38069936633110052 1.0000000180025095e-35 0.53617689013481151 0.59593412280082714 0.12173399329185487 0.93004098534584057 0.5205402970314027 0.45428046584129339 0.48106098175048834 0.53999802470207225 0.51532536745071422 0.93004098534584057 0.53999802470207225 0.5541210174560548 0.50440177321434032 0.52266719937324535 0.46050065755844122 0.48106098175048834 0.55159601569175731 0.7712407410144807 1.0000000180025095e-35 0.48508223891258245 0.42232480645179754 0.45485258102416998 0.78291481733322155 1.0000000180025095e-35 0.387991413474083 0.45428046584129339 0.51431739330291759 0.29048770666122442
decision_type=2 2 2 2 2 2 2 2 2 2 2 2 2 2 2 2 2 2 2 2 2 2 2 2 2 2 2 2 2 2 2 2 2 2 2 2 2 2
left_child=-1 33 -3 6 5 8 7 19 -5 28 -11 -12 27 14 15 29 20 -18 -17 23 -16 -7 -23 24 34 -25 -27 -8 -6 30 31 32 -10 -2 -4 -36 37 -37
right_child=1 2 3 4 9 21 12 -9 13 10 11 -13 -14 -15 16 18 17 -19 -20 -21 -22 22 -24 25 -26 26 -28 -29 -30 -31 -32 -33 -34 -35 35 36 -38 -39
leaf_value=0 -0.12244068954481641 -0.12244068954481641 0.017855928317065731 -0.087545187034237984 0.043522333319294761 -0.12244068954481641 0.017855928317065731 0.017855928317065731 0.017855928317065731 0.017855928317065731 -0.12244068954481641 0.017855928317065731 0.017855928317065731 0.017855928317065731 0.017855928317065731 -0.12244068954481641 -0.1241943893238764 0.020251218315611014 0.017855928317065731 0.017855928317065731 0.017855928317065731 0.18377269550750966 -0.20924457846799502 0.017855928317065731 0.022371512574600256 0.017855928317065731 0.017855928317065731 0.017855928317065731 0.016494113691603474 0.017855928317065731 0.017855928317065731 0.017855928317065731 -0.14519284675893623 0.17314971631978637 0.017855928317065731 0.023945191245098769 0.017855928317065731 0.017855928317065731
leaf_weight=43208 7574 2874 26 57 213 171 83 169 57 704 59 77 2036 311 150 107 48 48 32 375 21 46 46 188 40 78 45 70 240 52 45 55 35 312 260 20 29 39
leaf_count=43208 7574 2874 26 57 213 171 83 169 57 704 59 77 2036 311 150 107 48 48 32 375 21 46 46 188 40 78 45 70 240 52 45 55 35 312 260 20 29 39
internal_value=-0.000802001 0.00742687 0.0170285 0.0270477 0.021439 0.0171085 0.0312227 0.0266383 0.0210295 0.0257293 0.0288571 0.0165882 0.0338803 0.0222643 0.0191385 0.0143812 0.0259625 0.0151667 0.00233093 0.0288 0.0320234 0.00193156 0.0103478 0.0265103 0.023343 0.0307267 0.0226667 0.0229281 0.0199294 0.0212459 0.0185 0.0226667 0.0168696 -0.00341669 0.0253048 0.0264598 0.0187273 0.0115932
internal_weight=60000 16792 8906 6032 2574 1281 3458 1269 1018 1293 840 136 2189 961 650 383 267 96 139 1100 171 263 92 725 414 311 123 153 453 244 192 147 92 7886 374 348 88 59
internal_count=60000 16792 8906 6032 2574 1281 3458 1269 1018 1293 840 136 2189 961 650 383 267 96 139 1100 171 263 92 725 414 311 123 153 453 244 192 147 92 7886 374 348 88 59
is_linear=0
shrinkage=0.04


Tree=29
num_leaves=39
num_cat=0
split_feature=30 135 15 8 119 119 14 101 14 119 14 119 22 12 119 14 14 119 119 12 119 119 14 14 17 119 102 14 119 14 12 119 119 102 119 14 119 12
split_gain=965.568 1068.89 1147.34 103.039 26.4713 25.971 60.0475 32.5996 24.5431 16.3075 14.0005 23.3267 12.3 12.2633 13.4111 19.1489 10.919 20.1667 7.85891 7.01473 6.46423 6.03449 9.60132 8.26152 7.88462 5.68689 4.80344 6.40501 4.72278 5.25896 4.65385 6.5641 4.62596 4.53586 4.05245 7.23183 5.16469 10.74
threshold=0.93636366724967968 1.0000000180025095e-35 0.75000000000000011 -0.37511157989501948 0.56429719924926769 0.560205638408661 0.49434550106525427 1.0000000180025095e-35 0.49548439681530004 0.38069936633110052 0.53617689013481151 0.59593412280082714 0.12173399329185487 0.93004098534584057 0.5205402970314027 0.45428046584129339 0.48106098175048834 0.53999802470207225 0.51532536745071422 0.93004098534584057 0.53999802470207225 0.52266719937324535 0.45428046584129339 0.48106098175048834 0.55159601569175731 0.45485258102416998 0.60369193553924572 0.48106098175048834 0.56429719924926769 0.49782148003578192 0.78291481733322155 0.387991413474083 0.5350683629512788 0.7712407410144807 0.48508223891258245 0.42232480645179754 0.45485258102416998 0.78291481733322155
decision_type=2 2 2 2 2 2 2 2 2 2 2 2 2 2 2 2 2 2 2 2 2 2 2 2 2 2 2 2 2 2 2 2 2 2 2 2 2 2
left_child=-1 -2 -3 4 8 6 9 -7 19 -5 26 -12 33 14 15 34 20 -18 -17 21 -16 22 25 -23 -25 30 28 -28 29 -9 31 -4 -8 -6 35 36 37 -11
right_child=1 2 3 5 12 7 32 10 -10 13 11 -13 -14 -15 16 18 17 -19 -20 -21 -22 23 -24 24 -26 -27 27 -29 -30 -31 -32 -33 -34 -35 -36 -37 -38 -39
leaf_value=0 -0.11754306196302375 -0.11754306196302375 0.017141691184383134 -0.084043379552868447 0.017141691184383134 0.042718709972866406 0.25476449934349499 0.017141691184383134 0.017141691184383134 0.017141691184383134 -0.11754306196302375 0.017141691184383134 0.017141691184383134 0.017141691184383134 0.017141691184383134 -0.11754306196302375 -0.11922661375092135 0.019441169582986577 0.017141691184383134 0.017141691184383134 0.017141691184383134 0.017141691184383134 0.017141691184383134 0.017141691184383134 0.017141691184383134 0.017141691184383134 0.017141691184383134 0.017141691184383134 0.017141691184383134 0.015126515395796646 0.017141691184383134 0.017141691184383134 -0.0023441656014941258 0.017141691184383134 0.017141691184383134 0.017141691184383134 0.017141691184383134 -0.13938513288857879
leaf_weight=43208 7886 2874 26 57 83 228 20 29 170 57 59 94 2041 310 150 106 48 48 32 376 21 188 129 78 45 172 408 191 253 26 39 52 242 70 50 44 55 35
leaf_count=43208 7886 2874 26 57 83 228 20 29 170 57 59 94 2041 310 150 106 48 48 32 376 21 188 129 78 45 172 408 191 253 26 39 52 242 70 50 44 55 35
internal_value=-0.000836668 0.007303 0.0167995 0.0267095 0.0312032 0.0206274 0.0165804 0.0246335 0.0266196 0.0209951 0.0275849 0.0163922 0.0338669 0.0222343 0.019096 0.0142586 0.0259625 0.0151667 0.00237681 0.0287964 0.0320234 0.0265075 0.0233684 0.0307267 0.0226667 0.0274187 0.029473 0.0273856 0.0335325 0.0229091 0.0206154 0.0262564 -0.000488551 0.0229281 0.0210622 0.0184084 0.0226667 0.0168696
internal_weight=60000 16792 8906 6032 3469 2563 1275 1288 1275 1013 1060 153 2194 956 646 379 267 96 138 1105 171 729 418 311 123 289 907 599 308 55 117 78 262 153 241 191 147 92
internal_count=60000 16792 8906 6032 3469 2563 1275 1288 1275 1013 1060 153 2194 956 646 379 267 96 138 1105 171 729 418 311 123 289 907 599 308 55 117 78 262 153 241 191 147 92
is_linear=0
shrinkage=0.04


Tree=30
num_leaves=39
num_cat=0
split_feature=30 135 15 8 119 101 119 14 14 119 14 119 102 73 12 118 119 14 14 119 14 102 12 102 14 119 14 14 17 119 102 119 14 119 12 12 119 101
split_gain=957.446 1058.41 1136.96 108.98 26.3383 25.6474 44.0704 48.3312 24.5431 16.3172 14.9543 23.3267 13.5516 12.8643 12.3639 10.2714 9.46882 25.2453 8.77614 20.1667 8.72819 7.74541 7.01473 6.51952 6.3065 6.03449 9.60132 8.26152 7.88462 5.68689 5.20005 4.80216 7.68486 5.16469 10.74 4.65385 6.5641 4.19385
threshold=0.93636366724967968 1.0000000180025095e-35 0.75000000000000011 -0.37511157989501948 0.56429719924926769 1.0000000180025095e-35 0.56429719924926769 0.49434550106525427 0.49548439681530004 0.38069936633110052 0.53617689013481151 0.59593412280082714 0.55805155634880077 0.085450042039155974 0.91245013475418102 1.0000000180025095e-35 0.51532536745071422 0.45428046584129339 0.48106098175048834 0.53999802470207225 0.50440177321434032 0.60369193553924572 0.93004098534584057 0.5541210174560548 0.48106098175048834 0.52266719937324535 0.45428046584129339 0.48106098175048834 0.55159601569175731 0.45485258102416998 0.7712407410144807 0.48508223891258245 0.42232480645179754 0.45485258102416998 0.78291481733322155 0.78291481733322155 0.387991413474083 1.0000000180025095e-35
decision_type=2 2 2 2 2 2 2 2 2 2 2 2 2 2 2 2 2 2 2 2 2 2 2 2 2 2 2 2 2 2 2 2 2 2 2 2 2 2
left_child=-1 37 -3 4 8 15 7 9 22 -7 21 -12 -9 30 16 -5 17 31 23 -20 -14 -8 25 -18 -23 26 29 -27 -29 35 -6 32 33 34 -11 36 -4 -2
right_child=1 2 3 5 13 6 10 12 -10 14 11 -13 20 -15 -16 -17 18 -19 19 -21 -22 24 -24 -25 -26 27 -28 28 -30 -31 -32 -33 -34 -35 -36 -37 -38 -39
leaf_value=0 -0.11284133948450281 -0.11284133948450281 0.01645602353700781 0.041009961573951731 0.01645602353700781 -0.080681644370753716 0.01645602353700781 -0.0022503989774343581 0.01645602353700781 0.01645602353700781 -0.11284133948450281 0.01645602353700781 0.17288742184929945 0.01645602353700781 0.01645602353700781 -0.0011653108998805806 0.01645602353700781 -0.11284133948450281 -0.1144575492008845 0.018663522799667123 -0.046897284523255735 0.01645602353700781 0.01645602353700781 0.01645602353700781 0.01645602353700781 0.01645602353700781 0.01645602353700781 0.01645602353700781 0.01645602353700781 0.01645602353700781 0.01645602353700781 0.01645602353700781 0.01645602353700781 0.01645602353700781 -0.13380972757303564 0.01645602353700781 0.01645602353700781 0.17092545014551586
leaf_weight=43208 7574 2874 26 116 60 57 253 224 170 57 59 94 52 2082 388 115 109 96 48 48 34 407 376 36 190 188 129 78 45 172 52 47 43 55 35 39 52 312
leaf_count=43208 7574 2874 26 116 60 57 253 224 170 57 59 94 52 2082 388 115 109 96 48 48 34 407 376 36 190 188 129 78 45 172 52 47 43 55 35 39 52 312
internal_value=-0.000850001 0.00725536 0.0167051 0.0265703 0.0311917 0.0203153 0.0215746 0.0167976 0.0266196 0.0210049 0.0279043 0.0163922 0.00296774 0.0338487 0.022237 0.00760173 0.0185087 0.0141381 0.0245477 0.0151667 0.0164651 0.0299765 0.0287964 0.0307586 0.0274908 0.0265075 0.0233684 0.0307267 0.0226667 0.0274187 0.0206429 0.0211477 0.0183158 0.0226667 0.0168696 0.0206154 0.0262564 -0.00341669
internal_weight=60000 16792 8906 6032 3469 2563 2332 1329 1275 1019 1003 153 310 2194 962 231 574 333 241 96 86 850 1105 145 597 729 418 311 123 289 112 237 190 147 92 117 78 7886
internal_count=60000 16792 8906 6032 3469 2563 2332 1329 1275 1019 1003 153 310 2194 962 231 574 333 241 96 86 850 1105 145 597 729 418 311 123 289 112 237 190 147 92 117 78 7886
is_linear=0
shrinkage=0.04


Tree=31
num_leaves=39
num_cat=0
split_feature=13 135 15 8 119 101 119 14 14 119 14 119 102 73 12 119 14 14 119 14 102 12 102 14 119 14 14 17 119 119 102 119 14 119 12 12 119 101
split_gain=957.04 1058.94 1136.96 108.98 26.3383 25.6474 44.0704 48.3312 24.5431 16.3172 14.9543 23.3267 13.5516 12.8643 12.3639 9.46882 25.2453 8.77614 20.1667 8.72819 7.74541 7.01473 6.51952 6.3065 6.03449 9.60132 8.26152 7.88462 5.69411 5.68689 5.20005 4.80216 7.68486 5.16469 10.74 4.65385 6.5641 3.96969
threshold=0.93636366724967968 1.0000000180025095e-35 0.75000000000000011 -0.37511157989501948 0.56429719924926769 1.0000000180025095e-35 0.56429719924926769 0.49434550106525427 0.49548439681530004 0.38069936633110052 0.53617689013481151 0.59593412280082714 0.55805155634880077 0.085450042039155974 0.91245013475418102 0.51532536745071422 0.45428046584129339 0.48106098175048834 0.53999802470207225 0.50440177321434032 0.60369193553924572 0.93004098534584057 0.5541210174560548 0.48106098175048834 0.52266719937324535 0.45428046584129339 0.48106098175048834 0.55159601569175731 0.74709975719451915 0.45485258102416998 0.7712407410144807 0.48508223891258245 0.42232480645179754 0.45485258102416998 0.78291481733322155 0.78291481733322155 0.387991413474083 1.0000000180025095e-35
decision_type=2 2 2 2 2 2 2 2 2 2 2 2 2 2 2 2 2 2 2 2 2 2 2 2 2 2 2 2 2 2 2 2 2 2 2 2 2 2
left_child=-1 37 -3 4 8 28 7 9 21 -7 20 -12 -9 30 15 16 31 22 -19 -14 -8 24 -17 -22 25 29 -26 -28 -5 35 -6 32 33 34 -11 36 -4 -2
right_child=1 2 3 5 13 6 10 12 -10 14 11 -13 19 -15 -16 17 -18 18 -20 -21 23 -23 -24 -25 26 -27 27 -29 -30 -31 -32 -33 -34 -35 -36 -37 -38 -39
leaf_value=0 -0.10832768590512271 -0.10832768590512271 0.015797782595527464 0.056007066663131225 0.015797782595527464 -0.077454378595923579 0.015797782595527464 -0.0021603830183369865 0.015797782595527464 0.015797782595527464 -0.10832768590512271 0.015797782595527464 0.16597192497532745 0.015797782595527464 0.015797782595527464 0.015797782595527464 -0.10832768590512271 -0.10987924723284911 0.017916981887680452 -0.045021393142325491 0.015797782595527464 0.015797782595527464 0.015797782595527464 0.015797782595527464 0.015797782595527464 0.015797782595527464 0.015797782595527464 0.015797782595527464 0.039369563110993655 0.015797782595527464 0.015797782595527464 0.015797782595527464 0.015797782595527464 0.015797782595527464 -0.12845733847011423 0.015797782595527464 0.015797782595527464 0.16408843213969523
leaf_weight=43208 7574 2874 26 20 60 57 253 224 170 57 59 94 52 2082 388 109 96 48 48 34 407 376 36 190 188 129 78 45 211 172 52 47 43 55 35 39 52 312
leaf_count=43208 7574 2874 26 20 60 57 253 224 170 57 59 94 52 2082 388 109 96 48 48 34 407 376 36 190 188 129 78 45 211 172 52 47 43 55 35 39 52 312
internal_value=-0.000850668 0.00725298 0.0167051 0.0265703 0.0311917 0.0203153 0.0215746 0.0167976 0.0266196 0.0210049 0.0279043 0.0163922 0.00296774 0.0338487 0.022237 0.0185087 0.0141381 0.0245477 0.0151667 0.0164651 0.0299765 0.0287964 0.0307586 0.0274908 0.0265075 0.0233684 0.0307267 0.0226667 0.00760173 0.0274187 0.0206429 0.0211477 0.0183158 0.0226667 0.0168696 0.0206154 0.0262564 -0.00342176
internal_weight=60000 16792 8906 6032 3469 2563 2332 1329 1275 1019 1003 153 310 2194 962 574 333 241 96 86 850 1105 145 597 729 418 311 123 231 289 112 237 190 147 92 117 78 7886
internal_count=60000 16792 8906 6032 3469 2563 2332 1329 1275 1019 1003 153 310 2194 962 574 333 241 96 86 850 1105 145 597 729 418 311 123 231 289 112 237 190 147 92 117 78 7886
is_linear=0
shrinkage=0.04


Tree=32
num_leaves=39
num_cat=0
split_feature=13 135 15 128 119 14 101 119 14 119 14 119 22 12 119 14 14 119 118 119 85 119 12 14 119 14 14 85 119 58 119 85 119 14 119 12 0 119
split_gain=950.972 1051.86 1129.57 112.238 25.8169 62.6374 45.7215 22.0815 22.2515 16.7984 16.2753 23.8503 14.5033 13.4615 14.581 21.0839 11.4688 20.6633 8.73055 7.70315 7.27102 6.51469 5.73608 5.33396 5.31454 7.99768 7.07585 7.82285 5.61108 5.05479 4.95572 4.85626 4.63742 6.94118 5.36342 11.0473 4.34201 6.36829
threshold=0.93636366724967968 1.0000000180025095e-35 0.75000000000000011 -0.29012919962406153 0.56429719924926769 0.49434550106525427 1.0000000180025095e-35 0.56429719924926769 0.49548439681530004 0.38069936633110052 0.53617689013481151 0.59593412280082714 0.12173399329185487 0.93004098534584057 0.5205402970314027 0.45428046584129339 0.48106098175048834 0.53999802470207225 1.0000000180025095e-35 0.51532536745071422 0.61029398441314708 0.54425701498985302 0.93004098534584057 0.42232480645179754 0.52266719937324535 0.45428046584129339 0.48106098175048834 0.54239150881767284 0.45485258102416998 0.10889089480042459 0.8224521577358247 0.55858969688415538 0.48508223891258245 0.42232480645179754 0.45485258102416998 0.78291481733322155 0.43281006813049322 0.387991413474083
decision_type=2 2 2 2 2 2 2 2 2 2 2 2 2 2 2 2 2 2 2 2 2 2 2 2 2 2 2 2 2 2 2 2 2 2 2 2 2 2
left_child=-1 -2 -3 4 5 9 18 8 22 -4 20 -12 30 14 15 32 21 -18 -6 -17 -8 -16 24 -22 25 28 -26 -28 36 -10 -9 -7 33 34 35 -11 37 -5
right_child=1 2 3 7 6 31 10 12 29 13 11 -13 -14 -15 16 19 17 -19 -20 -21 23 -23 -24 -25 26 -27 27 -29 -30 -31 -32 -33 -34 -35 -36 -37 -38 -39
leaf_value=0 -0.1039945784689178 -0.1039945784689178 0.028676457513667177 0.01516587129170638 0.03779478058655393 -0.002073967697603507 0.01516587129170638 0.01516587129170638 0.01516587129170638 0.01516587129170638 -0.1039945784689178 0.01516587129170638 0.01516587129170638 0.01516587129170638 0.01516587129170638 -0.1039945784689178 -0.10548407734353514 0.01640013630585636 0.005355990361959044 0.01516587129170638 0.01516587129170638 0.01516587129170638 0.01516587129170638 0.01516587129170638 0.01516587129170638 0.01516587129170638 0.01516587129170638 0.01516587129170638 0.01516587129170638 0.01516587129170638 0.01516587129170638 0.14974648440735988 0.01516587129170638 0.01516587129170638 0.01516587129170638 -0.065688009559784405 0.01516587129170638 0.01516587129170638
leaf_weight=43208 7886 2874 60 24 113 220 248 109 120 59 61 97 2005 330 161 114 49 49 115 35 191 24 359 437 179 117 40 77 159 41 49 104 55 50 57 38 36 50
leaf_count=43208 7886 2874 60 24 113 220 248 109 120 59 61 97 2005 330 161 114 49 49 115 35 191 24 359 437 179 117 40 77 159 41 49 104 55 50 57 38 36 50
internal_value=-0.000860668 0.00721725 0.0166378 0.0264708 0.020342 0.0166121 0.0244945 0.0313284 0.0269817 0.0212359 0.0280696 0.0162532 0.0337439 0.0224447 0.0192706 0.0144314 0.0262473 0.0151837 0.0082807 0.00244295 0.0302009 0.0321081 0.029122 0.0279108 0.0269677 0.0238756 0.031 0.0233504 0.0276729 0.0131429 0.0220759 0.00118518 0.0213282 0.018549 0.0227532 0.0170309 0.0207273 0.0262703
internal_weight=60000 16792 8906 6032 2667 1405 1262 3365 1202 1081 1034 158 2163 1021 691 408 283 98 228 149 876 185 1041 628 682 386 296 117 269 161 158 324 259 204 154 97 110 74
internal_count=60000 16792 8906 6032 2667 1405 1262 3365 1202 1081 1034 158 2163 1021 691 408 283 98 228 149 876 185 1041 628 682 386 296 117 269 161 158 324 259 204 154 97 110 74
is_linear=0
shrinkage=0.04


Tree=33
num_leaves=39
num_cat=0
split_feature=13 135 32 8 119 48 101 119 48 119 48 119 73 12 118 119 48 48 119 102 12 102 48 119 48 48 17 102 119 48 119 12 119 119 48 0 73 101
split_gain=944.118 1043.87 1121.23 118.149 26.8873 72.3149 48.3769 26.2953 24.8321 16.4101 14.9239 23.3267 13.5613 12.3388 9.3565 9.15631 26.0941 8.77614 20.1667 7.77924 6.96818 6.51952 6.44364 6.05132 9.31128 8.26152 7.88462 5.48685 4.94375 6.80556 5.16469 10.74 4.78261 4.17339 4.40158 5.69494 5.09031 3.96969
threshold=0.93636366724967968 1.0000000180025095e-35 0.75000000000000011 -0.40166752040386194 0.56429719924926769 0.49434550106525427 1.0000000180025095e-35 0.56429719924926769 0.49548439681530004 0.38069936633110052 0.53617689013481151 0.59593412280082714 0.085450042039155974 0.91245013475418102 1.0000000180025095e-35 0.51532536745071422 0.45428046584129339 0.48106098175048834 0.53999802470207225 0.60369193553924572 0.93004098534584057 0.5541210174560548 0.42232480645179754 0.52266719937324535 0.46050065755844122 0.48106098175048834 0.55159601569175731 0.76884824037551891 0.48508223891258245 0.42232480645179754 0.45485258102416998 0.78291481733322155 0.5350683629512788 0.387991413474083 0.45428046584129339 0.51431739330291759 0.28241950273513799 1.0000000180025095e-35
decision_type=2 2 2 2 2 2 2 2 2 2 2 2 2 2 2 2 2 2 2 2 2 2 2 2 2 2 2 2 2 2 2 2 2 2 2 2 2 2
left_child=-1 37 -3 7 5 9 14 8 20 -5 19 -12 27 15 -6 16 28 21 -19 -8 23 -17 -21 24 33 -25 -27 -9 29 30 31 -11 -7 -4 -35 36 -36 -2
right_child=1 2 3 4 6 32 10 12 -10 13 11 -13 -14 -15 -16 17 -18 18 -20 22 -22 -23 -24 25 -26 26 -28 -29 -30 -31 -32 -33 -34 34 35 -37 -38 -39
leaf_value=0 -0.099834795330161083 -0.099834795330161083 0.014559236440038106 -0.075503261752633291 0.036282989363091787 0.2393677703307534 0.014559236440038106 0.014559236440038106 0.014559236440038106 0.014559236440038106 -0.099834795330161083 0.014559236440038106 0.014559236440038106 0.014559236440038106 -0.0029077206028034655 0.014559236440038106 -0.099834795330161083 -0.10126471424979373 0.016544297159938992 0.014559236440038106 0.014559236440038106 0.014559236440038106 0.014559236440038106 0.014559236440038106 0.018894197327271184 0.014559236440038106 0.014559236440038106 0.014559236440038106 0.014559236440038106 0.014559236440038106 0.014559236440038106 -0.12069152454891828 -0.0050227784693146309 0.014559236440038106 0.020404928850949772 0.014559236440038106 0.014559236440038106 0.16168467799286412
leaf_weight=43208 7574 2874 26 57 114 20 253 57 169 57 59 94 2077 390 115 109 97 48 48 181 375 36 420 188 40 78 45 55 49 45 55 35 292 260 20 29 39 312
leaf_count=43208 7574 2874 26 57 114 20 253 57 169 57 59 94 2077 390 115 109 97 48 48 181 375 36 420 188 40 78 45 55 49 45 55 35 292 260 20 29 39 312
internal_value=-0.000872001 0.00717675 0.0165614 0.0263581 0.0198695 0.0159402 0.024123 0.031188 0.0266068 0.0210682 0.0278967 0.0163922 0.0338438 0.0222951 0.00752838 0.0185907 0.0143432 0.0245477 0.0151667 0.0299578 0.0288 0.0307586 0.0274809 0.0265103 0.023343 0.0307267 0.0226667 0.0202857 0.0213942 0.0185 0.0226667 0.0168696 -0.000923078 0.0253048 0.0264598 0.0187273 0.0115932 -0.00342176
internal_weight=60000 16792 8906 6032 2574 1338 1236 3458 1269 1026 1007 153 2189 969 229 579 338 241 96 854 1100 145 601 725 414 311 123 112 241 192 147 92 312 374 348 88 59 7886
internal_count=60000 16792 8906 6032 2574 1338 1236 3458 1269 1026 1007 153 2189 969 229 579 338 241 96 854 1100 145 601 725 414 311 123 112 241 192 147 92 312 374 348 88 59 7886
is_linear=0
shrinkage=0.04


Tree=34
num_leaves=39
num_cat=0
split_feature=30 135 15 8 119 14 84 119 14 119 14 119 73 12 119 14 14 119 119 102 12 102 119 14 14 17 102 14 119 14 119 12 119 119 14 17 119 73
split_gain=943.716 1044.4 1121.23 118.149 26.8873 72.3149 37.7287 26.2953 24.8321 16.4101 13.694 24.8943 13.5613 12.3388 9.15631 26.0941 8.77614 20.1667 8.55308 6.97882 6.96818 6.51952 6.05132 9.31128 8.26152 7.88462 5.48685 5.30786 4.94375 6.80556 5.16469 10.74 4.78261 4.17339 4.40158 4.32234 4.1024 4.04252
threshold=0.93636366724967968 1.0000000180025095e-35 0.75000000000000011 -0.40166752040386194 0.56429719924926769 0.49434550106525427 1.0000000180025095e-35 0.56429719924926769 0.49548439681530004 0.38069936633110052 0.53617689013481151 0.59593412280082714 0.085450042039155974 0.91245013475418102 0.51532536745071422 0.45428046584129339 0.48106098175048834 0.53999802470207225 0.74386104941368114 0.60369193553924572 0.93004098534584057 0.5541210174560548 0.52266719937324535 0.46050065755844122 0.48106098175048834 0.55159601569175731 0.76884824037551891 0.42232480645179754 0.48508223891258245 0.42232480645179754 0.45485258102416998 0.78291481733322155 0.5350683629512788 0.387991413474083 0.45428046584129339 0.51533141732215892 0.63175231218338024 0.28241950273513799
decision_type=2 2 2 2 2 2 2 2 2 2 2 2 2 2 2 2 2 2 2 2 2 2 2 2 2 2 2 2 2 2 2 2 2 2 2 2 2 2
left_child=-1 -2 -3 7 5 9 18 8 20 -5 19 -12 26 14 15 28 21 -18 -6 -8 22 -16 23 33 -24 -26 -9 -21 29 30 31 -11 -7 -4 -35 37 -29 -36
right_child=1 2 3 4 6 32 10 12 -10 13 11 -13 -14 -15 16 -17 17 -19 -20 27 -22 -23 24 -25 25 -27 -28 36 -30 -31 -32 -33 -34 34 35 -37 -38 -39
leaf_value=0 -0.095841403516954637 -0.095841403516954637 0.013976866982436605 -0.072483131282527966 0.039833076158555539 0.22979305951752327 0.013976866982436605 0.013976866982436605 0.013976866982436605 0.013976866982436605 -0.095841403516954637 0.013976866982436605 0.013976866982436605 0.013976866982436605 0.013976866982436605 -0.095841403516954637 -0.097214125679801991 0.015882525273541434 0.032923708683852124 0.013976866982436605 0.013976866982436605 0.013976866982436605 0.013976866982436605 0.018138429434180363 0.013976866982436605 0.013976866982436605 0.013976866982436605 0.013976866982436605 0.013976866982436605 0.013976866982436605 0.013976866982436605 -0.11586386356696154 -0.0048218673305420621 0.013976866982436605 0.019588731696911808 0.013976866982436605 0.013976866982436605 0.013976866982436605
leaf_weight=43208 7886 2874 26 57 34 20 251 57 169 57 58 84 2077 390 109 97 48 48 287 161 375 36 188 40 78 45 55 92 49 45 55 35 292 260 20 25 269 43
leaf_count=43208 7886 2874 26 57 34 20 251 57 169 57 58 84 2077 390 109 97 48 48 287 161 375 36 188 40 78 45 55 92 49 45 55 35 292 260 20 25 269 43
internal_value=-0.000872668 0.00717437 0.0165614 0.0263581 0.0198695 0.0159402 0.024123 0.031188 0.0266068 0.0210682 0.0282623 0.0168451 0.0338438 0.0222951 0.0185907 0.0143432 0.0245477 0.0151667 0.012324 0.0303596 0.0288 0.0307586 0.0265103 0.023343 0.0307267 0.0226667 0.0202857 0.0277241 0.0213942 0.0185 0.0226667 0.0168696 -0.000923078 0.0253048 0.0264598 0.0187273 0.0250305 0.0131429
internal_weight=60000 16792 8906 6032 2574 1338 1236 3458 1269 1026 915 142 2189 969 579 338 241 96 321 773 1100 145 725 414 311 123 112 522 241 192 147 92 312 374 348 88 361 63
internal_count=60000 16792 8906 6032 2574 1338 1236 3458 1269 1026 915 142 2189 969 579 338 241 96 321 773 1100 145 725 414 311 123 112 522 241 192 147 92 312 374 348 88 361 63
is_linear=0
shrinkage=0.04


Tree=35
num_leaves=39
num_cat=0
split_feature=13 135 15 8 119 14 84 119 14 119 14 119 73 12 119 14 14 119 119 102 12 102 119 14 14 17 102 14 119 14 119 12 119 119 14 0 73 119
split_gain=944.118 1043.87 1121.23 118.149 26.8873 72.3149 37.7287 26.2953 24.8321 16.4101 13.694 24.8943 13.5613 12.3388 9.15631 26.0941 8.77614 20.1667 8.55308 6.97882 6.96818 6.51952 6.05132 9.31128 8.26152 7.88462 5.48685 5.30786 4.94375 6.80556 5.16469 10.74 4.78261 4.17339 4.40158 5.69494 5.09031 4.1024
threshold=0.93636366724967968 1.0000000180025095e-35 0.75000000000000011 -0.40166752040386194 0.56429719924926769 0.49434550106525427 1.0000000180025095e-35 0.56429719924926769 0.49548439681530004 0.38069936633110052 0.53617689013481151 0.59593412280082714 0.085450042039155974 0.91245013475418102 0.51532536745071422 0.45428046584129339 0.48106098175048834 0.53999802470207225 0.74386104941368114 0.60369193553924572 0.93004098534584057 0.5541210174560548 0.52266719937324535 0.46050065755844122 0.48106098175048834 0.55159601569175731 0.76884824037551891 0.42232480645179754 0.48508223891258245 0.42232480645179754 0.45485258102416998 0.78291481733322155 0.5350683629512788 0.387991413474083 0.45428046584129339 0.51431739330291759 0.28241950273513799 0.63175231218338024
decision_type=2 2 2 2 2 2 2 2 2 2 2 2 2 2 2 2 2 2 2 2 2 2 2 2 2 2 2 2 2 2 2 2 2 2 2 2 2 2
left_child=-1 -2 -3 7 5 9 18 8 20 -5 19 -12 26 14 15 28 21 -18 -6 -8 22 -16 23 33 -24 -26 -9 -21 29 30 31 -11 -7 -4 -35 36 -36 -29
right_child=1 2 3 4 6 32 10 12 -10 13 11 -13 -14 -15 16 -17 17 -19 -20 27 -22 -23 24 -25 25 -27 -28 37 -30 -31 -32 -33 -34 34 35 -37 -38 -39
leaf_value=0 -0.092007747376276455 -0.092007747376276455 0.013417792303139109 -0.069583806031226839 0.038239753112213344 0.22060133713682234 0.013417792303139109 0.013417792303139109 0.013417792303139109 0.013417792303139109 -0.092007747376276455 0.013417792303139109 0.013417792303139109 0.013417792303139109 0.013417792303139109 -0.092007747376276455 -0.093325560652609912 0.015247224262599772 0.03160676033649807 0.013417792303139109 0.013417792303139109 0.013417792303139109 0.013417792303139109 0.017412892256813119 0.013417792303139109 0.013417792303139109 0.013417792303139109 0.013417792303139109 0.013417792303139109 0.013417792303139109 0.013417792303139109 -0.11122930902428309 -0.0046289926373204084 0.013417792303139109 0.018805182429035342 0.013417792303139109 0.013417792303139109 0.013417792303139109
leaf_weight=43208 7886 2874 26 57 34 20 251 57 169 57 58 84 2077 390 109 97 48 48 287 161 375 36 188 40 78 45 55 92 49 45 55 35 292 260 20 29 39 269
leaf_count=43208 7886 2874 26 57 34 20 251 57 169 57 58 84 2077 390 109 97 48 48 287 161 375 36 188 40 78 45 55 92 49 45 55 35 292 260 20 29 39 269
internal_value=-0.000872001 0.00717675 0.0165614 0.0263581 0.0198695 0.0159402 0.024123 0.031188 0.0266068 0.0210682 0.0282623 0.0168451 0.0338438 0.0222951 0.0185907 0.0143432 0.0245477 0.0151667 0.012324 0.0303596 0.0288 0.0307586 0.0265103 0.023343 0.0307267 0.0226667 0.0202857 0.0277241 0.0213942 0.0185 0.0226667 0.0168696 -0.000923078 0.0253048 0.0264598 0.0187273 0.0115932 0.0250305
internal_weight=60000 16792 8906 6032 2574 1338 1236 3458 1269 1026 915 142 2189 969 579 338 241 96 321 773 1100 145 725 414 311 123 112 522 241 192 147 92 312 374 348 88 59 361
internal_count=60000 16792 8906 6032 2574 1338 1236 3458 1269 1026 915 142 2189 969 579 338 241 96 321 773 1100 145 725 414 311 123 112 522 241 192 147 92 312 374 348 88 59 361
is_linear=0
shrinkage=0.04


Tree=36
num_leaves=39
num_cat=0
split_feature=13 135 15 8 119 14 101 119 14 119 14 119 73 12 118 119 14 14 119 102 12 102 14 119 14 14 17 102 119 14 119 12 119 119 14 0 56 101
split_gain=944.118 1043.87 1121.23 118.149 26.8873 72.3149 48.3769 26.2953 24.8321 16.4101 14.9239 23.3267 13.5613 12.3388 9.3565 9.15631 26.0941 8.77614 20.1667 7.77924 6.96818 6.51952 6.44364 6.05132 9.31128 8.26152 7.88462 5.48685 4.94375 6.80556 5.16469 10.74 4.78261 4.17339 4.40158 5.69494 5.09031 3.96969
threshold=0.93636366724967968 1.0000000180025095e-35 0.75000000000000011 -0.40166752040386194 0.56429719924926769 0.49434550106525427 1.0000000180025095e-35 0.56429719924926769 0.49548439681530004 0.38069936633110052 0.53617689013481151 0.59593412280082714 0.085450042039155974 0.91245013475418102 1.0000000180025095e-35 0.51532536745071422 0.45428046584129339 0.48106098175048834 0.53999802470207225 0.60369193553924572 0.93004098534584057 0.5541210174560548 0.42232480645179754 0.52266719937324535 0.46050065755844122 0.48106098175048834 0.55159601569175731 0.76884824037551891 0.48508223891258245 0.42232480645179754 0.45485258102416998 0.78291481733322155 0.5350683629512788 0.387991413474083 0.45428046584129339 0.51431739330291759 0.29048770666122442 1.0000000180025095e-35
decision_type=2 2 2 2 2 2 2 2 2 2 2 2 2 2 2 2 2 2 2 2 2 2 2 2 2 2 2 2 2 2 2 2 2 2 2 2 2 2
left_child=-1 37 -3 7 5 9 14 8 20 -5 19 -12 27 15 -6 16 28 21 -19 -8 23 -17 -21 24 33 -25 -27 -9 29 30 31 -11 -7 -4 -35 36 -36 -2
right_child=1 2 3 4 6 32 10 12 -10 13 11 -13 -14 -15 -16 17 -18 18 -20 22 -22 -23 -24 25 -26 26 -28 -29 -30 -31 -32 -33 -34 34 35 -37 -38 -39
leaf_value=0 -0.088327437481225388 -0.088327437481225388 0.012881080611013545 -0.06680045378997776 0.03225045102775418 0.21177728365134943 0.012881080611013545 0.012881080611013545 0.012881080611013545 0.012881080611013545 -0.088327437481225388 0.012881080611013545 0.012881080611013545 0.012881080611013545 -0.005372630539505323 0.012881080611013545 -0.088327437481225388 -0.089592538226505522 0.014637335292095771 0.012881080611013545 0.012881080611013545 0.012881080611013545 0.012881080611013545 0.012881080611013545 0.016716376566540615 0.012881080611013545 0.012881080611013545 0.012881080611013545 0.012881080611013545 0.012881080611013545 0.012881080611013545 -0.10678013666331175 -0.0044438329318276003 0.012881080611013545 0.018052975131873907 0.012881080611013545 0.012881080611013545 0.1627312569088788
leaf_weight=43208 7574 2874 26 57 114 20 253 57 169 57 59 94 2077 390 115 109 97 48 48 181 375 36 420 188 40 78 45 55 49 45 55 35 292 260 20 29 39 312
leaf_count=43208 7574 2874 26 57 114 20 253 57 169 57 59 94 2077 390 115 109 97 48 48 181 375 36 420 188 40 78 45 55 49 45 55 35 292 260 20 29 39 312
internal_value=-0.000872001 0.00717675 0.0165614 0.0263581 0.0198695 0.0159402 0.024123 0.031188 0.0266068 0.0210682 0.0278967 0.0163922 0.0338438 0.0222951 0.00752838 0.0185907 0.0143432 0.0245477 0.0151667 0.0299578 0.0288 0.0307586 0.0274809 0.0265103 0.023343 0.0307267 0.0226667 0.0202857 0.0213942 0.0185 0.0226667 0.0168696 -0.000923078 0.0253048 0.0264598 0.0187273 0.0115932 -0.00342176
internal_weight=60000 16792 8906 6032 2574 1338 1236 3458 1269 1026 1007 153 2189 969 229 579 338 241 96 854 1100 145 601 725 414 311 123 112 241 192 147 92 312 374 348 88 59 7886
internal_count=60000 16792 8906 6032 2574 1338 1236 3458 1269 1026 1007 153 2189 969 229 579 338 241 96 854 1100 145 601 725 414 311 123 112 241 192 147 92 312 374 348 88 59 7886
is_linear=0
shrinkage=0.04


Tree=37
num_leaves=39
num_cat=0
split_feature=13 135 15 8 119 14 101 119 14 119 14 119 73 12 118 119 14 14 119 85 12 119 119 14 14 17 14 119 14 119 12 119 119 119 14 0 56 84
split_gain=943.716 1044.4 1121.23 118.149 26.8873 72.3149 48.3769 26.2953 24.8321 16.4101 14.9239 23.3267 13.5613 12.3388 9.3565 9.15631 26.0941 8.77614 20.1667 7.26807 6.96818 6.24834 6.05132 9.31128 8.26152 7.88462 5.97255 4.94375 6.80556 5.16469 10.74 4.78261 4.66009 4.17339 4.40158 5.69494 5.09031 3.79131
threshold=0.93636366724967968 1.0000000180025095e-35 0.75000000000000011 -0.40166752040386194 0.56429719924926769 0.49434550106525427 1.0000000180025095e-35 0.56429719924926769 0.49548439681530004 0.38069936633110052 0.53617689013481151 0.59593412280082714 0.085450042039155974 0.91245013475418102 1.0000000180025095e-35 0.51532536745071422 0.45428046584129339 0.48106098175048834 0.53999802470207225 0.61029398441314708 0.93004098534584057 0.53721341490745556 0.52266719937324535 0.46050065755844122 0.48106098175048834 0.55159601569175731 0.42232480645179754 0.48508223891258245 0.42232480645179754 0.45485258102416998 0.78291481733322155 0.5350683629512788 0.7935827672481538 0.387991413474083 0.45428046584129339 0.51431739330291759 0.29048770666122442 1.0000000180025095e-35
decision_type=2 2 2 2 2 2 2 2 2 2 2 2 2 2 2 2 2 2 2 2 2 2 2 2 2 2 2 2 2 2 2 2 2 2 2 2 2 2
left_child=-1 37 -3 7 5 9 14 8 20 -5 19 -12 32 15 -6 16 27 21 -19 -8 22 -17 23 33 -24 -26 -21 28 29 30 -11 -7 -9 -4 -35 36 -36 -2
right_child=1 2 3 4 6 31 10 12 -10 13 11 -13 -14 -15 -16 17 -18 18 -20 26 -22 -23 24 -25 25 -27 -28 -29 -30 -31 -32 -33 -34 34 35 -37 -38 -39
leaf_value=0 -0.084794339981976372 -0.084794339981976372 0.012365837386573019 -0.064128435638378639 0.030960432986643981 0.20330619230529545 0.012365837386573019 0.012365837386573019 0.012365837386573019 0.012365837386573019 -0.084794339981976372 0.012365837386573019 0.012365837386573019 0.012365837386573019 -0.0051577253179251412 0.012365837386573019 -0.084794339981976372 -0.086008836697445301 0.014051841880411971 0.012365837386573019 0.012365837386573019 0.012365837386573019 0.012365837386573019 0.016047721503879002 0.012365837386573019 0.012365837386573019 0.012365837386573019 0.012365837386573019 0.012365837386573019 0.012365837386573019 -0.10250893119677928 -0.0042660796145545278 0.012365837386573019 0.012365837386573019 0.017330856126598917 0.012365837386573019 0.012365837386573019 0.0059413248994162008
leaf_weight=43208 7410 2874 26 57 114 20 232 62 169 57 59 94 2077 390 115 125 97 48 48 188 375 20 188 40 78 45 434 49 45 55 35 292 50 260 20 29 39 476
leaf_count=43208 7410 2874 26 57 114 20 232 62 169 57 59 94 2077 390 115 125 97 48 48 188 375 20 188 40 78 45 434 49 45 55 35 292 50 260 20 29 39 476
internal_value=-0.000872668 0.00717437 0.0165614 0.0263581 0.0198695 0.0159402 0.024123 0.031188 0.0266068 0.0210682 0.0278967 0.0163922 0.0338438 0.0222951 0.00752838 0.0185907 0.0143432 0.0245477 0.0151667 0.0299578 0.0288 0.0307586 0.0265103 0.023343 0.0307267 0.0226667 0.0277042 0.0213942 0.0185 0.0226667 0.0168696 -0.000923078 0.0202857 0.0253048 0.0264598 0.0187273 0.0115932 -0.00342683
internal_weight=60000 16792 8906 6032 2574 1338 1236 3458 1269 1026 1007 153 2189 969 229 579 338 241 96 854 1100 145 725 414 311 123 622 241 192 147 92 312 112 374 348 88 59 7886
internal_count=60000 16792 8906 6032 2574 1338 1236 3458 1269 1026 1007 153 2189 969 229 579 338 241 96 854 1100 145 725 414 311 123 622 241 192 147 92 312 112 374 348 88 59 7886
is_linear=0
shrinkage=0.04


Tree=38
num_leaves=39
num_cat=0
split_feature=30 135 15 8 119 31 101 119 31 119 31 119 73 29 118 119 31 31 119 102 29 102 31 119 31 31 17 102 119 31 119 29 119 119 31 34 56 84
split_gain=943.716 1044.4 1121.23 118.149 26.8873 72.3149 48.3769 26.2953 24.8321 16.4101 14.9239 23.3267 13.5613 12.3388 9.3565 9.15631 26.0941 8.77614 20.1667 7.77924 6.96818 6.51952 6.44364 6.05132 9.31128 8.26152 7.88462 5.48685 4.94375 6.80556 5.16469 10.74 4.78261 4.17339 4.40158 4.64798 4.27773 3.79131
threshold=0.93636366724967968 1.0000000180025095e-35 0.75000000000000011 -0.40166752040386194 0.56429719924926769 0.49434550106525427 1.0000000180025095e-35 0.56429719924926769 0.49548439681530004 0.38069936633110052 0.53617689013481151 0.59593412280082714 0.085450042039155974 0.91245013475418102 1.0000000180025095e-35 0.51532536745071422 0.45428046584129339 0.48106098175048834 0.53999802470207225 0.60369193553924572 0.93004098534584057 0.5541210174560548 0.42232480645179754 0.52266719937324535 0.46050065755844122 0.48106098175048834 0.55159601569175731 0.76884824037551891 0.48508223891258245 0.42232480645179754 0.45485258102416998 0.78291481733322155 0.5350683629512788 0.387991413474083 0.45428046584129339 0.5148436725139619 0.29048770666122442 1.0000000180025095e-35
decision_type=2 2 2 2 2 2 2 2 2 2 2 2 2 2 2 2 2 2 2 2 2 2 2 2 2 2 2 2 2 2 2 2 2 2 2 2 2 2
left_child=-1 37 -3 7 5 9 14 8 20 -5 19 -12 27 15 -6 16 28 21 -19 -8 23 -17 -21 24 33 -25 -27 -9 29 30 31 -11 -7 -4 -35 36 -36 -2
right_child=1 2 3 4 6 32 10 12 -10 13 11 -13 -14 -15 -16 17 -18 18 -20 22 -22 -23 -24 25 -26 26 -28 -29 -30 -31 -32 -33 -34 34 35 -37 -38 -39
leaf_value=0 -0.081402566382697314 -0.081402566382697314 0.011871203891110085 -0.061563298212843488 0.029722015667178213 0.19517394461308363 0.011871203891110085 0.011871203891110085 0.011871203891110085 0.011871203891110085 -0.081402566382697314 0.011871203891110085 0.011871203891110085 0.011871203891110085 -0.0049514163052081272 0.011871203891110085 -0.081402566382697314 -0.08256848322954749 0.013489768205195461 0.011871203891110085 0.011871203891110085 0.011871203891110085 0.011871203891110085 0.011871203891110085 0.015405812643723831 0.011871203891110085 0.011871203891110085 0.011871203891110085 0.011871203891110085 0.011871203891110085 0.011871203891110085 -0.098408573948908118 -0.004095436429972352 0.011871203891110085 0.016637621881534982 0.011871203891110085 0.011871203891110085 0.0057036719034395693
leaf_weight=43208 7410 2874 26 57 114 20 253 57 169 57 59 94 2077 390 115 109 97 48 48 181 375 36 420 188 40 78 45 55 49 45 55 35 292 260 20 26 42 476
leaf_count=43208 7410 2874 26 57 114 20 253 57 169 57 59 94 2077 390 115 109 97 48 48 181 375 36 420 188 40 78 45 55 49 45 55 35 292 260 20 26 42 476
internal_value=-0.000872668 0.00717437 0.0165614 0.0263581 0.0198695 0.0159402 0.024123 0.031188 0.0266068 0.0210682 0.0278967 0.0163922 0.0338438 0.0222951 0.00752838 0.0185907 0.0143432 0.0245477 0.0151667 0.0299578 0.0288 0.0307586 0.0274809 0.0265103 0.023343 0.0307267 0.0226667 0.0202857 0.0213942 0.0185 0.0226667 0.0168696 -0.000923078 0.0253048 0.0264598 0.0187273 0.0127742 -0.00342683
internal_weight=60000 16792 8906 6032 2574 1338 1236 3458 1269 1026 1007 153 2189 969 229 579 338 241 96 854 1100 145 601 725 414 311 123 112 241 192 147 92 312 374 348 88 62 7886
internal_count=60000 16792 8906 6032 2574 1338 1236 3458 1269 1026 1007 153 2189 969 229 579 338 241 96 854 1100 145 601 725 414 311 123 112 241 192 147 92 312 374 348 88 62 7886
is_linear=0
shrinkage=0.04


Tree=39
num_leaves=39
num_cat=0
split_feature=13 135 15 8 119 48 101 119 48 119 48 119 22 12 118 119 48 48 119 102 12 102 48 119 48 48 17 102 119 48 119 12 119 119 48 17 56 84
split_gain=943.716 1044.4 1121.23 118.149 26.8873 72.3149 48.3769 26.2953 24.8321 16.4101 14.9239 23.3267 13.4518 12.3388 9.3565 9.15631 26.0941 8.77614 20.1667 7.77924 6.96818 6.51952 6.44364 6.05132 9.31128 8.26152 7.88462 5.27491 4.94375 6.80556 5.16469 10.74 4.78261 4.17339 4.40158 4.32234 4.04252 3.79131
threshold=0.93636366724967968 1.0000000180025095e-35 0.75000000000000011 -0.40166752040386194 0.56429719924926769 0.49434550106525427 1.0000000180025095e-35 0.56429719924926769 0.49548439681530004 0.38069936633110052 0.53617689013481151 0.59593412280082714 0.12173399329185487 0.91245013475418102 1.0000000180025095e-35 0.51532536745071422 0.45428046584129339 0.48106098175048834 0.53999802470207225 0.60369193553924572 0.93004098534584057 0.5541210174560548 0.42232480645179754 0.52266719937324535 0.46050065755844122 0.48106098175048834 0.55159601569175731 0.76884824037551891 0.48508223891258245 0.42232480645179754 0.45485258102416998 0.78291481733322155 0.5350683629512788 0.387991413474083 0.45428046584129339 0.51533141732215892 0.29048770666122442 1.0000000180025095e-35
decision_type=2 2 2 2 2 2 2 2 2 2 2 2 2 2 2 2 2 2 2 2 2 2 2 2 2 2 2 2 2 2 2 2 2 2 2 2 2 2
left_child=-1 37 -3 7 5 9 14 8 20 -5 19 -12 27 15 -6 16 28 21 -19 -8 23 -17 -21 24 33 -25 -27 -9 29 30 31 -11 -7 -4 -35 36 -36 -2
right_child=1 2 3 4 6 32 10 12 -10 13 11 -13 -14 -15 -16 17 -18 18 -20 22 -22 -23 -24 25 -26 26 -28 -29 -30 -31 -32 -33 -34 34 35 -37 -38 -39
leaf_value=0 -0.078146463727389412 -0.078146463727389412 0.011396355735465704 -0.059100766284329753 0.028533135040491119 0.18736698682856032 0.011396355735465704 0.011396355735465704 0.011396355735465704 0.011396355735465704 -0.078146463727389412 0.011396355735465704 0.011396355735465704 0.011396355735465704 -0.0047533596529998334 0.011396355735465704 -0.078146463727389412 -0.079265743900365587 0.012950177476987648 0.011396355735465704 0.011396355735465704 0.011396355735465704 0.011396355735465704 0.011396355735465704 0.014789580137974863 0.011396355735465704 0.011396355735465704 0.011396355735465704 0.011396355735465704 0.011396355735465704 0.011396355735465704 -0.094472230990951797 -0.0039316189727734499 0.011396355735465704 0.015972117006273549 0.011396355735465704 0.011396355735465704 0.0054755250273019682
leaf_weight=43208 7410 2874 26 57 114 20 253 80 169 57 59 94 2036 390 115 109 97 48 48 181 375 36 420 188 40 78 45 73 49 45 55 35 292 260 20 25 43 476
leaf_count=43208 7410 2874 26 57 114 20 253 80 169 57 59 94 2036 390 115 109 97 48 48 181 375 36 420 188 40 78 45 73 49 45 55 35 292 260 20 25 43 476
internal_value=-0.000872668 0.00717437 0.0165614 0.0263581 0.0198695 0.0159402 0.024123 0.031188 0.0266068 0.0210682 0.0278967 0.0163922 0.0338438 0.0222951 0.00752838 0.0185907 0.0143432 0.0245477 0.0151667 0.0299578 0.0288 0.0307586 0.0274809 0.0265103 0.023343 0.0307267 0.0226667 0.0224052 0.0213942 0.0185 0.0226667 0.0168696 -0.000923078 0.0253048 0.0264598 0.0187273 0.0131429 -0.00342683
internal_weight=60000 16792 8906 6032 2574 1338 1236 3458 1269 1026 1007 153 2189 969 229 579 338 241 96 854 1100 145 601 725 414 311 123 153 241 192 147 92 312 374 348 88 63 7886
internal_count=60000 16792 8906 6032 2574 1338 1236 3458 1269 1026 1007 153 2189 969 229 579 338 241 96 854 1100 145 601 725 414 311 123 153 241 192 147 92 312 374 348 88 63 7886
is_linear=0
shrinkage=0.04


Tree=40
num_leaves=39
num_cat=0
split_feature=30 135 15 8 29 102 31 101 102 31 102 73 85 101 102 31 85 85 29 31 102 121 85 128 118 29 102 29 102 34 31 0 31 85 68 110 118 102
split_gain=943.716 1044.4 1121.23 118.149 26.2349 35.5553 43.2591 31.8478 21.9307 24.4747 15.2446 13.1331 13.0988 12.4243 10.5046 18.5659 8.57542 8.21149 13.6121 7.69897 18.9431 7.16434 5.7483 5.69643 5.64626 5.6262 7.66217 9.80472 5.60958 5.34031 5.00027 10.2162 4.91204 4.87718 9.82535 4.54575 4.34603 4.27424
threshold=0.93636366724967968 1.0000000180025095e-35 0.75000000000000011 -0.40166752040386194 0.91245013475418102 0.56428781151771557 0.49434550106525427 1.0000000180025095e-35 0.56249344348907482 0.49434550106525427 0.37993320822715765 0.085450042039155974 0.58078435063362133 1.0000000180025095e-35 0.51555371284484874 0.45428046584129339 0.3885036855936051 0.59591841697692882 0.85620406270027172 0.48106098175048834 0.54028829932212841 1.0000000180025095e-35 0.55858969688415538 -0.77259662747383107 1.0000000180025095e-35 0.93004098534584057 0.52068921923637401 0.91245013475418102 0.76884824037551891 0.5538635551929475 0.48106098175048834 0.5412975847721101 0.49782148003578192 0.40925115346908575 0.45372331142425543 -0.70719650387763966 1.0000000180025095e-35 0.52068921923637401
decision_type=2 2 2 2 2 2 2 2 2 2 2 2 2 2 2 2 2 2 2 2 2 2 2 2 2 2 2 2 2 2 2 2 2 2 2 2 2 2
left_child=-1 -2 -3 8 5 6 14 24 9 21 -6 28 -9 36 15 16 -5 18 -14 22 -21 -4 -16 -19 -7 26 27 -23 -10 35 -28 -32 -31 -18 -35 -11 -12 -15
right_child=1 2 3 4 10 7 -8 12 11 29 13 -13 17 37 19 -17 33 23 -20 20 -22 25 -24 -25 -26 -27 30 -29 -30 32 31 -33 -34 34 -36 -37 -38 -39
leaf_value=0 -0.075020605178293842 -0.075020605178293842 0.010940501506047084 -0.21359422489437069 -0.21359422489437069 0.027391809638871507 -0.00074258473424727357 0.010940501506047084 0.010940501506047084 0.010940501506047084 0.035886796542202823 0.010940501506047084 0.010940501506047084 0.010940501506047084 0.010940501506047084 -0.075020605178293842 0.010940501506047084 0.010940501506047084 -0.075020605178293842 -0.076095114144350967 0.013589564184119272 0.010940501506047084 0.010940501506047084 0.010940501506047084 -0.0042720199448160042 0.010940501506047084 0.010940501506047084 -0.021598433266434701 0.010940501506047084 0.010940501506047084 0.010940501506047084 0.010940501506047084 0.010940501506047084 -0.090693341751313716 0.010940501506047084 0.012694204072550374 -0.0061799796609472435 0.010940501506047084
leaf_weight=43208 7886 2874 220 32 28 81 292 206 58 91 35 2022 29 274 98 90 38 441 46 45 46 338 42 109 88 294 150 32 55 36 32 42 50 28 145 38 28 353
leaf_count=43208 7886 2874 220 32 28 81 292 206 58 91 35 2022 29 274 98 90 38 441 46 45 46 338 42 109 88 294 150 32 55 36 32 42 50 28 145 38 28 353
internal_value=-0.000872668 0.00717437 0.0165614 0.0263581 0.0198695 0.0173578 0.0113738 0.02248 0.031188 0.0271413 0.0263621 0.0336955 0.0256992 0.0275362 0.017844 0.0132973 0.0190453 0.022816 0.0104 0.0243983 0.0153407 0.0295379 0.0302857 0.0245091 0.00665089 0.0279369 0.025697 0.0221622 0.0204248 0.0147907 0.0315357 0.023027 0.0225116 0.0219716 0.0191214 0.00964341 0.0106032 0.0292376
internal_weight=60000 16792 8906 6032 2574 1856 856 1000 3458 1323 718 2135 831 690 564 333 243 625 75 231 91 1108 140 550 169 888 594 370 113 215 224 74 86 211 173 129 63 627
internal_count=60000 16792 8906 6032 2574 1856 856 1000 3458 1323 718 2135 831 690 564 333 243 625 75 231 91 1108 140 550 169 888 594 370 113 215 224 74 86 211 173 129 63 627
is_linear=0
shrinkage=0.04


Tree=41
num_leaves=39
num_cat=0
split_feature=13 135 15 8 12 102 14 101 102 14 102 73 85 101 102 14 85 85 12 14 102 122 85 128 118 102 12 102 12 34 14 0 14 85 68 110 118 102
split_gain=944.118 1043.87 1121.23 118.149 26.2349 35.5553 43.2591 31.8478 21.9307 24.4747 15.2446 13.1331 13.0988 12.4243 10.5046 18.5659 8.57542 8.21149 13.6121 7.69897 18.9431 7.12375 5.7483 5.69643 5.64626 5.60958 5.60056 7.716 9.80472 5.34031 5.01263 10.2162 4.91204 4.87718 9.82535 4.54575 4.34603 4.27424
threshold=0.93636366724967968 1.0000000180025095e-35 0.75000000000000011 -0.40166752040386194 0.91245013475418102 0.56428781151771557 0.49434550106525427 1.0000000180025095e-35 0.56249344348907482 0.49434550106525427 0.37993320822715765 0.085450042039155974 0.58078435063362133 1.0000000180025095e-35 0.51555371284484874 0.45428046584129339 0.3885036855936051 0.59591841697692882 0.85620406270027172 0.48106098175048834 0.54028829932212841 1.0000000180025095e-35 0.55858969688415538 -0.77259662747383107 1.0000000180025095e-35 0.76884824037551891 0.93004098534584057 0.52068921923637401 0.91245013475418102 0.5538635551929475 0.48106098175048834 0.5412975847721101 0.49782148003578192 0.40925115346908575 0.45372331142425543 -0.70719650387763966 1.0000000180025095e-35 0.52068921923637401
decision_type=2 2 2 2 2 2 2 2 2 2 2 2 2 2 2 2 2 2 2 2 2 2 2 2 2 2 2 2 2 2 2 2 2 2 2 2 2 2
left_child=-1 -2 -3 8 5 6 14 24 9 21 -6 25 -9 36 15 16 -5 18 -14 22 -21 26 -16 -19 -7 -10 27 28 -4 35 -29 -32 -31 -18 -35 -11 -12 -15
right_child=1 2 3 4 10 7 -8 12 11 29 13 -13 17 37 19 -17 33 23 -20 20 -22 -23 -24 -25 -26 -27 -28 30 -30 32 31 -33 -34 34 -36 -37 -38 -39
leaf_value=0 -0.072019780971162087 -0.072019780971162087 0.010502881445805202 -0.20505045589859588 -0.20505045589859588 0.02629613725331666 -0.00071288134487737412 0.010502881445805202 0.010502881445805202 0.010502881445805202 0.034451324680514719 0.010502881445805202 0.010502881445805202 0.010502881445805202 0.010502881445805202 -0.072019780971162087 0.010502881445805202 0.010502881445805202 -0.072019780971162087 -0.073051309578576931 0.013045981616754493 0.010502881445805202 0.010502881445805202 0.010502881445805202 -0.0041011391470233702 0.010502881445805202 0.010502881445805202 0.010502881445805202 -0.020734495935777295 0.010502881445805202 0.010502881445805202 0.010502881445805202 0.010502881445805202 -0.087065608081261167 0.010502881445805202 0.01218643590964835 -0.0059327804745093471 0.010502881445805202
leaf_weight=43208 7886 2874 338 32 28 81 292 206 58 91 35 2022 29 274 98 90 38 441 46 45 46 219 42 109 88 55 294 151 32 36 32 42 50 28 145 38 28 353
leaf_count=43208 7886 2874 338 32 28 81 292 206 58 91 35 2022 29 274 98 90 38 441 46 45 46 219 42 109 88 55 294 151 32 36 32 42 50 28 145 38 28 353
internal_value=-0.000872001 0.00717675 0.0165614 0.0263581 0.0198695 0.0173578 0.0113738 0.02248 0.031188 0.0271413 0.0263621 0.0336955 0.0256992 0.0275362 0.017844 0.0132973 0.0190453 0.022816 0.0104 0.0243983 0.0153407 0.0295379 0.0302857 0.0245091 0.00665089 0.0204248 0.027946 0.0257143 0.0221622 0.0147907 0.0315556 0.023027 0.0225116 0.0219716 0.0191214 0.00964341 0.0106032 0.0292376
internal_weight=60000 16792 8906 6032 2574 1856 856 1000 3458 1323 718 2135 831 690 564 333 243 625 75 231 91 1108 140 550 169 113 889 595 370 215 225 74 86 211 173 129 63 627
internal_count=60000 16792 8906 6032 2574 1856 856 1000 3458 1323 718 2135 831 690 564 333 243 625 75 231 91 1108 140 550 169 113 889 595 370 215 225 74 86 211 173 129 63 627
is_linear=0
shrinkage=0.04


Tree=42
num_leaves=39
num_cat=0
split_feature=13 135 32 8 119 14 84 119 14 119 14 119 73 12 120 119 14 14 119 102 12 102 119 14 14 17 102 14 119 14 119 12 119 119 14 34 56 119
split_gain=944.118 1043.87 1121.23 118.149 26.8873 72.3149 37.7287 26.2953 24.8321 16.4101 13.694 24.8943 13.5613 12.3388 11.2336 9.15631 26.0941 8.77614 20.1667 6.97882 6.96818 6.51952 6.05132 9.31128 8.26152 7.88462 5.48685 5.30786 4.94375 6.80556 5.16469 10.74 4.78261 4.17339 4.40158 4.64798 4.27773 4.1024
threshold=0.93636366724967968 1.0000000180025095e-35 0.75000000000000011 -0.40166752040386194 0.56429719924926769 0.49434550106525427 1.0000000180025095e-35 0.56429719924926769 0.49548439681530004 0.38069936633110052 0.53617689013481151 0.59593412280082714 0.085450042039155974 0.91245013475418102 1.0000000180025095e-35 0.51532536745071422 0.45428046584129339 0.48106098175048834 0.53999802470207225 0.60369193553924572 0.93004098534584057 0.5541210174560548 0.52266719937324535 0.46050065755844122 0.48106098175048834 0.55159601569175731 0.76884824037551891 0.42232480645179754 0.48508223891258245 0.42232480645179754 0.45485258102416998 0.78291481733322155 0.5350683629512788 0.387991413474083 0.45428046584129339 0.5148436725139619 0.29048770666122442 0.63175231218338024
decision_type=2 2 2 2 2 2 2 2 2 2 2 2 2 2 2 2 2 2 2 2 2 2 2 2 2 2 2 2 2 2 2 2 2 2 2 2 2 2
left_child=-1 -2 -3 7 5 9 14 8 20 -5 19 -12 26 15 -6 16 28 21 -19 -8 22 -17 23 33 -24 -26 -9 -21 29 30 31 -11 -7 -4 -35 36 -36 -29
right_child=1 2 3 4 6 32 10 12 -10 13 11 -13 -14 -15 -16 17 -18 18 -20 27 -22 -23 24 -25 25 -27 -28 37 -30 -31 -32 -33 -34 34 35 -37 -38 -39
leaf_value=0 -0.069138989732315609 -0.069138989732315609 0.010082766187972965 -0.047032333917916738 0.023336330658467973 0.17993052599858289 0.010082766187972965 0.010082766187972965 0.010082766187972965 0.010082766187972965 -0.069138989732315609 0.010082766187972965 0.010082766187972965 0.010082766187972965 0.040408197434050143 0.010082766187972965 -0.069138989732315609 -0.07012925719543385 0.011512129338372491 0.010082766187972965 0.010082766187972965 0.010082766187972965 0.010082766187972965 0.015061850040187461 0.010082766187972965 0.010082766187972965 0.010082766187972965 0.010082766187972965 0.010082766187972965 0.010082766187972965 0.010082766187972965 -0.083582983758010723 -0.0037161355706975029 0.010082766187972965 0.014475497007948519 0.010082766187972965 0.010082766187972965 0.010082766187972965
leaf_weight=43208 7886 2874 26 57 286 20 251 57 169 57 58 84 2077 390 35 109 97 48 48 161 375 36 188 40 78 45 55 92 49 45 55 35 292 260 20 26 42 269
leaf_count=43208 7886 2874 26 57 286 20 251 57 169 57 58 84 2077 390 35 109 97 48 48 161 375 36 188 40 78 45 55 92 49 45 55 35 292 260 20 26 42 269
internal_value=-0.000872001 0.00717675 0.0165614 0.0263581 0.0198695 0.0159402 0.024123 0.031188 0.0266068 0.0210682 0.0282623 0.0168451 0.0338438 0.0222951 0.012324 0.0185907 0.0143432 0.0245477 0.0151667 0.0303596 0.0288 0.0307586 0.0265103 0.023343 0.0307267 0.0226667 0.0202857 0.0277241 0.0213942 0.0185 0.0226667 0.0168696 -0.000923078 0.0253048 0.0264598 0.0187273 0.0127742 0.0250305
internal_weight=60000 16792 8906 6032 2574 1338 1236 3458 1269 1026 915 142 2189 969 321 579 338 241 96 773 1100 145 725 414 311 123 112 522 241 192 147 92 312 374 348 88 62 361
internal_count=60000 16792 8906 6032 2574 1338 1236 3458 1269 1026 915 142 2189 969 321 579 338 241 96 773 1100 145 725 414 311 123 112 522 241 192 147 92 312 374 348 88 62 361
is_linear=0
shrinkage=0.04


Tree=43
num_leaves=39
num_cat=0
split_feature=13 135 32 8 119 14 101 119 14 119 14 119 73 12 118 119 14 14 119 102 12 102 14 119 14 14 17 102 119 14 119 12 119 119 14 34 56 101
split_gain=944.118 1043.87 1121.23 118.149 26.8873 72.3149 48.3769 26.2953 24.8321 16.4101 14.9239 23.3267 13.5613 12.3388 9.3565 9.15631 26.0941 8.77614 20.1667 7.77924 6.96818 6.51952 6.44364 6.05132 9.31128 8.26152 7.88462 5.48685 4.94375 6.80556 5.16469 10.74 4.78261 4.17339 4.40158 4.64798 4.27773 3.96969
threshold=0.93636366724967968 1.0000000180025095e-35 0.75000000000000011 -0.40166752040386194 0.56429719924926769 0.49434550106525427 1.0000000180025095e-35 0.56429719924926769 0.49548439681530004 0.38069936633110052 0.53617689013481151 0.59593412280082714 0.085450042039155974 0.91245013475418102 1.0000000180025095e-35 0.51532536745071422 0.45428046584129339 0.48106098175048834 0.53999802470207225 0.60369193553924572 0.93004098534584057 0.5541210174560548 0.42232480645179754 0.52266719937324535 0.46050065755844122 0.48106098175048834 0.55159601569175731 0.76884824037551891 0.48508223891258245 0.42232480645179754 0.45485258102416998 0.78291481733322155 0.5350683629512788 0.387991413474083 0.45428046584129339 0.5148436725139619 0.29048770666122442 1.0000000180025095e-35
decision_type=2 2 2 2 2 2 2 2 2 2 2 2 2 2 2 2 2 2 2 2 2 2 2 2 2 2 2 2 2 2 2 2 2 2 2 2 2 2
left_child=-1 37 -3 7 5 9 14 8 20 -5 19 -12 27 15 -6 16 28 21 -19 -8 23 -17 -21 24 33 -25 -27 -9 29 30 31 -11 -7 -4 -35 36 -36 -2
right_child=1 2 3 4 6 32 10 12 -10 13 11 -13 -14 -15 -16 17 -18 18 -20 22 -22 -23 -24 25 -26 26 -28 -29 -30 -31 -32 -33 -34 34 35 -37 -38 -39
leaf_value=0 -0.066373430143022979 -0.066373430143022979 0.0096794555404540721 -0.045151040561200055 0.024310838536845267 0.17273330495863956 0.0096794555404540721 0.0096794555404540721 0.0096794555404540721 0.0096794555404540721 -0.066373430143022979 0.0096794555404540721 0.0096794555404540721 0.0096794555404540721 -0.0051617521295450079 0.0096794555404540721 -0.066373430143022979 -0.067324086907616487 0.011051644164837584 0.0096794555404540721 0.0096794555404540721 0.0096794555404540721 0.0096794555404540721 0.0096794555404540721 0.014459376038579986 0.0096794555404540721 0.0096794555404540721 0.0096794555404540721 0.0096794555404540721 0.0096794555404540721 0.0096794555404540721 -0.080239664407690287 -0.0035674901478696341 0.0096794555404540721 0.013896477127630575 0.0096794555404540721 0.0096794555404540721 0.16418436079458817
leaf_weight=43208 7574 2874 26 57 114 20 253 57 169 57 59 94 2077 390 115 109 97 48 48 181 375 36 420 188 40 78 45 55 49 45 55 35 292 260 20 26 42 312
leaf_count=43208 7574 2874 26 57 114 20 253 57 169 57 59 94 2077 390 115 109 97 48 48 181 375 36 420 188 40 78 45 55 49 45 55 35 292 260 20 26 42 312
internal_value=-0.000872001 0.00717675 0.0165614 0.0263581 0.0198695 0.0159402 0.024123 0.031188 0.0266068 0.0210682 0.0278967 0.0163922 0.0338438 0.0222951 0.00752838 0.0185907 0.0143432 0.0245477 0.0151667 0.0299578 0.0288 0.0307586 0.0274809 0.0265103 0.023343 0.0307267 0.0226667 0.0202857 0.0213942 0.0185 0.0226667 0.0168696 -0.000923078 0.0253048 0.0264598 0.0187273 0.0127742 -0.00342176
internal_weight=60000 16792 8906 6032 2574 1338 1236 3458 1269 1026 1007 153 2189 969 229 579 338 241 96 854 1100 145 601 725 414 311 123 112 241 192 147 92 312 374 348 88 62 7886
internal_count=60000 16792 8906 6032 2574 1338 1236 3458 1269 1026 1007 153 2189 969 229 579 338 241 96 854 1100 145 601 725 414 311 123 112 241 192 147 92 312 374 348 88 62 7886
is_linear=0
shrinkage=0.04


Tree=44
num_leaves=39
num_cat=0
split_feature=13 135 15 128 119 14 101 119 14 119 14 119 22 12 119 14 14 119 118 102 119 119 14 12 102 119 14 14 85 119 58 119 119 14 119 12 0 119
split_gain=944.118 1043.87 1121.23 117.508 29.0846 76.4366 45.7215 22.0815 22.2515 16.7984 16.2753 23.8503 14.5033 13.4615 14.581 21.0839 11.4688 20.6633 8.73055 7.78962 7.70315 6.51469 5.90102 5.73608 5.58231 5.31454 7.99768 7.07585 7.82285 5.61108 5.05479 4.76572 4.63742 6.94118 5.36342 11.0473 4.34201 6.36829
threshold=0.93636366724967968 1.0000000180025095e-35 0.75000000000000011 -0.29012919962406153 0.56429719924926769 0.49434550106525427 1.0000000180025095e-35 0.56429719924926769 0.49548439681530004 0.38069936633110052 0.53617689013481151 0.59593412280082714 0.12173399329185487 0.93004098534584057 0.5205402970314027 0.45428046584129339 0.48106098175048834 0.53999802470207225 1.0000000180025095e-35 0.60369193553924572 0.51532536745071422 0.54425701498985302 0.48106098175048834 0.93004098534584057 0.76884824037551891 0.52266719937324535 0.45428046584129339 0.48106098175048834 0.54239150881767284 0.45485258102416998 0.10889089480042459 0.5350683629512788 0.48508223891258245 0.42232480645179754 0.45485258102416998 0.78291481733322155 0.43281006813049322 0.387991413474083
decision_type=2 2 2 2 2 2 2 2 2 2 2 2 2 2 2 2 2 2 2 2 2 2 2 2 2 2 2 2 2 2 2 2 2 2 2 2 2 2
left_child=-1 -2 -3 4 5 9 18 8 23 -4 19 -12 24 14 15 32 21 -18 -6 -8 -17 -16 -21 25 -9 26 29 -27 -29 36 -10 -7 33 34 35 -11 37 -5
right_child=1 2 3 7 6 31 10 12 30 13 11 -13 -14 -15 16 20 17 -19 -20 22 -22 -23 -24 -25 -26 27 -28 28 -30 -31 -32 -33 -34 -35 -36 -37 -38 -39
leaf_value=0 -0.063718492937302071 -0.063718492937302071 0.024948710794629944 0.0092922773188359297 0.023338404995371462 0.16582397276029398 0.0092922773188359297 0.0092922773188359297 0.0092922773188359297 0.0092922773188359297 -0.063718492937302071 0.0092922773188359297 0.0092922773188359297 0.0092922773188359297 0.0092922773188359297 -0.063718492937302071 -0.064631123431311832 0.010218119854447497 0.0018696202248808902 0.0092922773188359297 0.0092922773188359297 0.0092922773188359297 0.0092922773188359297 0.0092922773188359297 0.0092922773188359297 0.0092922773188359297 0.0092922773188359297 0.0092922773188359297 0.0092922773188359297 0.0092922773188359297 0.0092922773188359297 -0.003424790541954863 0.0092922773188359297 0.0092922773188359297 0.0092922773188359297 -0.034077521049347081 0.0092922773188359297 0.0092922773188359297
leaf_weight=43208 7886 2874 60 24 113 20 270 80 120 59 61 97 2005 330 161 114 49 49 115 417 35 24 189 359 78 179 117 40 77 159 41 304 55 50 57 38 36 50
leaf_count=43208 7886 2874 60 24 113 20 270 80 120 59 61 97 2005 330 161 114 49 49 115 417 35 24 189 359 78 179 117 40 77 159 41 304 55 50 57 38 36 50
internal_value=-0.000872001 0.00717675 0.0165614 0.0263581 0.020087 0.0161281 0.0244945 0.0313284 0.0269817 0.0212359 0.0280696 0.0162532 0.0337439 0.0224447 0.0192706 0.0144314 0.0262473 0.0151837 0.0082807 0.0302009 0.00244295 0.0321081 0.0276832 0.029122 0.0220759 0.0269677 0.0238756 0.031 0.0233504 0.0276729 0.0131429 -0.000913581 0.0213282 0.018549 0.0227532 0.0170309 0.0207273 0.0262703
internal_weight=60000 16792 8906 6032 2667 1405 1262 3365 1202 1081 1034 158 2163 1021 691 408 283 98 228 876 149 185 606 1041 158 682 386 296 117 269 161 324 259 204 154 97 110 74
internal_count=60000 16792 8906 6032 2667 1405 1262 3365 1202 1081 1034 158 2163 1021 691 408 283 98 228 876 149 185 606 1041 158 682 386 296 117 269 161 324 259 204 154 97 110 74
is_linear=0
shrinkage=0.04


Tree=45
num_leaves=39
num_cat=0
split_feature=13 135 15 8 119 14 101 119 14 119 14 119 73 46 118 119 14 14 119 102 46 102 14 119 14 14 17 102 119 14 119 14 119 119 14 0 56 101
split_gain=944.118 1043.87 1121.23 118.149 26.8873 72.3149 48.3769 26.2953 24.8321 16.4101 14.9239 23.3267 13.5613 12.3388 9.3565 9.15631 26.0941 8.77614 20.1667 7.77924 6.96818 6.51952 6.44364 6.05132 9.31128 8.26152 7.88462 5.48685 4.94375 6.80556 5.16469 10.74 4.78261 4.17339 4.40158 5.69494 5.09031 3.96969
threshold=0.93636366724967968 1.0000000180025095e-35 0.75000000000000011 -0.40166752040386194 0.56429719924926769 0.49434550106525427 1.0000000180025095e-35 0.56429719924926769 0.49548439681530004 0.38069936633110052 0.53617689013481151 0.59593412280082714 0.085450042039155974 0.91245013475418102 1.0000000180025095e-35 0.51532536745071422 0.45428046584129339 0.48106098175048834 0.53999802470207225 0.60369193553924572 0.93004098534584057 0.5541210174560548 0.42232480645179754 0.52266719937324535 0.46050065755844122 0.48106098175048834 0.55159601569175731 0.76884824037551891 0.48508223891258245 0.42232480645179754 0.45485258102416998 0.3916513472795487 0.5350683629512788 0.387991413474083 0.45428046584129339 0.51431739330291759 0.29048770666122442 1.0000000180025095e-35
decision_type=2 2 2 2 2 2 2 2 2 2 2 2 2 2 2 2 2 2 2 2 2 2 2 2 2 2 2 2 2 2 2 2 2 2 2 2 2 2
left_child=-1 37 -3 7 5 9 14 8 20 -5 19 -12 27 15 -6 16 28 21 -19 -8 23 -17 -21 24 33 -25 -27 -9 29 30 31 -11 -7 -4 -35 36 -36 -2
right_child=1 2 3 4 6 32 10 12 -10 13 11 -13 -14 -15 -16 17 -18 18 -20 22 -22 -23 -24 25 -26 26 -28 -29 -30 -31 -32 -33 -34 34 35 -37 -38 -39
leaf_value=0 -0.061169753219809983 -0.061169753219809983 0.008920586226082463 -0.044342947370537227 0.022404868795556612 0.15919101384988221 0.008920586226082463 0.008920586226082463 0.008920586226082463 0.008920586226082463 -0.061169753219809983 0.008920586226082463 0.008920586226082463 0.008920586226082463 -0.0050300668533584062 0.008920586226082463 -0.061169753219809983 -0.062045878494059362 0.01020085360406617 0.008920586226082463 0.008920586226082463 0.008920586226082463 0.008920586226082463 0.008920586226082463 0.013509309904283309 0.008920586226082463 0.008920586226082463 0.008920586226082463 0.008920586226082463 0.008920586226082463 0.008920586226082463 -0.075666976989408788 -0.0032877989202766858 0.008920586226082463 0.012968926949771885 0.008920586226082463 0.008920586226082463 0.16016572608029672
leaf_weight=43208 7574 2874 26 57 114 20 253 57 169 57 59 94 2077 390 115 109 97 48 48 181 375 36 420 188 40 78 45 55 49 45 55 35 292 260 20 29 39 312
leaf_count=43208 7574 2874 26 57 114 20 253 57 169 57 59 94 2077 390 115 109 97 48 48 181 375 36 420 188 40 78 45 55 49 45 55 35 292 260 20 29 39 312
internal_value=-0.000872001 0.00717675 0.0165614 0.0263581 0.0198695 0.0159402 0.024123 0.031188 0.0266068 0.0210682 0.0278967 0.0163922 0.0338438 0.0222951 0.00752838 0.0185907 0.0143432 0.0245477 0.0151667 0.0299578 0.0288 0.0307586 0.0274809 0.0265103 0.023343 0.0307267 0.0226667 0.0202857 0.0213942 0.0185 0.0226667 0.0168696 -0.000923078 0.0253048 0.0264598 0.0187273 0.0115932 -0.00342176
internal_weight=60000 16792 8906 6032 2574 1338 1236 3458 1269 1026 1007 153 2189 969 229 579 338 241 96 854 1100 145 601 725 414 311 123 112 241 192 147 92 312 374 348 88 59 7886
internal_count=60000 16792 8906 6032 2574 1338 1236 3458 1269 1026 1007 153 2189 969 229 579 338 241 96 854 1100 145 601 725 414 311 123 112 241 192 147 92 312 374 348 88 59 7886
is_linear=0
shrinkage=0.04


Tree=46
num_leaves=39
num_cat=0
split_feature=30 135 32 8 119 14 84 119 14 119 14 119 73 12 120 119 14 14 119 102 12 102 119 14 14 34 102 14 119 14 119 12 119 119 14 0 56 119
split_gain=943.716 1044.4 1121.23 118.149 26.8873 72.3149 37.7287 26.2953 24.8321 16.4101 13.694 24.8943 13.5613 12.3388 11.2336 9.15631 26.0941 8.77614 20.1667 6.97882 6.96818 6.51952 6.05132 9.31128 8.26152 7.88462 5.48685 5.30786 4.94375 6.80556 5.16469 10.74 4.78261 4.17339 4.40158 5.69494 5.09031 4.1024
threshold=0.93636366724967968 1.0000000180025095e-35 0.75000000000000011 -0.40166752040386194 0.56429719924926769 0.49434550106525427 1.0000000180025095e-35 0.56429719924926769 0.49548439681530004 0.38069936633110052 0.53617689013481151 0.59593412280082714 0.085450042039155974 0.91245013475418102 1.0000000180025095e-35 0.51532536745071422 0.45428046584129339 0.48106098175048834 0.53999802470207225 0.60369193553924572 0.93004098534584057 0.5541210174560548 0.52266719937324535 0.46050065755844122 0.48106098175048834 0.55161949992179882 0.76884824037551891 0.42232480645179754 0.48508223891258245 0.42232480645179754 0.45485258102416998 0.78291481733322155 0.5350683629512788 0.387991413474083 0.45428046584129339 0.51431739330291759 0.29048770666122442 0.63175231218338024
decision_type=2 2 2 2 2 2 2 2 2 2 2 2 2 2 2 2 2 2 2 2 2 2 2 2 2 2 2 2 2 2 2 2 2 2 2 2 2 2
left_child=-1 -2 -3 7 5 9 14 8 20 -5 19 -12 26 15 -6 16 28 21 -19 -8 22 -17 23 33 -24 -26 -9 -21 29 30 31 -11 -7 -4 -35 36 -36 -29
right_child=1 2 3 4 6 32 10 12 -10 13 11 -13 -14 -15 -16 17 -18 18 -20 27 -22 -23 24 -25 25 -27 -28 37 -30 -31 -32 -33 -34 34 35 -37 -38 -39
leaf_value=0 -0.058722963091017592 -0.058722963091017592 0.0085637627770391595 -0.042569229475715745 0.019600712939018338 0.15282337329588694 0.0085637627770391595 0.0085637627770391595 0.0085637627770391595 0.0085637627770391595 -0.058722963091017592 0.0085637627770391595 0.0085637627770391595 0.0085637627770391595 0.035989705043577208 0.0085637627770391595 -0.058722963091017592 -0.059564043354296985 0.0097928194599034984 0.0085637627770391595 0.0085637627770391595 0.0085637627770391595 0.0085637627770391595 0.012968937508112002 0.0085637627770391595 0.0085637627770391595 0.0085637627770391595 0.0085637627770391595 0.0085637627770391595 0.0085637627770391595 0.0085637627770391595 -0.072640297909832438 -0.0031562869634656466 0.0085637627770391595 0.012450169871781044 0.0085637627770391595 0.0085637627770391595 0.0085637627770391595
leaf_weight=43208 7886 2874 26 57 286 20 251 57 169 57 58 84 2077 390 35 109 97 48 48 161 375 36 188 40 78 45 55 92 49 45 55 35 292 260 20 29 39 269
leaf_count=43208 7886 2874 26 57 286 20 251 57 169 57 58 84 2077 390 35 109 97 48 48 161 375 36 188 40 78 45 55 92 49 45 55 35 292 260 20 29 39 269
internal_value=-0.000872668 0.00717437 0.0165614 0.0263581 0.0198695 0.0159402 0.024123 0.031188 0.0266068 0.0210682 0.0282623 0.0168451 0.0338438 0.0222951 0.012324 0.0185907 0.0143432 0.0245477 0.0151667 0.0303596 0.0288 0.0307586 0.0265103 0.023343 0.0307267 0.0226667 0.0202857 0.0277241 0.0213942 0.0185 0.0226667 0.0168696 -0.000923078 0.0253048 0.0264598 0.0187273 0.0115932 0.0250305
internal_weight=60000 16792 8906 6032 2574 1338 1236 3458 1269 1026 915 142 2189 969 321 579 338 241 96 773 1100 145 725 414 311 123 112 522 241 192 147 92 312 374 348 88 59 361
internal_count=60000 16792 8906 6032 2574 1338 1236 3458 1269 1026 915 142 2189 969 321 579 338 241 96 773 1100 145 725 414 311 123 112 522 241 192 147 92 312 374 348 88 59 361
is_linear=0
shrinkage=0.04


Tree=47
num_leaves=39
num_cat=0
split_feature=13 135 15 8 119 14 29 119 14 101 124 102 14 119 101 102 119 14 119 102 14 119 102 34 14 29 119 14 118 119 102 127 14 0 29 119 119 14
split_gain=945.326 1046.28 1123.19 111.844 25.4686 25.2819 24.6277 35.0456 37.0834 34.6595 20.7531 15.2446 13.1523 22.7121 12.4243 11.2309 11.2285 22.7586 9.25182 8.86175 8.77614 20.1667 6.51952 6.08147 6.63947 6.01225 8.53736 9.31128 5.34282 4.98278 10.2472 4.95302 4.94818 9.87275 4.83847 15.1292 4.52015 9.23407
threshold=0.93636366724967968 1.0000000180025095e-35 0.75000000000000011 -0.40166752040386194 0.56429719924926769 0.49434550106525427 0.91245013475418102 0.56429719924926769 0.49434550106525427 1.0000000180025095e-35 0.050035268068313606 0.37993320822715765 0.53617689013481151 0.59593412280082714 1.0000000180025095e-35 0.60369193553924572 0.51532536745071422 0.45428046584129339 0.387991413474083 0.76884824037551891 0.48106098175048834 0.53999802470207225 0.5541210174560548 0.5538635551929475 0.50440177321434032 0.93004098534584057 0.52266719937324535 0.46050065755844122 1.0000000180025095e-35 0.40923309326171881 0.45443418622016912 -0.70920732617378224 0.48106098175048834 0.5412975847721101 0.78291481733322155 0.48003464937210089 0.52266719937324535 0.46050065755844122
decision_type=2 2 2 2 2 2 2 2 2 2 2 2 2 2 2 2 2 2 2 2 2 2 2 2 2 2 2 2 2 2 2 2 2 2 2 2 2 2
left_child=-1 -2 -3 4 5 25 7 8 16 28 19 -8 15 -14 -13 -11 17 18 -5 -6 22 -22 -18 31 -25 26 27 -4 -9 -20 -31 -7 -28 -34 35 -32 37 -16
right_child=1 2 3 6 10 23 11 9 -10 12 -12 14 13 -15 36 -17 20 -19 29 -21 21 -23 -24 24 -26 -27 32 -29 -30 30 34 -33 33 -35 -36 -37 -38 -39
leaf_value=0 -0.056374044567376887 -0.056374044567376887 0.0082212122659576191 -0.19068256404142239 0.0014646656448481111 0.0082212122659576191 -0.19068256404142239 0.020724645526173618 1.7339946882088953e-06 0.0082212122659576191 0.0082212122659576191 0.018150677448236438 -0.056374044567376887 0.0082212122659576191 0.0082212122659576191 0.0082212122659576191 0.0082212122659576191 -0.056374044567376887 0.0082212122659576191 -0.00012135624194236528 -0.057181481620125103 0.0094011066815073586 0.0082212122659576191 0.0082212122659576191 0.0082212122659576191 0.0082212122659576191 0.0082212122659576191 0.012450180007787491 -0.0052246182397406539 -0.069734685993439141 -0.0680423189053527 0.013929414395655471 0.0082212122659576191 0.0082212122659576191 0.0082212122659576191 0.0082212122659576191 0.0082212122659576191 0.0082212122659576191
leaf_weight=43208 7886 2874 374 33 41 95 28 80 312 240 2111 63 59 94 277 380 109 97 45 37 48 48 36 60 38 375 188 40 87 34 43 28 29 42 60 51 323 27
leaf_count=43208 7886 2874 374 33 41 95 28 80 312 240 2111 63 59 94 277 380 109 97 45 37 48 48 36 60 38 375 188 40 87 34 43 28 29 42 60 51 323 27
internal_value=-0.000870001 0.0071839 0.0165794 0.0263846 0.0310839 0.0265753 0.0200715 0.0176379 0.0120699 0.0230638 0.0336976 0.0263621 0.0266339 0.0161307 0.0275362 0.0292258 0.0178543 0.0134105 0.0194586 0.0134359 0.0245477 0.0151667 0.0307586 0.0142805 0.0217143 0.0291679 0.0269064 0.023343 0.00653892 0.0222661 0.0194043 0.00835772 0.0326023 0.0236056 0.0237922 0.0181277 0.0292376 0.0257368
internal_weight=60000 16792 8906 6032 3458 1269 2574 1856 916 940 2189 718 773 153 690 620 604 363 266 78 241 96 145 221 98 1048 673 414 167 233 188 123 259 71 154 94 627 304
internal_count=60000 16792 8906 6032 3458 1269 2574 1856 916 940 2189 718 773 153 690 620 604 363 266 78 241 96 145 221 98 1048 673 414 167 233 188 123 259 71 154 94 627 304
is_linear=0
shrinkage=0.04


Tree=48
num_leaves=39
num_cat=0
split_feature=13 135 15 8 119 14 101 119 14 73 119 14 119 12 118 119 14 102 14 119 102 102 14 34 14 12 119 14 119 14 119 12 127 14 0 119 14 0
split_gain=945.326 1045.28 1122.7 112.16 25.4686 25.2819 24.9174 47.5486 60.545 20.4404 16.3661 15.5047 22.7121 12.3354 10.3491 9.26056 25.934 9.11787 8.77614 20.1667 7.77924 6.51952 6.44364 6.08147 6.63947 6.01225 8.53736 9.31128 5.00227 7.23183 5.16469 10.74 4.95302 4.94818 9.87275 4.17339 4.40158 5.69494
threshold=0.93636366724967968 1.0000000180025095e-35 0.75000000000000011 -0.40166752040386194 0.56429719924926769 0.49434550106525427 1.0000000180025095e-35 0.56429719924926769 0.49434550106525427 0.081620417535305037 0.38069936633110052 0.53617689013481151 0.59593412280082714 0.91245013475418102 1.0000000180025095e-35 0.51532536745071422 0.45428046584129339 0.76884824037551891 0.48106098175048834 0.53999802470207225 0.60369193553924572 0.5541210174560548 0.42232480645179754 0.5538635551929475 0.50440177321434032 0.93004098534584057 0.52266719937324535 0.46050065755844122 0.48508223891258245 0.42232480645179754 0.45485258102416998 0.78291481733322155 -0.70920732617378224 0.48106098175048834 0.5412975847721101 0.387991413474083 0.45428046584129339 0.51431739330291759
decision_type=2 2 2 2 2 2 2 2 2 2 2 2 2 2 2 2 2 2 2 2 2 2 2 2 2 2 2 2 2 2 2 2 2 2 2 2 2 2
left_child=-1 -2 -3 4 5 25 14 8 10 17 -8 20 -13 15 -5 16 28 -6 21 -20 -9 -17 -22 32 -25 26 27 35 29 30 31 -12 -7 -28 -35 -4 -37 -38
right_child=1 2 3 6 9 23 7 11 -10 -11 13 12 -14 -15 -16 18 -18 -19 19 -21 22 -23 -24 24 -26 -27 33 -29 -30 -31 -32 -33 -34 34 -36 36 37 -39
leaf_value=0 -0.054119082784681811 -0.054119082784681811 0.0078923637753192822 0.019895659705126648 0.0014060790190541894 0.0078923637753192822 -0.036421607533340609 0.0078923637753192822 1.6646349006776974e-06 0.0078923637753192822 0.0078923637753192822 -0.054119082784681811 0.0078923637753192822 0.0078923637753192822 -0.0054039079671952097 0.0078923637753192822 -0.054119082784681811 -0.0001165019922646593 -0.054894222355320099 0.0090250624142470901 0.0078923637753192822 0.0078923637753192822 0.0078923637753192822 0.0078923637753192822 0.0078923637753192822 0.0078923637753192822 0.0078923637753192822 0.011952172807475986 0.0078923637753192822 0.0078923637753192822 0.0078923637753192822 -0.066945298553701571 0.013372237819829281 0.0078923637753192822 0.0078923637753192822 0.0078923637753192822 0.0078923637753192822 0.0078923637753192822
leaf_weight=43208 7886 2874 26 116 42 95 57 253 311 2110 57 59 94 389 116 109 97 37 48 48 181 36 420 60 38 375 188 40 49 44 55 35 28 29 42 260 59 29
leaf_count=43208 7886 2874 26 116 42 95 57 253 311 2110 57 59 94 389 116 109 97 37 48 48 181 36 420 60 38 375 188 40 49 44 55 35 28 29 42 260 59 29
internal_value=-0.000870001 0.0071839 0.0165749 0.026378 0.0310839 0.0265753 0.0200559 0.0212946 0.0163446 0.0336976 0.0210391 0.027857 0.0161307 0.0222668 0.00755172 0.0185606 0.0142789 0.0137215 0.0245477 0.0151667 0.0299578 0.0307586 0.0274809 0.0142805 0.0217143 0.0291679 0.0269064 0.023343 0.0213333 0.0184084 0.0226667 0.0168696 0.00835772 0.0326023 0.0236056 0.0253048 0.0264598 0.0187273
internal_weight=60000 16792 8906 6032 3458 1269 2574 2342 1335 2189 1024 1007 153 967 232 578 337 79 241 96 854 145 601 221 98 1048 673 414 240 191 147 92 123 259 71 374 348 88
internal_count=60000 16792 8906 6032 3458 1269 2574 2342 1335 2189 1024 1007 153 967 232 578 337 79 241 96 854 145 601 221 98 1048 673 414 240 191 147 92 123 259 71 374 348 88
is_linear=0
shrinkage=0.04


Tree=49
num_leaves=39
num_cat=0
split_feature=30 135 15 8 119 14 12 119 14 101 124 102 14 119 101 102 119 14 119 102 14 119 102 34 14 12 119 14 118 119 102 127 14 0 12 119 119 12
split_gain=945.729 1045.75 1123.19 111.844 25.4686 25.2819 24.6277 35.0456 37.0834 34.6595 20.7531 15.2446 13.1523 22.7121 12.4243 11.2309 11.2285 22.7586 9.25182 8.86175 8.77614 20.1667 6.51952 6.08147 6.63947 6.01225 8.53736 9.31128 5.34282 4.98278 10.2472 4.95302 4.94818 9.87275 4.83847 15.1292 4.52015 9.23407
threshold=0.93636366724967968 1.0000000180025095e-35 0.75000000000000011 -0.40166752040386194 0.56429719924926769 0.49434550106525427 0.91245013475418102 0.56429719924926769 0.49434550106525427 1.0000000180025095e-35 0.050035268068313606 0.37993320822715765 0.53617689013481151 0.59593412280082714 1.0000000180025095e-35 0.60369193553924572 0.51532536745071422 0.45428046584129339 0.387991413474083 0.76884824037551891 0.48106098175048834 0.53999802470207225 0.5541210174560548 0.5538635551929475 0.50440177321434032 0.93004098534584057 0.52266719937324535 0.46050065755844122 1.0000000180025095e-35 0.40923309326171881 0.45443418622016912 -0.70920732617378224 0.48106098175048834 0.5412975847721101 0.78291481733322155 0.48003464937210089 0.52266719937324535 0.93004098534584057
decision_type=2 2 2 2 2 2 2 2 2 2 2 2 2 2 2 2 2 2 2 2 2 2 2 2 2 2 2 2 2 2 2 2 2 2 2 2 2 2
left_child=-1 -2 -3 4 5 25 7 8 16 28 19 -8 15 -14 -13 -11 17 18 -5 -6 22 -22 -18 31 -25 26 27 -4 -9 -20 -31 -7 -28 -34 35 -32 37 -16
right_child=1 2 3 6 10 23 11 9 -10 12 -12 14 13 -15 36 -17 20 -19 29 -21 21 -23 -24 24 -26 -27 32 -29 -30 30 34 -33 33 -35 -36 -37 -38 -39
leaf_value=0 -0.051954319473294541 -0.051954319473294541 0.0075766692243065138 -0.18159839717843188 0.001349835858292039 0.0075766692243065138 -0.18159839717843188 0.019099833316921604 1.5980495046363786e-06 0.0075766692243065138 0.0075766692243065138 0.016628823962101934 -0.051954319473294541 0.0075766692243065138 0.0075766692243065138 0.0075766692243065138 0.0075766692243065138 -0.051954319473294541 0.0075766692243065138 -0.0001118419125740644 -0.052698453461107297 0.0086640599176771946 0.0075766692243065138 0.0075766692243065138 0.0075766692243065138 0.0075766692243065138 0.0075766692243065138 0.011474085895176952 -0.0047994771914632002 -0.064267486611553515 -0.065636320700151393 0.012837348307036081 0.0075766692243065138 0.0075766692243065138 0.0075766692243065138 0.0075766692243065138 0.0075766692243065138 0.0075766692243065138
leaf_weight=43208 7886 2874 374 33 41 95 28 80 312 240 2111 63 59 94 27 380 109 97 45 37 48 48 36 60 38 375 188 40 87 34 43 28 29 42 60 51 323 277
leaf_count=43208 7886 2874 374 33 41 95 28 80 312 240 2111 63 59 94 27 380 109 97 45 37 48 48 36 60 38 375 188 40 87 34 43 28 29 42 60 51 323 277
internal_value=-0.000869334 0.00718628 0.0165794 0.0263846 0.0310839 0.0265753 0.0200715 0.0176379 0.0120699 0.0230638 0.0336976 0.0263621 0.0266339 0.0161307 0.0275362 0.0292258 0.0178543 0.0134105 0.0194586 0.0134359 0.0245477 0.0151667 0.0307586 0.0142805 0.0217143 0.0291679 0.0269064 0.023343 0.00653892 0.0222661 0.0194043 0.00835772 0.0326023 0.0236056 0.0237922 0.0181277 0.0292376 0.0257368
internal_weight=60000 16792 8906 6032 3458 1269 2574 1856 916 940 2189 718 773 153 690 620 604 363 266 78 241 96 145 221 98 1048 673 414 167 233 188 123 259 71 154 94 627 304
internal_count=60000 16792 8906 6032 3458 1269 2574 1856 916 940 2189 718 773 153 690 620 604 363 266 78 241 96 145 221 98 1048 673 414 167 233 188 123 259 71 154 94 627 304
is_linear=0
shrinkage=0.04


Tree=50
num_leaves=39
num_cat=0
split_feature=47 101 15 79 73 124 102 14 102 102 14 12 102 14 14 102 51 14 102 9 85 102 122 102 102 14 102 12 45 102 111 120 15 14 51 127 39 78
split_gain=945.326 1021.37 1118.66 84.2114 42.5207 32.2031 45.1564 62.4098 18.2809 16.1155 18.6717 13.929 16.5131 20.6456 12.5715 20.9598 15.9619 10.9687 22.2858 8.71801 6.43527 5.79118 5.74558 5.4952 5.31628 8.72002 8.41041 11.5096 4.98381 4.70251 4.40814 11.0352 5.30124 4.32763 4.25939 3.80694 3.76439 3.22921
threshold=0.93636366724967968 1.0000000180025095e-35 0.75000000000000011 0.57043761014938366 0.081620417535305037 0.03851632401347161 0.56428781151771557 0.49434550106525427 0.37993320822715765 0.56428781151771557 0.49548439681530004 0.93004098534584057 0.52068921923637401 0.45428046584129339 0.53617689013481151 0.59573671221733104 0.67380130290985119 0.48106098175048834 0.54028829932212841 -0.68322628736495961 0.69398111104965221 0.51555371284484874 1.0000000180025095e-35 0.76032665371894848 0.48479545116424566 0.42232480645179754 0.45443418622016912 0.78291481733322155 0.33941043913364416 0.39428536593914038 -0.63405361771583546 1.0000000180025095e-35 0.75000000000000011 0.43158185482025152 0.63956311345100414 0.14053752273321155 0.1013208217918873 0.97335553169250499
decision_type=2 2 2 2 2 2 2 2 2 2 2 2 2 2 2 2 2 2 2 2 2 2 2 2 2 2 2 2 2 2 2 2 2 2 2 2 2 2
left_child=-1 30 -3 4 23 -5 7 8 -7 10 22 12 13 24 16 -16 36 34 -19 -9 -17 -15 37 -4 25 26 27 29 -12 -10 31 32 -2 -18 -14 -11 -8 -6
right_child=1 2 3 5 9 6 14 19 11 35 28 -13 17 21 15 20 33 18 -20 -21 -22 -23 -24 -25 -26 -27 -28 -29 -30 -31 -32 -33 -34 -35 -36 -37 -38 -39
leaf_value=0 -0.049876146694362758 -0.049876146694362758 0.15492280204529257 0.0096652565974956091 0.0072736024553342561 0.0072736024553342561 0.12419128335178722 1.5341275244651343e-06 0.0072736024553342561 0.0072736024553342561 0.0072736024553342561 0.0072736024553342561 0.0072736024553342561 -0.032731394994090904 -0.027016336963193079 0.0072736024553342561 0.0072736024553342561 -0.05059051532266301 0.0072736024553342561 0.011083558777431569 0.0072736024553342561 0.0072736024553342561 0.0072736024553342561 0.21463032729574857 0.0072736024553342561 0.0072736024553342561 0.0072736024553342561 0.0072736024553342561 0.0072736024553342561 0.0072736024553342561 -0.049876146694362758 0.042584423671706298 0.015963671003617889 0.0072736024553342561 0.0072736024553342561 0.0072736024553342561 0.0072736024553342561 0.0072736024553342561
leaf_weight=43208 981 2878 33 109 415 60 24 295 31 1700 66 377 168 128 67 91 249 53 63 64 30 36 213 84 58 54 69 51 63 41 5980 25 930 476 40 73 470 247
leaf_count=43208 981 2878 33 109 415 60 24 295 31 1700 66 377 168 128 67 91 249 53 63 64 30 36 213 84 58 54 69 51 63 41 5980 25 930 476 40 73 470 247
internal_value=-0.000870001 0.0071839 0.0165002 0.0263368 0.0312453 0.0217603 0.0225376 0.0179144 0.0222002 0.0322405 0.0281912 0.0233054 0.0202929 0.0154872 0.0277555 0.0181277 0.0292404 0.0272346 0.0173793 0.00324234 0.0280661 0.00404878 0.0302857 0.00762393 0.0216579 0.0190894 0.0230833 0.016813 0.0139845 0.0271111 -0.00326225 -0.00160331 -0.00194872 0.0254621 0.0327308 0.0345336 0.0347854 0.0284471
internal_weight=60000 16792 8876 5998 2894 3104 2995 1588 1229 2777 1004 1169 792 468 1407 188 1219 324 116 359 121 164 875 117 304 246 192 123 129 72 7916 1936 1911 725 208 1773 494 662
internal_count=60000 16792 8876 5998 2894 3104 2995 1588 1229 2777 1004 1169 792 468 1407 188 1219 324 116 359 121 164 875 117 304 246 192 123 129 72 7916 1936 1911 725 208 1773 494 662
is_linear=0
shrinkage=0.04


Tree=51
num_leaves=39
num_cat=0
split_feature=13 135 15 8 124 119 101 119 31 31 119 31 119 118 12 119 31 31 119 102 102 31 12 119 31 34 31 119 31 119 12 127 31 0 119 31 0 73
split_gain=929.686 1027.05 1103.66 106.907 55.6778 30.731 29.4861 47.5486 60.545 25.5225 16.3661 15.5047 22.7121 13.5172 12.3354 9.26056 25.934 8.77614 20.1667 7.77924 6.51952 6.44364 6.01225 8.53736 9.31128 5.91416 6.5434 5.00227 7.23183 5.16469 10.74 4.95302 4.94818 9.87275 4.17339 4.40158 5.69494 5.09031
threshold=0.93636366724967968 1.0000000180025095e-35 0.75000000000000011 -0.40166752040386194 0.050035268068313606 0.56429719924926769 1.0000000180025095e-35 0.56429719924926769 0.49434550106525427 0.49434550106525427 0.38069936633110052 0.53617689013481151 0.59593412280082714 1.0000000180025095e-35 0.91245013475418102 0.51532536745071422 0.45428046584129339 0.48106098175048834 0.53999802470207225 0.60369193553924572 0.5541210174560548 0.42232480645179754 0.93004098534584057 0.52266719937324535 0.46050065755844122 0.5538635551929475 0.49782148003578192 0.48508223891258245 0.42232480645179754 0.45485258102416998 0.78291481733322155 -0.70920732617378224 0.48106098175048834 0.5412975847721101 0.387991413474083 0.45428046584129339 0.51431739330291759 0.28241950273513799
decision_type=2 2 2 2 2 2 2 2 2 2 2 2 2 2 2 2 2 2 2 2 2 2 2 2 2 2 2 2 2 2 2 2 2 2 2 2 2 2
left_child=-1 -2 -3 4 -4 9 13 8 10 22 -8 19 -13 -5 15 16 27 20 -19 -9 -17 -21 23 24 34 31 -27 28 29 30 -12 -11 -25 -34 -6 -36 37 -37
right_child=1 2 3 6 5 -7 7 11 -10 25 14 12 -14 -15 -16 17 -18 18 -20 21 -22 -23 -24 32 -26 26 -28 -29 -30 -31 -32 -33 33 -35 35 36 -38 -39
leaf_value=0 -0.047881100826588252 -0.047881100826588252 -0.00013693684749412682 0.017828004290971054 0.0069826583571208547 0.0069826583571208547 -0.031018542402488337 0.0069826583571208547 1.4727624235177928e-06 0.0068451680759070398 0.0069826583571208547 -0.04879549321583504 0.0069826583571208547 -0.0030998867459620396 0.0069826583571208547 0.0069826583571208547 -0.048566890894599125 -0.048566894709756489 0.008026553422756693 0.0069826583571208547 0.0069826583571208547 0.0069826583571208547 0.0069826583571208547 0.0069826583571208547 0.011529993863903082 0.0069826583571208547 0.0069826583571208547 0.0069826583571208547 0.0069826583571208547 0.0069826583571208547 -0.061987731245304732 0.011880512023657417 0.0069826583571208547 0.0069826583571208547 0.0069826583571208547 0.010873628432987677 0.0069826583571208547 0.0085828582550978895
leaf_weight=43208 7886 2874 79 116 26 2111 57 253 311 95 57 59 94 116 389 109 97 48 48 181 36 420 375 188 40 43 54 49 44 55 35 28 29 42 260 20 29 39
leaf_count=43208 7886 2874 79 116 26 2111 57 253 311 95 57 59 94 116 389 109 97 48 48 181 36 420 375 188 40 43 54 49 44 55 35 28 29 42 260 20 29 39
internal_value=-0.000896001 0.00709099 0.0163997 0.0261194 0.0307137 0.0314898 0.0199472 0.0212946 0.0163446 0.0265678 0.0210391 0.027857 0.0161307 0.00634483 0.0222668 0.0185606 0.0142789 0.0245477 0.0151667 0.0299578 0.0307586 0.0274809 0.0291679 0.0269064 0.023343 0.0141818 0.021567 0.0213333 0.0184084 0.0226667 0.0168696 0.00835772 0.0326023 0.0236056 0.0253048 0.0264598 0.0187273 0.0115932
internal_weight=60000 16792 8906 6032 3458 3379 2574 2342 1335 1268 1024 1007 153 232 967 578 337 241 96 854 145 601 1048 673 414 220 97 240 191 147 92 123 259 71 374 348 88 59
internal_count=60000 16792 8906 6032 3458 3379 2574 2342 1335 1268 1024 1007 153 232 967 578 337 241 96 854 145 601 1048 673 414 220 97 240 191 147 92 123 259 71 374 348 88 59
is_linear=0
shrinkage=0.04


Tree=52
num_leaves=39
num_cat=0
split_feature=13 135 15 8 124 119 101 119 31 31 119 31 119 46 119 31 31 119 102 102 31 46 119 31 34 31 119 31 119 31 127 31 17 119 31 34 56 101
split_gain=928.489 1025.65 1102.21 107.835 55.6778 30.731 29.2843 48.294 59.8429 25.5225 16.1825 15.5047 22.7121 12.8976 8.38426 25.934 10.2397 17.5104 7.77924 6.51952 6.44364 6.01225 8.53736 9.31128 5.91416 6.5434 5.00227 7.23183 5.16469 10.74 4.95302 4.94818 8.796 4.17339 4.40158 4.64798 4.27773 3.96969
threshold=0.93636366724967968 1.0000000180025095e-35 0.75000000000000011 -0.40166752040386194 0.050035268068313606 0.56429719924926769 1.0000000180025095e-35 0.56429719924926769 0.49434550106525427 0.49434550106525427 0.38069936633110052 0.53617689013481151 0.59593412280082714 0.91245013475418102 0.51532536745071422 0.45428046584129339 0.48106098175048834 0.53999802470207225 0.60369193553924572 0.5541210174560548 0.42232480645179754 0.93004098534584057 0.52266719937324535 0.46050065755844122 0.5538635551929475 0.49782148003578192 0.48508223891258245 0.42232480645179754 0.45485258102416998 0.3916513472795487 -0.70920732617378224 0.48106098175048834 0.54184892773628246 0.387991413474083 0.45428046584129339 0.5148436725139619 0.29048770666122442 1.0000000180025095e-35
decision_type=2 2 2 2 2 2 2 2 2 2 2 2 2 2 2 2 2 2 2 2 2 2 2 2 2 2 2 2 2 2 2 2 2 2 2 2 2 2
left_child=-1 37 -3 4 -4 9 -5 8 10 21 -8 18 -13 14 15 26 19 -18 -9 -16 -20 22 23 33 30 -26 27 28 29 -12 -11 -24 -33 -6 -35 36 -36 -2
right_child=1 2 3 6 5 -7 7 11 -10 24 13 12 -14 -15 16 -17 17 -19 20 -21 -22 -23 31 -25 25 -27 -28 -29 -30 -31 -32 32 -34 34 35 -37 -38 -39
leaf_value=0 -0.045965856793524724 -0.045965856793524724 -0.00013145937359439585 0.016984172972461166 0.0067033520228360292 0.0067033520228360292 -0.029777800706388788 0.0067033520228360292 1.4138519265571859e-06 0.006571361352870753 0.0067033520228360292 -0.046843673487201642 0.0067033520228360292 0.0067033520228360292 0.0067033520228360292 -0.04662421525881516 -0.046624218921366235 0.0077054912858463935 0.0067033520228360292 0.0067033520228360292 0.0067033520228360292 0.0067033520228360292 0.0067033520228360292 0.011068794109346976 0.0067033520228360292 0.0067033520228360292 0.0067033520228360292 0.0067033520228360292 0.0067033520228360292 -0.059508221995492543 0.01140529154271114 0.0067033520228360292 0.0067033520228360292 0.0067033520228360292 0.010438683295668175 0.0067033520228360292 0.008085923233035754 0.1595539070847044
leaf_weight=43208 7574 2874 79 232 26 2111 57 253 311 95 57 59 94 389 109 97 48 48 181 36 420 375 188 40 43 54 49 44 55 35 28 31 40 260 20 26 42 312
leaf_count=43208 7574 2874 79 232 26 2111 57 253 311 95 57 59 94 389 109 97 48 48 181 36 420 375 188 40 43 54 49 44 55 35 28 31 40 260 20 26 42 312
internal_value=-0.000898001 0.00708385 0.0163863 0.0260995 0.0307137 0.0314898 0.0199005 0.0212434 0.0162547 0.0265678 0.0209219 0.027857 0.0161307 0.0221427 0.0183529 0.0142789 0.0240498 0.0139167 0.0299578 0.0307586 0.0274809 0.0291679 0.0269064 0.023343 0.0141818 0.021567 0.0213333 0.0184084 0.0226667 0.0168696 0.00835772 0.0326023 0.0236056 0.0253048 0.0264598 0.0187273 0.0127742 -0.00342176
internal_weight=60000 16792 8906 6032 3458 3379 2574 2342 1335 1268 1024 1007 153 967 578 337 241 96 854 145 601 1048 673 414 220 97 240 191 147 92 123 259 71 374 348 88 62 7886
internal_count=60000 16792 8906 6032 3458 3379 2574 2342 1335 1268 1024 1007 153 967 578 337 241 96 854 145 601 1048 673 414 220 97 240 191 147 92 123 259 71 374 348 88 62 7886
is_linear=0
shrinkage=0.04


Tree=53
num_leaves=39
num_cat=0
split_feature=47 101 32 73 60 119 14 119 14 84 119 14 119 12 119 14 14 119 119 102 119 12 119 119 14 14 102 119 14 119 14 119 12 0 119 58 119 128
split_gain=914.177 992.166 1084.01 106.182 106.558 38.2587 65.5866 27.1928 24.1039 19.3923 16.5531 15.1368 24.9453 14.1283 13.894 21.1849 13.1884 18 7.93389 7.30546 6.51469 5.71471 5.46676 5.27381 8.04614 7.07585 7.82285 5.64655 4.91335 4.76339 10.7921 5.15714 11.0473 4.34201 6.36829 4.02879 3.95515 3.85153
threshold=0.93636366724967968 1.0000000180025095e-35 0.75000000000000011 0.081620417535305037 -0.52778503298759449 0.56429719924926769 0.49434550106525427 0.56429719924926769 0.49548439681530004 1.0000000180025095e-35 0.38069936633110052 0.53617689013481151 0.59593412280082714 0.93004098534584057 0.5205402970314027 0.45428046584129339 0.48106098175048834 0.53999802470207225 0.51532536745071422 0.60369193553924572 0.54425701498985302 0.93004098534584057 0.78162270784378063 0.52266719937324535 0.45428046584129339 0.48106098175048834 0.54245403409004223 0.45485258102416998 0.42232480645179754 0.48003464937210089 0.42232480645179754 0.45485258102416998 0.78291481733322155 0.43281006813049322 0.387991413474083 0.036826821044087417 0.63175231218338024 -0.68322628736495961
decision_type=2 2 2 2 2 2 2 2 2 2 2 2 2 2 2 2 2 2 2 2 2 2 2 2 2 2 2 2 2 2 2 2 2 2 2 2 2 2
left_child=-1 37 -3 -4 5 6 10 8 21 22 -5 19 -13 14 15 29 20 -18 -17 -11 -16 23 -7 24 27 -25 -27 33 -21 30 31 32 -12 34 -6 -10 -30 -2
right_child=1 2 3 4 7 9 -8 -9 35 11 13 12 -14 -15 16 18 17 -19 -20 28 -22 -23 -24 25 -26 26 -28 -29 36 -31 -32 -33 -34 -35 -36 -37 -38 -39
leaf_value=0 -0.044127222521783728 -0.044127222521783728 0.17440941118064976 0.022358152922928271 0.0064352179419226024 0.0017872947999694772 1.3572978495091092e-06 0.0064352179419226024 0.0064352179419226024 0.0064352179419226024 0.0064352179419226024 -0.044969926547713576 0.0064352179419226024 0.0064352179419226024 0.0064352179419226024 -0.044759246648462557 -0.044759250164511592 0.0072603844031776093 0.0064352179419226024 0.0064352179419226024 0.0064352179419226024 0.0064352179419226024 0.0018152778973398399 0.0064352179419226024 0.0070275694677535928 0.0064352179419226024 0.0064352179419226024 0.0064352179419226024 0.0064352179419226024 0.0064352179419226024 -0.37686956121424653 0.0064352179419226024 -0.020482653434311972 0.0064352179419226024 0.0064352179419226024 0.0064373737771961726 0.0064352179419226024 -0.044127222521783728
leaf_weight=43208 1902 2878 285 60 24 20 321 2113 113 267 59 60 85 330 161 113 49 49 35 159 24 359 61 179 117 40 77 160 93 69 36 55 38 36 50 49 252 6014
leaf_count=43208 1902 2878 285 60 24 20 321 2113 113 267 59 60 85 330 161 113 49 49 35 159 24 359 61 179 117 40 77 160 93 69 36 55 38 36 50 49 252 6014
internal_value=-0.000922001 0.00699809 0.0161803 0.0258633 0.027052 0.0206244 0.0163574 0.0316949 0.026897 0.0266118 0.0210835 0.0282707 0.0164138 0.0222868 0.0190233 0.0142716 0.0258233 0.0139592 0.00221622 0.0305006 0.0321081 0.0291286 0.00785185 0.026981 0.023907 0.031 0.0233504 0.0277037 0.0276667 0.021214 0.0179149 0.0225789 0.0170309 0.0207273 0.0262703 0.0125432 0.0249855 -0.00329763
internal_weight=60000 16792 8876 5998 5713 2396 1399 3317 1204 997 1078 916 145 1018 688 405 283 98 148 771 185 1042 81 683 387 296 117 270 504 257 188 152 97 110 74 162 345 7916
internal_count=60000 16792 8876 5998 5713 2396 1399 3317 1204 997 1078 916 145 1018 688 405 283 98 148 771 185 1042 81 683 387 296 117 270 504 257 188 152 97 110 74 162 345 7916
is_linear=0
shrinkage=0.04


Tree=54
num_leaves=39
num_cat=0
split_feature=13 135 15 8 73 119 14 84 119 14 119 119 14 119 12 118 119 14 14 119 102 102 12 119 14 119 14 14 0 119 14 110 119 14 119 12 12 119
split_gain=914.969 1010.88 1086.24 114.38 61.3247 31.6046 27.8039 27.6246 49.2728 59.3726 16.0382 14.4765 14.3062 24.2034 12.96 9.28321 8.75933 25.7516 10.3614 17.5104 6.93855 6.48506 6.05966 8.52192 9.60132 5.68689 5.15921 4.94818 9.87275 4.90729 6.90387 4.75872 4.67111 7.68486 5.16469 10.74 4.65385 6.5641
threshold=0.93636366724967968 1.0000000180025095e-35 0.75000000000000011 -0.37511157989501948 0.081620417535305037 0.56429719924926769 0.49434550106525427 1.0000000180025095e-35 0.56429719924926769 0.49434550106525427 0.38069936633110052 0.74386104941368114 0.53617689013481151 0.59593412280082714 0.91245013475418102 1.0000000180025095e-35 0.51532536745071422 0.45428046584129339 0.48106098175048834 0.53999802470207225 0.60369193553924572 0.5541210174560548 0.93004098534584057 0.52266719937324535 0.45428046584129339 0.45485258102416998 0.42232480645179754 0.48106098175048834 0.5412975847721101 0.55386900901794445 0.49782148003578192 -0.70286077260971058 0.48508223891258245 0.42232480645179754 0.45485258102416998 0.78291481733322155 0.78291481733322155 0.387991413474083
decision_type=2 2 2 2 2 2 2 2 2 2 2 2 2 2 2 2 2 2 2 2 2 2 2 2 2 2 2 2 2 2 2 2 2 2 2 2 2 2
left_child=-1 -2 -3 4 -4 6 22 11 9 10 -9 -5 20 -14 16 -13 17 32 21 -20 -10 -18 23 24 25 36 -22 -25 -29 31 -31 -8 33 34 35 -12 37 -6
right_child=1 2 3 7 5 -7 29 8 12 -11 14 15 13 -15 -16 -17 18 -19 19 -21 26 -23 -24 27 -26 -27 -28 28 -30 30 -32 -33 -34 -35 -36 -37 -38 -39
leaf_value=0 -0.04236213362091238 -0.04236213362091238 -0.0071006898010390418 0.03091125585520239 0.0061778092242457203 0.0061778092242457203 0.0060818834993189722 -0.02948101479505038 0.0061778092242457203 1.3030059355401136e-06 0.0061778092242457203 0.018069894954434035 -0.043171129485805038 0.0061778092242457203 0.0061778092242457203 -0.00016529432326976235 0.0061778092242457203 -0.042968876782524056 -0.042968880157931127 0.0071068562582853765 0.0061778092242457203 0.0061778092242457203 0.0061778092242457203 0.0061778092242457203 0.006469243775762851 0.0061778092242457203 0.0061778092242457203 0.0061778092242457203 0.0061778092242457203 0.0061778092242457203 0.0061778092242457203 0.010691671163325794 0.0061778092242457203 0.0061778092242457203 0.0061778092242457203 -0.056308586978300365 0.0061778092242457203 0.0061778092242457203
leaf_weight=43208 7886 2874 80 45 26 2115 88 57 251 309 57 107 58 84 386 179 109 95 48 48 159 33 376 188 129 172 359 29 42 43 52 38 46 43 55 35 39 52
leaf_count=43208 7886 2874 80 45 26 2115 88 57 251 309 57 107 58 84 386 179 109 95 48 48 159 33 376 188 129 172 359 29 42 43 52 38 46 43 55 35 39 52
internal_value=-0.000920668 0.00700286 0.016238 0.0258806 0.0306152 0.0314323 0.0264553 0.0194725 0.0210717 0.0161363 0.0208221 0.00868882 0.0282283 0.0165634 0.0220524 0.00537063 0.0182144 0.014006 0.0240672 0.0139167 0.0303823 0.0309296 0.0291624 0.026901 0.0233684 0.0274187 0.0277375 0.0326023 0.0236056 0.0135566 0.0204211 0.00838095 0.0210847 0.0183158 0.0226667 0.0168696 0.0206154 0.0262564
internal_weight=60000 16792 8906 6032 3469 3389 1274 2563 2232 1321 1012 331 911 142 955 286 569 331 238 96 769 142 1053 677 418 289 518 259 71 221 95 126 236 190 147 92 117 78
internal_count=60000 16792 8906 6032 3469 3389 1274 2563 2232 1321 1012 331 911 142 955 286 569 331 238 96 769 142 1053 677 418 289 518 259 71 221 95 126 236 190 147 92 117 78
is_linear=0
shrinkage=0.04


Tree=55
num_leaves=39
num_cat=0
split_feature=30 101 32 124 60 119 14 84 119 14 119 14 119 12 119 14 14 119 119 102 119 12 119 14 14 85 119 14 119 14 119 12 0 119 12 119 128 32
split_gain=906.274 983.005 1074.35 110.727 109.545 34.7505 65.5866 32.2816 26.6589 24.1039 16.5531 15.1368 24.9453 14.1283 13.894 21.1849 13.1884 18 7.93389 7.30546 6.51469 5.71471 5.27381 8.04614 7.07585 7.82285 5.64655 4.91335 4.76339 10.7921 5.15714 11.0473 4.34201 6.36829 4.28862 3.95515 3.85153 6.15834
threshold=0.93636366724967968 1.0000000180025095e-35 0.75000000000000011 0.050035268068313606 -0.52778503298759449 0.56429719924926769 0.49434550106525427 1.0000000180025095e-35 0.56429719924926769 0.49548439681530004 0.38069936633110052 0.53617689013481151 0.59593412280082714 0.93004098534584057 0.5205402970314027 0.45428046584129339 0.48106098175048834 0.53999802470207225 0.51532536745071422 0.60369193553924572 0.54425701498985302 0.93004098534584057 0.52266719937324535 0.45428046584129339 0.48106098175048834 0.54239150881767284 0.45485258102416998 0.42232480645179754 0.48003464937210089 0.42232480645179754 0.45485258102416998 0.78291481733322155 0.43281006813049322 0.387991413474083 0.70107209682464611 0.63175231218338024 -0.68322628736495961 0.75000000000000011
decision_type=2 2 2 2 2 2 2 2 2 2 2 2 2 2 2 2 2 2 2 2 2 2 2 2 2 2 2 2 2 2 2 2 2 2 2 2 2 2
left_child=-1 36 -3 -4 5 6 10 34 9 21 -5 19 -13 14 15 28 20 -18 -17 -9 -16 22 23 26 -24 -26 32 -21 29 30 31 -12 33 -6 -7 -29 37 -2
right_child=1 2 3 4 8 7 -8 11 -10 -11 13 12 -14 -15 16 18 17 -19 -20 27 -22 -23 24 -25 25 -27 -28 35 -30 -31 -32 -33 -34 -35 -36 -37 -38 -39
leaf_value=0 -0.040667648276075885 -0.040667648276075885 0.16912752007826029 0.021359347726711102 0.0059306968552758832 0.0017493904862595163 1.2508856980986139e-06 0.0059306968552758832 0.0059306968552758832 0.0059306968552758832 0.0059306968552758832 -0.041444284306372835 0.0059306968552758832 0.0059306968552758832 0.0059306968552758832 -0.041250121711223095 -0.041250124951613884 0.0067154243243367209 0.0059306968552758832 0.0059306968552758832 0.0059306968552758832 0.0059306968552758832 0.0059306968552758832 0.0064876969380129159 0.0059306968552758832 0.0059306968552758832 0.0059306968552758832 0.0059306968552758832 0.0059306968552758832 -0.36204189113464652 0.0059306968552758832 -0.018160838367346183 0.0059306968552758832 0.0059306968552758832 -6.54508536456433e-05 0.0059306968552758832 -0.040667648276075885 0.014974930175629808
leaf_weight=43208 953 2878 284 60 24 20 321 267 2114 162 59 60 85 330 161 113 49 49 35 159 24 359 179 117 40 77 160 93 69 36 55 38 36 50 61 252 6014 949
leaf_count=43208 953 2878 284 60 24 20 321 267 2114 162 59 60 85 330 161 113 49 49 35 159 24 359 179 117 40 77 160 93 69 36 55 38 36 50 61 252 6014 949
internal_value=-0.000935334 0.00695045 0.0160901 0.0257299 0.0269415 0.020424 0.0163574 0.0261304 0.031648 0.026897 0.0210835 0.0282707 0.0164138 0.0222868 0.0190233 0.0142716 0.0258233 0.0139592 0.00221622 0.0305006 0.0321081 0.0291286 0.026981 0.023907 0.031 0.0233504 0.0277037 0.0276667 0.021214 0.0179149 0.0225789 0.0170309 0.0207273 0.0262703 0.00192592 0.0249855 -0.00329763 -0.00172871
internal_weight=60000 16792 8876 5998 5714 2396 1399 997 3318 1204 1078 916 145 1018 688 405 283 98 148 771 185 1042 683 387 296 117 270 504 257 188 152 97 110 74 81 345 7916 1902
internal_count=60000 16792 8876 5998 5714 2396 1399 997 3318 1204 1078 916 145 1018 688 405 283 98 148 771 185 1042 683 387 296 117 270 504 257 188 152 97 110 74 81 345 7916 1902
is_linear=0
shrinkage=0.04


Tree=56
num_leaves=39
num_cat=0
split_feature=13 135 15 8 73 84 119 48 119 48 119 48 119 12 118 119 48 48 119 102 102 12 119 48 119 48 48 0 119 48 119 48 119 12 12 119 127 119
split_gain=905.486 1001.78 1075.66 121.538 61.3247 40.76 49.2728 59.3726 31.6046 27.8039 16.0382 14.3062 24.2034 12.96 11.0943 8.75933 25.7516 10.3614 17.5104 6.93855 6.48506 6.05966 8.52192 9.60132 5.68689 5.15921 4.94818 9.87275 4.90729 6.90387 4.67111 7.68486 5.16469 10.74 4.65385 6.5641 4.6318 4.33402
threshold=0.93636366724967968 1.0000000180025095e-35 0.75000000000000011 -0.37511157989501948 0.081620417535305037 1.0000000180025095e-35 0.56429719924926769 0.49434550106525427 0.56429719924926769 0.49434550106525427 0.38069936633110052 0.53617689013481151 0.59593412280082714 0.91245013475418102 1.0000000180025095e-35 0.51532536745071422 0.45428046584129339 0.48106098175048834 0.53999802470207225 0.60369193553924572 0.5541210174560548 0.93004098534584057 0.52266719937324535 0.45428046584129339 0.45485258102416998 0.42232480645179754 0.48106098175048834 0.5412975847721101 0.55386900901794445 0.49782148003578192 0.48508223891258245 0.42232480645179754 0.45485258102416998 0.78291481733322155 0.78291481733322155 0.387991413474083 -0.70920732617378224 0.63175231218338024
decision_type=2 2 2 2 2 2 2 2 2 2 2 2 2 2 2 2 2 2 2 2 2 2 2 2 2 2 2 2 2 2 2 2 2 2 2 2 2 2
left_child=-1 -2 -3 4 -4 14 7 10 9 21 -7 19 -13 15 -5 16 30 20 -19 -8 -17 22 23 24 34 -21 -24 -28 36 -30 31 32 33 -12 35 -6 -11 -27
right_child=1 2 3 5 8 6 11 -9 -10 28 13 12 -14 -15 -16 17 -18 18 -20 25 -22 -23 26 -25 -26 37 27 -29 29 -31 -32 -33 -34 -35 -36 -37 -38 -39
leaf_value=0 -0.039040942345032852 -0.039040942345032852 -0.013581763012127926 0.017991658562673353 0.0056934689810648823 -0.029156148112316808 0.0056934689810648823 1.2008502702087754e-06 0.0056934689810648823 0.005555652501667673 0.0056934689810648823 -0.039786512934117925 0.0056934689810648823 0.0056934689810648823 0.0013272530783827818 0.0056934689810648823 -0.039600116842774168 -0.039600119953549333 0.006553965034980451 0.0056934689810648823 0.0056934689810648823 0.0056934689810648823 0.0056934689810648823 0.0059687902178525917 0.0056934689810648823 0.0056934689810648823 0.0056934689810648823 0.0056934689810648823 0.0056934689810648823 0.0056934689810648823 0.0056934689810648823 0.0056934689810648823 0.0056934689810648823 -0.053329809964474499 0.0056934689810648823 0.0056934689810648823 0.010026776442581778 0.0056934689810648823
leaf_weight=43208 7886 2874 80 116 26 57 251 309 2115 95 57 58 84 386 215 109 95 48 48 159 33 376 188 129 172 91 29 42 43 52 46 43 55 35 39 52 31 268
leaf_count=43208 7886 2874 80 116 26 57 251 309 2115 95 57 58 84 386 215 109 95 48 48 159 33 376 188 129 172 91 29 42 43 52 46 43 55 35 39 52 31 268
internal_value=-0.000936668 0.00694569 0.0161392 0.0257347 0.0306152 0.0191291 0.0210717 0.0161363 0.0314323 0.0264553 0.0208221 0.0282283 0.0165634 0.0220524 0.00603021 0.0182144 0.014006 0.0240672 0.0139167 0.0303823 0.0309296 0.0291624 0.026901 0.0233684 0.0274187 0.0277375 0.0326023 0.0236056 0.0135566 0.0204211 0.0210847 0.0183158 0.0226667 0.0168696 0.0206154 0.0262564 0.00838095 0.0250808
internal_weight=60000 16792 8906 6032 3469 2563 2232 1321 3389 1274 1012 911 142 955 331 569 331 238 96 769 142 1053 677 418 289 518 259 71 221 95 236 190 147 92 117 78 126 359
internal_count=60000 16792 8906 6032 3469 2563 2232 1321 3389 1274 1012 911 142 955 331 569 331 238 96 769 142 1053 677 418 289 518 259 71 221 95 236 190 147 92 117 78 126 359
is_linear=0
shrinkage=0.04


Tree=57
num_leaves=39
num_cat=0
split_feature=13 135 15 8 124 84 119 14 119 14 119 14 119 29 118 119 14 14 119 102 102 29 119 14 119 14 14 0 119 14 110 119 14 119 14 29 119 119
split_gain=906.274 1001.72 1076.14 121.782 60.5806 40.76 49.2728 59.3726 31.6161 27.8039 16.0382 14.3062 24.2034 12.96 11.0943 8.75933 25.7516 10.3614 17.5104 6.93855 6.48506 6.05966 8.52192 9.60132 5.68689 5.15921 4.94818 9.87275 4.90729 6.90387 4.75872 4.67111 7.68486 5.16469 10.74 4.65385 6.5641 4.33402
threshold=0.93636366724967968 1.0000000180025095e-35 0.75000000000000011 -0.37511157989501948 0.050035268068313606 1.0000000180025095e-35 0.56429719924926769 0.49434550106525427 0.56429719924926769 0.49434550106525427 0.38069936633110052 0.53617689013481151 0.59593412280082714 0.91245013475418102 1.0000000180025095e-35 0.51532536745071422 0.45428046584129339 0.48106098175048834 0.53999802470207225 0.60369193553924572 0.5541210174560548 0.93004098534584057 0.52266719937324535 0.45428046584129339 0.45485258102416998 0.42232480645179754 0.48106098175048834 0.5412975847721101 0.55386900901794445 0.49782148003578192 -0.70286077260971058 0.48508223891258245 0.42232480645179754 0.45485258102416998 0.3916513472795487 0.78291481733322155 0.387991413474083 0.63175231218338024
decision_type=2 2 2 2 2 2 2 2 2 2 2 2 2 2 2 2 2 2 2 2 2 2 2 2 2 2 2 2 2 2 2 2 2 2 2 2 2 2
left_child=-1 -2 -3 4 -4 14 7 10 9 21 -7 19 -13 15 -5 16 31 20 -19 -8 -17 22 23 24 35 -21 -24 -28 30 -30 -11 32 33 34 -12 36 -6 -27
right_child=1 2 3 5 8 6 11 -9 -10 28 13 12 -14 -15 -16 17 -18 18 -20 25 -22 -23 26 -25 -26 37 27 -29 29 -31 -32 -33 -34 -35 -36 -37 -38 -39
leaf_value=0 -0.037479304651231539 -0.037479304651231539 -0.013040380136480323 0.017271992220166427 0.0054657302218222978 -0.027989902187824142 0.0054657302218222978 1.1528162593776869e-06 0.0054657302218222978 0.0053791541850685244 0.0054657302218222978 -0.038195052416753209 0.0054657302218222978 0.0054657302218222978 0.001274162955247462 0.0054657302218222978 -0.038016112169063199 -0.038016115155407357 0.0062918064335812443 0.0054657302218222978 0.0054657302218222978 0.0054657302218222978 0.0054657302218222978 0.0057300386091384669 0.0054657302218222978 0.0054657302218222978 0.0054657302218222978 0.0054657302218222978 0.0054657302218222978 0.0054657302218222978 0.0096257053848785284 0.0054657302218222978 0.0054657302218222978 0.0054657302218222978 -0.051196617565895518 0.0054657302218222978 0.0054657302218222978 0.0054657302218222978
leaf_weight=43208 7886 2874 79 116 26 57 251 309 2116 88 57 58 84 386 215 109 95 48 48 159 33 376 188 129 172 91 29 42 43 52 38 46 43 55 35 39 52 268
leaf_count=43208 7886 2874 79 116 26 57 251 309 2116 88 57 58 84 386 215 109 95 48 48 159 33 376 188 129 172 91 29 42 43 52 38 46 43 55 35 39 52 268
internal_value=-0.000935334 0.00695045 0.0161437 0.0257414 0.0306267 0.0191291 0.0210717 0.0161363 0.0314336 0.0264553 0.0208221 0.0282283 0.0165634 0.0220524 0.00603021 0.0182144 0.014006 0.0240672 0.0139167 0.0303823 0.0309296 0.0291624 0.026901 0.0233684 0.0274187 0.0277375 0.0326023 0.0236056 0.0135566 0.0204211 0.00838095 0.0210847 0.0183158 0.0226667 0.0168696 0.0206154 0.0262564 0.0250808
internal_weight=60000 16792 8906 6032 3469 2563 2232 1321 3390 1274 1012 911 142 955 331 569 331 238 96 769 142 1053 677 418 289 518 259 71 221 95 126 236 190 147 92 117 78 359
internal_count=60000 16792 8906 6032 3469 2563 2232 1321 3390 1274 1012 911 142 955 331 569 331 238 96 769 142 1053 677 418 289 518 259 71 221 95 126 236 190 147 92 117 78 359
is_linear=0
shrinkage=0.04


Tree=58
num_leaves=39
num_cat=0
split_feature=13 135 15 8 124 84 119 14 119 14 119 14 119 12 118 119 14 14 119 102 102 12 119 14 119 14 14 0 119 14 110 119 14 119 12 12 119 119
split_gain=906.274 1001.72 1076.14 121.782 60.5806 40.76 49.2728 59.3726 31.6161 27.8039 16.0382 14.3062 24.2034 12.96 11.0943 8.75933 25.7516 10.3614 17.5104 6.93855 6.48506 6.05966 8.52192 9.60132 5.68689 5.15921 4.94818 9.87275 4.90729 6.90387 4.75872 4.67111 7.68486 5.16469 10.74 4.65385 6.5641 4.33402
threshold=0.93636366724967968 1.0000000180025095e-35 0.75000000000000011 -0.37511157989501948 0.050035268068313606 1.0000000180025095e-35 0.56429719924926769 0.49434550106525427 0.56429719924926769 0.49434550106525427 0.38069936633110052 0.53617689013481151 0.59593412280082714 0.91245013475418102 1.0000000180025095e-35 0.51532536745071422 0.45428046584129339 0.48106098175048834 0.53999802470207225 0.60369193553924572 0.5541210174560548 0.93004098534584057 0.52266719937324535 0.45428046584129339 0.45485258102416998 0.42232480645179754 0.48106098175048834 0.5412975847721101 0.55386900901794445 0.49782148003578192 -0.70286077260971058 0.48508223891258245 0.42232480645179754 0.45485258102416998 0.78291481733322155 0.78291481733322155 0.387991413474083 0.63175231218338024
decision_type=2 2 2 2 2 2 2 2 2 2 2 2 2 2 2 2 2 2 2 2 2 2 2 2 2 2 2 2 2 2 2 2 2 2 2 2 2 2
left_child=-1 -2 -3 4 -4 14 7 10 9 21 -7 19 -13 15 -5 16 31 20 -19 -8 -17 22 23 24 35 -21 -24 -28 30 -30 -11 32 33 34 -12 36 -6 -27
right_child=1 2 3 5 8 6 11 -9 -10 28 13 12 -14 -15 -16 17 -18 18 -20 25 -22 -23 26 -25 -26 37 27 -29 29 -31 -32 -33 -34 -35 -36 -37 -38 -39
leaf_value=0 -0.035980132465182273 -0.035980132465182273 -0.012518764931021095 0.016581112531359764 0.0052471010129494294 -0.02687030610031119 0.0052471010129494294 1.1067036089684734e-06 0.0052471010129494294 0.0051639880176658102 0.0052471010129494294 -0.036667250320083077 0.0052471010129494294 0.0052471010129494294 0.0012231964370375437 0.0052471010129494294 -0.036495467682300671 -0.036495470549191063 0.0060401341762380276 0.0052471010129494294 0.0052471010129494294 0.0052471010129494294 0.0052471010129494294 0.0055008370647729159 0.0052471010129494294 0.0052471010129494294 0.0052471010129494294 0.0052471010129494294 0.0052471010129494294 0.0052471010129494294 0.0092406771694833623 0.0052471010129494294 0.0052471010129494294 0.0052471010129494294 -0.049148752863259697 0.0052471010129494294 0.0052471010129494294 0.0052471010129494294
leaf_weight=43208 7886 2874 79 116 26 57 251 309 2116 88 57 58 84 386 215 109 95 48 48 159 33 376 188 129 172 91 29 42 43 52 38 46 43 55 35 39 52 268
leaf_count=43208 7886 2874 79 116 26 57 251 309 2116 88 57 58 84 386 215 109 95 48 48 159 33 376 188 129 172 91 29 42 43 52 38 46 43 55 35 39 52 268
internal_value=-0.000935334 0.00695045 0.0161437 0.0257414 0.0306267 0.0191291 0.0210717 0.0161363 0.0314336 0.0264553 0.0208221 0.0282283 0.0165634 0.0220524 0.00603021 0.0182144 0.014006 0.0240672 0.0139167 0.0303823 0.0309296 0.0291624 0.026901 0.0233684 0.0274187 0.0277375 0.0326023 0.0236056 0.0135566 0.0204211 0.00838095 0.0210847 0.0183158 0.0226667 0.0168696 0.0206154 0.0262564 0.0250808
internal_weight=60000 16792 8906 6032 3469 2563 2232 1321 3390 1274 1012 911 142 955 331 569 331 238 96 769 142 1053 677 418 289 518 259 71 221 95 126 236 190 147 92 117 78 359
internal_count=60000 16792 8906 6032 3469 2563 2232 1321 3390 1274 1012 911 142 955 331 569 331 238 96 769 142 1053 677 418 289 518 259 71 221 95 126 236 190 147 92 117 78 359
is_linear=0
shrinkage=0.04


Tree=59
num_leaves=39
num_cat=0
split_feature=30 135 15 8 73 84 119 48 119 48 119 48 119 12 118 119 48 48 119 85 12 119 48 10 119 48 0 119 48 110 48 119 48 119 12 12 119 84
split_gain=906.274 1000.75 1075.66 121.538 61.3247 40.76 49.2728 59.3726 31.6046 27.8039 16.0382 14.3062 24.2034 12.96 11.0943 8.75933 25.7516 10.3614 17.5104 6.51255 6.05966 8.52192 9.60132 5.83297 5.68689 4.94818 9.87275 4.90729 6.90387 4.75872 4.73932 4.67111 7.68486 5.16469 10.74 4.65385 6.5641 3.79131
threshold=0.93636366724967968 1.0000000180025095e-35 0.75000000000000011 -0.37511157989501948 0.081620417535305037 1.0000000180025095e-35 0.56429719924926769 0.49434550106525427 0.56429719924926769 0.49434550106525427 0.38069936633110052 0.53617689013481151 0.59593412280082714 0.91245013475418102 1.0000000180025095e-35 0.51532536745071422 0.45428046584129339 0.48106098175048834 0.53999802470207225 0.61029398441314708 0.93004098534584057 0.52266719937324535 0.45428046584129339 -0.47114431858062739 0.45485258102416998 0.48106098175048834 0.5412975847721101 0.55386900901794445 0.49782148003578192 -0.70286077260971058 0.42232480645179754 0.48508223891258245 0.42232480645179754 0.45485258102416998 0.78291481733322155 0.78291481733322155 0.387991413474083 1.0000000180025095e-35
decision_type=2 2 2 2 2 2 2 2 2 2 2 2 2 2 2 2 2 2 2 2 2 2 2 2 2 2 2 2 2 2 2 2 2 2 2 2 2 2
left_child=-1 37 -3 4 -4 14 7 10 9 20 -7 19 -13 15 -5 16 31 23 -19 -8 21 22 24 -17 35 -23 -27 29 -29 -11 -21 32 33 34 -12 36 -6 -2
right_child=1 2 3 5 8 6 11 -9 -10 27 13 12 -14 -15 -16 17 -18 18 -20 30 -22 25 -24 -25 -26 26 -28 28 -30 -31 -32 -33 -34 -35 -36 -37 -38 -39
leaf_value=0 -0.034540927166574982 -0.034540927166574982 -0.012016126688942695 0.01591786803010534 0.0050372169724314372 -0.02579549385629875 0.0050372169724314372 1.0624354646182611e-06 0.0050372169724314372 0.0049574284969591906 0.0050372169724314372 -0.035200560307279749 0.0050372169724314372 0.0050372169724314372 0.0011742685795560705 0.0050372169724314372 -0.035035648975008646 -0.035035651727223421 0.0057985288091884834 0.0050372169724314372 0.0050372169724314372 0.0050372169724314372 0.0052808035821820089 0.0050372169724314372 0.0050372169724314372 0.0050372169724314372 0.0050372169724314372 0.0050372169724314372 0.0050372169724314372 0.0088710500827040312 0.0050372169724314372 0.0050372169724314372 0.0050372169724314372 0.0050372169724314372 -0.047182802748729311 0.0050372169724314372 0.0050372169724314372 -0.002980352648624794
leaf_weight=43208 7410 2874 80 116 26 57 231 309 2115 88 57 58 84 386 215 28 95 48 48 166 376 188 129 114 172 29 42 43 52 38 372 46 43 55 35 39 52 476
leaf_count=43208 7410 2874 80 116 26 57 231 309 2115 88 57 58 84 386 215 28 95 48 48 166 376 188 129 114 172 29 42 43 52 38 372 46 43 55 35 39 52 476
internal_value=-0.000935334 0.00695045 0.0161392 0.0257347 0.0306152 0.0191291 0.0210717 0.0161363 0.0314323 0.0264553 0.0208221 0.0282283 0.0165634 0.0220524 0.00603021 0.0182144 0.014006 0.0240672 0.0139167 0.0303823 0.0291624 0.026901 0.0233684 0.0309296 0.0274187 0.0326023 0.0236056 0.0135566 0.0204211 0.00838095 0.0279703 0.0210847 0.0183158 0.0226667 0.0168696 0.0206154 0.0262564 -0.00342683
internal_weight=60000 16792 8906 6032 3469 2563 2232 1321 3389 1274 1012 911 142 955 331 569 331 238 96 769 1053 677 418 142 289 259 71 221 95 126 538 236 190 147 92 117 78 7886
internal_count=60000 16792 8906 6032 3469 2563 2232 1321 3389 1274 1012 911 142 955 331 569 331 238 96 769 1053 677 418 142 289 259 71 221 95 126 538 236 190 147 92 117 78 7886
is_linear=0
shrinkage=0.04


Tree=60
num_leaves=39
num_cat=0
split_feature=13 135 15 8 124 119 14 101 119 14 119 67 14 119 118 29 119 14 14 119 102 102 29 119 14 119 14 14 34 119 14 119 14 119 14 110 29 119
split_gain=906.668 1001.21 1076.14 121.782 60.5806 31.6161 27.8039 25.7525 33.507 59.327 16.1329 15.6371 15.0012 24.0641 13.4504 12.9295 8.58463 25.2453 10.2397 17.5104 6.51952 6.37241 6.05966 8.52192 9.60132 5.68689 5.4723 4.94818 8.796 4.90729 6.90387 4.80216 7.68486 5.16469 10.74 4.75872 4.65385 6.5641
threshold=0.93636366724967968 1.0000000180025095e-35 0.75000000000000011 -0.37511157989501948 0.050035268068313606 0.56429719924926769 0.49434550106525427 1.0000000180025095e-35 0.56429719924926769 0.49434550106525427 0.38069936633110052 1.0000000180025095e-35 0.53617689013481151 0.59593412280082714 1.0000000180025095e-35 0.91245013475418102 0.51532536745071422 0.45428046584129339 0.48106098175048834 0.53999802470207225 0.5541210174560548 0.60369193553924572 0.93004098534584057 0.52266719937324535 0.45428046584129339 0.45485258102416998 0.42232480645179754 0.48106098175048834 0.54188522696495067 0.55386900901794445 0.49782148003578192 0.48508223891258245 0.42232480645179754 0.45485258102416998 0.3916513472795487 -0.70286077260971058 0.78291481733322155 0.387991413474083
decision_type=2 2 2 2 2 2 2 2 2 2 2 2 2 2 2 2 2 2 2 2 2 2 2 2 2 2 2 2 2 2 2 2 2 2 2 2 2 2
left_child=-1 -2 -3 4 -4 6 22 14 9 10 -9 -10 21 -14 -5 16 17 31 20 -20 -18 -13 23 24 25 36 -23 -25 -29 35 -31 32 33 34 -12 -8 37 -6
right_child=1 2 3 7 5 -7 29 8 11 -11 15 12 13 -15 -16 -17 18 -19 19 -21 -22 26 -24 27 -26 -27 -28 28 -30 30 -32 -33 -34 -35 -36 -37 -38 -39
leaf_value=0 -0.033159290079911988 -0.033159290079911988 -0.011537369266222513 0.015281153308901155 0.0048357282935342031 0.0048357282935342031 0.0047591313570807996 -0.024763674102046808 0.0048357282935342031 1.0199380460562679e-06 0.0048357282935342031 0.0048357282935342031 -0.03379253789498856 0.0048357282935342031 -0.0025343571955520395 0.0048357282935342031 0.0048357282935342031 -0.033634223016008297 -0.033634225658134481 0.0055665876568209297 0.0048357282935342031 0.0048357282935342031 0.0048357282935342031 0.0048357282935342031 0.005069571438894761 0.0048357282935342031 0.0048357282935342031 0.0048357282935342031 0.0048357282935342031 0.0048357282935342031 0.0048357282935342031 0.0048357282935342031 0.0048357282935342031 0.0048357282935342031 -0.045295490638780134 0.0085162080793958952 0.0048357282935342031 0.0048357282935342031
leaf_weight=43208 7886 2874 79 116 26 2116 88 57 190 310 57 249 58 77 115 388 109 96 48 48 36 140 376 188 129 172 289 31 40 43 52 47 43 55 35 38 39 52
leaf_count=43208 7886 2874 79 116 26 2116 88 57 190 310 57 249 58 77 115 388 109 96 48 48 36 140 376 188 129 172 289 31 40 43 52 47 43 55 35 38 39 52
internal_value=-0.000934668 0.00695283 0.0161437 0.0257414 0.0306267 0.0314336 0.0264553 0.0191291 0.0203911 0.0162257 0.0208871 0.0259103 0.0283247 0.0161481 0.00638961 0.0221123 0.0182997 0.0141381 0.0240498 0.0139167 0.0307586 0.0307493 0.0291624 0.026901 0.0233684 0.0274187 0.0277949 0.0326023 0.0236056 0.0135566 0.0204211 0.0211477 0.0183158 0.0226667 0.0168696 0.00838095 0.0206154 0.0262564
internal_weight=60000 16792 8906 6032 3469 3390 1274 2563 2332 1329 1019 1003 813 135 231 962 574 333 241 96 145 678 1053 677 418 289 429 259 71 221 95 237 190 147 92 126 117 78
internal_count=60000 16792 8906 6032 3469 3390 1274 2563 2332 1329 1019 1003 813 135 231 962 574 333 241 96 145 678 1053 677 418 289 429 259 71 221 95 237 190 147 92 126 117 78
is_linear=0
shrinkage=0.04


Tree=61
num_leaves=39
num_cat=0
split_feature=13 135 15 8 73 84 102 14 102 14 102 14 102 12 68 102 14 14 102 121 12 121 12 102 12 14 0 0 14 127 102 14 102 12 9 130 84 128
split_gain=906.668 1001.21 1076.14 121.782 59.6062 40.76 44.9363 55.0394 26.6208 25.7212 15.2138 11.6914 21.583 11.4022 8.54936 7.75732 20.6684 8.9737 16.3323 7.41599 6.29914 6.21761 5.58438 7.94843 9.76907 5.04905 10.2162 4.86849 5.77608 5.06706 4.85988 8.0477 5.92924 10.3863 3.85358 4.05946 3.79131 3.42697
threshold=0.93636366724967968 1.0000000180025095e-35 0.75000000000000011 -0.37511157989501948 0.081620417535305037 1.0000000180025095e-35 0.56428781151771557 0.49434550106525427 0.56428781151771557 0.49434550106525427 0.37993320822715765 0.53617689013481151 0.59573671221733104 0.91245013475418102 0.59288045763969432 0.51555371284484874 0.45428046584129339 0.48106098175048834 0.54028829932212841 1.0000000180025095e-35 0.91245013475418102 1.0000000180025095e-35 0.93004098534584057 0.52068921923637401 0.91245013475418102 0.48106098175048834 0.5412975847721101 0.55328193306922924 0.49782148003578192 -0.70920732617378224 0.48479545116424566 0.42232480645179754 0.45443418622016912 0.78291481733322155 -1.0000000180025095e-35 0.51884067058563244 1.0000000180025095e-35 -0.77259662747383107
decision_type=2 2 2 2 2 2 2 2 2 2 2 2 2 2 2 2 2 2 2 2 2 2 2 2 2 2 2 2 2 2 2 2 2 2 2 2 2 2
left_child=-1 36 -3 4 -4 -5 7 10 9 19 -7 14 -13 15 -8 16 30 21 -19 -6 37 -17 23 24 34 -25 -27 29 -29 -11 31 32 33 -12 35 -21 -2 -16
right_child=1 2 3 5 8 6 11 -9 -10 27 13 12 -14 -15 20 17 -18 18 -20 22 -22 -23 -24 25 -26 26 -28 28 -30 -31 -32 -33 -34 -35 -36 -37 -38 -39
leaf_value=0 -0.031832918476715502 -0.031832918476715502 -0.011073986850736109 0.013426343188838126 0.004642299161792849 -0.16737999012498456 0.004642299161792849 9.7914052417991119e-07 0.004642299161792849 0.004642299161792849 0.004642299161792849 -0.032440836379189014 0.004642299161792849 0.004642299161792849 0.004642299161792849 0.004642299161792849 -0.032288854095367962 -0.032288856631809103 0.006355937164259931 0.004642299161792849 0.004642299161792849 0.004642299161792849 0.004642299161792849 0.004642299161792849 -0.026197953446673951 0.004642299161792849 0.004642299161792849 0.004642299161792849 0.004642299161792849 0.0081755597562200681 0.004642299161792849 0.004642299161792849 0.004642299161792849 -0.043483671013228926 0.004642299161792849 0.004642299161792849 -0.001534766939483368 0.004642299161792849
leaf_weight=43208 7410 2874 80 331 230 50 217 292 2033 96 56 56 85 355 329 32 89 45 46 166 243 106 294 154 32 32 42 47 59 30 41 40 49 33 111 63 476 68
leaf_count=43208 7410 2874 80 331 230 50 217 292 2033 96 56 56 85 355 329 32 89 45 46 166 243 106 294 154 32 32 42 47 59 30 41 40 49 33 111 63 476 68
internal_value=-0.000934668 0.00695283 0.0161437 0.0257414 0.0306267 0.0191291 0.0210717 0.0159676 0.0314323 0.0270914 0.0206709 0.0273828 0.0167092 0.0218744 0.0291389 0.0181974 0.0140519 0.0237729 0.014022 0.0295943 0.0268125 0.0302029 0.0279463 0.0257333 0.022129 0.031614 0.023027 0.0149655 0.021283 0.00965079 0.0206575 0.0177978 0.0223768 0.0162247 0.0241176 0.0211528 -0.00342683 0.0237078
internal_weight=60000 16792 8906 6032 3469 2563 2232 1234 3389 1356 942 998 141 892 857 537 308 229 91 1124 640 138 894 600 372 228 74 232 106 126 219 178 138 89 340 229 7886 397
internal_count=60000 16792 8906 6032 3469 2563 2232 1234 3389 1356 942 998 141 892 857 537 308 229 91 1124 640 138 894 600 372 228 74 232 106 126 219 178 138 89 340 229 7886 397
is_linear=0
shrinkage=0.04


Tree=62
num_leaves=39
num_cat=0
split_feature=13 135 15 8 124 84 119 14 119 14 119 14 119 12 118 119 14 14 119 102 102 12 119 14 119 14 14 0 119 14 110 119 14 119 12 12 119 119
split_gain=906.668 1001.21 1076.14 121.782 60.5806 40.76 49.2728 59.3726 31.6161 27.8039 16.0382 14.3062 24.2034 12.96 11.0943 8.75933 25.7516 10.3614 17.5104 6.93855 6.48506 6.05966 8.52192 9.60132 5.68689 5.15921 4.94818 9.87275 4.90729 6.90387 4.75872 4.67111 7.68486 5.16469 10.74 4.65385 6.5641 4.33402
threshold=0.93636366724967968 1.0000000180025095e-35 0.75000000000000011 -0.37511157989501948 0.050035268068313606 1.0000000180025095e-35 0.56429719924926769 0.49434550106525427 0.56429719924926769 0.49434550106525427 0.38069936633110052 0.53617689013481151 0.59593412280082714 0.91245013475418102 1.0000000180025095e-35 0.51532536745071422 0.45428046584129339 0.48106098175048834 0.53999802470207225 0.60369193553924572 0.5541210174560548 0.93004098534584057 0.52266719937324535 0.45428046584129339 0.45485258102416998 0.42232480645179754 0.48106098175048834 0.5412975847721101 0.55386900901794445 0.49782148003578192 -0.70286077260971058 0.48508223891258245 0.42232480645179754 0.45485258102416998 0.78291481733322155 0.78291481733322155 0.387991413474083 0.63175231218338024
decision_type=2 2 2 2 2 2 2 2 2 2 2 2 2 2 2 2 2 2 2 2 2 2 2 2 2 2 2 2 2 2 2 2 2 2 2 2 2 2
left_child=-1 -2 -3 4 -4 14 7 10 9 21 -7 19 -13 15 -5 16 31 20 -19 -8 -17 22 23 24 35 -21 -24 -28 30 -30 -11 32 33 34 -12 36 -6 -27
right_child=1 2 3 5 8 6 11 -9 -10 28 13 12 -14 -15 -16 17 -18 18 -20 25 -22 -23 26 -25 -26 37 27 -29 29 -31 -32 -33 -34 -35 -36 -37 -38 -39
leaf_value=0 -0.030559601737646883 -0.030559601737646883 -0.010632915021544207 0.014132853448991569 0.0044566071953211408 -0.019830274974572612 0.0044566071953211408 9.3997490324682076e-07 0.0044566071953211408 0.0043830741363258263 0.0044566071953211408 -0.031143202924021455 0.0044566071953211408 0.0044566071953211408 0.00039681497707896087 0.0044566071953211408 -0.030997299931553247 -0.030997302366536736 0.0051376686048566446 0.0044566071953211408 0.0044566071953211408 0.0044566071953211408 0.0044566071953211408 0.0046810966148672492 0.0044566071953211408 0.0044566071953211408 0.0044566071953211408 0.0044566071953211408 0.0044566071953211408 0.0044566071953211408 0.007848537365971282 0.0044566071953211408 0.0044566071953211408 0.0044566071953211408 -0.04174432417269977 0.0044566071953211408 0.0044566071953211408 0.0044566071953211408
leaf_weight=43208 7886 2874 79 116 26 57 251 309 2116 88 57 58 84 386 215 109 95 48 48 159 33 376 188 129 172 91 29 42 43 52 38 46 43 55 35 39 52 268
leaf_count=43208 7886 2874 79 116 26 57 251 309 2116 88 57 58 84 386 215 109 95 48 48 159 33 376 188 129 172 91 29 42 43 52 38 46 43 55 35 39 52 268
internal_value=-0.000934668 0.00695283 0.0161437 0.0257414 0.0306267 0.0191291 0.0210717 0.0161363 0.0314336 0.0264553 0.0208221 0.0282283 0.0165634 0.0220524 0.00603021 0.0182144 0.014006 0.0240672 0.0139167 0.0303823 0.0309296 0.0291624 0.026901 0.0233684 0.0274187 0.0277375 0.0326023 0.0236056 0.0135566 0.0204211 0.00838095 0.0210847 0.0183158 0.0226667 0.0168696 0.0206154 0.0262564 0.0250808
internal_weight=60000 16792 8906 6032 3469 2563 2232 1321 3390 1274 1012 911 142 955 331 569 331 238 96 769 142 1053 677 418 289 518 259 71 221 95 126 236 190 147 92 117 78 359
internal_count=60000 16792 8906 6032 3469 2563 2232 1321 3390 1274 1012 911 142 955 331 569 331 238 96 769 142 1053 677 418 289 518 259 71 221 95 126 236 190 147 92 117 78 359
is_linear=0
shrinkage=0.04


Tree=63
num_leaves=39
num_cat=0
split_feature=13 135 15 8 124 84 119 14 119 14 119 14 119 12 118 119 14 14 119 102 102 12 119 14 119 14 14 0 119 14 110 119 14 119 12 12 119 119
split_gain=906.668 1001.21 1076.14 121.782 60.5806 40.76 49.2728 59.3726 31.6161 27.8039 16.0382 14.3062 24.2034 12.96 11.0943 8.75933 25.7516 10.3614 17.5104 6.93855 6.48506 6.05966 8.52192 9.60132 5.68689 5.15921 4.94818 9.87275 4.90729 6.90387 4.75872 4.67111 7.68486 5.16469 10.74 4.65385 6.5641 4.33402
threshold=0.93636366724967968 1.0000000180025095e-35 0.75000000000000011 -0.37511157989501948 0.050035268068313606 1.0000000180025095e-35 0.56429719924926769 0.49434550106525427 0.56429719924926769 0.49434550106525427 0.38069936633110052 0.53617689013481151 0.59593412280082714 0.91245013475418102 1.0000000180025095e-35 0.51532536745071422 0.45428046584129339 0.48106098175048834 0.53999802470207225 0.60369193553924572 0.5541210174560548 0.93004098534584057 0.52266719937324535 0.45428046584129339 0.45485258102416998 0.42232480645179754 0.48106098175048834 0.5412975847721101 0.55386900901794445 0.49782148003578192 -0.70286077260971058 0.48508223891258245 0.42232480645179754 0.45485258102416998 0.78291481733322155 0.78291481733322155 0.387991413474083 0.63175231218338024
decision_type=2 2 2 2 2 2 2 2 2 2 2 2 2 2 2 2 2 2 2 2 2 2 2 2 2 2 2 2 2 2 2 2 2 2 2 2 2 2
left_child=-1 -2 -3 4 -4 14 7 10 9 21 -7 19 -13 15 -5 16 31 20 -19 -8 -17 22 23 24 35 -21 -24 -28 30 -30 -11 32 33 34 -12 36 -6 -27
right_child=1 2 3 5 8 6 11 -9 -10 28 13 12 -14 -15 -16 17 -18 18 -20 25 -22 -23 26 -25 -26 37 27 -29 29 -31 -32 -33 -34 -35 -36 -37 -38 -39
leaf_value=0 -0.029337217668141007 -0.029337217668141007 -0.010207598420682444 0.013567539311031909 0.0042783429075083038 -0.019037063975589703 0.0042783429075083038 9.0237590711694792e-07 0.0042783429075083038 0.0042077511708727778 0.0042783429075083038 -0.029897474807060592 0.0042783429075083038 0.0042783429075083038 0.00038094237799583651 0.0042783429075083038 -0.02975740793429112 -0.029757410271875267 0.0049321618606623921 0.0042783429075083038 0.0042783429075083038 0.0042783429075083038 0.0042783429075083038 0.0044938527502725719 0.0042783429075083038 0.0042783429075083038 0.0042783429075083038 0.0042783429075083038 0.0042783429075083038 0.0042783429075083038 0.0075345958713324279 0.0042783429075083038 0.0042783429075083038 0.0042783429075083038 -0.040074551205791779 0.0042783429075083038 0.0042783429075083038 0.0042783429075083038
leaf_weight=43208 7886 2874 79 116 26 57 251 309 2116 88 57 58 84 386 215 109 95 48 48 159 33 376 188 129 172 91 29 42 43 52 38 46 43 55 35 39 52 268
leaf_count=43208 7886 2874 79 116 26 57 251 309 2116 88 57 58 84 386 215 109 95 48 48 159 33 376 188 129 172 91 29 42 43 52 38 46 43 55 35 39 52 268
internal_value=-0.000934668 0.00695283 0.0161437 0.0257414 0.0306267 0.0191291 0.0210717 0.0161363 0.0314336 0.0264553 0.0208221 0.0282283 0.0165634 0.0220524 0.00603021 0.0182144 0.014006 0.0240672 0.0139167 0.0303823 0.0309296 0.0291624 0.026901 0.0233684 0.0274187 0.0277375 0.0326023 0.0236056 0.0135566 0.0204211 0.00838095 0.0210847 0.0183158 0.0226667 0.0168696 0.0206154 0.0262564 0.0250808
internal_weight=60000 16792 8906 6032 3469 2563 2232 1321 3390 1274 1012 911 142 955 331 569 331 238 96 769 142 1053 677 418 289 518 259 71 221 95 126 236 190 147 92 117 78 359
internal_count=60000 16792 8906 6032 3469 2563 2232 1321 3390 1274 1012 911 142 955 331 569 331 238 96 769 142 1053 677 418 289 518 259 71 221 95 126 236 190 147 92 117 78 359
is_linear=0
shrinkage=0.04


Tree=64
num_leaves=39
num_cat=0
split_feature=13 135 32 8 124 84 119 14 119 14 119 14 119 12 119 14 14 119 102 102 12 119 14 119 14 14 0 119 14 110 119 14 119 12 12 119 119 84
split_gain=906.668 1001.21 1076.14 121.782 60.5806 40.76 49.2728 59.3726 31.6161 27.8039 16.0382 14.3062 24.2034 12.96 8.75933 25.7516 10.3614 17.5104 6.93855 6.48506 6.05966 8.52192 9.60132 5.68689 5.15921 4.94818 9.87275 4.90729 6.90387 4.75872 4.67111 7.68486 5.16469 10.74 4.65385 6.5641 4.33402 3.79131
threshold=0.93636366724967968 1.0000000180025095e-35 0.75000000000000011 -0.37511157989501948 0.050035268068313606 1.0000000180025095e-35 0.56429719924926769 0.49434550106525427 0.56429719924926769 0.49434550106525427 0.38069936633110052 0.53617689013481151 0.59593412280082714 0.91245013475418102 0.51532536745071422 0.45428046584129339 0.48106098175048834 0.53999802470207225 0.60369193553924572 0.5541210174560548 0.93004098534584057 0.52266719937324535 0.45428046584129339 0.45485258102416998 0.42232480645179754 0.48106098175048834 0.5412975847721101 0.55386900901794445 0.49782148003578192 -0.70286077260971058 0.48508223891258245 0.42232480645179754 0.45485258102416998 0.78291481733322155 0.78291481733322155 0.387991413474083 0.63175231218338024 1.0000000180025095e-35
decision_type=2 2 2 2 2 2 2 2 2 2 2 2 2 2 2 2 2 2 2 2 2 2 2 2 2 2 2 2 2 2 2 2 2 2 2 2 2 2
left_child=-1 37 -3 4 -4 -5 7 10 9 20 -7 18 -13 14 15 30 19 -18 -8 -16 21 22 23 34 -20 -23 -27 29 -29 -11 31 32 33 -12 35 -6 -26 -2
right_child=1 2 3 5 8 6 11 -9 -10 27 13 12 -14 -15 16 -17 17 -19 24 -21 -22 25 -24 -25 36 26 -28 28 -30 -31 -32 -33 -34 -35 -36 -37 -38 -39
leaf_value=0 -0.028163728961415363 -0.028163728961415363 -0.009799294483855121 0.011781273750883678 0.0041072091912079858 -0.018275581416566097 0.0041072091912079858 8.6628087082374349e-07 0.0041072091912079858 0.004039441124037888 0.0041072091912079858 -0.028701575814778169 0.0041072091912079858 0.0041072091912079858 0.0041072091912079858 -0.028567111616919473 -0.028567113861000255 0.0047348753862359151 0.0041072091912079858 0.0041072091912079858 0.0041072091912079858 0.0041072091912079858 0.0043140986402616819 0.0041072091912079858 0.0041072091912079858 0.0041072091912079858 0.0041072091912079858 0.0041072091912079858 0.0041072091912079858 0.0072332120364791306 0.0041072091912079858 0.0041072091912079858 0.0041072091912079858 -0.038471569157560108 0.0041072091912079858 0.0041072091912079858 0.0041072091912079858 0.0009224965143274994
leaf_weight=43208 7410 2874 79 331 26 57 251 309 2116 88 57 58 84 386 109 95 48 48 159 33 376 188 129 172 91 29 42 43 52 38 46 43 55 35 39 52 268 476
leaf_count=43208 7410 2874 79 331 26 57 251 309 2116 88 57 58 84 386 109 95 48 48 159 33 376 188 129 172 91 29 42 43 52 38 46 43 55 35 39 52 268 476
internal_value=-0.000934668 0.00695283 0.0161437 0.0257414 0.0306267 0.0191291 0.0210717 0.0161363 0.0314336 0.0264553 0.0208221 0.0282283 0.0165634 0.0220524 0.0182144 0.014006 0.0240672 0.0139167 0.0303823 0.0309296 0.0291624 0.026901 0.0233684 0.0274187 0.0277375 0.0326023 0.0236056 0.0135566 0.0204211 0.00838095 0.0210847 0.0183158 0.0226667 0.0168696 0.0206154 0.0262564 0.0250808 -0.00342683
internal_weight=60000 16792 8906 6032 3469 2563 2232 1321 3390 1274 1012 911 142 955 569 331 238 96 769 142 1053 677 418 289 518 259 71 221 95 126 236 190 147 92 117 78 359 7886
internal_count=60000 16792 8906 6032 3469 2563 2232 1321 3390 1274 1012 911 142 955 569 331 238 96 769 142 1053 677 418 289 518 259 71 221 95 126 236 190 147 92 117 78 359 7886
is_linear=0
shrinkage=0.04


Tree=65
num_leaves=39
num_cat=0
split_feature=13 135 15 8 124 84 119 14 119 14 119 14 119 12 118 119 14 14 119 85 12 119 14 10 119 14 0 119 14 110 14 119 14 119 12 12 119 84
split_gain=904.304 998.45 1073.26 123.773 60.5806 43.9996 49.5199 59.1385 31.6161 27.8039 15.9768 14.3062 24.2034 13.1526 12.4798 8.46913 25.7516 10.8752 16.6667 6.51255 6.05966 8.52192 9.60132 5.83297 5.68689 4.94818 9.87275 4.90729 6.90387 4.75872 4.73932 4.67111 7.68486 5.16469 10.74 4.65385 6.5641 3.79131
threshold=0.93636366724967968 1.0000000180025095e-35 0.75000000000000011 -0.37511157989501948 0.050035268068313606 1.0000000180025095e-35 0.56429719924926769 0.49434550106525427 0.56429719924926769 0.49434550106525427 0.38069936633110052 0.53617689013481151 0.59593412280082714 0.91245013475418102 1.0000000180025095e-35 0.51532536745071422 0.45428046584129339 0.48106098175048834 0.53999802470207225 0.61029398441314708 0.93004098534584057 0.52266719937324535 0.45428046584129339 -0.47114431858062739 0.45485258102416998 0.48106098175048834 0.5412975847721101 0.55386900901794445 0.49782148003578192 -0.70286077260971058 0.42232480645179754 0.48508223891258245 0.42232480645179754 0.45485258102416998 0.78291481733322155 0.78291481733322155 0.387991413474083 1.0000000180025095e-35
decision_type=2 2 2 2 2 2 2 2 2 2 2 2 2 2 2 2 2 2 2 2 2 2 2 2 2 2 2 2 2 2 2 2 2 2 2 2 2 2
left_child=-1 37 -3 4 -4 14 7 10 9 20 -7 19 -13 15 -5 16 31 23 -19 -8 21 22 24 -17 35 -23 -27 29 -29 -11 -21 32 33 34 -12 36 -6 -2
right_child=1 2 3 5 8 6 11 -9 -10 27 13 12 -14 -15 -16 17 -18 18 -20 30 -22 25 -24 -25 -26 26 -28 28 -30 -31 -32 -33 -34 -35 -36 -37 -38 -39
leaf_value=0 -0.02703717980295875 -0.02703717980295875 -0.0094073227045009134 0.01255358678855528 0.0039429208235596744 -0.017544558159903439 0.0039429208235596744 8.3162963598226731e-07 0.0039429208235596744 0.003877863479076391 0.0039429208235596744 -0.027553512782187043 0.0039429208235596744 0.0039429208235596744 -0.00010554626715936877 0.0039429208235596744 -0.027424427152242692 -0.027424429306560243 0.0045454803707864946 0.0039429208235596744 0.0039429208235596744 0.0039429208235596744 0.0041415346946512329 0.0039429208235596744 0.0039429208235596744 0.0039429208235596744 0.0039429208235596744 0.0039429208235596744 0.0039429208235596744 0.006943883555019994 0.0039429208235596744 0.0039429208235596744 0.0039429208235596744 0.0039429208235596744 -0.036932706391257709 0.0039429208235596744 0.0039429208235596744 0.00088559665375439859
leaf_weight=43208 7410 2874 79 116 26 57 231 309 2116 88 57 58 84 386 215 28 95 48 48 166 376 188 129 114 172 29 42 43 52 38 372 46 43 55 35 39 52 476
leaf_count=43208 7410 2874 79 116 26 57 231 309 2116 88 57 58 84 386 215 28 95 48 48 166 376 188 129 114 172 29 42 43 52 38 372 46 43 55 35 39 52 476
internal_value=-0.000938668 0.00693854 0.0161168 0.0257016 0.0306267 0.0190355 0.0210538 0.016106 0.0314336 0.0264553 0.0207826 0.0282283 0.0165634 0.0220105 0.00542598 0.0181441 0.014006 0.0238992 0.0135 0.0303823 0.0291624 0.026901 0.0233684 0.0309296 0.0274187 0.0326023 0.0236056 0.0135566 0.0204211 0.00838095 0.0279703 0.0210847 0.0183158 0.0226667 0.0168696 0.0206154 0.0262564 -0.00342683
internal_weight=60000 16792 8906 6032 3469 2563 2232 1321 3390 1274 1012 911 142 955 331 569 331 238 96 769 1053 677 418 142 289 259 71 221 95 126 538 236 190 147 92 117 78 7886
internal_count=60000 16792 8906 6032 3469 2563 2232 1321 3390 1274 1012 911 142 955 331 569 331 238 96 769 1053 677 418 142 289 259 71 221 95 126 538 236 190 147 92 117 78 7886
is_linear=0
shrinkage=0.04


Tree=66
num_leaves=39
num_cat=0
split_feature=30 135 15 8 73 84 119 48 119 48 119 48 119 29 118 119 48 48 119 102 102 29 119 48 119 48 48 0 119 48 110 119 48 119 29 29 119 119
split_gain=903.91 997.992 1072.78 123.527 61.3247 43.9996 49.5199 59.1385 31.6046 27.8039 15.9768 14.3062 24.2034 13.1526 12.4798 8.46913 25.7516 10.8752 16.6667 6.93855 6.48506 6.05966 8.52192 9.60132 5.68689 5.15921 4.94818 9.87275 4.90729 6.90387 4.75872 4.67111 7.68486 5.16469 10.74 4.65385 6.5641 4.33402
threshold=0.93636366724967968 1.0000000180025095e-35 0.75000000000000011 -0.37511157989501948 0.081620417535305037 1.0000000180025095e-35 0.56429719924926769 0.49434550106525427 0.56429719924926769 0.49434550106525427 0.38069936633110052 0.53617689013481151 0.59593412280082714 0.91245013475418102 1.0000000180025095e-35 0.51532536745071422 0.45428046584129339 0.48106098175048834 0.53999802470207225 0.60369193553924572 0.5541210174560548 0.93004098534584057 0.52266719937324535 0.45428046584129339 0.45485258102416998 0.42232480645179754 0.48106098175048834 0.5412975847721101 0.55386900901794445 0.49782148003578192 -0.70286077260971058 0.48508223891258245 0.42232480645179754 0.45485258102416998 0.78291481733322155 0.78291481733322155 0.387991413474083 0.63175231218338024
decision_type=2 2 2 2 2 2 2 2 2 2 2 2 2 2 2 2 2 2 2 2 2 2 2 2 2 2 2 2 2 2 2 2 2 2 2 2 2 2
left_child=-1 -2 -3 4 -4 14 7 10 9 21 -7 19 -13 15 -5 16 31 20 -19 -8 -17 22 23 24 35 -21 -24 -28 30 -30 -11 32 33 34 -12 36 -6 -27
right_child=1 2 3 5 8 6 11 -9 -10 28 13 12 -14 -15 -16 17 -18 18 -20 25 -22 -23 26 -25 -26 37 27 -29 29 -31 -32 -33 -34 -35 -36 -37 -38 -39
leaf_value=0 -0.025955692610840402 -0.025955692610840402 -0.0090291421514833454 0.012051443317013039 0.0037852039906172766 -0.016842775833507313 0.0037852039906172766 7.9836445053160789e-07 0.0037852039906172766 0.0037227489399133539 0.0037852039906172766 -0.026451372270899557 0.0037852039906172766 0.0037852039906172766 -0.00010132441647300538 0.0037852039906172766 -0.026327450066152985 -0.026327452134297834 0.0043636611559550167 0.0037852039906172766 0.0037852039906172766 0.0037852039906172766 0.0037852039906172766 0.0039758733068651596 0.0037852039906172766 0.0037852039906172766 0.0037852039906172766 0.0037852039906172766 0.0037852039906172766 0.0037852039906172766 0.0066661282128191602 0.0037852039906172766 0.0037852039906172766 0.0037852039906172766 -0.035455398135607399 0.0037852039906172766 0.0037852039906172766 0.0037852039906172766
leaf_weight=43208 7886 2874 80 116 26 57 251 309 2115 88 57 58 84 386 215 109 95 48 48 159 33 376 188 129 172 91 29 42 43 52 38 46 43 55 35 39 52 268
leaf_count=43208 7886 2874 80 116 26 57 251 309 2115 88 57 58 84 386 215 109 95 48 48 159 33 376 188 129 172 91 29 42 43 52 38 46 43 55 35 39 52 268
internal_value=-0.000939334 0.00693616 0.0161123 0.025695 0.0306152 0.0190355 0.0210538 0.016106 0.0314323 0.0264553 0.0207826 0.0282283 0.0165634 0.0220105 0.00542598 0.0181441 0.014006 0.0238992 0.0135 0.0303823 0.0309296 0.0291624 0.026901 0.0233684 0.0274187 0.0277375 0.0326023 0.0236056 0.0135566 0.0204211 0.00838095 0.0210847 0.0183158 0.0226667 0.0168696 0.0206154 0.0262564 0.0250808
internal_weight=60000 16792 8906 6032 3469 2563 2232 1321 3389 1274 1012 911 142 955 331 569 331 238 96 769 142 1053 677 418 289 518 259 71 221 95 126 236 190 147 92 117 78 359
internal_count=60000 16792 8906 6032 3469 2563 2232 1321 3389 1274 1012 911 142 955 331 569 331 238 96 769 142 1053 677 418 289 518 259 71 221 95 126 236 190 147 92 117 78 359
is_linear=0
shrinkage=0.04


Tree=67
num_leaves=39
num_cat=0
split_feature=13 101 15 124 77 119 14 84 119 14 119 14 119 12 119 14 14 119 119 102 119 12 119 14 14 85 119 14 119 14 119 12 0 119 12 119 58 128
split_gain=904.304 980.721 1071.94 110.424 110.629 34.3714 64.9081 37.411 27.3939 24.3757 16.5145 14.9351 25.3793 14.229 13.4428 21.3431 13.7883 17.1531 7.93389 7.08224 6.51469 5.73608 5.31454 7.99768 7.07585 7.82285 5.61108 4.8897 4.69617 10.8836 5.26086 11.0473 4.34201 6.36829 4.17775 4.16755 4.16349 3.85153
threshold=0.93636366724967968 1.0000000180025095e-35 0.75000000000000011 0.050035268068313606 -0.44228866696357721 0.56429719924926769 0.49434550106525427 1.0000000180025095e-35 0.56429719924926769 0.49548439681530004 0.38069936633110052 0.53617689013481151 0.59593412280082714 0.93004098534584057 0.5205402970314027 0.45428046584129339 0.48106098175048834 0.53999802470207225 0.51532536745071422 0.60369193553924572 0.54425701498985302 0.93004098534584057 0.52266719937324535 0.45428046584129339 0.48106098175048834 0.54239150881767284 0.45485258102416998 0.42232480645179754 0.48003464937210089 0.42232480645179754 0.45485258102416998 0.78291481733322155 0.43281006813049322 0.387991413474083 0.70107209682464611 0.63175231218338024 0.036826821044087417 -0.68322628736495961
decision_type=2 2 2 2 2 2 2 2 2 2 2 2 2 2 2 2 2 2 2 2 2 2 2 2 2 2 2 2 2 2 2 2 2 2 2 2 2 2
left_child=-1 37 -3 -4 5 6 10 34 9 21 -5 19 -13 14 15 28 20 -18 -17 -9 -16 22 23 26 -24 -26 32 -21 29 30 31 -12 33 -6 -7 -29 -11 -2
right_child=1 2 3 4 8 7 -8 11 -10 36 13 12 -14 -15 16 18 17 -19 -20 27 -22 -23 24 -25 25 -27 -28 35 -30 -31 -32 -33 -34 -35 -36 -37 -38 -39
leaf_value=0 -0.024917464906406783 -0.024917464906406783 0.17173118759425041 0.019537106542488622 0.0036337958309925968 0.00025556194284244048 7.6642987252739662e-07 0.0036337958309925968 0.0036337958309925968 0.0036337958309925968 0.0036337958309925968 -0.025393317380063576 0.0036337958309925968 0.0036337958309925968 0.0036337958309925968 -0.025274352063506866 -0.025274354048925921 0.004316502782235423 0.0036337958309925968 0.0036337958309925968 0.0036337958309925968 0.0036337958309925968 0.0036337958309925968 0.0040762372172303421 0.0036337958309925968 0.0036337958309925968 0.0036337958309925968 0.0036337958309925968 0.0036337958309925968 -0.34961988863933291 0.0036337958309925968 -0.0045474485137646427 0.0036337958309925968 0.0036337958309925968 -0.0014873573376966932 0.0036337958309925968 0.0036430591669423026 -0.024917464906406783
leaf_weight=43208 1902 2878 284 60 24 24 322 268 2084 112 59 60 87 330 161 113 49 49 35 164 24 359 179 117 40 77 159 93 69 36 56 38 36 50 68 263 49 6014
leaf_count=43208 1902 2878 284 60 24 24 322 268 2084 112 59 60 87 330 161 113 49 49 35 164 24 359 179 117 40 77 159 93 69 36 56 38 36 50 68 263 49 6014
internal_value=-0.000938668 0.00693854 0.0160676 0.0256966 0.0269065 0.0204316 0.0163569 0.0259903 0.0316908 0.0268819 0.0210602 0.028385 0.0166803 0.022261 0.0189898 0.0143251 0.025682 0.013551 0.00221622 0.0305685 0.0321081 0.029122 0.0269677 0.0238756 0.031 0.0233504 0.0276729 0.0278462 0.0212713 0.0180106 0.0226667 0.0170309 0.0207273 0.0262703 0.00165217 0.0252135 0.0123975 -0.00329763
internal_weight=60000 16792 8876 5998 5714 2428 1401 1027 3286 1202 1079 935 147 1019 689 406 283 98 148 788 185 1041 682 386 296 117 269 520 258 189 153 97 110 74 92 356 161 7916
internal_count=60000 16792 8876 5998 5714 2428 1401 1027 3286 1202 1079 935 147 1019 689 406 283 98 148 788 185 1041 682 386 296 117 269 520 258 189 153 97 110 74 92 356 161 7916
is_linear=0
shrinkage=0.04


Tree=68
num_leaves=39
num_cat=0
split_feature=13 135 15 8 73 84 119 14 119 14 119 14 119 12 118 119 14 14 119 102 12 119 14 119 102 14 14 0 119 14 110 119 14 119 12 119 84 119
split_gain=901.942 996.675 1070.86 124.863 59.5659 42.8225 47.7425 59.1385 31.8539 27.6687 15.9768 13.7728 24.2034 13.1526 12.1962 8.46913 25.7516 10.8752 16.6667 6.48506 6.17326 8.69946 9.39988 6.42759 5.64106 5.15921 4.94818 9.87275 4.90729 6.90387 4.75872 4.67111 7.68486 5.16469 10.74 4.33402 3.62026 3.61323
threshold=0.93636366724967968 1.0000000180025095e-35 0.75000000000000011 -0.37511157989501948 0.081620417535305037 1.0000000180025095e-35 0.56429719924926769 0.49434550106525427 0.56429719924926769 0.49434550106525427 0.38069936633110052 0.53617689013481151 0.59593412280082714 0.91245013475418102 1.0000000180025095e-35 0.51532536745071422 0.45428046584129339 0.48106098175048834 0.53999802470207225 0.5541210174560548 0.93004098534584057 0.52266719937324535 0.45428046584129339 0.387991413474083 0.60369193553924572 0.42232480645179754 0.48106098175048834 0.5412975847721101 0.55386900901794445 0.49782148003578192 -0.70286077260971058 0.48508223891258245 0.42232480645179754 0.45485258102416998 0.78291481733322155 0.63175231218338024 1.0000000180025095e-35 0.48508223891258245
decision_type=2 2 2 2 2 2 2 2 2 2 2 2 2 2 2 2 2 2 2 2 2 2 2 2 2 2 2 2 2 2 2 2 2 2 2 2 2 2
left_child=-1 36 -3 4 -4 14 7 10 9 20 -7 24 -13 15 -5 16 31 19 -19 -17 21 22 23 -6 -8 -26 -23 -28 30 -30 -11 32 33 34 -12 -27 -2 -25
right_child=1 2 3 5 8 6 11 -9 -10 28 13 12 -14 -15 -16 17 -18 18 -20 -21 -22 26 -24 37 25 35 27 -29 29 -31 -32 -33 -34 -35 -36 -37 -38 -39
leaf_value=0 -0.023920766310150512 -0.023920766310150512 -0.015537223969194035 0.012566084180588804 0.0034884439977528815 -0.016950549061866552 0.0034884439977528815 7.3577267762914293e-07 0.0034884439977528815 0.0034283759898143256 0.0034884439977528815 -0.024377584684861033 0.0034884439977528815 0.0034884439977528815 -6.566421050078835e-05 0.0034884439977528815 -0.024263377980966592 -0.024263379886968882 0.0040164545984274456 0.0034884439977528815 0.0034884439977528815 0.0034884439977528815 0.0036679470642698815 0.0034884439977528815 0.0034884439977528815 0.0034884439977528815 0.0034884439977528815 0.0034884439977528815 0.0034884439977528815 0.0034884439977528815 0.0062541312510666818 0.0034884439977528815 0.0034884439977528815 0.0034884439977528815 -0.033855284269632517 0.0034884439977528815 -0.0049808470117322151 0.0034884439977528815
leaf_weight=43208 7410 2874 80 116 26 57 251 309 2115 88 57 58 84 386 215 109 95 48 48 33 376 188 129 179 159 91 29 42 43 52 38 46 43 55 35 268 476 84
leaf_count=43208 7410 2874 80 116 26 57 251 309 2115 88 57 58 84 386 215 109 95 48 48 33 376 188 129 179 159 91 29 42 43 52 38 46 43 55 35 268 476 84
internal_value=-0.000942668 0.00692425 0.0160943 0.0256684 0.0306152 0.0189731 0.0209642 0.016106 0.0314205 0.0264239 0.0207826 0.0280088 0.0165634 0.0220105 0.00554683 0.0181441 0.014006 0.0238992 0.0135 0.0309296 0.0291244 0.0268419 0.0232727 0.0272803 0.0301222 0.0277375 0.0326023 0.0236056 0.0135566 0.0204211 0.00838095 0.0210847 0.0183158 0.0226667 0.0168696 0.0250808 -0.00343191 0.0291559
internal_weight=60000 16792 8906 6032 3469 2563 2232 1321 3389 1274 1012 911 142 955 331 569 331 238 96 142 1053 677 418 289 769 518 259 71 221 95 126 236 190 147 92 359 7886 263
internal_count=60000 16792 8906 6032 3469 2563 2232 1321 3389 1274 1012 911 142 955 331 569 331 238 96 142 1053 677 418 289 769 518 259 71 221 95 126 236 190 147 92 359 7886 263
is_linear=0
shrinkage=0.04


Tree=69
num_leaves=39
num_cat=0
split_feature=13 135 15 8 124 84 119 14 119 14 119 14 119 12 118 119 14 14 119 12 119 14 14 17 119 10 51 119 14 119 12 14 84 119 12 119 12 74
split_gain=901.155 995.758 1069.91 124.369 60.4596 42.8225 47.7425 59.1385 32.3672 29.0684 15.9768 13.7728 24.2034 13.1526 12.1962 8.46913 25.7516 10.8752 16.6667 7.24548 5.98061 9.39988 8.66944 7.23204 6.42759 5.83297 5.45551 4.67111 7.68486 5.16469 10.74 4.58062 3.62026 3.61323 4.82791 5.0577 4.69737 3.55391
threshold=0.93636366724967968 1.0000000180025095e-35 0.75000000000000011 -0.37511157989501948 0.050035268068313606 1.0000000180025095e-35 0.56429719924926769 0.49434550106525427 0.56429719924926769 0.49548439681530004 0.38069936633110052 0.53617689013481151 0.59593412280082714 0.91245013475418102 1.0000000180025095e-35 0.51532536745071422 0.45428046584129339 0.48106098175048834 0.53999802470207225 0.93004098534584057 0.52266719937324535 0.45428046584129339 0.48106098175048834 0.55159601569175731 0.387991413474083 -0.47114431858062739 0.61016687750816356 0.48508223891258245 0.42232480645179754 0.45485258102416998 0.78291481733322155 0.42232480645179754 1.0000000180025095e-35 0.48508223891258245 0.76287078857421886 0.45485258102416998 0.78291481733322155 0.88705232739448558
decision_type=2 2 2 2 2 2 2 2 2 2 2 2 2 2 2 2 2 2 2 2 2 2 2 2 2 2 2 2 2 2 2 2 2 2 2 2 2 2
left_child=-1 32 -3 4 -4 14 7 10 9 19 -7 26 -13 15 -5 16 27 25 -19 20 21 24 -22 -24 -6 -17 -8 28 29 30 -12 -28 -2 34 -26 -36 -37 -23
right_child=1 2 3 5 8 6 11 -9 -10 -11 13 12 -14 -15 -16 17 -18 18 -20 -21 22 37 23 -25 33 -27 31 -29 -30 -31 -32 -33 -34 -35 35 36 -38 -39
leaf_value=0 -0.022963935657744492 -0.022963935657744492 -0.014917622655263828 0.012063440813365234 0.0033489062378427546 -0.016272527099391886 0.0033489062378427546 7.0634177049555549e-07 0.0033489062378427546 0.0033489062378427546 0.0033489062378427546 -0.023402481297466592 0.0033489062378427546 0.0033489062378427546 -6.3037642080747294e-05 0.0033489062378427546 -0.02329284286172793 -0.023292844691490126 0.0038557964144903156 0.0033489062378427546 0.0033489062378427546 0.0065469451361181664 0.0033489062378427546 0.0033489062378427546 0.0033489062378427546 0.0033489062378427546 0.0033489062378427546 0.0033489062378427546 0.0033489062378427546 0.0033489062378427546 -0.032501072898847218 0.0033489062378427546 -0.0047816131312629498 0.0033489062378427546 0.0033489062378427546 0.0033489062378427546 0.0033489062378427546 0.0031741183201393144
leaf_weight=43208 7410 2874 79 116 26 57 210 309 2116 169 57 58 84 386 215 28 95 48 48 376 188 56 78 45 64 114 167 46 43 55 35 392 476 84 39 34 42 73
leaf_count=43208 7410 2874 79 116 26 57 210 309 2116 169 57 58 84 386 215 28 95 48 48 376 188 56 78 45 64 114 167 46 43 55 35 392 476 84 39 34 42 73
internal_value=-0.000944001 0.00691948 0.0160853 0.0256552 0.0305921 0.0189731 0.0209642 0.016106 0.0313982 0.0263611 0.0207826 0.0280088 0.0165634 0.0220105 0.00554683 0.0181441 0.014006 0.0238992 0.0135 0.028724 0.0263978 0.0232727 0.0305981 0.0223415 0.0272803 0.0309296 0.0301222 0.0210847 0.0183158 0.0226667 0.0168696 0.0280572 -0.00343191 0.0291559 0.0259441 0.0210435 0.0270526 0.0142946
internal_weight=60000 16792 8906 6032 3469 2563 2232 1321 3390 1274 1012 911 142 955 331 569 331 238 96 1105 729 418 311 123 289 142 769 236 190 147 92 559 7886 263 179 115 76 129
internal_count=60000 16792 8906 6032 3469 2563 2232 1321 3390 1274 1012 911 142 955 331 569 331 238 96 1105 729 418 311 123 289 142 769 236 190 147 92 559 7886 263 179 115 76 129
is_linear=0
shrinkage=0.04


Tree=70
num_leaves=39
num_cat=0
split_feature=13 85 15 135 15 120 119 14 39 73 130 14 119 119 102 12 119 14 14 119 43 0 10 14 119 119 14 119 12 118 12 101 58 119 121 107 17 102
split_gain=868.431 990.89 364.325 200.49 416.69 125.689 71.7396 101.729 54.7124 38.1737 23.4628 18.9987 43.9975 18.7378 18.4585 15.0591 14.3027 22.1414 12.927 18.872 12.0834 8.41861 7.62091 7.01514 6.88291 6.87185 7.99199 7.11087 12.232 6.867 9.41565 7.22913 5.43377 4.7087 4.05452 3.88647 3.81163 3.72761
threshold=0.93636366724967968 0.7119947373867036 0.75000000000000011 1.0000000180025095e-35 0.75000000000000011 1.0000000180025095e-35 0.56429719924926769 0.49434550106525427 0.1013208217918873 0.081620417535305037 0.53813821077346813 0.53617689013481151 0.59593412280082714 0.66889700293540966 0.37993320822715765 0.93004098534584057 0.5205402970314027 0.45428046584129339 0.48106098175048834 0.54231527447700512 -0.55557009577751149 0.55328193306922924 -0.0979645401239395 0.49782148003578192 0.51532536745071422 0.48508223891258245 0.42232480645179754 0.45485258102416998 0.78291481733322155 1.0000000180025095e-35 0.76287078857421886 1.0000000180025095e-35 0.13023007661104205 0.54425701498985302 1.0000000180025095e-35 0.077653735876083388 0.84376066923141491 0.39428536593914038
decision_type=2 2 2 2 2 2 2 2 2 2 2 2 2 2 2 2 2 2 2 2 2 2 2 2 2 2 2 2 2 2 2 2 2 2 2 2 2 2
left_child=-1 2 -2 -3 -5 29 7 10 -8 -7 34 22 -13 -11 -12 16 17 25 33 -20 -9 32 36 -23 -19 26 27 28 37 -6 31 -31 -22 -18 -4 -15 -10 -16
right_child=1 3 6 4 5 9 8 20 11 13 14 12 -14 35 15 -17 18 24 19 -21 21 23 -24 -25 -26 -27 -28 -29 -30 30 -32 -33 -34 -35 -36 -37 -38 -39
leaf_value=0 -0.022045378231434713 -0.022045378231434713 0.0032149499883290388 -0.022045378231434713 0.010337346567388722 -0.014302040945132077 0.0054538347059531348 -0.0022400608561907822 0.0032149499883290388 0.0032149499883290388 -0.15647614156082884 0.0032148948821688022 0.0032149499883290388 0.0032149499883290388 0.0032149499883290388 0.0032149499883290388 0.0032149499883290388 -0.022361129147258813 -0.019803558791710467 0.0032149499883290388 0.0015496121506771488 0.0032149499883290388 0.0032149499883290388 0.0032149499883290388 0.0032149499883290388 0.0032149499883290388 0.0032149499883290388 0.0032149499883290388 -0.031201029982893331 -0.0051448618115504273 -3.5315683078351867e-07 0.0019076079478852392 0.0048276446889710094 0.0032149499883290388 0.0032149499883290388 0.0032149499883290388 0.0032149499883290388 0.0032149499883290388
leaf_weight=43208 787 7821 148 2087 108 50 88 300 111 149 53 91 193 85 29 354 160 121 60 52 89 43 1378 54 34 67 46 61 45 48 210 106 25 24 751 864 59 41
leaf_count=43208 787 7821 148 2087 108 50 88 300 111 149 53 91 193 85 29 354 160 121 60 52 89 43 1378 54 34 67 46 61 45 48 210 106 25 24 751 864 59 41
internal_value=-0.001 0.00671939 0.0210988 0.000153365 0.00781548 0.023037 0.0255108 0.0211232 0.0313542 0.0301812 0.0251105 0.0328341 0.0233239 0.0317377 0.0213182 0.0224351 0.0191892 0.0146486 0.026 0.0152857 0.00515851 0.0124929 0.0345788 0.0211546 0.00245161 0.0211903 0.0178018 0.0216818 0.0158261 0.00566102 0.00303297 0.0105455 0.00512281 0.0325217 0.0299488 0.0338082 0.0265882 0.0262857
internal_weight=60000 16792 5264 11528 3707 1620 4477 2557 1920 1148 2046 1832 284 1098 1147 1094 740 444 296 112 511 211 1548 97 155 289 222 176 115 472 364 154 114 184 899 949 170 70
internal_count=60000 16792 5264 11528 3707 1620 4477 2557 1920 1148 2046 1832 284 1098 1147 1094 740 444 296 112 511 211 1548 97 155 289 222 176 115 472 364 154 114 184 899 949 170 70
is_linear=0
shrinkage=0.04


Tree=71
num_leaves=39
num_cat=0
split_feature=30 85 15 135 15 120 119 14 39 73 130 14 119 119 102 12 119 14 14 119 43 0 10 14 119 119 14 119 12 12 58 14 119 119 119 14 107 101
split_gain=866.888 988.016 363.443 200.49 416.69 125.689 72.6198 100.933 54.7124 38.1737 22.5051 18.9987 43.9975 18.7378 18.4585 15.0591 14.3027 22.1414 12.927 18.872 12.0834 8.41861 7.62091 7.01514 6.88291 6.87185 7.99199 7.11087 12.232 6.53083 5.43377 4.9033 12.4197 4.7087 4.6862 7.61962 3.88647 3.86785
threshold=0.93636366724967968 0.7119947373867036 0.75000000000000011 1.0000000180025095e-35 0.75000000000000011 1.0000000180025095e-35 0.56429719924926769 0.49434550106525427 0.1013208217918873 0.081620417535305037 0.53813821077346813 0.53617689013481151 0.59593412280082714 0.66889700293540966 0.37993320822715765 0.93004098534584057 0.5205402970314027 0.45428046584129339 0.48106098175048834 0.54231527447700512 -0.55557009577751149 0.55328193306922924 -0.0979645401239395 0.49782148003578192 0.51532536745071422 0.48508223891258245 0.42232480645179754 0.45485258102416998 0.78291481733322155 0.76287078857421886 0.13023007661104205 0.46050065755844122 0.52266719937324535 0.54425701498985302 0.51532536745071422 0.45428046584129339 0.077653735876083388 1.0000000180025095e-35
decision_type=2 2 2 2 2 2 2 2 2 2 2 2 2 2 2 2 2 2 2 2 2 2 2 2 2 2 2 2 2 2 2 2 2 2 2 2 2 2
left_child=-1 2 -2 -3 -5 29 7 10 -8 -7 31 22 -13 -11 -12 16 17 25 33 -20 -9 30 -10 -23 -19 26 27 28 -16 37 -22 34 -33 -18 35 -4 -15 -6
right_child=1 3 6 4 5 9 8 20 11 13 14 12 -14 36 15 -17 18 24 19 -21 21 23 -24 -25 -26 -27 -28 -29 -30 -31 -32 32 -34 -35 -36 -37 -38 -39
leaf_value=0 -0.021163563102177325 -0.021163563102177325 0.0030863519887958549 -0.021163563102177325 0.0099238527046932035 -0.01372995930732678 0.0052356813177149982 -0.0021504584219431159 0.0030863519887958549 0.0030863519887958549 -0.15021709589839569 0.0030862990868820747 0.0030863519887958549 0.0030863519887958549 0.0030863519887958549 0.0030863519887958549 0.0030863519887958549 -0.021466683981368459 -0.019011416440042048 0.0030863519887958549 0.0014876276646500486 0.0030863519887958549 0.0030863519887958549 0.0030863519887958549 0.0030863519887958549 0.0030863519887958549 0.0030863519887958549 0.0030863519887958549 -0.029952988783577598 0.007551683724066365 0.0046345389014121599 0.0083025200886799252 0.0030863519887958549 0.0030863519887958549 0.0030863519887958549 0.0028743132457850662 0.0030863519887958549 0.0018313036299698383
leaf_weight=43208 787 7821 475 2087 95 50 88 300 170 149 53 91 193 85 70 354 160 121 60 52 89 43 1378 54 34 67 46 61 45 271 25 34 111 24 230 49 864 106
leaf_count=43208 787 7821 475 2087 95 50 88 300 170 149 53 91 193 85 70 354 160 121 60 52 89 43 1378 54 34 67 46 61 45 271 25 34 111 24 230 49 864 106
internal_value=-0.00100267 0.00670986 0.0210684 0.000153365 0.00781548 0.023037 0.0254751 0.0210606 0.0313542 0.0301812 0.0250323 0.0328341 0.0233239 0.0317377 0.0213182 0.0224351 0.0191892 0.0146486 0.026 0.0152857 0.00515851 0.0124929 0.0345788 0.0211546 0.00245161 0.0211903 0.0178018 0.0216818 0.0158261 0.00566102 0.00512281 0.0297709 0.0230345 0.0325217 0.0310663 0.0289771 0.0338082 0.0111244
internal_weight=60000 16792 5264 11528 3707 1620 4477 2557 1920 1148 2046 1832 284 1098 1147 1094 740 444 296 112 511 211 1548 97 155 289 222 176 115 472 114 899 145 184 754 524 949 201
internal_count=60000 16792 5264 11528 3707 1620 4477 2557 1920 1148 2046 1832 284 1098 1147 1094 740 444 296 112 511 211 1548 97 155 289 222 176 115 472 114 899 145 184 754 524 949 201
is_linear=0
shrinkage=0.04


Tree=72
num_leaves=39
num_cat=0
split_feature=13 85 15 135 15 120 119 14 39 73 119 14 119 43 119 14 119 119 12 119 14 119 14 119 12 10 75 12 0 14 56 51 85 14 85 14 0 130
split_gain=853.444 965.115 356.208 199.724 415.169 124.975 80.0863 118.058 54.7124 38.0182 27.8131 43.481 25.9072 24.4143 19.2978 18.9987 43.9975 14.1585 11.3131 7.70023 12.2816 18.2855 12.9447 9.03791 9.69313 7.62091 7.54484 6.53083 6.2655 9.25499 5.87548 5.52533 5.31726 7.83392 5.83225 5.23624 8.31751 4.54816
threshold=0.93636366724967968 0.7119947373867036 0.75000000000000011 1.0000000180025095e-35 0.75000000000000011 1.0000000180025095e-35 0.56429719924926769 0.48106098175048834 0.1013208217918873 0.081620417535305037 0.52266719937324535 0.45428046584129339 0.38069936633110052 -0.55557009577751149 0.66889700293540966 0.53617689013481151 0.59593412280082714 0.51532536745071422 0.91245013475418102 0.49626159667968756 0.3916513472795487 0.45485258102416998 0.42232480645179754 0.48003464937210089 1.0321779251098635 -0.0979645401239395 0.067654374986886992 0.76287078857421886 0.55328193306922924 0.50440177321434032 0.29048770666122442 0.73406916856765758 0.3885036855936051 0.3269487619400025 0.50347670912742626 0.49434550106525427 0.5412975847721101 0.57216736674308788
decision_type=2 2 2 2 2 2 2 2 2 2 2 2 2 2 2 2 2 2 2 2 2 2 2 2 2 2 2 2 2 2 2 2 2 2 2 2 2 2
left_child=-1 2 -2 -3 -5 27 7 10 -8 -7 11 12 37 -9 -11 25 -17 30 -19 20 32 -22 -23 -24 -25 -10 28 -6 35 -30 -13 -12 33 -14 -34 36 -15 -4
right_child=1 3 6 4 5 9 8 13 15 14 31 17 19 26 -16 16 -18 18 -20 -21 21 22 23 24 -26 -27 -28 -29 29 -31 -32 -33 34 -35 -36 -37 -38 -39
leaf_value=0 -0.02031702057809023 -0.02031702057809023 0.095819245164776023 -0.02031702057809023 0.0095268661524945848 -0.013180760935033717 0.0050262540650064334 -3.0215346741968574e-05 0.0029628979092440489 0.0029628979092440489 0.0029628979092440489 0.0045726033380002846 0.0029628979092440489 0.0029628979092440489 0.0029628979092440489 0.002962847123406756 0.0029628979092440489 0.0029628979092440489 0.0029628979092440489 0.0029628979092440489 0.0029628979092440489 0.0029628979092440489 0.0029628979092440489 0.0029628979092440489 0.0029628979092440489 0.0029628979092440489 0.0029628979092440489 0.0072496163751036846 0.0029628979092440489 -0.17303735386077548 -0.020608016622113721 0.0029628979092440489 0.0029628979092440489 0.0029628979092440489 0.0029628979092440489 0.0014281220056265836 0.0029628979092440489 -0.14420841206245985
leaf_weight=43208 787 7821 28 2087 201 50 88 396 170 149 418 27 32 26 949 91 193 55 35 230 84 215 53 74 31 1378 69 271 51 25 159 20 295 37 25 91 21 60
leaf_count=43208 787 7821 28 2087 201 50 88 396 170 149 418 27 32 26 949 91 193 55 35 230 84 215 53 74 31 1378 69 271 51 25 159 20 295 37 25 91 21 60
internal_value=-0.001026 0.00662649 0.0208176 0.000146425 0.0077939 0.0229877 0.0251803 0.0205444 0.0313542 0.0301115 0.0257125 0.0230278 0.0264124 0.00625037 0.0316648 0.0328341 0.0233239 0.00875362 0.0217778 0.028119 0.0263546 0.0219081 0.0257051 0.0170127 0.0238095 0.0345788 0.0152226 0.00566102 0.011514 0.0207368 0.00245161 0.0345388 0.0315784 0.0215072 0.03375 0.00643478 0.0172766 0.00554545
internal_weight=60000 16792 5264 11528 3707 1620 4477 2557 1920 1148 1878 1440 1164 679 1098 1832 284 276 90 1076 846 457 373 158 105 1548 283 472 214 76 186 438 389 69 320 138 47 88
internal_count=60000 16792 5264 11528 3707 1620 4477 2557 1920 1148 1878 1440 1164 679 1098 1832 284 276 90 1076 846 457 373 158 105 1548 283 472 214 76 186 438 389 69 320 138 47 88
is_linear=0
shrinkage=0.04


Tree=73
num_leaves=39
num_cat=0
split_feature=13 85 15 84 15 73 119 48 120 39 119 43 119 48 48 119 119 119 12 12 119 48 119 48 119 12 10 75 0 48 51 85 48 85 48 0 119 12
split_gain=840.104 951.696 350.992 182.72 405.689 123.621 85.746 111.937 62.5153 54.7124 36.3841 24.4143 23.7973 61.1468 18.9987 43.9975 18.1922 14.4755 11.3131 10.6196 7.70023 12.2816 18.2855 12.9447 9.03791 9.69313 7.62091 7.54484 6.2655 9.25499 5.52533 5.31726 7.83392 5.83225 5.23624 8.31751 4.48338 5.52
threshold=0.93636366724967968 0.7119947373867036 0.75000000000000011 1.0000000180025095e-35 0.75000000000000011 0.081620417535305037 0.56429719924926769 0.48106098175048834 1.0000000180025095e-35 0.1013208217918873 0.38069936633110052 -0.55557009577751149 0.52266719937324535 0.45428046584129339 0.53617689013481151 0.59593412280082714 0.51532536745071422 0.63175231218338024 0.91245013475418102 0.76287078857421886 0.49626159667968756 0.3916513472795487 0.45485258102416998 0.42232480645179754 0.48003464937210089 1.0321779251098635 -0.0979645401239395 0.067654374986886992 0.55328193306922924 0.50440177321434032 0.73406916856765758 0.3885036855936051 0.3269487619400025 0.50347670912742626 0.49434550106525427 0.5412975847721101 0.46147063374519354 1.0626657605171206
decision_type=2 2 2 2 2 2 2 2 2 2 2 2 2 2 2 2 2 2 2 2 2 2 2 2 2 2 2 2 2 2 2 2 2 2 2 2 2 2
left_child=-1 2 -2 -3 -5 -6 7 10 19 -8 -4 -9 13 20 26 -16 -15 -10 -18 -7 21 31 -23 36 -25 -26 -11 28 34 -30 -14 32 -12 -33 35 -13 37 -24
right_child=1 3 6 4 5 8 9 11 17 14 12 27 30 16 15 -17 18 -19 -20 -21 -22 22 23 24 25 -27 -28 -29 29 -31 -32 33 -34 -35 -36 -37 -38 -39
leaf_value=0 -0.019504339754966623 -0.019504339754966623 0.002010440074365395 -0.019504339754966623 0.18884519279990863 0.0013769768386712401 0.0048252039024061803 -2.9006732872289832e-05 0.0038191218839544036 0.0028443819928742897 0.0028443819928742897 0.0028443819928742897 0.0028443819928742897 -4.2685246579665657e-05 0.0028443332384705073 0.0028443819928742897 0.0028443819928742897 0.0028443819928742897 0.0028443819928742897 -0.00059239103452441105 0.0028443819928742897 0.0028443819928742897 0.0028443819928742897 0.0028443819928742897 0.0028443819928742897 0.0028443819928742897 0.0028443819928742897 0.0028443819928742897 0.0028443819928742897 -0.16611585970634443 0.0028443819928742897 0.0028443819928742897 0.0028443819928742897 0.0028443819928742897 0.0013709971254015512 0.0028443819928742897 0.0028443819928742897 0.0028443819928742897
leaf_weight=43208 787 7891 88 2085 316 76 88 396 84 170 32 26 418 186 91 193 55 974 35 102 230 84 23 53 74 31 1378 69 51 25 20 295 37 25 91 21 165 27
leaf_count=43208 787 7891 88 2085 316 76 88 396 84 170 32 26 418 186 91 193 55 974 35 102 230 84 23 53 74 31 1378 69 51 25 20 295 37 25 91 21 165 27
internal_value=-0.00104933 0.00654311 0.0206353 0.000108257 0.00752598 0.0230103 0.0249658 0.0201689 0.0287184 0.0313542 0.0252013 0.00625037 0.0264358 0.0238106 0.0328341 0.0233239 0.00701449 0.0324083 0.0217778 0.00678652 0.028119 0.0263546 0.0219081 0.0257051 0.0170127 0.0238095 0.0345788 0.0152226 0.011514 0.0207368 0.0345388 0.0315784 0.0215072 0.03375 0.00643478 0.0172766 0.032093 0.0216
internal_weight=60000 16792 5264 11528 3637 1552 4477 2557 1236 1920 1878 679 1790 1352 1832 284 276 1058 90 178 1076 846 457 373 158 105 1548 283 214 76 438 389 69 320 138 47 215 50
internal_count=60000 16792 5264 11528 3637 1552 4477 2557 1236 1920 1878 679 1790 1352 1832 284 276 1058 90 178 1076 846 457 373 158 105 1548 283 214 76 438 389 69 320 138 47 215 50
is_linear=0
shrinkage=0.04


Tree=74
num_leaves=39
num_cat=0
split_feature=13 85 15 135 15 103 119 48 39 73 119 43 119 48 48 119 119 119 123 12 119 48 119 48 119 12 75 27 0 48 12 118 51 85 48 85 48 0
split_gain=846.189 946.555 350.992 201.641 418.976 104.586 85.746 111.937 54.7124 39.7072 36.3841 24.4143 23.7973 61.1468 18.9987 43.9975 18.1922 13.6629 12.853 11.3131 7.70023 12.2816 18.2855 12.9447 9.03791 9.69313 7.54484 7.1427 6.2655 9.25499 5.90739 9.55219 5.52533 5.31726 7.83392 5.83225 5.23624 8.31751
threshold=0.93636366724967968 0.7119947373867036 0.75000000000000011 1.0000000180025095e-35 0.75000000000000011 1.0000000180025095e-35 0.56429719924926769 0.48106098175048834 0.1013208217918873 0.081620417535305037 0.38069936633110052 -0.55557009577751149 0.52266719937324535 0.45428046584129339 0.53617689013481151 0.59593412280082714 0.51532536745071422 0.65468347072601329 1.0000000180025095e-35 0.91245013475418102 0.49626159667968756 0.3916513472795487 0.45485258102416998 0.42232480645179754 0.48003464937210089 1.0321779251098635 0.067654374986886992 -0.1628082990646362 0.55328193306922924 0.50440177321434032 0.76287078857421886 1.0000000180025095e-35 0.73406916856765758 0.3885036855936051 0.3269487619400025 0.50347670912742626 0.49434550106525427 0.5412975847721101
decision_type=2 2 2 2 2 2 2 2 2 2 2 2 2 2 2 2 2 2 2 2 2 2 2 2 2 2 2 2 2 2 2 2 2 2 2 2 2 2
left_child=-1 2 -2 -3 -5 18 7 10 -8 -7 -4 -9 13 20 27 -16 -15 -11 30 -18 21 33 -23 -24 -25 -26 28 -10 36 -30 -6 -32 -14 34 -12 -35 37 -13
right_child=1 3 6 4 5 9 8 11 14 17 12 26 32 16 15 -17 19 -19 -20 -21 -22 22 23 24 25 -27 -28 -29 29 -31 31 -33 -34 35 -36 -37 -38 -39
leaf_value=0 -0.018724166164767957 -0.018724166164767957 0.0019300224713908033 -0.018724166164767957 0.0099259975406043571 -0.020207338209628674 0.0046321957463099249 -2.7846463557423818e-05 0.0027306067131593181 0.0034927781375248667 0.0027306067131593181 0.0027306067131593181 0.0027306067131593181 -4.0977836716464822e-05 0.002730559908931663 0.0027306067131593181 0.0027306067131593181 0.0027306067131593181 0.0027306067131593181 0.0027306067131593181 0.0027306067131593181 0.0027306067131593181 0.0027306067131593181 0.0027306067131593181 0.0027306067131593181 0.0027306067131593181 0.0027306067131593181 0.0027306067131593181 0.0027306067131593181 -0.15947122531809066 0.012831204374848467 -0.00056869539314341466 0.0027306067131593181 0.0027306067131593181 0.0027306067131593181 0.0027306067131593181 0.0013161572403854577 0.0027306067131593181
leaf_weight=43208 787 7821 88 2087 219 50 88 396 139 67 32 26 418 186 91 193 55 916 70 35 230 84 215 53 74 31 69 1409 51 25 66 232 20 295 37 25 91 21
leaf_count=43208 787 7821 88 2087 219 50 88 396 139 67 32 26 418 186 91 193 55 916 70 35 230 84 215 53 74 31 69 1409 51 25 66 232 20 295 37 25 91 21
internal_value=-0.00103867 0.00658123 0.0206353 0.000163774 0.00784785 0.0231111 0.0249658 0.0201689 0.0313542 0.0307725 0.0252013 0.00625037 0.0264358 0.0238106 0.0328341 0.0233239 0.00701449 0.0325412 0.00962862 0.0217778 0.028119 0.0263546 0.0219081 0.0257051 0.0170127 0.0238095 0.0152226 0.0345788 0.011514 0.0207368 0.00745068 0.00378523 0.0345388 0.0315784 0.0215072 0.03375 0.00643478 0.0172766
internal_weight=60000 16792 5264 11528 3707 1620 4477 2557 1920 1033 1878 679 1790 1352 1832 284 276 983 587 90 1076 846 457 373 158 105 283 1548 214 76 517 298 438 389 69 320 138 47
internal_count=60000 16792 5264 11528 3707 1620 4477 2557 1920 1033 1878 679 1790 1352 1832 284 276 983 587 90 1076 846 457 373 158 105 283 1548 214 76 517 298 438 389 69 320 138 47
is_linear=0
shrinkage=0.04


Tree=75
num_leaves=39
num_cat=0
split_feature=30 135 32 8 73 120 119 14 119 14 119 14 119 119 14 119 84 14 119 119 119 118 29 101 14 119 102 119 14 119 104 51 14 58 119 14 119 119
split_gain=844.666 929.971 1001.19 153.149 58.0059 49.6525 48.856 78.8128 42.3424 31.0631 19.6667 27.5302 19.3038 16.5324 14.3223 24.3157 11.6884 9.06938 26.6471 8.16669 7.85891 7.2506 10.0793 7.67873 6.90387 5.36045 12.4584 5.61009 8.24083 6.31174 4.60778 4.56168 4.2425 4.13382 3.99462 4.73115 8.77521 3.93387
threshold=0.93636366724967968 1.0000000180025095e-35 0.75000000000000011 -0.37511157989501948 0.081620417535305037 1.0000000180025095e-35 0.56429719924926769 0.48106098175048834 0.56429719924926769 0.49434550106525427 0.5205402970314027 0.45428046584129339 0.38069936633110052 0.38069936633110052 0.53617689013481151 0.59593412280082714 1.0000000180025095e-35 0.45428046584129339 0.51532536745071422 0.55386900901794445 0.51532536745071422 1.0000000180025095e-35 0.76287078857421886 1.0000000180025095e-35 0.49782148003578192 0.43171960115432745 0.45443418622016912 0.49626159667968756 0.42232480645179754 0.48003464937210089 1.0000000180025095e-35 0.73406916856765758 0.43158185482025152 0.13023007661104205 0.49626159667968756 0.3916513472795487 0.45485258102416998 0.52266719937324535
decision_type=2 2 2 2 2 2 2 2 2 2 2 2 2 2 2 2 2 2 2 2 2 2 2 2 2 2 2 2 2 2 2 2 2 2 2 2 2 2
left_child=-1 -2 -3 4 -4 21 7 10 9 13 11 12 -7 -6 16 -16 -8 34 -19 33 -13 -5 23 -23 -21 -14 -27 28 -28 -30 32 -12 -18 -11 35 -15 -37 -20
right_child=1 2 3 5 8 6 14 -9 -10 19 31 20 25 17 15 -17 30 18 37 24 -22 22 -24 -25 -26 26 27 -29 29 -31 -32 -33 -34 -35 -36 36 -38 -39
leaf_value=0 -0.017975199518177238 -0.017975199518177238 -0.019371549939789894 0.0095289576389802032 -0.0010274903991772534 -0.0027510744516489184 0.02315111766365437 0.00017978160095189822 0.0026213824446329427 0.0012635080346454634 0.0026213824446329427 -0.019780349433897327 0.0026213824446329427 0.0026213824446329427 -0.023059939415162319 0.0026213824446329427 0.0026213824446329427 0.0050716651110677899 0.0024535860436376566 0.0026213824446329427 0.0026213824446329427 -0.00533396240480144 -0.00054594757741767809 0.00092485786350025021 0.0026213824446329427 0.0026213824446329427 0.0026213824446329427 0.0026213824446329427 -0.33650215464687955 0.0026213824446329427 0.0026213824446329427 0.0026213824446329427 0.0026213824446329427 0.0061196118177887573 0.0026213824446329427 0.0026213824446329427 0.0026213824446329427 0.0026213824446329427
leaf_weight=43208 7886 2874 80 107 32 57 31 407 2115 91 187 106 157 207 59 77 90 84 45 43 32 47 195 102 52 40 136 97 32 50 365 31 158 35 227 46 188 224
leaf_count=43208 7886 2874 80 107 32 57 31 407 2115 91 187 106 157 207 59 77 90 84 45 43 32 47 195 102 52 40 136 97 32 50 365 31 158 35 227 46 188 224
internal_value=-0.00104133 0.0065717 0.0154296 0.024687 0.0301655 0.0172719 0.0198447 0.0151892 0.0309602 0.0251994 0.0216432 0.0184045 0.0222917 0.0280608 0.0277949 0.016 0.0302857 0.0289481 0.023762 0.0115656 0.00237681 0.00522395 0.00239535 0.0102282 0.0204211 0.02475 0.0220282 0.0246984 0.0211376 0.011122 0.0314976 0.0321468 0.0272903 0.00488889 0.0316886 0.0294694 0.0255726 0.0299033
internal_weight=60000 16792 8906 6032 3469 2563 2112 1332 3389 1274 925 707 569 1053 780 136 644 1021 353 221 138 451 344 149 95 512 355 315 218 82 613 218 248 126 668 441 234 269
internal_count=60000 16792 8906 6032 3469 2563 2112 1332 3389 1274 925 707 569 1053 780 136 644 1021 353 221 138 451 344 149 95 512 355 315 218 82 613 218 248 126 668 441 234 269
is_linear=0
shrinkage=0.04


Tree=76
num_leaves=39
num_cat=0
split_feature=13 85 32 135 32 103 119 14 39 124 119 43 119 14 14 119 119 119 123 12 119 14 119 14 119 12 10 75 118 12 101 0 14 51 85 14 85 14
split_gain=844.286 948.16 350.992 199.724 415.169 107.984 85.746 111.937 54.7124 39.7072 36.3841 24.4143 23.7973 61.1468 18.9987 43.9975 18.1922 13.6629 13.4032 11.3131 7.70023 12.2816 18.2855 12.9447 9.03791 9.69313 7.62091 7.54484 6.38504 7.67581 8.04883 6.2655 9.25499 5.52533 5.31726 7.83392 5.83225 5.23624
threshold=0.93636366724967968 0.7119947373867036 0.75000000000000011 1.0000000180025095e-35 0.75000000000000011 1.0000000180025095e-35 0.56429719924926769 0.48106098175048834 0.1013208217918873 0.050035268068313606 0.38069936633110052 -0.55557009577751149 0.52266719937324535 0.45428046584129339 0.53617689013481151 0.59593412280082714 0.51532536745071422 0.65468347072601329 1.0000000180025095e-35 0.91245013475418102 0.49626159667968756 0.3916513472795487 0.45485258102416998 0.42232480645179754 0.48003464937210089 1.0321779251098635 -0.0979645401239395 0.067654374986886992 1.0000000180025095e-35 0.76287078857421886 1.0000000180025095e-35 0.55328193306922924 0.50440177321434032 0.73406916856765758 0.3885036855936051 0.3269487619400025 0.50347670912742626 0.49434550106525427
decision_type=2 2 2 2 2 2 2 2 2 2 2 2 2 2 2 2 2 2 2 2 2 2 2 2 2 2 2 2 2 2 2 2 2 2 2 2 2 2
left_child=-1 2 -2 -3 -5 18 7 10 -8 -7 -4 -9 13 20 26 -16 -15 -11 28 -18 21 34 -23 -24 -25 -26 -10 31 -6 30 -30 37 -33 -14 35 -12 -36 -13
right_child=1 3 6 4 5 9 8 11 14 17 12 27 33 16 15 -17 19 -19 -20 -21 -22 22 23 24 25 -27 -28 -29 29 -31 -32 32 -34 -35 36 -37 -38 -39
leaf_value=0 -0.017256191537450151 -0.017256191537450151 0.0018939211885022512 -0.017256191537450151 0.0091477993334209626 -0.018624182683651968 0.0051659158971846105 -3.3923869053182899e-05 0.0025165271468475937 0.0032482117142384947 0.0025165271468475937 0.0025165271468475937 0.0025165271468475937 -0.00024220532769049898 0.0025164844190345963 0.0025165271468475937 0.0025165271468475937 0.0025165271468475937 0.0025165271468475937 0.0025165271468475937 0.0025165271468475937 0.0025165271468475937 0.0025165271468475937 0.0025165271468475937 0.0025165271468475937 0.0025165271468475937 0.0025165271468475937 0.0025165271468475937 -0.0048282359687575934 -0.00052410967432095393 0.00088786354896022604 0.0025165271468475937 -0.15319723160315235 0.0025165271468475937 0.0025165271468475937 0.0025165271468475937 0.0025165271468475937 0.0012129702125815065
leaf_weight=43208 787 7821 88 2087 113 50 88 396 170 67 32 47 418 186 91 193 55 916 70 35 230 84 215 53 74 31 1378 69 50 232 122 51 25 20 295 37 25 91
leaf_count=43208 787 7821 88 2087 113 50 88 396 170 67 32 47 418 186 91 193 55 916 70 35 230 84 215 53 74 31 1378 69 50 232 122 51 25 20 295 37 25 91
internal_value=-0.001042 0.00656932 0.0206353 0.000146425 0.0077939 0.0229877 0.0249658 0.0201689 0.0313542 0.0307725 0.0252013 0.00625037 0.0264358 0.0238106 0.0328341 0.0233239 0.00701449 0.0325412 0.0092879 0.0217778 0.028119 0.0263546 0.0219081 0.0257051 0.0170127 0.0238095 0.0345788 0.0152226 0.00706383 0.00471287 0.0111163 0.011514 0.0207368 0.0345388 0.0315784 0.0215072 0.03375 0.00643478
internal_weight=60000 16792 5264 11528 3707 1620 4477 2557 1920 1033 1878 679 1790 1352 1832 284 276 983 587 90 1076 846 457 373 158 105 1548 283 517 404 172 214 76 438 389 69 320 138
internal_count=60000 16792 5264 11528 3707 1620 4477 2557 1920 1033 1878 679 1790 1352 1832 284 276 983 587 90 1076 846 457 373 158 105 1548 283 517 404 172 214 76 438 389 69 320 138
is_linear=0
shrinkage=0.04


Tree=77
num_leaves=39
num_cat=0
split_feature=13 85 15 135 15 120 119 14 39 73 119 43 119 14 119 14 119 119 12 119 14 119 14 119 12 10 75 118 12 0 14 51 85 14 85 14 0 119
split_gain=844.286 948.16 350.992 199.724 415.169 124.975 85.746 111.937 54.7124 38.0182 36.3841 24.4143 23.7973 61.1468 19.2978 18.9987 43.9975 18.1922 11.3131 7.70023 12.2816 18.2855 12.9447 9.03791 9.69313 7.62091 7.54484 6.867 9.41565 6.2655 9.25499 5.52533 5.31726 7.83392 5.83225 5.23624 8.31751 4.48338
threshold=0.93636366724967968 0.7119947373867036 0.75000000000000011 1.0000000180025095e-35 0.75000000000000011 1.0000000180025095e-35 0.56429719924926769 0.48106098175048834 0.1013208217918873 0.081620417535305037 0.38069936633110052 -0.55557009577751149 0.52266719937324535 0.45428046584129339 0.66889700293540966 0.53617689013481151 0.59593412280082714 0.51532536745071422 0.91245013475418102 0.49626159667968756 0.3916513472795487 0.45485258102416998 0.42232480645179754 0.48003464937210089 1.0321779251098635 -0.0979645401239395 0.067654374986886992 1.0000000180025095e-35 0.76287078857421886 0.55328193306922924 0.50440177321434032 0.73406916856765758 0.3885036855936051 0.3269487619400025 0.50347670912742626 0.49434550106525427 0.5412975847721101 0.46147063374519354
decision_type=2 2 2 2 2 2 2 2 2 2 2 2 2 2 2 2 2 2 2 2 2 2 2 2 2 2 2 2 2 2 2 2 2 2 2 2 2 2
left_child=-1 2 -2 -3 -5 27 7 10 -8 -7 -4 -9 13 19 -11 25 -17 -15 -19 20 32 -22 37 -24 -25 -10 29 -6 -29 35 -31 -14 33 -12 -34 36 -13 -23
right_child=1 3 6 4 5 9 8 11 15 14 12 26 31 17 -16 16 -18 18 -20 -21 21 22 23 24 -26 -27 -28 28 -30 30 -32 -33 34 -35 -36 -37 -38 -39
leaf_value=0 -0.016565943875952144 -0.016565943875952144 0.0018181643409621595 -0.016565943875952144 0.0087818873600841139 -0.017879215376305879 0.0049592792612972612 -3.2566914291081165e-05 0.0024158660609737126 0.0034878653381505134 0.0024158660609737126 0.0024158660609737126 0.0024158660609737126 -0.00023251711458286195 0.0024158660609737126 0.0024158250422732113 0.0024158660609737126 0.0024158660609737126 0.0024158660609737126 0.0024158660609737126 0.0024158660609737126 0.0024158660609737126 0.0024158660609737126 0.0024158660609737126 0.0024158660609737126 0.0024158660609737126 0.0024158660609737126 0.00085234900700179137 -0.00050314528734809018 0.0024158660609737126 -0.14706934233902622 0.0024158660609737126 0.0024158660609737126 0.0024158660609737126 0.0024158660609737126 0.0011644514040782604 0.0024158660609737126 0.0024158660609737126
leaf_weight=43208 787 7821 88 2087 108 50 88 396 170 149 32 26 418 186 949 91 193 55 35 230 84 50 53 74 31 1378 69 154 210 51 25 20 295 37 25 91 21 165
leaf_count=43208 787 7821 88 2087 108 50 88 396 170 149 32 26 418 186 949 91 193 55 35 230 84 50 53 74 31 1378 69 154 210 51 25 20 295 37 25 91 21 165
internal_value=-0.001042 0.00656932 0.0206353 0.000146425 0.0077939 0.0229877 0.0249658 0.0201689 0.0313542 0.0301115 0.0252013 0.00625037 0.0264358 0.0238106 0.0316648 0.0328341 0.0233239 0.00701449 0.0217778 0.028119 0.0263546 0.0219081 0.0257051 0.0170127 0.0238095 0.0345788 0.0152226 0.00566102 0.00303297 0.011514 0.0207368 0.0345388 0.0315784 0.0215072 0.03375 0.00643478 0.0172766 0.032093
internal_weight=60000 16792 5264 11528 3707 1620 4477 2557 1920 1148 1878 679 1790 1352 1098 1832 284 276 90 1076 846 457 373 158 105 1548 283 472 364 214 76 438 389 69 320 138 47 215
internal_count=60000 16792 5264 11528 3707 1620 4477 2557 1920 1148 1878 679 1790 1352 1098 1832 284 276 90 1076 846 457 373 158 105 1548 283 472 364 214 76 438 389 69 320 138 47 215
is_linear=0
shrinkage=0.04


Tree=78
num_leaves=39
num_cat=0
split_feature=13 85 32 135 32 120 119 14 90 124 119 43 119 14 119 14 119 119 14 119 14 119 14 119 14 10 75 0 14 51 85 14 85 14 0 119 14 29
split_gain=840.484 951.375 350.992 195.919 407.607 133.789 85.746 111.937 54.7124 38.0182 36.3841 24.4143 23.7973 61.1468 19.2978 18.9987 43.9975 18.1922 11.3131 7.70023 12.2816 18.2855 12.9447 9.03791 9.69313 7.62091 7.54484 6.2655 9.25499 5.52533 5.31726 7.83392 5.83225 5.23624 8.31751 4.48338 5.52 4.0848
threshold=0.93636366724967968 0.7119947373867036 0.75000000000000011 1.0000000180025095e-35 0.75000000000000011 1.0000000180025095e-35 0.56429719924926769 0.48106098175048834 0.069688767194747939 0.050035268068313606 0.38069936633110052 -0.55557009577751149 0.52266719937324535 0.45428046584129339 0.66889700293540966 0.53617689013481151 0.59593412280082714 0.51532536745071422 0.46050065755844122 0.49626159667968756 0.3916513472795487 0.45485258102416998 0.42232480645179754 0.48003464937210089 0.43158185482025152 -0.0979645401239395 0.067654374986886992 0.55328193306922924 0.50440177321434032 0.73406916856765758 0.3885036855936051 0.3269487619400025 0.50347670912742626 0.49434550106525427 0.5412975847721101 0.46147063374519354 0.39659819006919866 0.76287078857421886
decision_type=2 2 2 2 2 2 2 2 2 2 2 2 2 2 2 2 2 2 2 2 2 2 2 2 2 2 2 2 2 2 2 2 2 2 2 2 2 2
left_child=-1 2 -2 -3 -5 37 7 10 -8 -7 -4 -9 13 19 -11 25 -17 -15 -19 20 30 -22 35 -24 -25 -10 27 33 -29 -14 31 -12 -32 34 -13 36 -23 -6
right_child=1 3 6 4 5 9 8 11 15 14 12 26 29 17 -16 16 -18 18 -20 -21 21 22 23 24 -26 -27 -28 28 -30 -31 32 -33 -34 -35 -36 -37 -38 -39
leaf_value=0 -0.015903306120914059 -0.015903306120914059 0.0017454377673236689 -0.015903306120914059 0.0084305838270823732 -0.017164046761253646 0.0047609080908453403 -3.1264237719454972e-05 0.0023192314185347842 0.0033483507246244671 0.0023192314185347842 0.0023192314185347842 0.0023192314185347842 -0.00022321642999955315 0.0023192314185347842 0.0023191920405822648 0.0023192314185347842 0.0023192314185347842 0.0023192314185347842 0.0023192314185347842 0.0023192314185347842 0.0023192314185347842 0.0023192314185347842 0.0023192314185347842 0.0023192314185347842 0.0023192314185347842 0.0023192314185347842 0.0023192314185347842 -0.14118656864546517 0.0023192314185347842 0.0023192314185347842 0.0023192314185347842 0.0023192314185347842 0.0011178733479151467 0.0023192314185347842 0.0023192314185347842 0.0023192314185347842 0.0061282113620048052
leaf_weight=43208 787 7821 88 2087 201 50 88 396 170 149 32 26 418 186 949 91 193 55 35 230 84 23 53 74 31 1378 69 51 25 20 295 37 25 91 21 165 27 271
leaf_count=43208 787 7821 88 2087 201 50 88 396 170 149 32 26 418 186 949 91 193 55 35 230 84 23 53 74 31 1378 69 51 25 20 295 37 25 91 21 165 27 271
internal_value=-0.00104867 0.0065455 0.0206353 0.000111727 0.007686 0.0227407 0.0249658 0.0201689 0.0313542 0.0301115 0.0252013 0.00625037 0.0264358 0.0238106 0.0316648 0.0328341 0.0233239 0.00701449 0.0217778 0.028119 0.0263546 0.0219081 0.0257051 0.0170127 0.0238095 0.0345788 0.0152226 0.011514 0.0207368 0.0345388 0.0315784 0.0215072 0.03375 0.00643478 0.0172766 0.032093 0.0216 0.00481356
internal_weight=60000 16792 5264 11528 3707 1620 4477 2557 1920 1148 1878 679 1790 1352 1098 1832 284 276 90 1076 846 457 373 158 105 1548 283 214 76 438 389 69 320 138 47 215 50 472
internal_count=60000 16792 5264 11528 3707 1620 4477 2557 1920 1148 1878 679 1790 1352 1098 1832 284 276 90 1076 846 457 373 158 105 1548 283 214 76 438 389 69 320 138 47 215 50 472
is_linear=0
shrinkage=0.04


Tree=79
num_leaves=39
num_cat=0
split_feature=13 85 15 135 15 120 119 14 39 73 119 43 119 14 119 14 119 119 12 118 119 14 119 14 119 12 10 75 12 84 0 14 51 85 14 85 14 0
split_gain=838.587 952.984 350.992 194.03 403.852 138.308 85.746 111.937 54.7124 38.0182 36.3841 24.4143 23.7973 61.1468 19.2978 18.9987 43.9975 18.1922 11.3131 8.97947 7.70023 12.2816 18.2855 12.9447 9.03791 9.69313 7.62091 7.54484 6.62939 9.87662 6.2655 9.25499 5.52533 5.31726 7.83392 5.83225 5.23624 8.31751
threshold=0.93636366724967968 0.7119947373867036 0.75000000000000011 1.0000000180025095e-35 0.75000000000000011 1.0000000180025095e-35 0.56429719924926769 0.48106098175048834 0.1013208217918873 0.081620417535305037 0.38069936633110052 -0.55557009577751149 0.52266719937324535 0.45428046584129339 0.66889700293540966 0.53617689013481151 0.59593412280082714 0.51532536745071422 0.91245013475418102 1.0000000180025095e-35 0.49626159667968756 0.3916513472795487 0.45485258102416998 0.42232480645179754 0.48003464937210089 1.0321779251098635 -0.0979645401239395 0.067654374986886992 0.76287078857421886 1.0000000180025095e-35 0.55328193306922924 0.50440177321434032 0.73406916856765758 0.3885036855936051 0.3269487619400025 0.50347670912742626 0.49434550106525427 0.5412975847721101
decision_type=2 2 2 2 2 2 2 2 2 2 2 2 2 2 2 2 2 2 2 2 2 2 2 2 2 2 2 2 2 2 2 2 2 2 2 2 2 2
left_child=-1 2 -2 -3 -5 19 7 10 -8 -7 -4 -9 13 20 -11 26 -17 -15 -19 -6 21 33 -23 -24 -25 -26 -10 30 29 -21 36 -32 -14 34 -12 -35 37 -13
right_child=1 3 6 4 5 9 8 11 15 14 12 27 32 17 -16 16 -18 18 -20 28 -22 22 23 24 25 -27 -28 -29 -30 -31 31 -33 -34 35 -36 -37 -38 -39
leaf_value=0 -0.015267173876077495 -0.015267173876077495 0.0016756202566306977 -0.015267173876077495 0.0080933885125974575 -0.016477484890803494 0.0045704717672114935 -3.0013668210671086e-05 0.0022264621617934209 0.003214416695639457 0.0022264621617934209 0.0022264621617934209 0.0022264621617934209 -0.00021428777279957955 0.0022264621617934209 0.0022264243589589644 0.0022264621617934209 0.0022264621617934209 0.0022264621617934209 -0.00034161957738177763 0.0022264621617934209 0.0022264621617934209 0.0022264621617934209 0.0022264621617934209 0.0022264621617934209 0.0022264621617934209 0.0022264621617934209 0.0022264621617934209 -0.00072814793033437297 0.00048103169363848507 0.0022264621617934209 -0.1355391058996466 0.0022264621617934209 0.0022264621617934209 0.0022264621617934209 0.0022264621617934209 0.0010731584139985237 0.0022264621617934209
leaf_weight=43208 787 7821 88 2087 108 50 88 396 170 149 32 26 418 186 949 91 193 55 35 77 230 84 215 53 74 31 1378 69 210 77 51 25 20 295 37 25 91 21
leaf_count=43208 787 7821 88 2087 108 50 88 396 170 149 32 26 418 186 949 91 193 55 35 77 230 84 215 53 74 31 1378 69 210 77 51 25 20 295 37 25 91 21
internal_value=-0.001052 0.00653359 0.0206353 9.43779e-05 0.00763205 0.0226173 0.0249658 0.0201689 0.0313542 0.0301115 0.0252013 0.00625037 0.0264358 0.0238106 0.0316648 0.0328341 0.0233239 0.00701449 0.0217778 0.00438983 0.028119 0.0263546 0.0219081 0.0257051 0.0170127 0.0238095 0.0345788 0.0152226 0.00138461 0.00768831 0.011514 0.0207368 0.0345388 0.0315784 0.0215072 0.03375 0.00643478 0.0172766
internal_weight=60000 16792 5264 11528 3707 1620 4477 2557 1920 1148 1878 679 1790 1352 1098 1832 284 276 90 472 1076 846 457 373 158 105 1548 283 364 154 214 76 438 389 69 320 138 47
internal_count=60000 16792 5264 11528 3707 1620 4477 2557 1920 1148 1878 679 1790 1352 1098 1832 284 276 90 472 1076 846 457 373 158 105 1548 283 364 154 214 76 438 389 69 320 138 47
is_linear=0
shrinkage=0.04


Tree=80
num_leaves=39
num_cat=0
split_feature=13 85 15 135 15 120 60 39 85 14 73 102 14 102 14 102 102 127 68 14 102 12 118 102 14 51 106 12 84 102 102 58 14 102 12 102 14 102
split_gain=840.104 951.696 350.992 195.54 406.855 134.686 71.8328 48.6011 40.0535 74.2001 38.0182 27.6037 24.8747 19.4247 27.3244 19.591 14.2096 13.8751 10.3609 8.99569 17.0981 8.61922 8.38849 7.96449 11.185 7.08842 6.47277 5.73708 9.87662 5.56194 5.12002 4.92385 4.57619 7.41182 4.33893 4.81058 7.21323 5.84231
threshold=0.93636366724967968 0.7119947373867036 0.75000000000000011 1.0000000180025095e-35 0.75000000000000011 1.0000000180025095e-35 -0.49999997019767756 0.1013208217918873 0.56428876519203197 0.48106098175048834 0.081620417535305037 0.56428781151771557 0.49548439681530004 0.52068921923637401 0.45428046584129339 0.37993320822715765 0.37993320822715765 -0.39385606348514551 0.57869175076484691 0.45428046584129339 0.51555371284484874 0.91245013475418102 1.0000000180025095e-35 0.59790590405464183 0.53617689013481151 0.63956311345100414 1.0000000180025095e-35 0.76287078857421886 1.0000000180025095e-35 0.51555371284484874 0.69072249531745922 0.10889089480042459 0.48106098175048834 0.55181074142456066 0.93004098534584057 0.48479545116424566 0.42232480645179754 0.45443418622016912
decision_type=2 2 2 2 2 2 2 2 2 2 2 2 2 2 2 2 2 2 2 2 2 2 2 2 2 2 2 2 2 2 2 2 2 2 2 2 2 2
left_child=-1 2 -2 -3 -5 22 8 -8 9 13 -7 12 16 14 15 -4 -9 -12 -10 -18 -21 23 -6 24 25 -20 -25 28 -24 -16 -19 -14 -22 -34 35 36 37 -17
right_child=1 3 6 4 5 10 7 11 18 -11 17 -13 31 -15 29 34 19 30 21 20 32 -23 27 26 -26 -27 -28 -29 -30 -31 -32 -33 33 -35 -36 -37 -38 -39
leaf_value=0 -0.014656486921034396 -0.014656486921034396 -0.13877297684586251 -0.014656486921034396 0.007769652972093582 -0.01581838549517137 0.0023271568189610994 0.0021374036753216787 0.0021374036753216787 3.3139284079592677e-05 0.0021374036753216787 0.0021374036753216787 0.0021374036753216787 0.0021374036753216787 -0.018952646390738532 0.0021374036753216787 0.0021374036753216787 0.002617703424438924 0.0021374036753216787 0.0039522503445924137 0.0021374036753216787 0.0021374036753216787 -0.00032795479428649799 0.0021374036753216787 -0.015120473613019754 0.0021374036753216787 0.0021374036753216787 -0.00069902201312096676 0.00046179042589294283 0.0021374036753216787 0.0021374036753216787 0.0021371296147113827 0.0021374036753216787 0.0021374036753216787 0.0021374036753216787 0.0021374036753216787 0.0021374036753216787 0.0021374036753216787
leaf_weight=43208 787 7821 52 2087 108 50 90 30 192 378 731 1199 126 154 107 93 679 68 41 89 189 146 77 79 58 87 73 210 77 32 299 47 81 45 267 46 47 50
leaf_count=43208 787 7821 52 2087 108 50 90 30 192 378 731 1199 126 154 107 93 679 68 41 89 189 146 77 79 58 87 73 210 77 32 299 47 81 45 267 46 47 50
internal_value=-0.00104933 0.00654311 0.0206353 0.000108257 0.00767521 0.022716 0.0249658 0.0293204 0.0190705 0.0147602 0.0301115 0.0303662 0.0262955 0.0213302 0.0184784 0.0224504 0.0284888 0.0316648 0.0268876 0.029241 0.0245149 0.0237686 0.00472881 0.0202604 0.0147097 0.0213125 0.0270526 0.00182417 0.00768831 0.0026187 0.0253188 0.012185 0.0288889 0.0229841 0.0248668 0.0209153 0.0181053 0.0225734
internal_weight=60000 16792 5264 11528 3707 1620 4477 2575 1902 1226 1148 2485 1286 848 694 555 1113 1098 676 1083 404 484 472 338 186 128 152 364 154 139 367 173 315 126 503 236 190 143
internal_count=60000 16792 5264 11528 3707 1620 4477 2575 1902 1226 1148 2485 1286 848 694 555 1113 1098 676 1083 404 484 472 338 186 128 152 364 154 139 367 173 315 126 503 236 190 143
is_linear=0
shrinkage=0.04


Tree=81
num_leaves=39
num_cat=0
split_feature=13 68 32 135 32 120 119 14 73 119 73 119 119 14 43 14 119 119 12 84 118 119 14 119 14 119 12 119 14 12 84 75 14 119 12 119 14 44
split_gain=839.725 942.868 322.856 210.334 425.005 128.186 80.4892 108.594 68.622 37.6359 33.4747 28.1169 25.351 60.7619 22.7274 20.2856 42.8455 17.6621 11.1907 8.41372 8.38849 7.68459 12.1662 17.876 13.2568 8.90492 9.6112 7.39284 9.34612 5.73708 9.87662 5.422 5.28935 4.6179 5.52 4.57524 7.3319 5.51569
threshold=0.93636366724967968 0.6999170482158662 0.75000000000000011 1.0000000180025095e-35 0.75000000000000011 1.0000000180025095e-35 0.56429719924926769 0.48106098175048834 0.081620417535305037 0.38069936633110052 0.081620417535305037 0.63175231218338024 0.52266719937324535 0.45428046584129339 -0.55557009577751149 0.53617689013481151 0.59593412280082714 0.51532536745071422 0.91245013475418102 1.0000000180025095e-35 1.0000000180025095e-35 0.49626159667968756 0.3916513472795487 0.45485258102416998 0.42232480645179754 0.48003464937210089 1.0321779251098635 0.55386900901794445 0.49782148003578192 0.76287078857421886 1.0000000180025095e-35 0.067654374986886992 0.49434550106525427 0.46147063374519354 1.0626657605171206 0.387991413474083 0.3269487619400025 1.0000000180025095e-35
decision_type=2 2 2 2 2 2 2 2 2 2 2 2 2 2 2 2 2 2 2 2 2 2 2 2 2 2 2 2 2 2 2 2 2 2 2 2 2 2
left_child=-1 2 -2 -3 -5 20 7 9 -8 -4 -7 -12 13 21 -9 -10 -17 -15 -19 -13 -6 22 35 -24 33 -26 -27 31 -29 30 -22 32 -16 34 -25 36 -11 -37
right_child=1 3 6 4 5 10 8 14 15 12 11 19 -14 17 27 16 -18 18 -20 -21 29 -23 23 24 25 26 -28 28 -30 -31 -32 -33 -34 -35 -36 37 -38 -39
leaf_value=0 -0.01407022744419302 -0.01407022744419302 -0.0013572126723597933 -0.01407022744419302 0.0074588668532098272 -0.01518565007536452 0.012985427578613238 1.1162287196028534e-05 0.0020519075283088029 0.0020519075283088029 0.0027444844485838139 0.022891430042422809 0.0020519075283088029 -0.00036380627567133672 0.0020519075283088029 0.0020519241395024323 0.0020519075283088029 0.0020519075283088029 0.0020519075283088029 0.0020519075283088029 -0.00031483660251502955 0.0020519075283088029 0.0020519075283088029 0.0020519075283088029 0.0020519075283088029 0.0020519075283088029 0.0020519075283088029 0.0020519075283088029 0.0020519075283088029 -0.00067106113259612248 0.00044331880885721374 0.0060937747349534381 0.00089956714900492037 0.0020519075283088029 0.0020519075283088029 0.0020519075283088029 0.0020519075283088029 0.0020519075283088029
leaf_weight=43208 715 7799 85 2159 108 47 116 379 1468 27 216 22 431 184 47 89 185 54 35 990 77 223 83 23 53 73 31 56 51 210 77 36 92 162 27 29 29 304
leaf_count=43208 715 7799 85 2159 108 47 116 379 1468 27 216 22 431 184 47 89 185 54 35 990 77 223 83 23 53 73 31 56 51 210 77 36 92 162 27 29 29 304
internal_value=-0.00105 0.00654073 0.0209184 0.000292182 0.00786892 0.0225369 0.0249936 0.0203278 0.0313068 0.025293 0.0291294 0.0303974 0.026543 0.0238235 0.00640847 0.0332905 0.0232993 0.00698901 0.021618 0.0331937 0.00472881 0.0281429 0.0263924 0.0219292 0.0257019 0.0168917 0.0236923 0.0150071 0.0232897 0.00182417 0.00768831 0.00994286 0.00635971 0.0322264 0.0216 0.0315784 0.021 0.0333574
internal_weight=60000 16792 5087 11705 3906 1747 4372 2514 1858 1853 1275 1228 1768 1337 661 1742 274 273 89 1012 472 1064 841 452 369 157 104 282 107 364 154 175 139 212 50 389 56 333
internal_count=60000 16792 5087 11705 3906 1747 4372 2514 1858 1853 1275 1228 1768 1337 661 1742 274 273 89 1012 472 1064 841 452 369 157 104 282 107 364 154 175 139 212 50 389 56 333
is_linear=0
shrinkage=0.04


Tree=82
num_leaves=39
num_cat=0
split_feature=13 68 15 135 15 120 119 14 73 119 73 119 119 14 60 14 119 119 12 0 14 84 118 119 14 119 14 119 12 14 0 12 84 119 12 119 14 10
split_gain=836.691 937.125 321.228 210.334 425.005 128.186 81.812 111.598 70.1195 37.511 33.4747 28.1169 24.5144 60.7619 20.6285 20.2856 42.8455 17.6621 11.1907 8.71767 9.02667 8.41372 8.38849 7.68459 12.1662 17.876 13.2568 8.90492 9.6112 6.73684 7.78381 5.73708 9.87662 4.6179 5.52 4.57524 7.3319 5.51569
threshold=0.93636366724967968 0.6999170482158662 0.75000000000000011 1.0000000180025095e-35 0.75000000000000011 1.0000000180025095e-35 0.56429719924926769 0.48106098175048834 0.081620417535305037 0.38069936633110052 0.081620417535305037 0.63175231218338024 0.52266719937324535 0.45428046584129339 -0.49999997019767756 0.53617689013481151 0.59593412280082714 0.51532536745071422 0.91245013475418102 0.55328193306922924 0.49782148003578192 1.0000000180025095e-35 1.0000000180025095e-35 0.49626159667968756 0.3916513472795487 0.45485258102416998 0.42232480645179754 0.48003464937210089 1.0321779251098635 0.49434550106525427 0.5412975847721101 0.76287078857421886 1.0000000180025095e-35 0.46147063374519354 1.0626657605171206 0.387991413474083 0.3269487619400025 -0.13052606582641599
decision_type=2 2 2 2 2 2 2 2 2 2 2 2 2 2 2 2 2 2 2 2 2 2 2 2 2 2 2 2 2 2 2 2 2 2 2 2 2 2
left_child=-1 2 -2 -3 -5 22 7 9 -8 -4 -7 -12 13 23 -9 -10 -17 -15 -19 29 -21 -13 -6 24 35 -26 33 -28 -29 30 -16 32 -24 34 -27 36 -11 -37
right_child=1 3 6 4 5 10 8 14 15 12 11 21 -14 17 19 16 -18 18 -20 20 -22 -23 31 -25 25 26 27 28 -30 -31 -32 -33 -34 -35 -36 37 -38 -39
leaf_value=0 -0.0135074183464253 -0.0135074183464253 -0.0013029241654653845 -0.0135074183464253 0.007160512179081451 -0.014578224072349925 0.01246601047546872 1.0715795708193046e-05 0.0019698312271764708 0.0019698312271764708 0.0026347050706404451 0.021975772840725907 0.0019698312271764708 -0.00034925402464445202 0.0019698312271764708 0.0019698471739223321 0.0019698312271764708 0.0019698312271764708 0.0019698312271764708 0.0019698312271764708 0.0019698312271764708 0.0019698312271764708 -0.00030224313841443974 0.0019698312271764708 0.0019698312271764708 0.0019698312271764708 0.0019698312271764708 0.0019698312271764708 0.0019698312271764708 0.0015449109857278707 0.0019698312271764708 -0.00064421868729226618 0.00042558605650292239 0.0019698312271764708 0.0019698312271764708 0.0019698312271764708 0.0019698312271764708 0.0019698312271764708
leaf_weight=43208 715 7799 85 2159 108 47 116 379 1468 27 216 22 431 184 31 89 185 54 35 58 53 990 77 223 83 23 53 73 31 114 26 210 77 162 27 29 29 304
leaf_count=43208 715 7799 85 2159 108 47 116 379 1468 27 216 22 431 184 31 89 185 54 35 58 53 990 77 223 83 23 53 73 31 114 26 210 77 162 27 29 29 304
internal_value=-0.00105533 0.00652168 0.0208555 0.000292182 0.00786892 0.0225369 0.0249204 0.0202164 0.0312853 0.0252499 0.0291294 0.0303974 0.0264977 0.0238235 0.0061059 0.0332905 0.0232993 0.00698901 0.021618 0.0142979 0.023027 0.0331937 0.00472881 0.0281429 0.0263924 0.0219292 0.0257019 0.0168917 0.0236923 0.00863158 0.0198596 0.00182417 0.00768831 0.0322264 0.0216 0.0315784 0.021 0.0333574
internal_weight=60000 16792 5087 11705 3906 1747 4372 2514 1858 1853 1275 1228 1768 1337 661 1742 274 273 89 282 111 1012 472 1064 841 452 369 157 104 171 57 364 154 212 50 389 56 333
internal_count=60000 16792 5087 11705 3906 1747 4372 2514 1858 1853 1275 1228 1768 1337 661 1742 274 273 89 282 111 1012 472 1064 841 452 369 157 104 171 57 364 154 212 50 389 56 333
is_linear=0
shrinkage=0.04


Tree=83
num_leaves=39
num_cat=0
split_feature=13 85 15 135 15 120 119 14 73 73 119 119 14 43 119 14 119 119 12 0 14 118 119 14 119 14 119 12 10 14 0 12 84 51 85 14 85 119
split_gain=836.313 945.686 349.046 195.162 406.103 134.317 87.3528 115.64 55.4731 37.9405 36.2607 22.9939 61.1468 21.7968 19.9727 18.9937 43.9975 18.1922 11.3131 8.90675 8.75041 8.38849 7.70023 12.2816 18.2855 12.9447 9.03791 9.69313 7.61977 6.73684 7.78381 5.73708 9.87662 5.4275 5.31726 7.83392 5.83225 4.48338
threshold=0.93636366724967968 0.7119947373867036 0.75000000000000011 1.0000000180025095e-35 0.75000000000000011 1.0000000180025095e-35 0.56429719924926769 0.48106098175048834 0.081620417535305037 0.081620417535305037 0.38069936633110052 0.52266719937324535 0.45428046584129339 -0.55557009577751149 0.66889700293540966 0.53617689013481151 0.59593412280082714 0.51532536745071422 0.91245013475418102 0.55328193306922924 0.49782148003578192 1.0000000180025095e-35 0.49626159667968756 0.3916513472795487 0.45485258102416998 0.42232480645179754 0.48003464937210089 1.0321779251098635 -0.0979645401239395 0.49434550106525427 0.5412975847721101 0.76287078857421886 1.0000000180025095e-35 0.73406916856765758 0.3885036855936051 0.3269487619400025 0.50347670912742626 0.46147063374519354
decision_type=2 2 2 2 2 2 2 2 2 2 2 2 2 2 2 2 2 2 2 2 2 2 2 2 2 2 2 2 2 2 2 2 2 2 2 2 2 2
left_child=-1 2 -2 -3 -5 21 7 10 -8 -7 -4 12 22 -9 -11 28 -17 -14 -19 29 -21 -6 23 34 -25 37 -27 -28 -10 30 -15 32 -23 -13 35 -12 -36 -26
right_child=1 3 6 4 5 9 8 13 15 14 11 33 17 19 -16 16 -18 18 -20 20 -22 31 -24 24 25 26 27 -29 -30 -31 -32 -33 -34 -35 36 -37 -38 -39
leaf_value=0 -0.012967121612568286 -0.012967121612568286 0.0016295047728656054 -0.012967121612568286 0.0068740916919181674 -0.013995095109455917 0.0022462610628203551 -3.1013816161618021e-05 0.0018910379780894004 0.0027851763000320061 0.0018910379780894004 0.0018910379780894004 -0.00033528386365865969 0.0018910379780894004 0.0018910379780894004 0.0018910018663062052 0.0018910379780894004 0.0018910379780894004 0.0018910379780894004 0.0018910379780894004 0.0018910379780894004 -0.0002901534128778849 0.0018910379780894004 0.0018910379780894004 0.0018910379780894004 0.0018910379780894004 0.0018910379780894004 0.0018910379780894004 0.0018910379780894004 0.0014831145462987259 0.0018910379780894004 -0.00061844993980059832 0.00040856261424281114 0.0018910379780894004 0.0018910379780894004 0.0018910379780894004 0.0018910379780894004 0.0018910379780894004
leaf_weight=43208 787 7821 88 2087 108 50 89 396 170 149 32 418 186 31 949 91 193 55 35 58 54 77 230 84 50 53 74 31 1377 114 26 210 77 20 295 37 25 165
leaf_count=43208 787 7821 88 2087 108 50 89 396 170 149 32 418 186 31 949 91 193 55 35 58 54 77 230 84 50 53 74 31 1377 114 26 210 77 20 295 37 25 165
internal_value=-0.001056 0.00651929 0.0205669 0.000104787 0.00766442 0.0226914 0.0248854 0.0200438 0.0313333 0.0300767 0.0251587 0.0263911 0.0238106 0.00589691 0.0316284 0.0328323 0.0233239 0.00701449 0.0217778 0.0143746 0.0231429 0.00472881 0.028119 0.0263546 0.0219081 0.0257051 0.0170127 0.0238095 0.0345779 0.00863158 0.0198596 0.00182417 0.00768831 0.0343562 0.0315784 0.0215072 0.03375 0.032093
internal_weight=60000 16792 5264 11528 3707 1620 4477 2557 1920 1148 1878 1790 1352 679 1098 1831 284 276 90 283 112 472 1076 846 457 373 158 105 1547 171 57 364 154 438 389 69 320 215
internal_count=60000 16792 5264 11528 3707 1620 4477 2557 1920 1148 1878 1790 1352 679 1098 1831 284 276 90 283 112 472 1076 846 457 373 158 105 1547 171 57 364 154 438 389 69 320 215
is_linear=0
shrinkage=0.04


Tree=84
num_leaves=39
num_cat=0
split_feature=13 85 15 135 15 120 119 14 73 73 119 119 14 43 119 14 119 119 14 0 14 118 119 14 119 14 119 14 10 14 0 29 84 51 85 14 85 119
split_gain=836.313 945.686 349.046 195.162 406.103 134.317 87.3528 115.64 55.4731 37.9405 36.2607 22.9939 61.1468 21.7968 19.9727 18.9937 43.9975 18.1922 11.3131 8.90675 8.75041 8.38849 7.70023 12.2816 18.2855 12.9447 9.03791 9.69313 7.61977 6.73684 7.78381 5.73708 9.87662 5.4275 5.31726 7.83392 5.83225 4.48338
threshold=0.93636366724967968 0.7119947373867036 0.75000000000000011 1.0000000180025095e-35 0.75000000000000011 1.0000000180025095e-35 0.56429719924926769 0.48106098175048834 0.081620417535305037 0.081620417535305037 0.38069936633110052 0.52266719937324535 0.45428046584129339 -0.55557009577751149 0.66889700293540966 0.53617689013481151 0.59593412280082714 0.51532536745071422 0.46050065755844122 0.55328193306922924 0.49782148003578192 1.0000000180025095e-35 0.49626159667968756 0.3916513472795487 0.45485258102416998 0.42232480645179754 0.48003464937210089 0.43158185482025152 -0.0979645401239395 0.49434550106525427 0.5412975847721101 0.76287078857421886 1.0000000180025095e-35 0.73406916856765758 0.3885036855936051 0.3269487619400025 0.50347670912742626 0.46147063374519354
decision_type=2 2 2 2 2 2 2 2 2 2 2 2 2 2 2 2 2 2 2 2 2 2 2 2 2 2 2 2 2 2 2 2 2 2 2 2 2 2
left_child=-1 2 -2 -3 -5 21 7 10 -8 -7 -4 12 22 -9 -11 28 -17 -14 -19 29 -21 -6 23 34 -25 37 -27 -28 -10 30 -15 32 -23 -13 35 -12 -36 -26
right_child=1 3 6 4 5 9 8 13 15 14 11 33 17 19 -16 16 -18 18 -20 20 -22 31 -24 24 25 26 27 -29 -30 -31 -32 -33 -34 -35 36 -37 -38 -39
leaf_value=0 -0.012448436748065554 -0.012448436748065554 0.0015643245819510166 -0.012448436748065554 0.0065991280242414518 -0.013435291305077684 0.0021564106203075285 -2.9773263515124883e-05 0.0018153964589658501 0.0026737692480307373 0.0018153964589658501 0.0018153964589658501 -0.00032187250911228207 0.0018153964589658501 0.0018153964589658501 0.001815361791653935 0.0018153964589658501 0.0018153964589658501 0.0018153964589658501 0.0018153964589658501 0.0018153964589658501 -0.00027854727636274392 0.0018153964589658501 0.0018153964589658501 0.0018153964589658501 0.0018153964589658501 0.0018153964589658501 0.0018153964589658501 0.0018153964589658501 0.0014237899644468008 0.0018153964589658501 -0.0005937119422085857 0.000392220109673076 0.0018153964589658501 0.0018153964589658501 0.0018153964589658501 0.0018153964589658501 0.0018153964589658501
leaf_weight=43208 787 7821 88 2087 108 50 89 396 170 149 32 418 186 31 949 91 193 55 35 58 54 77 230 84 50 53 74 31 1377 114 26 210 77 20 295 37 25 165
leaf_count=43208 787 7821 88 2087 108 50 89 396 170 149 32 418 186 31 949 91 193 55 35 58 54 77 230 84 50 53 74 31 1377 114 26 210 77 20 295 37 25 165
internal_value=-0.001056 0.00651929 0.0205669 0.000104787 0.00766442 0.0226914 0.0248854 0.0200438 0.0313333 0.0300767 0.0251587 0.0263911 0.0238106 0.00589691 0.0316284 0.0328323 0.0233239 0.00701449 0.0217778 0.0143746 0.0231429 0.00472881 0.028119 0.0263546 0.0219081 0.0257051 0.0170127 0.0238095 0.0345779 0.00863158 0.0198596 0.00182417 0.00768831 0.0343562 0.0315784 0.0215072 0.03375 0.032093
internal_weight=60000 16792 5264 11528 3707 1620 4477 2557 1920 1148 1878 1790 1352 679 1098 1831 284 276 90 283 112 472 1076 846 457 373 158 105 1547 171 57 364 154 438 389 69 320 215
internal_count=60000 16792 5264 11528 3707 1620 4477 2557 1920 1148 1878 1790 1352 679 1098 1831 284 276 90 283 112 472 1076 846 457 373 158 105 1547 171 57 364 154 438 389 69 320 215
is_linear=0
shrinkage=0.04


Tree=85
num_leaves=39
num_cat=0
split_feature=30 85 15 135 15 120 60 73 85 14 73 102 14 102 14 102 102 127 34 68 118 12 102 14 14 102 51 14 106 12 84 102 102 12 102 14 102 12
split_gain=836.313 945.686 349.046 195.162 406.103 134.317 70.9013 48.9571 39.8784 73.8719 37.9405 28.8189 28.6018 18.7874 27.3244 19.591 14.5832 14.1943 10.9329 10.5174 8.38849 8.21791 7.96449 11.185 7.28437 18.8801 7.08842 6.58963 6.47277 5.73708 9.87662 5.56194 5.00798 4.33893 4.81058 7.21323 5.84231 10.3967
threshold=0.93636366724967968 0.7119947373867036 0.75000000000000011 1.0000000180025095e-35 0.75000000000000011 1.0000000180025095e-35 -0.49999997019767756 0.081620417535305037 0.56428876519203197 0.48106098175048834 0.081620417535305037 0.56428781151771557 0.49434550106525427 0.52068921923637401 0.45428046584129339 0.37993320822715765 0.37993320822715765 -0.39385606348514551 0.5538635551929475 0.57869175076484691 1.0000000180025095e-35 0.91245013475418102 0.59790590405464183 0.53617689013481151 0.45428046584129339 0.51555371284484874 0.63956311345100414 0.50440177321434032 1.0000000180025095e-35 0.76287078857421886 1.0000000180025095e-35 0.51555371284484874 0.69072249531745922 0.93004098534584057 0.48479545116424566 0.42232480645179754 0.45443418622016912 0.78291481733322155
decision_type=2 2 2 2 2 2 2 2 2 2 2 2 2 2 2 2 2 2 2 2 2 2 2 2 2 2 2 2 2 2 2 2 2 2 2 2 2 2
left_child=-1 2 -2 -3 -5 20 8 -8 9 13 -7 12 16 14 15 -4 -9 -12 -14 -10 -6 22 23 26 -18 -26 -21 -20 -24 30 -22 -16 -19 34 35 36 37 -17
right_child=1 3 6 4 5 10 7 11 19 -11 17 -13 18 -15 31 33 24 32 27 21 29 -23 28 -25 25 -27 -28 -29 -30 -31 -32 -33 -34 -35 -36 -37 -38 -39
leaf_value=0 -0.011950499278142932 -0.011950499278142932 -0.13324340547270766 -0.011950499278142932 0.0063351629032717943 -0.012897879652874594 9.6784110477663144e-06 0.0017427806006072189 0.0017427806006072189 3.3370072587328401e-05 0.0017427806006072189 0.0017427806006072189 0.001742780207244369 0.0017427806006072189 -0.018139731868185519 0.0017427806006072189 0.0017427806006072189 0.0020794698847698737 0.0017427806006072189 0.0017427806006072189 -0.000267405385308237 0.0017427806006072189 0.0017427806006072189 -0.014841069861380752 0.0036307837329177502 0.0017427806006072189 0.0017427806006072189 0.0029179801215510736 0.0017427806006072189 -0.0005699634645202423 0.00037653130528617854 0.0017427806006072189 0.0017427806006072189 0.0017427806006072189 0.0017427806006072189 0.0017427806006072189 0.0017427806006072189 -0.029974986540871384
leaf_weight=43208 787 7821 52 2087 108 50 91 30 192 378 731 1198 121 154 107 58 679 68 62 41 77 146 79 58 89 267 87 38 73 210 77 32 299 267 46 47 50 35
leaf_count=43208 787 7821 52 2087 108 50 91 30 192 378 731 1198 121 154 107 58 679 68 62 41 77 146 79 58 89 267 87 38 73 210 77 32 299 267 46 47 50 35
internal_value=-0.001056 0.00651929 0.0205669 0.000104787 0.00766442 0.0226914 0.0248854 0.0292116 0.0190284 0.0147276 0.0300767 0.0302673 0.0261089 0.021283 0.0184784 0.0224504 0.0288263 0.0316284 0.0130136 0.0268284 0.00472881 0.0236859 0.0202604 0.0147097 0.0296232 0.0249888 0.0213125 0.0228 0.0270526 0.00182417 0.00768831 0.0026187 0.0252098 0.0248668 0.0209153 0.0181053 0.0225734 0.0166452
internal_weight=60000 16792 5264 11528 3707 1620 4477 2575 1902 1226 1148 2484 1286 848 694 555 1065 1098 221 676 472 484 338 186 1035 356 128 100 152 364 154 139 367 503 236 190 143 93
internal_count=60000 16792 5264 11528 3707 1620 4477 2575 1902 1226 1148 2484 1286 848 694 555 1065 1098 221 676 472 484 338 186 1035 356 128 100 152 364 154 139 367 503 236 190 143 93
is_linear=0
shrinkage=0.04


Tree=86
num_leaves=39
num_cat=0
split_feature=13 68 15 135 15 16 119 14 73 73 119 119 14 121 43 14 119 119 12 45 17 14 119 14 119 14 119 12 14 17 119 118 84 96 12 88 119 12
split_gain=836.313 937.437 321.228 209.955 424.272 100.475 81.812 111.598 70.1195 39.3921 37.511 24.5144 60.7619 22.5368 20.6285 20.2856 42.8455 17.6621 11.1907 10.1666 8.71344 9.38007 7.68459 12.1662 17.876 13.2568 8.90492 9.6112 6.59688 6.7496 6.39196 6.0016 10.545 5.90554 5.41936 5.3559 4.6179 5.52
threshold=0.93636366724967968 0.6999170482158662 0.75000000000000011 1.0000000180025095e-35 0.75000000000000011 1.0000000180025095e-35 0.56429719924926769 0.48106098175048834 0.081620417535305037 0.081620417535305037 0.38069936633110052 0.52266719937324535 0.45428046584129339 1.0000000180025095e-35 -0.55557009577751149 0.53617689013481151 0.59593412280082714 0.51532536745071422 0.91245013475418102 0.34540821611881262 0.55388385057449352 0.49782148003578192 0.49626159667968756 0.3916513472795487 0.45485258102416998 0.42232480645179754 0.48003464937210089 1.0321779251098635 0.49434550106525427 0.54184892773628246 0.64390856027603161 1.0000000180025095e-35 1.0000000180025095e-35 0.23169136047363284 0.76287078857421886 1.0000000180025095e-35 0.46147063374519354 1.0626657605171206
decision_type=2 2 2 2 2 2 2 2 2 2 2 2 2 2 2 2 2 2 2 2 2 2 2 2 2 2 2 2 2 2 2 2 2 2 2 2 2 2
left_child=-1 2 -2 -3 -5 13 7 10 -8 -7 -4 12 22 30 -9 -10 -17 -14 -19 -11 28 -22 23 -12 -25 36 -27 -28 29 -16 -6 -15 -33 -34 -35 -21 37 -26
right_child=1 3 6 4 5 9 8 14 15 19 11 -13 17 31 20 16 -18 18 -20 35 21 -23 -24 24 25 26 27 -29 -30 -31 -32 32 33 34 -36 -37 -38 -39
leaf_value=0 -0.011472479307017214 -0.011472479307017214 -0.0014482715970636662 -0.011472479307017214 0.024815958851353841 -0.01238196446675964 0.011790876052682902 1.1383844163432091e-05 0.0016730693765829585 0.0016730693765829585 0.0016730693765829585 0.0016730693765829585 -0.00045422895806453313 0.0060817563871409424 0.0016730693765829585 0.0016730875166227578 0.0016730693765829585 0.0016730693765829585 0.0016730693765829585 0.0016730693765829585 0.0016730693765829585 0.0016730693765829585 0.0016730693765829585 0.0016730693765829585 0.0016730693765829585 0.0016730693765829585 0.0016730693765829585 0.0016730693765829585 0.0013427133014965876 0.0016730693765829585 0.0016730693765829585 -0.00029586016654670167 0.0017150232752990494 0.0012676372369628958 0.001659727918593809 0.0016730693765829585 0.0016730693765829585 0.0016730693765829585
leaf_weight=43208 715 7799 85 2159 108 50 116 379 1468 660 389 431 184 111 33 89 185 54 35 267 56 53 223 83 23 53 73 31 116 24 92 195 24 93 105 42 162 27
leaf_count=43208 715 7799 85 2159 108 50 116 379 1468 660 389 431 184 111 33 89 185 54 35 267 56 53 223 83 23 53 73 31 116 24 92 195 24 93 105 42 162 27
internal_value=-0.001056 0.00651929 0.0208555 0.000288765 0.00785868 0.022514 0.0249204 0.0202164 0.0312853 0.0306222 0.0252499 0.0264977 0.0238235 0.0111648 0.0061059 0.0332905 0.0232993 0.00698901 0.021618 0.0324087 0.0142979 0.023156 0.0281429 0.0263924 0.0219292 0.0257019 0.0168917 0.0236923 0.00871676 0.0198596 0.0226 0.00683333 0.00463309 0.0105946 0.00832323 0.0264207 0.0322264 0.0216
internal_weight=60000 16792 5087 11705 3906 1747 4372 2514 1858 1019 1853 1768 1337 728 661 1742 274 273 89 969 282 109 1064 841 452 369 157 104 173 57 200 528 417 222 198 309 212 50
internal_count=60000 16792 5087 11705 3906 1747 4372 2514 1858 1019 1853 1768 1337 728 661 1742 274 273 89 969 282 109 1064 841 452 369 157 104 173 57 200 528 417 222 198 309 212 50
is_linear=0
shrinkage=0.04


Tree=87
num_leaves=39
num_cat=0
split_feature=13 85 15 135 15 120 119 14 73 73 119 119 14 43 119 14 119 119 12 0 14 118 119 14 119 14 119 12 10 14 0 12 84 85 14 85 119 12
split_gain=835.934 944.984 348.831 195.162 406.103 134.317 87.0307 115.64 57.0257 37.9405 36.2607 22.9939 61.1468 21.7968 19.9727 18.9937 43.9975 18.1922 11.3131 8.90675 8.75041 8.38849 7.70023 12.2816 18.2855 12.9447 9.03791 9.69313 7.61977 6.73684 7.78381 5.73708 9.87662 5.31726 7.83392 5.83225 4.48338 5.52
threshold=0.93636366724967968 0.7119947373867036 0.75000000000000011 1.0000000180025095e-35 0.75000000000000011 1.0000000180025095e-35 0.56429719924926769 0.48106098175048834 0.081620417535305037 0.081620417535305037 0.38069936633110052 0.52266719937324535 0.45428046584129339 -0.55557009577751149 0.66889700293540966 0.53617689013481151 0.59593412280082714 0.51532536745071422 0.91245013475418102 0.55328193306922924 0.49782148003578192 1.0000000180025095e-35 0.49626159667968756 0.3916513472795487 0.45485258102416998 0.42232480645179754 0.48003464937210089 1.0321779251098635 -0.0979645401239395 0.49434550106525427 0.5412975847721101 0.76287078857421886 1.0000000180025095e-35 0.3885036855936051 0.3269487619400025 0.50347670912742626 0.46147063374519354 1.0626657605171206
decision_type=2 2 2 2 2 2 2 2 2 2 2 2 2 2 2 2 2 2 2 2 2 2 2 2 2 2 2 2 2 2 2 2 2 2 2 2 2 2
left_child=-1 2 -2 -3 -5 21 7 10 -8 -7 -4 12 22 -9 -11 28 -17 -14 -19 29 -21 -6 23 33 -25 36 -27 -28 -10 30 -15 32 -23 34 -12 -35 37 -26
right_child=1 3 6 4 5 9 8 13 15 14 11 -13 17 19 -16 16 -18 18 -20 20 -22 31 -24 24 25 26 27 -29 -30 -31 -32 -33 -34 35 -36 -37 -38 -39
leaf_value=0 -0.011013580134736524 -0.011013580134736524 0.0014899712385312437 -0.011013580134736524 0.0058384861316552877 -0.011886685888089233 0.0015981320169460133 -3.0372489644605596e-05 0.0016061466015196402 0.0018566140320417151 0.0016061466015196402 0.0016061466015196402 -0.00043605979974195466 0.0016061466015196402 0.0016061466015196402 0.0016061140187019077 0.0016061466015196402 0.0016061466015196402 0.0016061466015196402 0.0016061466015196402 0.0016061466015196402 -0.00024487476323400872 0.0016061466015196402 0.0016061466015196402 0.0016061466015196402 0.0016061466015196402 0.0016061466015196402 0.0016061466015196402 0.0016061466015196402 0.0012434186255192577 0.0016061466015196402 -0.00061355404268311983 0.00031076456359620865 0.0016061466015196402 0.0016061466015196402 0.0016061466015196402 0.0016061466015196402 0.0016061466015196402
leaf_weight=43208 787 7821 88 2087 108 50 89 396 170 149 32 438 186 31 949 91 193 55 35 58 54 77 230 84 23 53 74 31 1377 114 26 210 77 295 37 25 165 27
leaf_count=43208 787 7821 88 2087 108 50 89 396 170 149 32 438 186 31 949 91 193 55 35 58 54 77 230 84 23 53 74 31 1377 114 26 210 77 295 37 25 165 27
internal_value=-0.00105667 0.00651691 0.0205593 0.000104787 0.00766442 0.0226914 0.0248765 0.0200438 0.0313125 0.0300767 0.0251587 0.0263911 0.0238106 0.00589691 0.0316284 0.0328323 0.0233239 0.00701449 0.0217778 0.0143746 0.0231429 0.00472881 0.028119 0.0263546 0.0219081 0.0257051 0.0170127 0.0238095 0.0345779 0.00863158 0.0198596 0.00182417 0.00768831 0.0315784 0.0215072 0.03375 0.032093 0.0216
internal_weight=60000 16792 5264 11528 3707 1620 4477 2557 1920 1148 1878 1790 1352 679 1098 1831 284 276 90 283 112 472 1076 846 457 373 158 105 1547 171 57 364 154 389 69 320 215 50
internal_count=60000 16792 5264 11528 3707 1620 4477 2557 1920 1148 1878 1790 1352 679 1098 1831 284 276 90 283 112 472 1076 846 457 373 158 105 1547 171 57 364 154 389 69 320 215 50
is_linear=0
shrinkage=0.04


Tree=88
num_leaves=39
num_cat=0
split_feature=13 85 15 135 15 120 119 31 73 73 119 119 31 43 119 31 119 119 12 0 31 118 119 31 119 31 119 12 10 31 0 12 84 51 85 31 85 119
split_gain=835.934 944.984 348.831 195.162 406.103 134.317 87.0307 115.64 57.0257 37.9405 36.2607 22.9939 61.1468 21.7968 19.9727 18.9937 43.9975 18.1922 11.3131 8.90675 8.75041 8.38849 7.70023 12.2816 18.2855 12.9447 9.03791 9.69313 7.61977 6.73684 7.78381 5.73708 9.87662 5.4275 5.31726 7.83392 5.83225 4.48338
threshold=0.93636366724967968 0.7119947373867036 0.75000000000000011 1.0000000180025095e-35 0.75000000000000011 1.0000000180025095e-35 0.56429719924926769 0.48106098175048834 0.081620417535305037 0.081620417535305037 0.38069936633110052 0.52266719937324535 0.45428046584129339 -0.55557009577751149 0.66889700293540966 0.53617689013481151 0.59593412280082714 0.51532536745071422 0.91245013475418102 0.55328193306922924 0.49782148003578192 1.0000000180025095e-35 0.49626159667968756 0.3916513472795487 0.45485258102416998 0.42232480645179754 0.48003464937210089 1.0321779251098635 -0.0979645401239395 0.49434550106525427 0.5412975847721101 0.76287078857421886 1.0000000180025095e-35 0.73406916856765758 0.3885036855936051 0.3269487619400025 0.50347670912742626 0.46147063374519354
decision_type=2 2 2 2 2 2 2 2 2 2 2 2 2 2 2 2 2 2 2 2 2 2 2 2 2 2 2 2 2 2 2 2 2 2 2 2 2 2
left_child=-1 2 -2 -3 -5 21 7 10 -8 -7 -4 12 22 -9 -11 28 -17 -14 -19 29 -21 -6 23 34 -25 37 -27 -28 -10 30 -15 32 -23 -13 35 -12 -36 -26
right_child=1 3 6 4 5 9 8 13 15 14 11 33 17 19 -16 16 -18 18 -20 20 -22 31 -24 24 25 26 27 -29 -30 -31 -32 -33 -34 -35 36 -37 -38 -39
leaf_value=0 -0.010573036929347064 -0.010573036929347064 0.0014303723889900121 -0.010573036929347064 0.0056049466863890987 -0.011411218452565635 0.0015342067362681634 -2.9157590058801474e-05 0.0015419007374588745 0.0017823494707600634 0.0015419007374588745 0.0015419007374588745 -0.00041861740775225089 0.0015419007374588745 0.0015419007374588745 0.0015418694579537998 0.0015419007374588745 0.0015419007374588745 0.0015419007374588745 0.0015419007374588745 0.0015419007374588745 -0.00023507977270462277 0.0015419007374588745 0.0015419007374588745 0.0015419007374588745 0.0015419007374588745 0.0015419007374588745 0.0015419007374588745 0.0015419007374588745 0.0011936818804985057 0.0015419007374588745 -0.00058901188097578935 0.0002983339810523944 0.0015419007374588745 0.0015419007374588745 0.0015419007374588745 0.0015419007374588745 0.0015419007374588745
leaf_weight=43208 787 7821 88 2087 108 50 89 396 170 149 32 418 186 31 949 91 193 55 35 58 54 77 230 84 50 53 74 31 1377 114 26 210 77 20 295 37 25 165
leaf_count=43208 787 7821 88 2087 108 50 89 396 170 149 32 418 186 31 949 91 193 55 35 58 54 77 230 84 50 53 74 31 1377 114 26 210 77 20 295 37 25 165
internal_value=-0.00105667 0.00651691 0.0205593 0.000104787 0.00766442 0.0226914 0.0248765 0.0200438 0.0313125 0.0300767 0.0251587 0.0263911 0.0238106 0.00589691 0.0316284 0.0328323 0.0233239 0.00701449 0.0217778 0.0143746 0.0231429 0.00472881 0.028119 0.0263546 0.0219081 0.0257051 0.0170127 0.0238095 0.0345779 0.00863158 0.0198596 0.00182417 0.00768831 0.0343562 0.0315784 0.0215072 0.03375 0.032093
internal_weight=60000 16792 5264 11528 3707 1620 4477 2557 1920 1148 1878 1790 1352 679 1098 1831 284 276 90 283 112 472 1076 846 457 373 158 105 1547 171 57 364 154 438 389 69 320 215
internal_count=60000 16792 5264 11528 3707 1620 4477 2557 1920 1148 1878 1790 1352 679 1098 1831 284 276 90 283 112 472 1076 846 457 373 158 105 1547 171 57 364 154 438 389 69 320 215
is_linear=0
shrinkage=0.04


Tree=89
num_leaves=39
num_cat=0
split_feature=13 85 15 135 15 120 119 31 73 73 119 119 31 43 119 31 119 119 12 0 31 118 119 31 119 31 119 12 27 31 0 12 84 51 85 31 85 119
split_gain=835.934 944.984 348.831 195.162 406.103 134.317 87.0307 115.64 57.0257 37.9405 36.2607 22.9939 61.1468 21.7968 19.9727 18.9937 43.9975 18.1922 11.3131 8.90675 8.75041 8.38849 7.70023 12.2816 18.2855 12.9447 9.03791 9.69313 7.14164 6.73684 7.78381 5.73708 9.87662 5.4275 5.31726 7.83392 5.83225 4.48338
threshold=0.93636366724967968 0.7119947373867036 0.75000000000000011 1.0000000180025095e-35 0.75000000000000011 1.0000000180025095e-35 0.56429719924926769 0.48106098175048834 0.081620417535305037 0.081620417535305037 0.38069936633110052 0.52266719937324535 0.45428046584129339 -0.55557009577751149 0.66889700293540966 0.53617689013481151 0.59593412280082714 0.51532536745071422 0.91245013475418102 0.55328193306922924 0.49782148003578192 1.0000000180025095e-35 0.49626159667968756 0.3916513472795487 0.45485258102416998 0.42232480645179754 0.48003464937210089 1.0321779251098635 -0.1628082990646362 0.49434550106525427 0.5412975847721101 0.76287078857421886 1.0000000180025095e-35 0.73406916856765758 0.3885036855936051 0.3269487619400025 0.50347670912742626 0.46147063374519354
decision_type=2 2 2 2 2 2 2 2 2 2 2 2 2 2 2 2 2 2 2 2 2 2 2 2 2 2 2 2 2 2 2 2 2 2 2 2 2 2
left_child=-1 2 -2 -3 -5 21 7 10 -8 -7 -4 12 22 -9 -11 28 -17 -14 -19 29 -21 -6 23 34 -25 37 -27 -28 -10 30 -15 32 -23 -13 35 -12 -36 -26
right_child=1 3 6 4 5 9 8 13 15 14 11 33 17 19 -16 16 -18 18 -20 20 -22 31 -24 24 25 26 27 -29 -30 -31 -32 -33 -34 -35 36 -37 -38 -39
leaf_value=0 -0.01015011545217318 -0.01015011545217318 0.001373157493430416 -0.01015011545217318 0.0053807488189335116 -0.010954769714463027 0.0014728384668174243 -2.7991286456483524e-05 0.0014802247079605025 0.0017110554919296523 0.0014802247079605025 0.0014802247079605025 -0.00040187271144219493 0.0014802247079605025 0.0014802247079605025 0.0014801946796356362 0.0014802247079605025 0.0014802247079605025 0.0014802247079605025 0.0014802247079605025 0.0014802247079605025 -0.00022567658179646345 0.0014802247079605025 0.0014802247079605025 0.0014802247079605025 0.0014802247079605025 0.0014802247079605025 0.0014802247079605025 0.0014802247079605025 0.0011459346052786008 0.0014802247079605025 -0.00056545140573675216 0.00028640062181032987 0.0014802247079605025 0.0014802247079605025 0.0014802247079605025 0.0014802247079605025 0.0014802247079605025
leaf_weight=43208 787 7821 88 2087 108 50 89 396 139 149 32 418 186 31 949 91 193 55 35 58 54 77 230 84 50 53 74 31 1408 114 26 210 77 20 295 37 25 165
leaf_count=43208 787 7821 88 2087 108 50 89 396 139 149 32 418 186 31 949 91 193 55 35 58 54 77 230 84 50 53 74 31 1408 114 26 210 77 20 295 37 25 165
internal_value=-0.00105667 0.00651691 0.0205593 0.000104787 0.00766442 0.0226914 0.0248765 0.0200438 0.0313125 0.0300767 0.0251587 0.0263911 0.0238106 0.00589691 0.0316284 0.0328323 0.0233239 0.00701449 0.0217778 0.0143746 0.0231429 0.00472881 0.028119 0.0263546 0.0219081 0.0257051 0.0170127 0.0238095 0.0345779 0.00863158 0.0198596 0.00182417 0.00768831 0.0343562 0.0315784 0.0215072 0.03375 0.032093
internal_weight=60000 16792 5264 11528 3707 1620 4477 2557 1920 1148 1878 1790 1352 679 1098 1831 284 276 90 283 112 472 1076 846 457 373 158 105 1547 171 57 364 154 438 389 69 320 215
internal_count=60000 16792 5264 11528 3707 1620 4477 2557 1920 1148 1878 1790 1352 679 1098 1831 284 276 90 283 112 472 1076 846 457 373 158 105 1547 171 57 364 154 438 389 69 320 215
is_linear=0
shrinkage=0.04


Tree=90
num_leaves=39
num_cat=0
split_feature=13 85 32 84 32 73 119 14 120 73 119 119 14 43 14 119 119 119 14 29 0 14 119 14 119 14 119 14 10 14 0 51 85 14 85 119 14 128
split_gain=835.934 944.984 348.831 182.35 404.915 123.336 87.0307 115.64 62.331 57.0257 36.2607 22.9939 61.1468 21.7968 18.9937 43.9975 18.1922 15.2831 11.3131 10.6196 8.90675 8.75041 7.70023 12.2816 18.2855 12.9447 9.03791 9.69313 7.61977 6.73684 7.78381 5.4275 5.31726 7.83392 5.83225 4.48338 5.52 4.11248
threshold=0.93636366724967968 0.7119947373867036 0.75000000000000011 1.0000000180025095e-35 0.75000000000000011 0.081620417535305037 0.56429719924926769 0.48106098175048834 1.0000000180025095e-35 0.081620417535305037 0.38069936633110052 0.52266719937324535 0.45428046584129339 -0.55557009577751149 0.53617689013481151 0.59593412280082714 0.51532536745071422 0.63175231218338024 0.46050065755844122 0.76287078857421886 0.55328193306922924 0.49782148003578192 0.49626159667968756 0.3916513472795487 0.45485258102416998 0.42232480645179754 0.48003464937210089 0.43158185482025152 -0.0979645401239395 0.49434550106525427 0.5412975847721101 0.73406916856765758 0.3885036855936051 0.3269487619400025 0.50347670912742626 0.46147063374519354 0.39659819006919866 -0.68322628736495961
decision_type=2 2 2 2 2 2 2 2 2 2 2 2 2 2 2 2 2 2 2 2 2 2 2 2 2 2 2 2 2 2 2 2 2 2 2 2 2 2
left_child=-1 2 -2 37 -5 -6 7 10 19 -8 -4 12 22 -9 28 -16 -14 -10 -18 -7 29 -22 23 32 -25 35 -27 -28 -11 30 -15 -13 33 -12 -34 36 -26 -3
right_child=1 3 6 4 5 8 9 13 17 14 11 31 16 20 15 -17 18 -19 -20 -21 21 -23 -24 24 25 26 27 -29 -30 -31 -32 -33 34 -35 -36 -37 -38 -39
leaf_value=0 -0.0097441108340862535 -0.0069589206549874666 0.0013182311936931835 -0.0097441108340862535 0.18831579372675855 0.00027494459693791387 0.0014139249281447264 -2.6871634998215655e-05 0.0014434720538069768 0.0014210157196421136 0.0014210157196421136 0.0014210157196421136 -0.00038579780298448441 0.0014210157196421136 0.0014209868924502358 0.0014210157196421136 0.0014210157196421136 0.0014210157196421136 0.0014210157196421136 -0.00054283334950724796 0.0014210157196421136 0.0014210157196421136 0.0014210157196421136 0.0014210157196421136 0.0014210157196421136 0.0014210157196421136 0.0014210157196421136 0.0014210157196421136 0.0014210157196421136 0.0011000972210674894 0.0014210157196421136 0.0014210157196421136 0.0014210157196421136 0.0014210157196421136 0.0014210157196421136 0.0014210157196421136 0.0014210157196421136 -0.0097441108340862535
leaf_weight=43208 787 2039 88 2085 316 76 89 396 84 170 32 418 186 31 91 193 55 974 35 102 58 54 230 84 23 53 74 31 1377 114 26 20 295 37 25 165 27 5852
leaf_count=43208 787 2039 88 2085 316 76 89 396 84 170 32 418 186 31 91 193 55 974 35 102 58 54 230 84 23 53 74 31 1377 114 26 20 295 37 25 165 27 5852
internal_value=-0.00105667 0.00651691 0.0205593 0.000104787 0.00751498 0.0229845 0.0248765 0.0200438 0.0286861 0.0313125 0.0251587 0.0263911 0.0238106 0.00589691 0.0328323 0.0233239 0.00701449 0.0323705 0.0217778 0.00678652 0.0143746 0.0231429 0.028119 0.0263546 0.0219081 0.0257051 0.0170127 0.0238095 0.0345779 0.00863158 0.0198596 0.0343562 0.0315784 0.0215072 0.03375 0.032093 0.0216 -0.00331061
internal_weight=60000 16792 5264 11528 3637 1552 4477 2557 1236 1920 1878 1790 1352 679 1831 284 276 1058 90 178 283 112 1076 846 457 373 158 105 1547 171 57 438 389 69 320 215 50 7891
internal_count=60000 16792 5264 11528 3637 1552 4477 2557 1236 1920 1878 1790 1352 679 1831 284 276 1058 90 178 283 112 1076 846 457 373 158 105 1547 171 57 438 389 69 320 215 50 7891
is_linear=0
shrinkage=0.04


Tree=91
num_leaves=39
num_cat=0
split_feature=13 85 15 135 15 103 119 31 73 73 119 119 31 43 31 119 119 119 123 12 0 31 119 31 119 31 119 12 10 31 0 118 12 101 51 85 31 85
split_gain=840.104 940.44 348.615 199.724 415.169 107.984 87.2725 116.348 57.0257 39.7072 36.2607 22.9939 61.1468 21.3749 18.9937 43.9975 18.1922 13.6629 12.4869 11.3131 9.19621 8.75041 7.70023 12.2816 18.2855 12.9447 9.03791 9.69313 7.61977 7.02047 7.78381 6.26803 7.99932 7.38721 5.4275 5.31726 7.83392 5.83225
threshold=0.93636366724967968 0.7119947373867036 0.75000000000000011 1.0000000180025095e-35 0.75000000000000011 1.0000000180025095e-35 0.56429719924926769 0.48106098175048834 0.081620417535305037 0.081620417535305037 0.38069936633110052 0.52266719937324535 0.45428046584129339 -0.55557009577751149 0.53617689013481151 0.59593412280082714 0.51532536745071422 0.65468347072601329 1.0000000180025095e-35 0.91245013475418102 0.55328193306922924 0.49782148003578192 0.49626159667968756 0.3916513472795487 0.45485258102416998 0.42232480645179754 0.48003464937210089 1.0321779251098635 -0.0979645401239395 0.49434550106525427 0.5412975847721101 1.0000000180025095e-35 0.76287078857421886 1.0000000180025095e-35 0.73406916856765758 0.3885036855936051 0.3269487619400025 0.50347670912742626
decision_type=2 2 2 2 2 2 2 2 2 2 2 2 2 2 2 2 2 2 2 2 2 2 2 2 2 2 2 2 2 2 2 2 2 2 2 2 2 2
left_child=-1 2 -2 -3 -5 18 7 10 -8 -7 -4 12 22 -9 28 -16 -14 -11 31 -18 29 -22 23 35 -25 -26 -27 -28 -10 30 -15 -6 33 -33 -13 36 -12 -37
right_child=1 3 6 4 5 9 8 13 14 17 11 34 16 20 15 -17 19 -19 -20 -21 21 -23 -24 24 25 26 27 -29 -30 -31 -32 32 -34 -35 -36 37 -38 -39
leaf_value=0 -0.0093543464007228034 -0.0093543464007228034 0.0012655019459454631 -0.0093543464007228034 0.0054438756923757122 -0.018049210674954849 0.0013573679310189591 -2.5796769598258607e-05 0.0013641750908564632 0.0011982426711885552 0.0013641750908564632 0.0013641750908564632 -0.00037036589086511643 0.0013641750908564632 0.0013641474167522376 0.0013641750908564632 0.0013641750908564632 0.0013641750908564632 0.0013641750908564632 0.0013641750908564632 0.0013641750908564632 0.0013641750908564632 0.0013641750908564632 0.0013641750908564632 0.0013641750908564632 0.0013641750908564632 0.0013641750908564632 0.0013641750908564632 0.0013641750908564632 0.0010560933322247797 0.0013641750908564632 -0.0048557037789219602 -0.00052112001552693241 0.00026394681306037173 0.0013641750908564632 0.0013641750908564632 0.0013641750908564632 0.0013641750908564632
leaf_weight=43208 787 7821 88 2087 113 50 89 396 170 67 32 418 186 31 91 193 55 916 70 35 58 54 230 84 215 53 74 31 1377 114 26 50 232 122 20 295 37 25
leaf_count=43208 787 7821 88 2087 113 50 89 396 170 67 32 418 186 31 91 193 55 916 70 35 58 54 230 84 215 53 74 31 1377 114 26 50 232 122 20 295 37 25
internal_value=-0.00104933 0.00654311 0.0205517 0.000146425 0.0077939 0.0229877 0.0248675 0.0200282 0.0313125 0.0307725 0.0251587 0.0263911 0.0238106 0.005838 0.0328323 0.0233239 0.00701449 0.0325412 0.0092879 0.0217778 0.0142332 0.0231429 0.028119 0.0263546 0.0219081 0.0257051 0.0170127 0.0238095 0.0345779 0.00839766 0.0198596 0.0071412 0.00481188 0.0113488 0.0343562 0.0315784 0.0215072 0.03375
internal_weight=60000 16792 5264 11528 3707 1620 4477 2557 1920 1033 1878 1790 1352 679 1831 284 276 983 587 90 283 112 1076 846 457 373 158 105 1547 171 57 517 404 172 438 389 69 320
internal_count=60000 16792 5264 11528 3707 1620 4477 2557 1920 1033 1878 1790 1352 679 1831 284 276 983 587 90 283 112 1076 846 457 373 158 105 1547 171 57 517 404 172 438 389 69 320
is_linear=0
shrinkage=0.04


Tree=92
num_leaves=39
num_cat=0
split_feature=13 85 32 135 32 120 119 14 39 124 119 119 119 14 43 14 119 119 12 0 14 119 14 119 14 119 12 10 12 118 14 0 51 85 14 85 119 12
split_gain=838.207 942.04 348.615 197.817 411.379 120.785 87.2725 116.348 56.1886 37.4764 36.2607 24.266 22.9939 61.1468 21.3749 18.9116 43.9975 18.1922 11.3131 9.19621 8.75041 7.70023 12.2816 18.2855 12.9447 9.03791 9.69313 7.5717 7.0886 9.73045 7.02047 7.78381 5.4275 5.31726 7.83392 5.83225 4.48338 5.52
threshold=0.93636366724967968 0.7119947373867036 0.75000000000000011 1.0000000180025095e-35 0.75000000000000011 1.0000000180025095e-35 0.56429719924926769 0.48106098175048834 0.1013208217918873 0.050035268068313606 0.38069936633110052 0.66889700293540966 0.52266719937324535 0.45428046584129339 -0.55557009577751149 0.53617689013481151 0.59593412280082714 0.51532536745071422 0.91245013475418102 0.55328193306922924 0.49782148003578192 0.49626159667968756 0.3916513472795487 0.45485258102416998 0.42232480645179754 0.48003464937210089 1.0321779251098635 -0.0979645401239395 0.76287078857421886 1.0000000180025095e-35 0.49434550106525427 0.5412975847721101 0.73406916856765758 0.3885036855936051 0.3269487619400025 0.50347670912742626 0.46147063374519354 1.0626657605171206
decision_type=2 2 2 2 2 2 2 2 2 2 2 2 2 2 2 2 2 2 2 2 2 2 2 2 2 2 2 2 2 2 2 2 2 2 2 2 2 2
left_child=-1 2 -2 -3 -5 28 7 10 -8 -7 -4 -11 13 21 -9 27 -17 -15 -19 30 -21 22 33 -24 36 -26 -27 -10 -6 -30 31 -16 -14 34 -12 -35 37 -25
right_child=1 3 6 4 5 9 8 14 15 11 12 -13 32 17 19 16 -18 18 -20 20 -22 -23 23 24 25 26 -28 -29 29 -31 -32 -33 -34 35 -36 -37 -38 -39
leaf_value=0 -0.0089801725446938922 -0.0089801725446938922 0.0012148818681076146 -0.0089801725446938922 0.0052261081711494836 -0.017327242247956676 0.0023333212525591517 -2.4764898814311209e-05 0.0013096080872222161 0.0015932075625876016 0.0013096080872222161 0.0013096080872222161 0.0013096080872222161 -0.00035555125523053735 0.0013096080872222161 0.0013095815200821817 0.0013096080872222161 0.0013096080872222161 0.0013096080872222161 0.0013096080872222161 0.0013096080872222161 0.0013096080872222161 0.0013096080872222161 0.0013096080872222161 0.0013096080872222161 0.0013096080872222161 0.0013096080872222161 0.0013096080872222161 0.0034800229355186475 -0.00050027521490584096 0.0010138495989358239 0.0013096080872222161 0.0013096080872222161 0.0013096080872222161 0.0013096080872222161 0.0013096080872222161 0.0013096080872222161 0.0013096080872222161
leaf_weight=43208 787 7821 88 2087 201 50 88 396 170 149 32 949 418 186 31 91 193 55 35 58 54 230 84 23 53 74 31 1378 61 210 114 26 20 295 37 25 165 27
leaf_count=43208 787 7821 88 2087 201 50 88 396 170 149 32 949 418 186 31 91 193 55 35 58 54 230 84 23 53 74 31 1378 61 210 114 26 20 295 37 25 165 27
internal_value=-0.00105267 0.0065312 0.0205517 0.000129076 0.00773995 0.0228642 0.0248675 0.0200282 0.0313125 0.0298676 0.0251587 0.0314098 0.0263911 0.0238106 0.005838 0.0328122 0.0233239 0.00701449 0.0217778 0.0142332 0.0231429 0.028119 0.0263546 0.0219081 0.0257051 0.0170127 0.0238095 0.034553 0.00583051 0.00160886 0.00839766 0.0198596 0.0343562 0.0315784 0.0215072 0.03375 0.032093 0.0216
internal_weight=60000 16792 5264 11528 3707 1620 4477 2557 1920 1148 1878 1098 1790 1352 679 1832 284 276 90 283 112 1076 846 457 373 158 105 1548 472 271 171 57 438 389 69 320 215 50
internal_count=60000 16792 5264 11528 3707 1620 4477 2557 1920 1148 1878 1098 1790 1352 679 1832 284 276 90 283 112 1076 846 457 373 158 105 1548 472 271 171 57 438 389 69 320 215 50
is_linear=0
shrinkage=0.04


Tree=93
num_leaves=39
num_cat=0
split_feature=13 85 15 135 15 120 60 73 85 14 73 102 14 102 14 102 102 102 0 68 118 12 102 14 103 14 102 68 106 14 12 84 102 12 102 14 102 12
split_gain=833.663 945.885 348.615 193.277 402.355 131.221 70.4694 50.355 39.8784 73.8719 37.4764 29.0272 29.2603 18.7874 27.3244 19.591 17.2565 14.5832 11.4497 10.5174 8.24388 8.21791 7.96449 11.185 7.69462 7.28437 18.8801 7.01691 6.47277 6.37966 6.03403 9.37662 5.56194 4.33893 4.81058 7.21323 5.84231 10.3967
threshold=0.93636366724967968 0.7119947373867036 0.75000000000000011 1.0000000180025095e-35 0.75000000000000011 1.0000000180025095e-35 -0.49999997019767756 0.081620417535305037 0.56428876519203197 0.48106098175048834 0.081620417535305037 0.56428781151771557 0.49434550106525427 0.52068921923637401 0.45428046584129339 0.37993320822715765 0.69072249531745922 0.37993320822715765 0.55328193306922924 0.57869175076484691 1.0000000180025095e-35 0.91245013475418102 0.59790590405464183 0.53617689013481151 1.0000000180025095e-35 0.45428046584129339 0.51555371284484874 0.59288045763969432 1.0000000180025095e-35 0.50440177321434032 0.76287078857421886 1.0000000180025095e-35 0.51555371284484874 0.93004098534584057 0.48479545116424566 0.42232480645179754 0.45443418622016912 0.78291481733322155
decision_type=2 2 2 2 2 2 2 2 2 2 2 2 2 2 2 2 2 2 2 2 2 2 2 2 2 2 2 2 2 2 2 2 2 2 2 2 2 2
left_child=-1 2 -2 -3 -5 20 8 -8 9 13 -7 12 17 14 15 -4 -12 -9 -14 -10 -6 22 23 27 -18 -19 -27 -21 -24 -20 31 -22 -16 34 35 36 37 -17
right_child=1 3 6 4 5 10 7 11 19 -11 16 -13 18 -15 32 33 24 25 29 21 30 -23 28 -25 -26 26 -28 -29 -30 -31 -32 -33 -34 -35 -36 -37 -38 -39
leaf_value=0 -0.0086209656429061376 -0.0086209656429061376 -0.12817942303506472 -0.0086209656429061376 0.005017076337834752 -0.01663415255803841 -0.00085073533290565663 0.0012572237637333216 0.0012572237637333216 3.817810270011237e-05 0.0012228657134693568 0.0012572237637333216 0.001147231167689939 0.0012572237637333216 -0.017301242840414861 0.0012572237637333216 0.0025304142252750238 0.0012572237637333216 0.0012572237637333216 0.0012572237637333216 -0.00015744716416370546 0.0012572237637333216 0.0012572237637333216 -0.014663268232833338 0.0012572237637333216 0.0035984521366442565 0.0012572237637333216 0.0012572237637333216 0.0012572237637333216 0.002385415303839429 -0.000480264206309613 4.4344613692004489e-05 0.0012572237637333216 0.0012572237637333216 0.0012572237637333216 0.0012572237637333216 0.0012572237637333216 -0.029191832692086243
leaf_weight=43208 787 7821 52 2087 108 50 91 30 192 378 71 1198 119 154 107 58 118 679 64 37 77 146 79 58 909 89 267 91 73 38 210 77 32 267 46 47 50 35
leaf_count=43208 787 7821 52 2087 108 50 91 30 192 378 71 1198 119 154 107 58 118 679 64 37 77 146 79 58 909 89 267 91 73 38 210 77 32 267 46 47 50 35
internal_value=-0.00106067 0.00650262 0.0205517 8.74383e-05 0.00761047 0.0225679 0.0248675 0.0291806 0.0190284 0.0147276 0.0298676 0.0302512 0.0260778 0.021283 0.0184784 0.0224504 0.0314098 0.0288263 0.0128326 0.0268284 0.00481356 0.0236859 0.0202604 0.0147097 0.0327283 0.0296232 0.0249888 0.0213125 0.0270526 0.0226667 0.00193406 0.00794805 0.0026187 0.0248668 0.0209153 0.0181053 0.0225734 0.0166452
internal_weight=60000 16792 5264 11528 3707 1620 4477 2575 1902 1226 1148 2484 1286 848 694 555 1098 1065 221 676 472 484 338 186 1027 1035 356 128 152 102 364 154 139 503 236 190 143 93
internal_count=60000 16792 5264 11528 3707 1620 4477 2575 1902 1226 1148 2484 1286 848 694 555 1098 1065 221 676 472 484 338 186 1027 1035 356 128 152 102 364 154 139 503 236 190 143 93
is_linear=0
shrinkage=0.04


Tree=94
num_leaves=39
num_cat=0
split_feature=13 68 15 135 15 103 119 14 73 119 73 119 119 14 14 119 43 119 12 0 14 119 14 119 14 119 12 14 0 119 118 84 12 119 12 6 119 14
split_gain=829.509 940.991 320.821 203.943 412.629 113.919 81.729 112.304 71.6332 37.511 34.1816 28.6961 24.5144 60.7619 20.2856 42.8455 20.221 17.6621 11.1907 9.00329 9.02667 7.68459 12.1662 17.876 13.2568 8.90492 9.6112 7.02047 7.78381 6.84448 7.3968 6.6365 8.24027 4.6179 5.52 4.5959 4.57524 7.3319
threshold=0.93636366724967968 0.6999170482158662 0.75000000000000011 1.0000000180025095e-35 0.75000000000000011 1.0000000180025095e-35 0.56429719924926769 0.48106098175048834 0.081620417535305037 0.38069936633110052 0.081620417535305037 0.63175231218338024 0.52266719937324535 0.45428046584129339 0.53617689013481151 0.59593412280082714 -0.55557009577751149 0.51532536745071422 0.91245013475418102 0.55328193306922924 0.49782148003578192 0.49626159667968756 0.3916513472795487 0.45485258102416998 0.42232480645179754 0.48003464937210089 1.0321779251098635 0.49434550106525427 0.5412975847721101 0.76648133993148815 1.0000000180025095e-35 1.0000000180025095e-35 0.76287078857421886 0.46147063374519354 1.0626657605171206 0.84083759784698497 0.387991413474083 0.3269487619400025
decision_type=2 2 2 2 2 2 2 2 2 2 2 2 2 2 2 2 2 2 2 2 2 2 2 2 2 2 2 2 2 2 2 2 2 2 2 2 2 2
left_child=-1 2 -2 -3 -5 29 7 9 -8 -4 -7 -12 13 21 -10 -16 -9 -15 -19 27 -21 22 36 -24 33 -26 -27 28 -18 35 -31 -32 -33 34 -25 -6 37 -11
right_child=1 3 6 4 5 10 8 16 14 12 11 -13 -14 17 15 -17 19 18 -20 20 -22 -23 23 24 25 26 -28 -29 -30 30 31 32 -34 -35 -36 -37 -38 -39
leaf_value=0 -0.0082761270171898913 -0.0082761270171898913 -0.0017643143288784558 -0.0082761270171898913 0.0014387744234696928 -0.015968786455716852 0.010964878770621635 1.5999553071707543e-05 0.0012069348131839774 0.0012069348131839774 0.0011526367826343886 0.0012069348131839774 0.0012069348131839774 -0.00048526729048710139 0.0012069593059854356 0.0012069348131839774 0.0012069348131839774 0.0012069348131839774 0.0012069348131839774 0.0012069348131839774 0.0012069348131839774 0.0012069348131839774 0.0012069348131839774 0.0012069348131839774 0.0012069348131839774 0.0012069348131839774 0.0012069348131839774 0.00092740636827076965 0.0012069348131839774 0.0048163932843213785 -0.00050364686167085897 4.2570829144352732e-05 0.00023975687015287406 0.0012069348131839774 0.0012069348131839774 0.0053539884443664833 0.0012069348131839774 0.0012069348131839774
leaf_weight=43208 715 7799 85 2159 63 47 116 379 1468 27 169 944 431 184 89 185 31 54 35 58 53 223 83 23 53 73 31 114 26 104 174 76 102 162 27 68 333 29
leaf_count=43208 715 7799 85 2159 63 47 116 379 1468 27 169 944 431 184 89 185 31 54 35 58 53 223 83 23 53 73 31 114 26 104 174 76 102 162 27 68 333 29
internal_value=-0.001068 0.00647642 0.0208398 0.000234087 0.00769483 0.0221477 0.0249021 0.0202005 0.0312637 0.0252499 0.0294138 0.0308248 0.0264977 0.0238235 0.0332905 0.0232993 0.00604538 0.00698901 0.021618 0.014156 0.023027 0.0281429 0.0263924 0.0219292 0.0257019 0.0168917 0.0236923 0.00839766 0.0198596 0.00778876 0.00547368 0.00270454 0.00813483 0.0322264 0.0216 0.0158473 0.0315784 0.021
internal_weight=60000 16792 5087 11705 3906 1747 4372 2514 1858 1853 1160 1113 1768 1337 1742 274 661 273 89 282 111 1064 841 452 369 157 104 171 57 587 456 352 178 212 50 131 389 56
internal_count=60000 16792 5087 11705 3906 1747 4372 2514 1858 1853 1160 1113 1768 1337 1742 274 661 273 89 282 111 1064 841 452 369 157 104 171 57 587 456 352 178 212 50 131 389 56
is_linear=0
shrinkage=0.04


Tree=95
num_leaves=39
num_cat=0
split_feature=13 68 15 135 15 120 119 14 22 119 124 119 119 14 14 119 43 119 14 0 14 118 119 14 119 14 119 14 14 0 29 84 16 119 14 119 14 10
split_gain=829.886 940.679 320.821 204.316 413.352 120.588 81.729 112.304 70.1223 37.511 32.3433 38.318 24.5144 60.7619 20.2773 42.8455 20.221 17.6621 11.1907 9.00329 9.02667 8.10054 7.68459 12.1662 17.876 13.2568 8.90492 9.6112 7.02047 7.78381 6.33848 8.88961 5.32155 4.6179 5.52 4.57524 7.3319 5.51569
threshold=0.93636366724967968 0.6999170482158662 0.75000000000000011 1.0000000180025095e-35 0.75000000000000011 1.0000000180025095e-35 0.56429719924926769 0.48106098175048834 0.11410588026046754 0.38069936633110052 0.050035268068313606 0.66889700293540966 0.52266719937324535 0.45428046584129339 0.53617689013481151 0.59593412280082714 -0.55557009577751149 0.51532536745071422 0.46050065755844122 0.55328193306922924 0.49782148003578192 1.0000000180025095e-35 0.49626159667968756 0.3916513472795487 0.45485258102416998 0.42232480645179754 0.48003464937210089 0.43158185482025152 0.49434550106525427 0.5412975847721101 0.76287078857421886 1.0000000180025095e-35 1.0000000180025095e-35 0.46147063374519354 0.39659819006919866 0.387991413474083 0.3269487619400025 -0.13052606582641599
decision_type=2 2 2 2 2 2 2 2 2 2 2 2 2 2 2 2 2 2 2 2 2 2 2 2 2 2 2 2 2 2 2 2 2 2 2 2 2 2
left_child=-1 2 -2 -3 -5 21 7 9 -8 -4 -7 32 13 22 -10 -16 -9 -15 -19 28 -21 -6 23 35 -25 33 -27 -28 29 -18 31 -23 -12 34 -26 36 -11 -37
right_child=1 3 6 4 5 10 8 16 14 12 11 -13 -14 17 15 -17 19 18 -20 20 -22 30 -24 24 25 26 27 -29 -30 -31 -32 -33 -34 -35 -36 37 -38 -39
leaf_value=0 -0.0079450819365022955 -0.0079450819365022955 -0.0016937417557232948 -0.0079450819365022955 0.0046237375529485552 -0.015330034997488156 0.010383824139179352 1.5359570948873317e-05 0.0011586574206566525 0.0011586574206566525 0.0012109186924011898 0.0011586574206566525 0.0011586574206566525 -0.00046585659886758893 0.0011586809337460124 0.0011586574206566525 0.0011586574206566525 0.0011586574206566525 0.0011586574206566525 0.0011586574206566525 0.0011586574206566525 -0.00013145113066009628 0.0011586574206566525 0.0011586574206566525 0.0011586574206566525 0.0011586574206566525 0.0011586574206566525 0.0011586574206566525 0.00089031011353991451 0.0011586574206566525 -0.00047064391286333774 4.0867995978572938e-05 0.0011586574206566525 0.0011586574206566525 0.0011586574206566525 0.0011586574206566525 0.0011586574206566525 0.0011586574206566525
leaf_weight=43208 715 7799 85 2159 108 47 118 379 1466 27 173 938 431 184 89 185 31 54 35 58 53 77 223 83 23 53 73 31 114 26 210 77 117 162 27 29 29 304
leaf_count=43208 715 7799 85 2159 108 47 118 379 1466 27 173 938 431 184 89 185 31 54 35 58 53 77 223 83 23 53 73 31 114 26 210 77 117 162 27 29 29 304
internal_value=-0.00106733 0.0064788 0.0208398 0.000237504 0.00770507 0.0221706 0.0249021 0.0202005 0.0312637 0.0252499 0.0285647 0.0298111 0.0264977 0.0238235 0.0332874 0.0232993 0.00604538 0.00698901 0.021618 0.014156 0.023027 0.0048983 0.0281429 0.0263924 0.0219292 0.0257019 0.0168917 0.0236923 0.00839766 0.0198596 0.00204396 0.00820779 0.0171034 0.0322264 0.0216 0.0315784 0.021 0.0333574
internal_weight=60000 16792 5087 11705 3906 1747 4372 2514 1858 1853 1275 1228 1768 1337 1740 274 661 273 89 282 111 472 1064 841 452 369 157 104 171 57 364 154 290 212 50 389 56 333
internal_count=60000 16792 5087 11705 3906 1747 4372 2514 1858 1853 1275 1228 1768 1337 1740 274 661 273 89 282 111 472 1064 841 452 369 157 104 171 57 364 154 290 212 50 389 56 333
is_linear=0
shrinkage=0.04


Tree=96
num_leaves=39
num_cat=0
split_feature=13 85 15 135 15 120 119 14 73 73 119 119 119 14 60 14 119 119 12 0 14 118 119 14 119 14 119 12 10 14 0 12 84 51 85 14 85 119
split_gain=829.886 949.095 348.615 189.534 394.911 126.365 87.2725 116.348 57.0257 36.633 36.2607 33.3023 22.9939 61.1468 21.3749 18.9937 43.9975 18.1922 11.3131 9.19621 8.75041 8.10054 7.70023 12.2816 18.2855 12.9447 9.03791 9.69313 7.61977 7.02047 7.78381 6.33848 8.88961 5.4275 5.31726 7.83392 5.83225 4.48338
threshold=0.93636366724967968 0.7119947373867036 0.75000000000000011 1.0000000180025095e-35 0.75000000000000011 1.0000000180025095e-35 0.56429719924926769 0.48106098175048834 0.081620417535305037 0.081620417535305037 0.38069936633110052 0.65468347072601329 0.52266719937324535 0.45428046584129339 -0.49999997019767756 0.53617689013481151 0.59593412280082714 0.51532536745071422 0.91245013475418102 0.55328193306922924 0.49782148003578192 1.0000000180025095e-35 0.49626159667968756 0.3916513472795487 0.45485258102416998 0.42232480645179754 0.48003464937210089 1.0321779251098635 -0.0979645401239395 0.49434550106525427 0.5412975847721101 0.76287078857421886 1.0000000180025095e-35 0.73406916856765758 0.3885036855936051 0.3269487619400025 0.50347670912742626 0.46147063374519354
decision_type=2 2 2 2 2 2 2 2 2 2 2 2 2 2 2 2 2 2 2 2 2 2 2 2 2 2 2 2 2 2 2 2 2 2 2 2 2 2
left_child=-1 2 -2 -3 -5 21 7 10 -8 -7 -4 -11 13 22 -9 28 -17 -15 -19 29 -21 -6 23 34 -25 37 -27 -28 -10 30 -16 32 -23 -14 35 -12 -36 -26
right_child=1 3 6 4 5 9 8 14 15 11 12 -13 33 17 19 16 -18 18 -20 20 -22 31 -24 24 25 26 27 -29 -30 -31 -32 -33 -34 -35 36 -37 -38 -39
leaf_value=0 -0.0076272786590422048 -0.0076272786590422048 0.0012543198862180172 -0.0076272786590422048 0.0044387880508305957 -0.014716833597588632 0.00038982166059999489 -2.6555791930533702e-05 0.0011123111238303808 0.0021822617452117196 0.0011123111238303808 0.0011123111238303808 0.0011123111238303808 -0.00044722233491285124 0.0011123111238303808 0.0011122850656070866 0.0011123111238303808 0.0011123111238303808 0.0011123111238303808 0.0011123111238303808 0.0011123111238303808 -0.00012619308543371233 0.0011123111238303808 0.0011123111238303808 0.0011123111238303808 0.0011123111238303808 0.0011123111238303808 0.0011123111238303808 0.0011123111238303808 0.00085469770899830502 0.0011123111238303808 -0.00045181815634883551 3.9233276139398757e-05 0.0011123111238303808 0.0011123111238303808 0.0011123111238303808 0.0011123111238303808 0.0011123111238303808
leaf_weight=43208 787 7821 88 2087 108 50 89 396 170 130 32 968 418 186 31 91 193 55 35 58 54 77 230 84 50 53 74 31 1377 114 26 210 77 20 295 37 25 165
leaf_count=43208 787 7821 88 2087 108 50 89 396 170 130 32 968 418 186 31 91 193 55 35 58 54 77 230 84 50 53 74 31 1377 114 26 210 77 20 295 37 25 165
internal_value=-0.00106733 0.0064788 0.0205517 5.27402e-05 0.00750256 0.022321 0.0248675 0.0200282 0.0313125 0.0294843 0.0251587 0.0310091 0.0263911 0.0238106 0.005838 0.0328323 0.0233239 0.00701449 0.0217778 0.0142332 0.0231429 0.0048983 0.028119 0.0263546 0.0219081 0.0257051 0.0170127 0.0238095 0.0345779 0.00839766 0.0198596 0.00204396 0.00820779 0.0343562 0.0315784 0.0215072 0.03375 0.032093
internal_weight=60000 16792 5264 11528 3707 1620 4477 2557 1920 1148 1878 1098 1790 1352 679 1831 284 276 90 283 112 472 1076 846 457 373 158 105 1547 171 57 364 154 438 389 69 320 215
internal_count=60000 16792 5264 11528 3707 1620 4477 2557 1920 1148 1878 1098 1790 1352 679 1831 284 276 90 283 112 472 1076 846 457 373 158 105 1547 171 57 364 154 438 389 69 320 215
is_linear=0
shrinkage=0.04


Tree=97
num_leaves=39
num_cat=0
split_feature=13 85 15 135 15 120 119 14 73 73 119 119 119 14 43 14 119 119 12 0 14 118 119 14 119 14 119 12 10 14 0 12 84 51 85 14 85 119
split_gain=829.886 949.095 348.615 189.534 394.911 126.365 87.2725 116.348 57.0257 36.633 36.2607 33.3023 22.9939 61.1468 21.3749 18.9937 43.9975 18.1922 11.3131 9.19621 8.75041 8.10054 7.70023 12.2816 18.2855 12.9447 9.03791 9.69313 7.61977 7.02047 7.78381 6.33848 8.88961 5.4275 5.31726 7.83392 5.83225 4.48338
threshold=0.93636366724967968 0.7119947373867036 0.75000000000000011 1.0000000180025095e-35 0.75000000000000011 1.0000000180025095e-35 0.56429719924926769 0.48106098175048834 0.081620417535305037 0.081620417535305037 0.38069936633110052 0.65468347072601329 0.52266719937324535 0.45428046584129339 -0.55557009577751149 0.53617689013481151 0.59593412280082714 0.51532536745071422 0.91245013475418102 0.55328193306922924 0.49782148003578192 1.0000000180025095e-35 0.49626159667968756 0.3916513472795487 0.45485258102416998 0.42232480645179754 0.48003464937210089 1.0321779251098635 -0.0979645401239395 0.49434550106525427 0.5412975847721101 0.76287078857421886 1.0000000180025095e-35 0.73406916856765758 0.3885036855936051 0.3269487619400025 0.50347670912742626 0.46147063374519354
decision_type=2 2 2 2 2 2 2 2 2 2 2 2 2 2 2 2 2 2 2 2 2 2 2 2 2 2 2 2 2 2 2 2 2 2 2 2 2 2
left_child=-1 2 -2 -3 -5 21 7 10 -8 -7 -4 -11 13 22 -9 28 -17 -15 -19 29 -21 -6 23 34 -25 37 -27 -28 -10 30 -16 32 -23 -14 35 -12 -36 -26
right_child=1 3 6 4 5 9 8 14 15 11 12 -13 33 17 19 16 -18 18 -20 20 -22 31 -24 24 25 26 27 -29 -30 -31 -32 -33 -34 -35 36 -37 -38 -39
leaf_value=0 -0.0073221875126805169 -0.0073221875126805169 0.0012041470907692864 -0.0073221875126805169 0.0042612365287973833 -0.014128160253685067 0.00037422879417602252 -2.5493560253337932e-05 0.0010678186788771883 0.0020949712754032542 0.0010678186788771883 0.0010678186788771883 0.0010678186788771883 -0.00042933344151634855 0.0010678186788771883 0.0010677936629827839 0.0010678186788771883 0.0010678186788771883 0.0010678186788771883 0.0010678186788771883 0.0010678186788771883 -0.00012114536201636383 0.0010678186788771883 0.0010678186788771883 0.0010678186788771883 0.0010678186788771883 0.0010678186788771883 0.0010678186788771883 0.0010678186788771883 0.00082050980063836558 0.0010678186788771883 -0.0004337454300949162 3.766394509383986e-05 0.0010678186788771883 0.0010678186788771883 0.0010678186788771883 0.0010678186788771883 0.0010678186788771883
leaf_weight=43208 787 7821 88 2087 108 50 89 396 170 130 32 968 418 186 31 91 193 55 35 58 54 77 230 84 50 53 74 31 1377 114 26 210 77 20 295 37 25 165
leaf_count=43208 787 7821 88 2087 108 50 89 396 170 130 32 968 418 186 31 91 193 55 35 58 54 77 230 84 50 53 74 31 1377 114 26 210 77 20 295 37 25 165
internal_value=-0.00106733 0.0064788 0.0205517 5.27402e-05 0.00750256 0.022321 0.0248675 0.0200282 0.0313125 0.0294843 0.0251587 0.0310091 0.0263911 0.0238106 0.005838 0.0328323 0.0233239 0.00701449 0.0217778 0.0142332 0.0231429 0.0048983 0.028119 0.0263546 0.0219081 0.0257051 0.0170127 0.0238095 0.0345779 0.00839766 0.0198596 0.00204396 0.00820779 0.0343562 0.0315784 0.0215072 0.03375 0.032093
internal_weight=60000 16792 5264 11528 3707 1620 4477 2557 1920 1148 1878 1098 1790 1352 679 1831 284 276 90 283 112 472 1076 846 457 373 158 105 1547 171 57 364 154 438 389 69 320 215
internal_count=60000 16792 5264 11528 3707 1620 4477 2557 1920 1148 1878 1098 1790 1352 679 1831 284 276 90 283 112 472 1076 846 457 373 158 105 1547 171 57 364 154 438 389 69 320 215
is_linear=0
shrinkage=0.04


Tree=98
num_leaves=39
num_cat=0
split_feature=13 85 15 101 15 119 14 10 39 119 5 124 103 119 14 60 14 119 119 12 119 0 14 119 14 119 14 119 12 10 14 0 71 119 12 85 14 85
split_gain=829.886 949.095 348.615 176.01 395.619 87.2725 116.348 80.0954 56.1886 36.2607 27.2617 23.776 38.2996 22.9939 61.1468 21.3749 18.9116 43.9975 18.1922 11.3131 11.2915 9.19621 8.75041 7.70023 12.2816 18.2855 12.9447 9.03791 9.69313 7.5717 7.02047 7.78381 6.37046 6.34998 7.23242 5.31726 7.83392 5.83225
threshold=0.93636366724967968 0.7119947373867036 0.75000000000000011 1.0000000180025095e-35 0.75000000000000011 0.56429719924926769 0.48106098175048834 0.47114434838294988 0.1013208217918873 0.38069936633110052 0.12560168653726581 0.050035268068313606 1.0000000180025095e-35 0.52266719937324535 0.45428046584129339 -0.49999997019767756 0.53617689013481151 0.59593412280082714 0.51532536745071422 0.91245013475418102 0.65468347072601329 0.55328193306922924 0.49782148003578192 0.49626159667968756 0.3916513472795487 0.45485258102416998 0.42232480645179754 0.48003464937210089 1.0321779251098635 -0.0979645401239395 0.49434550106525427 0.5412975847721101 1.0000000180025095e-35 0.76648133993148815 0.76287078857421886 0.3885036855936051 0.3269487619400025 0.50347670912742626
decision_type=2 2 2 2 2 2 2 2 2 2 2 2 2 2 2 2 2 2 2 2 2 2 2 2 2 2 2 2 2 2 2 2 2 2 2 2 2 2
left_child=-1 2 -2 -3 -5 6 9 11 -7 -4 -9 -6 33 14 23 -8 29 -18 -16 -20 -14 30 -23 24 35 -26 -27 -28 -29 -10 31 -17 -22 -13 -35 36 -11 -37
right_child=1 3 5 4 7 8 15 10 16 13 -12 12 20 -15 18 21 17 -19 19 -21 32 22 -24 -25 25 26 27 28 -30 -31 -32 -33 -34 34 -36 37 -38 -39
leaf_value=0 -0.0070293000121732967 -0.0070293000121732967 0.0011559812071385133 -0.0070293000121732967 0.19118093000377701 0.0013895076811899754 -2.4473817843215786e-05 0.17971412203455564 0.0010251059317221234 0.0010251059317221234 0.0010251059317221234 0.0010234084037450942 0.00092105744947549434 0.0010251059317221234 -0.00041216010385568323 0.0010251059317221234 0.0010250819164634535 0.0010251059317221234 0.0010251059317221234 0.0010251059317221234 0.0010251059317221234 0.0010251059317221234 0.0010251059317221234 0.0010251059317221234 0.0010251059317221234 0.0010251059317221234 0.0010251059317221234 0.0010251059317221234 0.0010251059317221234 0.0010251059317221234 0.00078768940861283796 0.0010251059317221234 0.0010251059317221234 3.6157387290103314e-05 -0.00041639561289109396 0.0010251059317221234 0.0010251059317221234 0.0010251059317221234
leaf_weight=43208 787 7894 88 2091 168 88 396 45 170 32 620 108 63 438 186 31 91 193 55 35 254 58 54 230 84 215 53 74 31 1378 114 26 39 102 144 295 37 25
leaf_count=43208 787 7894 88 2091 168 88 396 45 170 32 620 108 63 438 186 31 91 193 55 35 254 58 54 230 84 215 53 74 31 1378 114 26 39 102 144 295 37 25
internal_value=-0.00106733 0.0064788 0.0205517 5.27402e-05 0.00733737 0.0248675 0.0200282 0.0227012 0.0313125 0.0251587 0.0331729 0.0147699 0.0179718 0.0263911 0.0238106 0.005838 0.0328122 0.0233239 0.00701449 0.0217778 0.027236 0.0142332 0.0231429 0.028119 0.0263546 0.0219081 0.0257051 0.0170127 0.0238095 0.034553 0.00839766 0.0198596 0.0305392 0.00865537 0.00510569 0.0315784 0.0215072 0.03375
internal_weight=60000 16792 5264 11528 3634 4477 2557 1543 1920 1878 665 878 710 1790 1352 679 1832 284 276 90 356 283 112 1076 846 457 373 158 105 1548 171 57 293 354 246 389 69 320
internal_count=60000 16792 5264 11528 3634 4477 2557 1543 1920 1878 665 878 710 1790 1352 679 1832 284 276 90 356 283 112 1076 846 457 373 158 105 1548 171 57 293 354 246 389 69 320
is_linear=0
shrinkage=0.04


Tree=99
num_leaves=39
num_cat=0
split_feature=13 85 15 135 15 120 119 14 73 73 119 119 119 14 43 14 119 119 14 0 14 118 119 14 119 14 119 14 123 14 0 29 84 85 14 85 119 14
split_gain=830.263 948.774 348.615 189.906 395.652 125.495 87.2725 116.348 57.0257 36.633 36.2607 33.3023 22.9939 61.1468 21.3749 18.9937 43.9975 18.1922 11.3131 9.19621 8.75041 7.95845 7.70023 12.2816 18.2855 12.9447 9.03791 9.69313 7.0789 7.02047 7.78381 6.65042 8.41558 5.31726 7.83392 5.83225 4.48338 5.52
threshold=0.93636366724967968 0.7119947373867036 0.75000000000000011 1.0000000180025095e-35 0.75000000000000011 1.0000000180025095e-35 0.56429719924926769 0.48106098175048834 0.081620417535305037 0.081620417535305037 0.38069936633110052 0.65468347072601329 0.52266719937324535 0.45428046584129339 -0.55557009577751149 0.53617689013481151 0.59593412280082714 0.51532536745071422 0.46050065755844122 0.55328193306922924 0.49782148003578192 1.0000000180025095e-35 0.49626159667968756 0.3916513472795487 0.45485258102416998 0.42232480645179754 0.48003464937210089 0.43158185482025152 1.0000000180025095e-35 0.49434550106525427 0.5412975847721101 0.76287078857421886 1.0000000180025095e-35 0.3885036855936051 0.3269487619400025 0.50347670912742626 0.46147063374519354 0.39659819006919866
decision_type=2 2 2 2 2 2 2 2 2 2 2 2 2 2 2 2 2 2 2 2 2 2 2 2 2 2 2 2 2 2 2 2 2 2 2 2 2 2
left_child=-1 2 -2 -3 -5 21 7 10 -8 -7 -4 -11 13 22 -9 28 -17 -15 -19 29 -21 -6 23 33 -25 36 -27 -28 -10 30 -16 32 -23 34 -12 -35 37 -26
right_child=1 3 6 4 5 9 8 14 15 11 12 -13 -14 17 19 16 -18 18 -20 20 -22 31 -24 24 25 26 27 -29 -30 -31 -32 -33 -34 35 -36 -37 -38 -39
leaf_value=0 -0.0067481280116863645 -0.0067481280116863645 0.00110974195885294 -0.0067481280116863645 0.0043719590681323695 -0.021210271043688708 0.00030367933516143642 -2.3494865129478627e-05 0.00098410169445322998 0.0019702360882373577 0.00098410169445322998 0.00098410169445322998 0.00098410169445322998 -0.00039567369970143316 0.00098410169445322998 0.00098407863980492474 0.00098410169445322998 0.00098410169445322998 0.00098410169445322998 0.00098410169445322998 0.00098410169445322998 -0.00011774584302735037 0.00098410169445322998 0.00098410169445322998 0.00098410169445322998 0.00098410169445322998 0.00098410169445322998 0.00098410169445322998 0.00098410169445322998 0.00075618183226832856 0.00098410169445322998 -0.00039973978837544167 3.4711091798484972e-05 0.00098410169445322998 0.00098410169445322998 0.00098410169445322998 0.00098410169445322998 0.00098410169445322998
leaf_weight=43208 787 7821 88 2087 108 50 89 396 1407 130 32 968 438 186 31 91 193 55 35 58 54 77 230 84 23 53 74 31 140 114 26 210 77 295 37 25 165 27
leaf_count=43208 787 7821 88 2087 108 50 89 396 1407 130 32 968 438 186 31 91 193 55 35 58 54 77 230 84 23 53 74 31 140 114 26 210 77 295 37 25 165 27
internal_value=-0.00106667 0.00648118 0.0205517 5.621e-05 0.00751335 0.0223457 0.0248675 0.0200282 0.0313125 0.0294843 0.0251587 0.0310091 0.0263911 0.0238106 0.005838 0.0328323 0.0233239 0.00701449 0.0217778 0.0142332 0.0231429 0.00498305 0.028119 0.0263546 0.0219081 0.0257051 0.0170127 0.0238095 0.0345779 0.00839766 0.0198596 0.00215385 0.00846753 0.0315784 0.0215072 0.03375 0.032093 0.0216
internal_weight=60000 16792 5264 11528 3707 1620 4477 2557 1920 1148 1878 1098 1790 1352 679 1831 284 276 90 283 112 472 1076 846 457 373 158 105 1547 171 57 364 154 389 69 320 215 50
internal_count=60000 16792 5264 11528 3707 1620 4477 2557 1920 1148 1878 1098 1790 1352 679 1831 284 276 90 283 112 472 1076 846 457 373 158 105 1547 171 57 364 154 389 69 320 215 50
is_linear=0
shrinkage=0.04


Tree=100
num_leaves=39
num_cat=0
split_feature=13 68 15 135 15 16 119 31 22 124 119 119 31 31 119 43 119 120 119 29 45 85 31 118 119 31 119 31 119 29 29 84 31 0 88 85 31 85
split_gain=823.108 946.305 320.821 197.651 400.435 120.074 81.729 112.304 70.1223 39.3921 37.511 24.5144 60.7619 20.2773 42.8455 20.221 17.6621 14.5788 25.9049 11.1907 10.1666 9.07615 10.7173 8.07472 7.68459 12.1662 17.876 13.2568 8.90492 9.6112 5.69756 7.92604 5.53289 7.08338 5.3559 5.31726 7.83392 5.83225
threshold=0.93636366724967968 0.6999170482158662 0.75000000000000011 1.0000000180025095e-35 0.75000000000000011 1.0000000180025095e-35 0.56429719924926769 0.48106098175048834 0.11410588026046754 0.050035268068313606 0.38069936633110052 0.52266719937324535 0.45428046584129339 0.53617689013481151 0.59593412280082714 -0.55557009577751149 0.51532536745071422 1.0000000180025095e-35 0.64390856027603161 0.91245013475418102 0.34540821611881262 0.55228129029273998 0.49782148003578192 1.0000000180025095e-35 0.49626159667968756 0.3916513472795487 0.45485258102416998 0.42232480645179754 0.48003464937210089 1.0321779251098635 0.76287078857421886 1.0000000180025095e-35 0.49434550106525427 0.5412975847721101 1.0000000180025095e-35 0.3885036855936051 0.3269487619400025 0.50347670912742626
decision_type=2 2 2 2 2 2 2 2 2 2 2 2 2 2 2 2 2 2 2 2 2 2 2 2 2 2 2 2 2 2 2 2 2 2 2 2 2 2
left_child=-1 2 -2 -3 -5 17 7 10 -8 -7 -4 12 24 -10 -15 -9 -14 23 -19 -18 -11 32 -23 -6 25 35 -27 -28 -29 -30 31 -25 33 -17 -22 36 -12 -37
right_child=1 3 6 4 5 9 8 15 13 20 11 -13 16 14 -16 21 19 18 -20 -21 34 22 -24 30 -26 26 27 28 29 -31 -32 -33 -34 -35 -36 37 -38 -39
leaf_value=0 -0.0064782028912189092 -0.0064782028912189092 -0.0018149596912135735 -0.0064782028912189092 0.0041970807054070745 -0.020361860201941157 0.0098701816747671801 1.8745909517149733e-05 0.00094473762667512061 0.00094473762667512061 0.00094473762667512061 0.00094473762667512061 -0.00037984675171337301 0.00094476412500185344 0.00094473762667512061 0.00094473762667512061 0.00094473762667512061 0.0037827874153455732 0.001057271953008847 0.00094473762667512061 0.00094473762667512061 0.00094473762667512061 0.00094473762667512061 -0.00011303600930624214 0.00094473762667512061 0.00094473762667512061 0.00094473762667512061 0.00094473762667512061 0.00094473762667512061 0.00094473762667512061 -0.00038375019684039558 3.3322648126556944e-05 0.00077152070289507432 0.00094473762667512061 0.00094473762667512061 0.00094473762667512061 0.00094473762667512061 0.00094473762667512061
leaf_weight=43208 715 7799 85 2159 108 50 118 379 1466 660 32 431 184 89 185 31 54 147 126 35 267 62 57 77 223 83 212 53 73 31 200 70 110 22 42 295 37 25
leaf_count=43208 715 7799 85 2159 108 50 118 379 1466 660 32 431 184 89 185 31 54 147 126 35 267 62 57 77 223 83 212 53 73 31 200 70 110 22 42 295 37 25
internal_value=-0.00107933 0.00643592 0.0208398 0.000175992 0.00752074 0.0217584 0.0249021 0.0202005 0.0312637 0.0306222 0.0252499 0.0264977 0.0238235 0.0332874 0.0232993 0.00604538 0.00698901 0.00935165 0.0166593 0.021618 0.0324087 0.014156 0.0225546 0.00496703 0.0281429 0.0263924 0.0219292 0.0257019 0.0168917 0.0236923 0.00199424 0.00797279 0.00802454 0.0186415 0.0264207 0.0315784 0.0215072 0.03375
internal_weight=60000 16792 5087 11705 3906 1747 4372 2514 1858 1019 1853 1768 1337 1740 274 661 273 728 273 89 969 282 119 455 1064 841 452 369 157 104 347 147 163 53 309 389 69 320
internal_count=60000 16792 5087 11705 3906 1747 4372 2514 1858 1019 1853 1768 1337 1740 274 661 273 728 273 89 969 282 119 455 1064 841 452 369 157 104 347 147 163 53 309 389 69 320
is_linear=0
shrinkage=0.04


Tree=101
num_leaves=39
num_cat=0
split_feature=13 85 15 135 15 120 119 31 73 73 119 119 119 31 43 5 119 29 0 31 118 31 119 16 119 31 119 31 119 29 31 0 31 119 51 29 84 85
split_gain=820.48 935.652 344.098 188.046 391.953 128.63 82.2717 115.58 55.6661 36.5568 36.0761 34.2595 22.8539 60.7167 21.3749 19.4584 18.1922 11.3131 9.19621 8.75041 8.53435 8.50245 16.5586 11.2223 7.46578 12.505 18.0961 12.6272 9.03791 9.69313 7.02047 7.78381 6.75726 20.4455 6.49302 5.44762 6.64935 5.31726
threshold=0.93636366724967968 0.7119947373867036 0.75000000000000011 1.0000000180025095e-35 0.75000000000000011 1.0000000180025095e-35 0.56429719924926769 0.48106098175048834 0.081620417535305037 0.081620417535305037 0.38069936633110052 0.65468347072601329 0.52266719937324535 0.45428046584129339 -0.55557009577751149 0.50880229473114025 0.51532536745071422 0.91245013475418102 0.55328193306922924 0.49782148003578192 1.0000000180025095e-35 0.53617689013481151 0.59593412280082714 1.0000000180025095e-35 0.49626159667968756 0.3916513472795487 0.45485258102416998 0.42232480645179754 0.48003464937210089 1.0321779251098635 0.49434550106525427 0.5412975847721101 0.53617689013481151 0.59593412280082714 0.73406916856765758 0.76287078857421886 1.0000000180025095e-35 0.3885036855936051
decision_type=2 2 2 2 2 2 2 2 2 2 2 2 2 2 2 2 2 2 2 2 2 2 2 2 2 2 2 2 2 2 2 2 2 2 2 2 2 2
left_child=-1 2 -2 -3 -5 20 7 10 -8 -7 -4 -11 13 24 -9 32 -15 -18 30 -20 -6 23 -23 -17 25 37 -27 -28 -29 -30 31 -16 -10 -34 -14 36 -22 -12
right_child=1 3 6 4 5 9 8 14 15 11 12 -13 34 16 18 21 17 -19 19 -21 35 22 -24 -25 -26 26 27 28 29 -31 -32 -33 33 -35 -36 -37 -38 -39
leaf_value=0 -0.006219074775570153 -0.006219074775570153 0.0011379506681473439 -0.006219074775570153 0.0040291974771908198 -0.019547385793863514 -0.00010327510523569283 -2.3304906905039502e-05 0.00090694812160812437 0.0017810670082673097 0.00090694812160812437 0.00090694812160812437 0.00090694812160812437 -0.00036465288164485801 0.00090694812160812437 0.00090694812160812437 0.00090694812160812437 0.00090694812160812437 0.00090694812160812437 0.00090694812160812437 -0.00010851456893398392 -0.021756616809627451 0.0012946184394377266 0.00090694812160812437 0.00090694812160812437 0.00090694812160812437 0.00090694812160812437 0.00090694812160812437 0.00090694812160812437 0.00090694812160812437 0.0006950737308618534 0.00090694812160812437 0.0017299306671833285 0.00090694812160812437 0.00090694812160812437 -0.00036840018896675984 3.1989742201474767e-05 0.00090694812160812437
leaf_weight=43208 787 7821 88 2087 108 50 89 396 1252 130 69 968 418 186 31 48 55 35 58 54 77 46 49 247 230 84 215 53 74 31 114 26 45 144 20 210 77 320
leaf_count=43208 787 7821 88 2087 108 50 89 396 1252 130 69 968 418 186 31 48 55 35 58 54 77 46 49 247 230 84 215 53 74 31 114 26 45 144 20 210 77 320
internal_value=-0.001084 0.00641925 0.0203921 3.88609e-05 0.0074594 0.0222222 0.0246799 0.0199812 0.0309375 0.0294495 0.0250948 0.0309727 0.026324 0.0237515 0.005838 0.0324391 0.00701449 0.0217778 0.0142332 0.0231429 0.00464407 0.0245128 0.0141053 0.0278644 0.0280446 0.0263073 0.0218206 0.0255979 0.0170127 0.0238095 0.00839766 0.0198596 0.0345843 0.0275344 0.0342648 0.00171428 0.00742857 0.0315784
internal_weight=60000 16792 5264 11528 3707 1620 4477 2557 1920 1148 1878 1098 1790 1352 679 1831 276 90 283 112 472 390 95 295 1076 846 457 373 158 105 171 57 1441 189 438 364 154 389
internal_count=60000 16792 5264 11528 3707 1620 4477 2557 1920 1148 1878 1098 1790 1352 679 1831 276 90 283 112 472 390 95 295 1076 846 457 373 158 105 171 57 1441 189 438 364 154 389
is_linear=0
shrinkage=0.04


Tree=102
num_leaves=39
num_cat=0
split_feature=13 68 15 135 15 16 119 14 73 73 119 119 14 14 119 60 119 120 119 79 12 85 14 119 14 119 14 119 12 14 0 119 85 14 85 119 12 12
split_gain=820.105 948.81 320.821 194.724 394.761 119.719 81.729 112.304 71.6332 38.9468 37.511 24.5144 60.7619 20.2856 42.8455 20.221 17.6621 13.5033 27.6443 11.9024 11.1907 9.07615 10.7173 7.68459 12.1662 17.876 13.2568 8.90492 9.6112 5.53289 7.08338 5.49725 5.31726 7.83392 5.83225 4.6179 5.52 3.78004
threshold=0.93636366724967968 0.6999170482158662 0.75000000000000011 1.0000000180025095e-35 0.75000000000000011 1.0000000180025095e-35 0.56429719924926769 0.48106098175048834 0.081620417535305037 0.081620417535305037 0.38069936633110052 0.52266719937324535 0.45428046584129339 0.53617689013481151 0.59593412280082714 -0.49999997019767756 0.51532536745071422 1.0000000180025095e-35 0.64390856027603161 0.53673160076141369 0.91245013475418102 0.55228129029273998 0.49782148003578192 0.49626159667968756 0.3916513472795487 0.45485258102416998 0.42232480645179754 0.48003464937210089 1.0321779251098635 0.49434550106525427 0.5412975847721101 0.53250345587730419 0.3885036855936051 0.3269487619400025 0.50347670912742626 0.46147063374519354 1.0626657605171206 0.76287078857421886
decision_type=2 2 2 2 2 2 2 2 2 2 2 2 2 2 2 2 2 2 2 2 2 2 2 2 2 2 2 2 2 2 2 2 2 2 2 2 2 2
left_child=-1 2 -2 -3 -5 17 7 10 -8 -7 -4 12 23 -10 -15 -9 -14 37 31 -11 -18 29 -23 24 32 -26 35 -28 -29 30 -17 -19 33 -12 -34 36 -27 -6
right_child=1 3 6 4 5 9 8 15 13 19 11 -13 16 14 -16 21 20 18 -20 -21 -22 22 -24 -25 25 26 27 28 -30 -31 -32 -33 34 -35 -36 -37 -38 -39
leaf_value=0 -0.0059703117845473462 -0.0059703117845473462 -0.0017878793302909203 -0.0059703117845473462 0.0038680295781031758 -0.018765490362108964 0.0096219648926033283 1.8928269412653921e-05 0.00087067019674378797 0.00087067019674378797 0.00087067019674378797 0.00087067019674378797 -0.00035006676637905799 0.00083777633331443729 0.00087067019674378797 0.00087067019674378797 0.00087067019674378797 0.11039852488577136 0.0009787031500241559 0.00087067019674378797 0.00087067019674378797 0.00087067019674378797 0.00087067019674378797 0.00087067019674378797 0.00087067019674378797 0.00087067019674378797 0.00087067019674378797 0.00087067019674378797 0.00087067019674378797 0.00071285692554482697 0.00087067019674378797 -0.00017065782466367809 0.00087067019674378797 0.00087067019674378797 0.00087067019674378797 0.00087067019674378797 0.00087067019674378797 0.0017275673824555327
leaf_weight=43208 715 7799 85 2159 194 50 116 379 1468 677 32 431 184 89 185 31 54 43 126 292 35 62 57 223 83 23 53 73 31 110 22 104 295 37 25 162 27 261
leaf_count=43208 715 7799 85 2159 194 50 116 379 1468 677 32 431 184 89 185 31 54 43 126 292 35 62 57 223 83 23 53 73 31 110 22 104 295 37 25 162 27 261
internal_value=-0.00108467 0.00641686 0.0208398 0.000148653 0.00743881 0.0215753 0.0249021 0.0202005 0.0312637 0.0304259 0.0252499 0.0264977 0.0238235 0.0332905 0.0232993 0.00604538 0.00698901 0.00918681 0.0162198 0.0322023 0.021618 0.014156 0.0225546 0.0281429 0.0263924 0.0219292 0.0257019 0.0168917 0.0236923 0.00802454 0.0186415 0.00443537 0.0315784 0.0215072 0.03375 0.0322264 0.0216 0.00496703
internal_weight=60000 16792 5087 11705 3906 1747 4372 2514 1858 1019 1853 1768 1337 1742 274 661 273 728 273 969 89 282 119 1064 841 452 369 157 104 163 53 147 389 69 320 212 50 455
internal_count=60000 16792 5087 11705 3906 1747 4372 2514 1858 1019 1853 1768 1337 1742 274 661 273 728 273 969 89 282 119 1064 841 452 369 157 104 163 53 147 389 69 320 212 50 455
is_linear=0
shrinkage=0.04


Tree=103
num_leaves=39
num_cat=0
split_feature=13 68 15 120 15 5 119 14 22 119 119 119 14 14 119 77 119 16 12 85 14 119 14 119 14 119 12 14 0 85 14 85 10 71 119 12 89 96
split_gain=802.571 963.598 320.821 175.861 385.813 150.175 81.729 112.304 70.1223 63.8704 37.511 24.5144 60.7619 20.2773 42.8455 20.221 17.6621 16.1548 11.1907 9.07615 10.7173 7.68459 12.1662 17.876 13.2568 8.90492 9.6112 5.53289 7.08338 5.31726 7.83392 5.83225 4.90735 6.58915 4.6179 5.52 3.67318 3.11321
threshold=0.93636366724967968 0.6999170482158662 0.75000000000000011 1.0000000180025095e-35 0.75000000000000011 0.12146756798028947 0.56429719924926769 0.48106098175048834 0.11410588026046754 0.64390856027603161 0.38069936633110052 0.52266719937324535 0.45428046584129339 0.53617689013481151 0.59593412280082714 -0.44228866696357721 0.51532536745071422 1.0000000180025095e-35 0.91245013475418102 0.55228129029273998 0.49782148003578192 0.49626159667968756 0.3916513472795487 0.45485258102416998 0.42232480645179754 0.48003464937210089 1.0321779251098635 0.49434550106525427 0.5412975847721101 0.3885036855936051 0.3269487619400025 0.50347670912742626 0.47114434838294988 1.0000000180025095e-35 0.46147063374519354 1.0626657605171206 1.0000000180025095e-35 0.77794587612152111
decision_type=2 2 2 2 2 2 2 2 2 2 2 2 2 2 2 2 2 2 2 2 2 2 2 2 2 2 2 2 2 2 2 2 2 2 2 2 2 2
left_child=-1 2 -2 -3 -5 -6 7 10 -8 17 -4 12 21 36 -15 -9 -14 -7 -18 27 -21 22 29 -24 34 37 -27 28 -17 30 -12 -31 33 -11 35 -25 -10 -26
right_child=1 3 6 4 5 9 8 15 13 32 11 -13 16 14 -16 19 18 -19 -20 20 -22 -23 23 24 25 26 -28 -29 -30 31 -32 -33 -34 -35 -36 -37 -38 -39
leaf_value=0 -0.005731499313165452 -0.005731499313165452 -0.0017163641570792977 -0.005731499313165452 -0.005731499313165452 0.0011065032092307148 0.009094626816281759 1.8171138636161947e-05 0.00083584338887405358 0.00083584338887405358 0.00083584338887405358 0.00083584338887405358 -0.00033606409572392695 0.00080426527998184844 0.00083584338887405358 0.00083584338887405358 0.00083584338887405358 0.00083584338887405358 0.00083584338887405358 0.00083584338887405358 0.00083584338887405358 0.00083584338887405358 0.00083584338887405358 0.00083584338887405358 0.0087035319549188285 0.00083584338887405358 0.00083584338887405358 0.00068434264852299974 0.00083584338887405358 0.00083584338887405358 0.00083584338887405358 0.00083584338887405358 0.00083584338887405358 0.00083584338887405358 0.00083584338887405358 0.00083584338887405358 0.00083584338887405358 -0.32472275221897789
leaf_weight=43208 715 7971 85 2131 371 147 118 379 1397 352 32 431 184 89 185 31 54 96 35 62 57 223 83 23 20 73 31 110 22 295 37 25 602 35 162 27 69 33
leaf_count=43208 715 7971 85 2131 371 147 118 379 1397 352 32 431 184 89 185 31 54 96 35 62 57 223 83 23 20 73 31 110 22 295 37 25 602 35 162 27 69 33
internal_value=-0.001116 0.00630491 0.0208398 -1.19617e-05 0.00715158 0.0219763 0.0249021 0.0202005 0.0312637 0.0286948 0.0252499 0.0264977 0.0238235 0.0332874 0.0232993 0.00604538 0.00698901 0.010321 0.021618 0.014156 0.0225546 0.0281429 0.0263924 0.0219292 0.0257019 0.0168917 0.0236923 0.00802454 0.0186415 0.0315784 0.0215072 0.03375 0.0332093 0.0296951 0.0322264 0.0216 0.0351542 0.00354717
internal_weight=60000 16792 5087 11705 3734 1603 4372 2514 1858 1232 1853 1768 1337 1740 274 661 273 243 89 282 119 1064 841 452 369 157 104 163 53 389 69 320 989 387 212 50 1466 53
internal_count=60000 16792 5087 11705 3734 1603 4372 2514 1858 1232 1853 1768 1337 1740 274 661 273 243 89 282 119 1064 841 452 369 157 104 163 53 389 69 320 989 387 212 50 1466 53
is_linear=0
shrinkage=0.04


Tree=104
num_leaves=39
num_cat=0
split_feature=13 68 15 135 15 16 119 14 22 73 119 119 14 14 119 60 119 14 79 120 119 85 14 118 119 14 119 14 119 14 14 0 29 84 85 14 85 119
split_gain=816.359 946.773 319.807 192.905 391.234 127.177 81.7981 114.438 73.138 39.3028 37.511 24.5144 60.7619 20.2773 42.8455 19.0227 17.6621 11.1907 10.5906 10.5239 33.2016 10.0192 10.7173 8.07472 7.68459 12.1662 17.876 13.2568 8.90492 9.6112 6.32681 7.08338 5.69756 7.92604 5.31726 7.83392 5.83225 4.6179
threshold=0.93636366724967968 0.6999170482158662 0.75000000000000011 1.0000000180025095e-35 0.75000000000000011 1.0000000180025095e-35 0.56429719924926769 0.48106098175048834 0.11410588026046754 0.081620417535305037 0.38069936633110052 0.52266719937324535 0.45428046584129339 0.53617689013481151 0.59593412280082714 -0.49999997019767756 0.51532536745071422 0.46050065755844122 0.53673160076141369 1.0000000180025095e-35 0.64390856027603161 0.55228129029273998 0.49782148003578192 1.0000000180025095e-35 0.49626159667968756 0.3916513472795487 0.45485258102416998 0.42232480645179754 0.48003464937210089 0.43158185482025152 0.49434550106525427 0.5412975847721101 0.76287078857421886 1.0000000180025095e-35 0.3885036855936051 0.3269487619400025 0.50347670912742626 0.46147063374519354
decision_type=2 2 2 2 2 2 2 2 2 2 2 2 2 2 2 2 2 2 2 2 2 2 2 2 2 2 2 2 2 2 2 2 2 2 2 2 2 2
left_child=-1 2 -2 -3 -5 19 7 10 -8 -7 -4 12 24 -10 -15 -9 -14 -18 -11 23 -21 30 -23 -6 25 34 -27 37 -29 -30 31 -17 33 -25 35 -12 -36 -28
right_child=1 3 6 4 5 9 8 15 13 18 11 -13 16 14 -16 21 17 -19 -20 20 -22 22 -24 32 -26 26 27 28 29 -31 -32 -33 -34 -35 36 -37 -38 -39
leaf_value=0 -0.0055022393406388348 -0.0055022393406388348 -0.0016477095907961115 -0.0055022393406388348 0.0039425683675057147 -0.017785610775097993 0.0087308417436304919 1.7444293090704068e-05 0.00080240965331910272 0.00080240965331910272 0.00080240965331910272 0.00080240965331910272 -0.00032262153189499543 0.00077209466878258581 0.00080240965331910272 0.00080240965331910272 0.00080240965331910272 0.00080240965331910272 0.00080240965331910272 0.0010622430808614836 0.00090612128846826671 0.00080240965331910272 0.00080240965331910272 -2.9635196774080442e-05 0.00080240965331910272 0.00080240965331910272 0.00080240965331910272 0.00048770211067733271 0.00080240965331910272 0.00080240965331910272 0.00065696894258209686 0.00080240965331910272 -0.00019350690417972773 0.00010524894191597411 0.00080240965331910272 0.00080240965331910272 0.00080240965331910272 0.00080240965331910272
leaf_weight=43208 715 7799 85 2159 108 50 118 379 1466 677 32 431 184 89 185 31 54 35 292 147 126 62 57 77 223 83 50 53 73 31 110 22 200 70 295 37 25 162
leaf_count=43208 715 7799 85 2159 108 50 118 379 1466 677 32 431 184 89 185 31 54 35 292 147 126 62 57 77 223 83 50 53 73 31 110 22 200 70 295 37 25 162
internal_value=-0.00109133 0.00639304 0.0208005 0.000131567 0.00738761 0.0214608 0.0248564 0.0201527 0.0312207 0.0305829 0.0252499 0.0264977 0.0238235 0.0332874 0.0232993 0.00586384 0.00698901 0.021618 0.0323674 0.00869231 0.0149011 0.0137305 0.0225546 0.00496703 0.0281429 0.0263924 0.0219292 0.0257019 0.0168917 0.0236923 0.00728834 0.0186415 0.00199424 0.00797279 0.0315784 0.0215072 0.03375 0.0322264
internal_weight=60000 16792 5087 11705 3906 1747 4372 2514 1858 1019 1853 1768 1337 1740 274 661 273 89 969 728 273 282 119 455 1064 841 452 369 157 104 163 53 347 147 389 69 320 212
internal_count=60000 16792 5087 11705 3906 1747 4372 2514 1858 1019 1853 1768 1337 1740 274 661 273 89 969 728 273 282 119 455 1064 841 452 369 157 104 163 53 347 147 389 69 320 212
is_linear=0
shrinkage=0.04


Tree=105
num_leaves=39
num_cat=0
split_feature=13 68 15 135 15 16 119 14 22 73 119 119 14 14 119 43 119 12 79 120 119 85 14 118 119 14 119 14 119 12 14 0 12 84 85 14 85 119
split_gain=816.359 946.773 319.807 192.905 391.234 127.177 81.7981 114.438 73.138 39.3028 37.511 24.5144 60.7619 20.2773 42.8455 19.0227 17.6621 11.1907 10.5906 10.5239 33.2016 10.0192 10.7173 8.07472 7.68459 12.1662 17.876 13.2568 8.90492 9.6112 6.32681 7.08338 5.69756 7.92604 5.31726 7.83392 5.83225 4.6179
threshold=0.93636366724967968 0.6999170482158662 0.75000000000000011 1.0000000180025095e-35 0.75000000000000011 1.0000000180025095e-35 0.56429719924926769 0.48106098175048834 0.11410588026046754 0.081620417535305037 0.38069936633110052 0.52266719937324535 0.45428046584129339 0.53617689013481151 0.59593412280082714 -0.55557009577751149 0.51532536745071422 0.91245013475418102 0.53673160076141369 1.0000000180025095e-35 0.64390856027603161 0.55228129029273998 0.49782148003578192 1.0000000180025095e-35 0.49626159667968756 0.3916513472795487 0.45485258102416998 0.42232480645179754 0.48003464937210089 1.0321779251098635 0.49434550106525427 0.5412975847721101 0.76287078857421886 1.0000000180025095e-35 0.3885036855936051 0.3269487619400025 0.50347670912742626 0.46147063374519354
decision_type=2 2 2 2 2 2 2 2 2 2 2 2 2 2 2 2 2 2 2 2 2 2 2 2 2 2 2 2 2 2 2 2 2 2 2 2 2 2
left_child=-1 2 -2 -3 -5 19 7 10 -8 -7 -4 12 24 -10 -15 -9 -14 -18 -11 23 -21 30 -23 -6 25 34 -27 37 -29 -30 31 -17 33 -25 35 -12 -36 -28
right_child=1 3 6 4 5 9 8 15 13 18 11 -13 16 14 -16 21 17 -19 -20 20 -22 22 -24 32 -26 26 27 28 29 -31 -32 -33 -34 -35 36 -37 -38 -39
leaf_value=0 -0.0052821497670132809 -0.0052821497670132809 -0.0015818012071642329 -0.0052821497670132809 0.0037848656328054631 -0.017074186344094074 0.0083816080738852456 1.6746521367067349e-05 0.0007703132671863244 0.0007703132671863244 0.0007703132671863244 0.0007703132671863244 -0.00030971667061919562 0.00074121088203128239 0.0007703132671863244 0.0007703132671863244 0.0007703132671863244 0.0007703132671863244 0.0007703132671863244 0.0010197533576270302 0.00086987643692955515 0.0007703132671863244 0.0007703132671863244 -2.8449788903088802e-05 0.0007703132671863244 0.0007703132671863244 0.0007703132671863244 0.0004681940262502593 0.0007703132671863244 0.0007703132671863244 0.00063069018487880155 0.0007703132671863244 -0.00018576662801251588 0.0001010389842393522 0.0007703132671863244 0.0007703132671863244 0.0007703132671863244 0.0007703132671863244
leaf_weight=43208 715 7799 85 2159 108 50 118 379 1466 677 32 431 184 89 185 31 54 35 292 147 126 62 57 77 223 83 50 53 73 31 110 22 200 70 295 37 25 162
leaf_count=43208 715 7799 85 2159 108 50 118 379 1466 677 32 431 184 89 185 31 54 35 292 147 126 62 57 77 223 83 50 53 73 31 110 22 200 70 295 37 25 162
internal_value=-0.00109133 0.00639304 0.0208005 0.000131567 0.00738761 0.0214608 0.0248564 0.0201527 0.0312207 0.0305829 0.0252499 0.0264977 0.0238235 0.0332874 0.0232993 0.00586384 0.00698901 0.021618 0.0323674 0.00869231 0.0149011 0.0137305 0.0225546 0.00496703 0.0281429 0.0263924 0.0219292 0.0257019 0.0168917 0.0236923 0.00728834 0.0186415 0.00199424 0.00797279 0.0315784 0.0215072 0.03375 0.0322264
internal_weight=60000 16792 5087 11705 3906 1747 4372 2514 1858 1019 1853 1768 1337 1740 274 661 273 89 969 728 273 282 119 455 1064 841 452 369 157 104 163 53 347 147 389 69 320 212
internal_count=60000 16792 5087 11705 3906 1747 4372 2514 1858 1019 1853 1768 1337 1740 274 661 273 89 969 728 273 282 119 455 1064 841 452 369 157 104 163 53 347 147 389 69 320 212
is_linear=0
shrinkage=0.04


Tree=106
num_leaves=39
num_cat=0
split_feature=13 85 15 135 15 103 119 14 22 73 119 119 14 119 43 73 119 12 0 14 119 14 120 119 113 14 0 16 14 119 118 12 84 51 119 102 119 14
split_gain=815.61 932.678 342.599 185.827 387.537 125.384 82.8215 117.196 57.1536 39.0028 35.9533 23.1119 60.2881 21.5277 20.1342 19.3895 18.1922 11.3131 10.0924 9.36419 26.7021 8.75041 8.69432 8.74456 8.18236 7.90643 7.78381 7.5885 8.68702 12.6593 6.95848 6.58324 8.41558 6.49302 6.26774 13.5737 6.30176 9.59725
threshold=0.93636366724967968 0.7119947373867036 0.75000000000000011 1.0000000180025095e-35 0.75000000000000011 1.0000000180025095e-35 0.56429719924926769 0.48106098175048834 0.11410588026046754 0.081620417535305037 0.38069936633110052 0.52266719937324535 0.45428046584129339 0.65468347072601329 -0.55557009577751149 0.50827023386955272 0.51532536745071422 0.91245013475418102 0.55328193306922924 0.53617689013481151 0.59593412280082714 0.49782148003578192 1.0000000180025095e-35 0.66889700293540966 0.55803975462913524 0.49434550106525427 0.5412975847721101 1.0000000180025095e-35 0.53617689013481151 0.59866267442703258 1.0000000180025095e-35 0.76287078857421886 1.0000000180025095e-35 0.73406916856765758 0.43171960115432745 0.45443418622016912 0.49626159667968756 0.42232480645179754
decision_type=2 2 2 2 2 2 2 2 2 2 2 2 2 2 2 2 2 2 2 2 2 2 2 2 2 2 2 2 2 2 2 2 2 2 2 2 2 2
left_child=-1 2 -2 -3 -5 22 7 10 -8 -7 -4 12 24 -11 -9 19 -14 -18 25 -10 -21 -20 30 -24 -12 26 -16 -17 -29 -30 -6 32 -32 -13 -26 -36 37 -37
right_child=1 3 6 4 5 9 8 14 15 13 11 33 16 -15 18 27 17 -19 21 20 -22 -23 23 -25 34 -27 -28 28 29 -31 31 -33 -34 -35 35 36 -38 -39
leaf_value=0 -0.0050708637763327499 -0.0050708637763327499 0.0013617828128347366 -0.0050708637763327499 0.0036334710074932275 -0.016391218890330281 -0.00093846410714242272 -2.5224319529115746e-05 0.00073950073649889706 0.00037490990447361442 0.00073950073649889706 0.00073950073649889706 -0.00029732800379441928 0.00073950073649889706 0.00073950073649889706 0.00073883797762270751 0.00073950073649889706 0.00073950073649889706 0.00073950073649889706 0.001260199646166138 0.00073950073649889706 0.00073950073649889706 0.0016208019636914596 0.0010975096338365375 0.00073950073649889706 0.0005598764335661918 0.00073950073649889706 0.00073950073649889706 -0.021012566023806759 0.00072399392378571289 -2.7311797346953881e-05 -0.00017833596289200672 9.6997424869798014e-05 0.00073950073649889706 0.00073950073649889706 0.00073950073649889706 0.00073950073649889706 0.00073950073649889706
leaf_weight=43208 787 7821 88 2087 108 50 91 396 1323 67 471 418 186 916 31 50 55 35 58 57 157 54 70 48 185 114 26 179 39 24 77 207 77 20 56 152 118 94
leaf_count=43208 787 7821 88 2087 108 50 91 396 1323 67 471 418 186 916 31 50 55 35 58 57 157 54 70 48 185 114 26 179 39 24 77 207 77 20 56 152 118 94
internal_value=-0.00109267 0.00638828 0.0203389 1.80421e-05 0.00739466 0.0220741 0.0246174 0.019903 0.0308958 0.0304627 0.0250522 0.0262793 0.0236923 0.0322157 0.00566127 0.0324352 0.00701449 0.0217778 0.0138092 0.0342303 0.0264673 0.0231429 0.00731175 0.0170169 0.0279703 0.00769591 0.0198596 0.0229863 0.0259174 0.0131429 0.00486994 0.00220499 0.00846753 0.0342648 0.0248926 0.0221905 0.025011 0.0213659
internal_weight=60000 16792 5264 11528 3707 1620 4477 2557 1920 1033 1878 1790 1352 983 679 1829 276 90 283 1537 214 112 587 118 1076 171 57 292 242 63 469 361 154 438 605 420 364 246
internal_count=60000 16792 5264 11528 3707 1620 4477 2557 1920 1033 1878 1790 1352 983 679 1829 276 90 283 1537 214 112 587 118 1076 171 57 292 242 63 469 361 154 438 605 420 364 246
is_linear=0
shrinkage=0.04


Tree=107
num_leaves=39
num_cat=0
split_feature=13 68 15 135 15 16 119 14 22 73 119 119 14 14 119 43 119 79 12 120 119 85 14 119 14 119 14 119 12 14 0 85 14 85 119 71 119 12
split_gain=813.741 947.931 319.604 190.735 387.024 126.63 82.0334 115.153 73.138 38.9468 37.511 24.5144 60.7619 20.2773 42.8455 18.6314 17.6621 11.9024 11.1907 10.8997 33.2016 10.3439 10.7173 7.68459 12.1662 17.876 13.2568 8.90492 9.6112 6.60327 7.08338 5.31726 7.83392 5.83225 5.11305 4.80028 4.6179 5.52
threshold=0.93636366724967968 0.6999170482158662 0.75000000000000011 1.0000000180025095e-35 0.75000000000000011 1.0000000180025095e-35 0.56429719924926769 0.48106098175048834 0.11410588026046754 0.081620417535305037 0.38069936633110052 0.52266719937324535 0.45428046584129339 0.53617689013481151 0.59593412280082714 -0.55557009577751149 0.51532536745071422 0.53673160076141369 0.91245013475418102 1.0000000180025095e-35 0.64390856027603161 0.55228129029273998 0.49782148003578192 0.49626159667968756 0.3916513472795487 0.45485258102416998 0.42232480645179754 0.48003464937210089 1.0321779251098635 0.49434550106525427 0.5412975847721101 0.3885036855936051 0.3269487619400025 0.50347670912742626 0.56429719924926769 1.0000000180025095e-35 0.46147063374519354 1.0626657605171206
decision_type=2 2 2 2 2 2 2 2 2 2 2 2 2 2 2 2 2 2 2 2 2 2 2 2 2 2 2 2 2 2 2 2 2 2 2 2 2 2
left_child=-1 2 -2 -3 -5 19 7 10 -8 -7 -4 12 23 -10 -15 -9 -14 -11 -18 -6 -21 29 -23 24 31 -26 36 -28 -29 30 -17 32 -12 -33 -19 -36 37 -27
right_child=1 3 6 4 5 9 8 15 13 17 11 -13 16 14 -16 21 18 34 -20 20 -22 22 -24 -25 25 26 27 28 -30 -31 -32 33 -34 -35 35 -37 -38 -39
leaf_value=0 -0.0048680292252794403 -0.0048680292252794403 -0.0015730004713910262 -0.0048680292252794403 0.0014332884593716954 -0.015735570134717065 0.0080838823152155313 1.7085633293517992e-05 0.00070992070703894687 0.00070992070703894687 0.00070992070703894687 0.00070992070703894687 -0.00028543488364263681 0.00066115446090336154 0.00070992070703894687 0.00070992070703894687 0.00070992070703894687 0.00065779459771128754 0.00070992070703894687 0.00096396682714300244 0.00079118099409887662 0.00070992070703894687 0.00070992070703894687 0.00070992070703894687 0.00070992070703894687 0.00070992070703894687 0.00041988623574027882 0.00070992070703894687 0.00070992070703894687 0.0005830675201409719 0.00070992070703894687 0.00070992070703894687 0.00070992070703894687 0.00070992070703894687 0.00070992070703894687 0.00070992070703894687 0.00070992070703894687 0.00070992070703894687
leaf_weight=43208 715 7799 85 2159 455 50 118 379 1466 677 32 431 184 89 185 31 54 22 35 147 126 62 57 223 83 23 53 73 31 110 22 295 37 25 235 35 162 27
leaf_count=43208 715 7799 85 2159 455 50 118 379 1466 677 32 431 184 89 185 31 54 22 35 147 126 62 57 223 83 23 53 73 31 110 22 295 37 25 235 35 162 27
internal_value=-0.001096 0.00637637 0.0207926 0.000111063 0.00732616 0.0213234 0.0248472 0.0201368 0.0312207 0.0304259 0.0252499 0.0264977 0.0238235 0.0332874 0.0232993 0.00580333 0.00698901 0.0322023 0.021618 0.00858242 0.0149011 0.0135887 0.0225546 0.0281429 0.0263924 0.0219292 0.0257019 0.0168917 0.0236923 0.00704294 0.0186415 0.0315784 0.0215072 0.03375 0.0254521 0.026963 0.0322264 0.0216
internal_weight=60000 16792 5087 11705 3906 1747 4372 2514 1858 1019 1853 1768 1337 1740 274 661 273 969 89 728 273 282 119 1064 841 452 369 157 104 163 53 389 69 320 292 270 212 50
internal_count=60000 16792 5087 11705 3906 1747 4372 2514 1858 1019 1853 1768 1337 1740 274 661 273 969 89 728 273 282 119 1064 841 452 369 157 104 163 53 389 69 320 292 270 212 50
is_linear=0
shrinkage=0.04


Tree=108
num_leaves=39
num_cat=0
split_feature=30 68 32 135 32 16 119 14 22 73 119 119 14 14 119 43 119 79 12 120 119 0 14 14 0 119 14 119 14 119 12 119 71 119 12 119 14 10
split_gain=813.741 947.931 319.604 190.735 387.024 126.63 82.0334 115.153 73.138 38.9468 37.511 24.5144 60.7619 20.2773 42.8455 18.6314 17.6621 11.9024 11.1907 10.8997 33.2016 10.1918 9.02667 8.21345 7.78381 7.68459 12.1662 17.876 13.2568 8.90492 9.6112 5.11305 4.80028 4.6179 5.52 4.57524 7.3319 5.51569
threshold=0.93636366724967968 0.6999170482158662 0.75000000000000011 1.0000000180025095e-35 0.75000000000000011 1.0000000180025095e-35 0.56429719924926769 0.48106098175048834 0.11410588026046754 0.081620417535305037 0.38069936633110052 0.52266719937324535 0.45428046584129339 0.53617689013481151 0.59593412280082714 -0.55557009577751149 0.51532536745071422 0.53673160076141369 0.91245013475418102 1.0000000180025095e-35 0.64390856027603161 0.55328193306922924 0.49782148003578192 0.49434550106525427 0.5412975847721101 0.49626159667968756 0.3916513472795487 0.45485258102416998 0.42232480645179754 0.48003464937210089 1.0321779251098635 0.56429719924926769 1.0000000180025095e-35 0.46147063374519354 1.0626657605171206 0.387991413474083 0.3269487619400025 -0.13052606582641599
decision_type=2 2 2 2 2 2 2 2 2 2 2 2 2 2 2 2 2 2 2 2 2 2 2 2 2 2 2 2 2 2 2 2 2 2 2 2 2 2
left_child=-1 2 -2 -3 -5 19 7 10 -8 -7 -4 12 25 -10 -15 -9 -14 -11 -18 -6 -21 23 -23 24 -17 26 35 -28 33 -30 -31 -19 -33 34 -29 36 -12 -37
right_child=1 3 6 4 5 9 8 15 13 17 11 -13 16 14 -16 21 18 31 -20 20 -22 22 -24 -25 -26 -27 27 28 29 30 -32 32 -34 -35 -36 37 -38 -39
leaf_value=0 -0.0046733080562682619 -0.0046733080562682619 -0.001510080452535405 -0.0046733080562682619 0.0013759569209967992 -0.015106147329328365 0.0077605270226069065 1.6402207961760188e-05 0.00068152387875741738 0.00068152387875741738 0.00068152387875741738 0.00068152387875741738 -0.00027401748829696259 0.00063470828246721563 0.00068152387875741738 0.00068152387875741738 0.00068152387875741738 0.00063148281380286163 0.00068152387875741738 0.00092540815405727124 0.00075953375433490667 0.00068152387875741738 0.00068152387875741738 0.00051415867541787811 0.00068152387875741738 0.00068152387875741738 0.00068152387875741738 0.00068152387875741738 0.00040309078631068474 0.00068152387875741738 0.00068152387875741738 0.00068152387875741738 0.00068152387875741738 0.00068152387875741738 0.00068152387875741738 0.00068152387875741738 0.00068152387875741738 0.00068152387875741738
leaf_weight=43208 715 7799 85 2159 455 50 118 379 1466 677 27 431 184 89 185 31 54 22 35 147 126 58 53 114 26 223 83 23 53 73 31 235 35 162 27 29 29 304
leaf_count=43208 715 7799 85 2159 455 50 118 379 1466 677 27 431 184 89 185 31 54 22 35 147 126 58 53 114 26 223 83 23 53 73 31 235 35 162 27 29 29 304
internal_value=-0.001096 0.00637637 0.0207926 0.000111063 0.00732616 0.0213234 0.0248472 0.0201368 0.0312207 0.0304259 0.0252499 0.0264977 0.0238235 0.0332874 0.0232993 0.00580333 0.00698901 0.0322023 0.021618 0.00858242 0.0149011 0.0135887 0.023027 0.00746199 0.0198596 0.0281429 0.0263924 0.0219292 0.0257019 0.0168917 0.0236923 0.0254521 0.026963 0.0322264 0.0216 0.0315784 0.021 0.0333574
internal_weight=60000 16792 5087 11705 3906 1747 4372 2514 1858 1019 1853 1768 1337 1740 274 661 273 969 89 728 273 282 111 171 57 1064 841 452 369 157 104 292 270 212 50 389 56 333
internal_count=60000 16792 5087 11705 3906 1747 4372 2514 1858 1019 1853 1768 1337 1740 274 661 273 969 89 728 273 282 111 171 57 1064 841 452 369 157 104 292 270 212 50 389 56 333
is_linear=0
shrinkage=0.04


Tree=109
num_leaves=39
num_cat=0
split_feature=13 68 15 135 15 16 96 73 22 85 14 85 14 22 120 85 85 79 85 14 34 14 85 51 121 14 85 85 6 14 101 14 85 14 14 14 85 12
split_gain=797.385 961.765 319.604 175.192 356.842 156.211 68.6481 38.9468 35.3726 30.7047 62.8011 28.828 41.5053 22.0662 16.2309 15.3278 13.3788 11.9024 11.4027 29.1348 10.3626 10.1833 24.339 10.0078 8.96739 8.32273 23.7507 7.32274 6.83139 6.17154 5.05505 4.29868 12.1558 4.03221 3.91141 3.84525 6.8412 3.88733
threshold=0.93636366724967968 0.6999170482158662 0.75000000000000011 1.0000000180025095e-35 0.75000000000000011 1.0000000180025095e-35 0.87530535459518444 0.081620417535305037 0.11410588026046754 0.56428876519203197 0.48106098175048834 0.56275790929794323 0.49434550106525427 0.11410588026046754 1.0000000180025095e-35 0.38083229959011083 0.38083229959011083 0.53673160076141369 0.52062875032424938 0.45428046584129339 0.5538635551929475 0.53617689013481151 0.59591841697692882 0.63956311345100414 1.0000000180025095e-35 0.45428046584129339 0.51539608836174022 0.69910541176795971 0.85805171728134166 0.50440177321434032 1.0000000180025095e-35 0.53617689013481151 0.59827139973640453 0.3916513472795487 0.3916513472795487 0.46050065755844122 0.52289092540740978 0.91245013475418102
decision_type=2 2 2 2 2 2 2 2 2 2 2 2 2 2 2 2 2 2 2 2 2 2 2 2 2 2 2 2 2 2 2 2 2 2 2 2 2 2
left_child=-1 2 -2 -3 -5 14 8 -7 -4 10 15 12 16 -11 30 -8 -10 -9 19 -17 -14 23 -23 -15 -18 -26 -27 -16 -29 -22 -6 -13 -33 -25 -20 -28 -37 -38
right_child=1 3 6 4 5 7 9 17 11 13 -12 31 20 21 27 18 24 -19 34 -21 29 22 -24 33 25 26 35 28 -30 -31 -32 32 -34 -35 -36 36 37 -39
leaf_value=0 -0.0044863757340175316 -0.0044863757340175316 0.007236416884536313 -0.0044863757340175316 0.0033757623519787218 -0.014501901436155222 -0.12273760901921764 0.00065426292360712065 0.00065426292360712065 0.026360311221370943 0.00018095934556882297 0.00065426292360712065 0.00065426292360712065 0.00065426292360712065 0.00041172272462231799 0.00065426292360712065 0.00065426292360712065 0.00065426292360712065 0.00065426292360712065 0.00065426292360712065 0.00065426292360712065 -0.020223897892589313 0.00065426292360712065 0.00065426292360712065 0.00065426292360712065 0.0044843103340503057 0.00065426292360712065 0.00069652422890045503 0.00099158065854567214 0.00065426292360712065 -1.9252287339739382e-05 0.0019809175279096535 0.00065426292360712065 0.00065426292360712065 0.00065426292360712065 0.0049252787113627716 0.00065426292360712065 0.00065426292360712065
leaf_weight=43208 715 7799 71 2159 217 50 46 677 36 49 342 988 134 262 53 437 272 292 21 119 54 51 66 54 538 83 102 105 115 43 238 50 104 136 156 23 76 59
leaf_count=43208 715 7799 71 2159 217 50 46 677 36 49 342 988 134 262 53 437 272 292 21 119 54 51 66 54 538 83 102 105 115 43 238 50 104 136 156 23 76 59
internal_value=-0.00112533 0.00627156 0.0207926 -3.93004e-05 0.00687558 0.020316 0.0248472 0.0304259 0.0289206 0.0186797 0.0147333 0.0296924 0.0258873 0.0258382 0.00616483 0.0210064 0.0289016 0.0322023 0.022412 0.0195971 0.0103723 0.0280562 0.0175385 0.0307788 0.0296513 0.0276913 0.0228222 0.0138755 0.0170909 0.0203299 0.00153846 0.0344238 0.0282078 0.0237895 0.0312542 0.0287692 0.0248608 0.0282963
internal_weight=60000 16792 5087 11705 3906 1747 4372 1019 2633 1739 1121 2562 1420 618 728 779 1189 969 733 556 231 569 117 452 1153 881 343 273 220 97 455 1142 154 190 177 260 158 135
internal_count=60000 16792 5087 11705 3906 1747 4372 1019 2633 1739 1121 2562 1420 618 728 779 1189 969 733 556 231 569 117 452 1153 881 343 273 220 97 455 1142 154 190 177 260 158 135
is_linear=0
shrinkage=0.04


Tree=110
num_leaves=39
num_cat=0
split_feature=13 85 15 135 15 103 119 14 22 73 119 119 119 14 43 5 119 14 118 0 14 14 119 16 14 113 0 121 119 14 119 119 119 119 14 119 85 17
split_gain=797.015 947.647 342.385 168.194 352.406 160.21 83.0574 117.909 57.1536 38.7403 35.9533 24.936 23.1119 60.2881 19.7289 19.4451 18.1922 11.3131 10.7241 10.4004 8.75041 8.50245 16.5586 11.2223 8.21345 8.18236 7.78381 7.44688 11.4127 6.7549 20.4455 6.26774 13.3136 5.96751 9.96633 7.58335 5.41295 4.56386
threshold=0.93636366724967968 0.7119947373867036 0.75000000000000011 1.0000000180025095e-35 0.75000000000000011 1.0000000180025095e-35 0.56429719924926769 0.48106098175048834 0.11410588026046754 0.081620417535305037 0.38069936633110052 0.65468347072601329 0.52266719937324535 0.45428046584129339 -0.55557009577751149 0.50880229473114025 0.51532536745071422 0.46050065755844122 1.0000000180025095e-35 0.55328193306922924 0.49782148003578192 0.53617689013481151 0.59593412280082714 1.0000000180025095e-35 0.49434550106525427 0.55803975462913524 0.5412975847721101 1.0000000180025095e-35 0.65468347072601329 0.53617689013481151 0.59593412280082714 0.43171960115432745 0.45485258102416998 0.49626159667968756 0.42232480645179754 0.48003464937210089 0.3885036855936051 0.72962427139282238
decision_type=2 2 2 2 2 2 2 2 2 2 2 2 2 2 2 2 2 2 2 2 2 2 2 2 2 2 2 2 2 2 2 2 2 2 2 2 2 2
left_child=-1 2 -2 -3 -5 18 7 10 -8 -7 -4 -11 13 25 -9 29 -15 -18 -6 24 -21 23 -23 -17 26 -12 -16 28 -20 -10 -31 36 -33 34 -34 -36 -27 -14
right_child=1 3 6 4 5 9 8 14 15 11 12 -13 37 16 19 21 17 -19 27 20 -22 22 -24 -25 -26 31 -28 -29 -30 30 -32 32 33 -35 35 -37 -38 -39
leaf_value=0 -0.0043069207046568308 -0.0043069207046568308 0.0022800607528056494 -0.0043069207046568308 0.0033217943433490721 -0.013921825378709016 -0.0018241585917510861 -3.2793234220918067e-05 0.00062809240666283016 0.00026944217470839098 0.00062809240666283016 0.00062809240666283016 0.00062809240666283016 -0.00044242920212710145 0.00062809240666283016 0.0006281189170178436 0.00062809240666283016 0.00062809240666283016 -3.2336256507490904e-05 0.00062809240666283016 0.00062809240666283016 -0.019414941976885737 0.0010111772927078725 0.00062809240666283016 0.00046742181145684815 0.00062809240666283016 0.00062809240666283016 -1.8482195846161175e-05 0.00062237441253003571 0.0013530403572337127 0.00062809240666283016 0.00062809240666283016 0.00062809240666283016 0.00062809240666283016 -0.3118607476029821 0.00062809240666283016 0.00062809240666283016 0.00062809240666283016
leaf_weight=43208 787 7821 88 2087 115 50 91 396 1250 67 471 916 371 186 31 48 55 35 47 58 54 46 49 247 114 40 26 389 36 45 144 66 141 118 36 59 145 67
leaf_count=43208 787 7821 88 2087 115 50 91 396 1250 67 471 916 371 186 31 48 55 35 47 58 54 46 49 247 114 40 26 389 36 45 144 66 141 118 36 59 145 67
internal_value=-0.001126 0.00626917 0.0203313 -0.000151979 0.00686593 0.0208642 0.0246084 0.0198874 0.0308958 0.0303466 0.0250522 0.0320936 0.0262793 0.0236923 0.00560236 0.0324352 0.00701449 0.0217778 0.00417717 0.0136678 0.0231429 0.0245128 0.0141053 0.0278644 0.00746199 0.0279703 0.0198596 0.00150847 0.0123855 0.0345823 0.0275344 0.0248926 0.0221905 0.0252655 0.0215932 0.0115789 0.031027 0.0342648
internal_weight=60000 16792 5264 11528 3707 1620 4477 2557 1920 1033 1878 983 1790 1352 679 1829 276 90 587 283 112 390 95 295 171 1076 57 472 83 1439 189 605 420 354 236 95 185 438
internal_count=60000 16792 5264 11528 3707 1620 4477 2557 1920 1033 1878 983 1790 1352 679 1829 276 90 587 283 112 390 95 295 171 1076 57 472 83 1439 189 605 420 354 236 95 185 438
is_linear=0
shrinkage=0.04


Tree=111
num_leaves=39
num_cat=0
split_feature=13 68 15 120 15 73 96 93 22 102 14 85 14 22 102 14 102 102 102 34 14 102 51 14 102 103 14 14 102 102 12 102 14 102 12 14 14 102
split_gain=797.015 962.08 319.604 171.092 376.97 147.46 68.6481 45.4157 35.3726 33.4049 40.1425 30.7047 62.8011 22.0662 19.6598 25.2372 19.9239 14.858 12.4335 11.1257 10.1833 24.3743 10.0078 9.29582 19.9712 8.88815 7.7763 4.75431 13.4122 4.64671 4.04266 4.8642 7.77153 5.82853 9.625 4.03221 3.87587 6.08644
threshold=0.93636366724967968 0.6999170482158662 0.75000000000000011 1.0000000180025095e-35 0.75000000000000011 0.081620417535305037 0.87530535459518444 -0.47128550708293909 0.11410588026046754 0.56428781151771557 0.49434550106525427 0.56428876519203197 0.48106098175048834 0.11410588026046754 0.52068921923637401 0.45428046584129339 0.37993320822715765 0.37993320822715765 0.65507918596267711 0.5538635551929475 0.53617689013481151 0.59790590405464183 0.63956311345100414 0.45428046584129339 0.51555371284484874 1.0000000180025095e-35 0.50440177321434032 0.53617689013481151 0.59790590405464183 0.51555371284484874 0.93004098534584057 0.48479545116424566 0.42232480645179754 0.45443418622016912 0.78291481733322155 0.3916513472795487 0.48106098175048834 0.54245403409004223
decision_type=2 2 2 2 2 2 2 2 2 2 2 2 2 2 2 2 2 2 2 2 2 2 2 2 2 2 2 2 2 2 2 2 2 2 2 2 2 2
left_child=-1 2 -2 -3 -5 -6 8 -7 -4 10 17 12 14 -13 15 16 -8 -10 -9 -12 22 -22 -15 -19 -25 -20 -21 -11 -29 -17 31 32 33 34 -18 -24 -26 -38
right_child=1 3 6 4 5 7 11 18 9 27 19 13 -14 20 -16 29 30 23 25 26 21 -23 35 24 36 -27 -28 28 -30 -31 -32 -33 -34 -35 -36 -37 37 -39
leaf_value=0 -0.0041346438764705571 -0.0041346438764705571 0.0070199265528248719 -0.0041346438764705571 -0.0041346438764705571 0.00060296871039632548 -0.11791930708856116 0.00055492928803992927 0.00060296871039632548 0.00060296871039632548 0.00049435566198733195 0.025378865116186127 0.00017503270111490109 0.00060296871039632548 0.00060296871039632548 -0.016395455973935446 0.00060296871039632548 0.00060296871039632548 0.0030203001343903036 0.00060296871039632548 -0.018638344297810309 0.00060296871039632548 0.00060296871039632548 0.0039188418772928167 0.00060296871039632548 0.00060296871039632548 0.00051083306752918497 0.0018475592125039243 0.00060296871039632548 0.00060296871039632548 0.00060296871039632548 0.00060296871039632548 0.00060296871039632548 0.00060296871039632548 -0.028628125487190605 0.00060296871039632548 0.0007663482369108202 0.00060296871039632548
leaf_weight=43208 715 7971 71 2131 373 750 46 143 33 1050 130 49 342 262 136 99 56 706 119 60 57 60 54 96 206 218 41 49 106 27 252 44 40 47 32 136 40 45
leaf_count=43208 715 7971 71 2131 373 750 46 143 33 1050 130 49 342 262 136 99 56 706 119 60 57 60 54 96 206 218 41 49 106 27 252 44 40 47 32 136 40 45
internal_value=-0.001126 0.00626917 0.0207926 -4.27177e-05 0.00702303 0.0216769 0.0248472 0.0283577 0.0289206 0.0296924 0.0253884 0.0186797 0.0147333 0.0258382 0.0210064 0.018084 0.0219961 0.0285044 0.01875 0.0101991 0.0280562 0.0175385 0.0307788 0.0293028 0.0243204 0.0229436 0.0201584 0.0345394 0.028 0.00203175 0.0244501 0.0204749 0.0174857 0.0220741 0.016 0.0237895 0.0295395 0.0223529
internal_weight=60000 16792 5087 11705 3734 1603 4372 1230 2633 2562 1357 1739 1121 618 779 643 517 1126 480 231 569 117 452 1093 387 337 101 1205 155 126 471 219 175 135 88 190 291 85
internal_count=60000 16792 5087 11705 3734 1603 4372 1230 2633 2562 1357 1739 1121 618 779 643 517 1126 480 231 569 117 452 1093 387 337 101 1205 155 126 471 219 175 135 88 190 291 85
is_linear=0
shrinkage=0.04


Tree=112
num_leaves=39
num_cat=0
split_feature=13 51 15 135 15 16 119 14 22 119 73 119 14 14 119 26 119 96 12 0 14 14 120 119 119 14 119 14 119 12 0 12 118 119 119 14 10 119
split_gain=812.994 930.12 337.728 189.188 371.563 119.273 70.9847 113.633 106.083 36.5576 30.933 26.1634 61.1703 20.2515 41.9955 19.0567 16.8036 16.1319 10.9376 10.1918 9.02667 8.21345 7.98947 28.2951 7.87577 12.3107 17.8184 13.1993 8.90492 9.6112 7.78381 6.3225 8.20694 5.31644 4.63361 7.3319 5.3708 4.60911
threshold=0.93636366724967968 0.71083256602287304 0.75000000000000011 1.0000000180025095e-35 0.75000000000000011 1.0000000180025095e-35 0.56429719924926769 0.48106098175048834 0.11410588026046754 0.38069936633110052 0.081620417535305037 0.52266719937324535 0.45428046584129339 0.53617689013481151 0.59593412280082714 -0.63405361771583546 0.51532536745071422 0.87530535459518444 0.91245013475418102 0.55328193306922924 0.49782148003578192 0.49434550106525427 1.0000000180025095e-35 0.64390856027603161 0.49626159667968756 0.3916513472795487 0.45485258102416998 0.42232480645179754 0.48003464937210089 1.0321779251098635 0.5412975847721101 0.76287078857421886 1.0000000180025095e-35 0.56429719924926769 0.387991413474083 0.3269487619400025 -0.13052606582641599 0.46147063374519354
decision_type=2 2 2 2 2 2 2 2 2 2 2 2 2 2 2 2 2 2 2 2 2 2 2 2 2 2 2 2 2 2 2 2 2 2 2 2 2 2
left_child=-1 2 -2 -3 -5 22 7 9 -8 -4 -7 12 24 -10 -15 -9 -14 -12 -18 21 -21 30 31 -24 25 34 -27 37 -29 -30 -17 -6 -33 -19 35 -11 -36 -28
right_child=1 3 6 4 5 10 8 15 13 11 17 -13 16 14 -16 19 18 33 -20 20 -22 -23 23 -25 -26 26 27 28 29 -31 -32 32 -34 -35 36 -37 -38 -39
leaf_value=0 -0.0039692581214117355 -0.0039692581214117355 -0.001591168929906388 -0.0039692581214117355 0.0032732458392244015 -0.013218443412423042 0.0064022392222542789 -3.8482812896702969e-05 0.00057884996198048105 0.00057884996198048105 0.00057884996198048105 0.00057884996198048105 -0.00058148570913367341 0.00040205926726265772 0.00057884996198048105 0.00057231478091992474 0.00057884996198048105 0.00057884996198048105 0.00057884996198048105 0.00057884996198048105 0.00057884996198048105 0.00042895071251908577 0.000761297074490554 0.00058015935092006635 0.00057884996198048105 0.00057884996198048105 0.00057884996198048105 0.00031155419323162901 0.00057884996198048105 0.00057884996198048105 0.00057884996198048105 0.0016826100073134144 -0.00011667720520485148 0.00057884996198048105 0.00057884996198048105 0.00057884996198048105 0.00057884996198048105 0.00057884996198048105
leaf_weight=43208 770 7751 83 2104 194 41 174 364 1509 27 705 414 183 88 181 31 52 52 35 58 53 114 169 126 219 83 50 53 73 31 26 61 200 199 26 29 303 161
leaf_count=43208 770 7751 83 2104 194 41 174 364 1509 27 705 414 183 88 181 31 52 52 35 58 53 114 169 126 219 83 50 53 73 31 26 61 200 199 26 29 303 161
internal_value=-0.00109733 0.0063716 0.020447 7.51585e-05 0.00732173 0.0209571 0.0247059 0.0201977 0.0304057 0.0253085 0.0300221 0.0265463 0.0238038 0.0333228 0.0232119 0.00578328 0.00681481 0.0314812 0.0212874 0.0135887 0.023027 0.00746199 0.00890667 0.0140339 0.0281517 0.0263828 0.021898 0.0256739 0.0168917 0.0236923 0.0198596 0.00558242 0.00151724 0.0227729 0.0316364 0.021 0.0334468 0.0322085
internal_weight=60000 16792 5190 11602 3851 1747 4420 2468 1952 1822 997 1739 1325 1778 269 646 270 956 87 282 111 171 750 295 1055 836 451 368 157 104 57 455 261 251 385 56 329 211
internal_count=60000 16792 5190 11602 3851 1747 4420 2468 1952 1822 997 1739 1325 1778 269 646 270 956 87 282 111 171 750 295 1055 836 451 368 157 104 57 455 261 251 385 56 329 211
is_linear=0
shrinkage=0.04


Tree=113
num_leaves=39
num_cat=0
split_feature=13 68 15 135 15 35 119 14 73 73 119 119 14 120 119 14 119 43 119 12 85 14 119 14 119 14 119 12 118 14 0 28 12 84 85 14 85 119
split_gain=808.146 951.599 319.401 185.718 377.288 119.785 82.2691 114.898 71.4307 41.2136 37.4487 24.6483 61.6066 20.6068 27.7676 20.0996 42.8455 18.6314 16.9382 10.627 10.3439 10.7173 7.68459 12.1662 17.876 13.2568 8.90492 9.6112 7.37711 6.60327 7.08338 6.58178 5.37336 6.81394 5.31726 7.83392 5.83225 4.6179
threshold=0.93636366724967968 0.6999170482158662 0.75000000000000011 1.0000000180025095e-35 0.75000000000000011 1.0000000180025095e-35 0.56429719924926769 0.48106098175048834 0.081620417535305037 0.081620417535305037 0.38069936633110052 0.52266719937324535 0.45428046584129339 1.0000000180025095e-35 0.66889700293540966 0.53617689013481151 0.59593412280082714 -0.55557009577751149 0.51532536745071422 0.91245013475418102 0.55228129029273998 0.49782148003578192 0.49626159667968756 0.3916513472795487 0.45485258102416998 0.42232480645179754 0.48003464937210089 1.0321779251098635 1.0000000180025095e-35 0.49434550106525427 0.5412975847721101 0.44073745608329779 0.76287078857421886 1.0000000180025095e-35 0.3885036855936051 0.3269487619400025 0.50347670912742626 0.46147063374519354
decision_type=2 2 2 2 2 2 2 2 2 2 2 2 2 2 2 2 2 2 2 2 2 2 2 2 2 2 2 2 2 2 2 2 2 2 2 2 2 2
left_child=-1 2 -2 -3 -5 13 7 10 -8 -7 -4 12 22 28 -15 -10 -17 -9 -14 -20 29 -22 23 34 -25 37 -27 -28 -6 30 -19 -11 33 -30 35 -12 -36 -26
right_child=1 3 6 4 5 9 8 17 15 31 11 -13 18 14 -16 16 -18 20 19 -21 21 -23 -24 24 25 26 27 -29 32 -31 -32 -33 -34 -35 36 -37 -38 -39
leaf_value=0 -0.0038104877965552657 -0.0038104877965552657 -0.0015275221727101497 -0.0038104877965552657 0.0031423160056554167 -0.012670828872004877 0.0068391884596054496 4.3574796606541539e-06 0.00055569596350125039 0.00055569596350125039 0.00055569596350125039 0.00055569596350125039 -0.00055822628076832362 0.00055569596350125039 0.00055620414928416069 0.00038597689657215994 0.00055569596350125039 0.00054942218968314195 0.00055569596350125039 0.00055569596350125039 0.00055569596350125039 0.00055569596350125039 0.00055569596350125039 0.00055569596350125039 0.00055569596350125039 0.00029909202550236101 0.00055569596350125039 0.00055569596350125039 -0.00010262383985057966 0.0004573788279357416 0.00055569596350125039 0.00055569596350125039 -0.00011201011699668584 1.6713013477556159e-05 0.00055569596350125039 0.00055569596350125039 0.00055569596350125039 0.00055569596350125039
leaf_weight=43208 715 7799 85 2159 108 50 116 379 1468 706 32 431 184 264 129 89 185 31 54 35 62 57 223 83 50 53 73 31 77 110 22 134 203 76 295 37 25 162
leaf_count=43208 715 7799 85 2159 108 50 116 379 1468 706 32 431 184 264 129 89 185 31 54 35 62 57 223 83 50 53 73 31 77 110 22 134 203 76 295 37 25 162
internal_value=-0.001106 0.00634064 0.0207847 6.32199e-05 0.00718279 0.0210029 0.0248381 0.0201209 0.0312207 0.0312809 0.0252283 0.0264751 0.0237936 0.0103291 0.0170687 0.0332445 0.0232993 0.00580333 0.00684249 0.0211685 0.0135887 0.0225546 0.0281429 0.0263924 0.0219292 0.0257019 0.0168917 0.0236923 0.00462069 0.00704294 0.0186415 0.033381 0.0018427 0.00750327 0.0315784 0.0215072 0.03375 0.0322264
internal_weight=60000 16792 5087 11705 3906 1747 4372 2514 1858 890 1853 1768 1337 857 393 1742 274 661 273 89 282 119 1064 841 452 369 157 104 464 163 53 840 356 153 389 69 320 212
internal_count=60000 16792 5087 11705 3906 1747 4372 2514 1858 890 1853 1768 1337 857 393 1742 274 661 273 89 282 119 1064 841 452 369 157 104 464 163 53 840 356 153 389 69 320 212
is_linear=0
shrinkage=0.04


Tree=114
num_leaves=39
num_cat=0
split_feature=13 68 15 135 15 69 119 14 73 73 119 119 14 14 119 43 119 120 119 85 14 12 79 119 14 119 14 119 12 118 14 0 16 12 84 85 14 85
split_gain=805.542 952.761 319.199 183.588 373.153 130.96 82.5051 114.643 71.4307 40.5502 37.3864 24.7825 62.457 20.0996 42.8455 18.6314 16.2295 13.7209 27.9996 10.3439 10.7173 10.0779 8.0747 7.68459 12.1662 17.876 13.2568 8.90492 9.6112 7.40219 6.60327 7.08338 6.46957 5.39309 6.81394 5.31726 7.83392 5.83225
threshold=0.93636366724967968 0.6999170482158662 0.75000000000000011 1.0000000180025095e-35 0.75000000000000011 1.0000000180025095e-35 0.56429719924926769 0.48106098175048834 0.081620417535305037 0.081620417535305037 0.38069936633110052 0.52266719937324535 0.45428046584129339 0.53617689013481151 0.59593412280082714 -0.55557009577751149 0.51532536745071422 1.0000000180025095e-35 0.66889700293540966 0.55228129029273998 0.49782148003578192 0.91245013475418102 0.53673160076141369 0.49626159667968756 0.3916513472795487 0.45485258102416998 0.42232480645179754 0.48003464937210089 1.0321779251098635 1.0000000180025095e-35 0.49434550106525427 0.5412975847721101 1.0000000180025095e-35 0.76287078857421886 1.0000000180025095e-35 0.3885036855936051 0.3269487619400025 0.50347670912742626
decision_type=2 2 2 2 2 2 2 2 2 2 2 2 2 2 2 2 2 2 2 2 2 2 2 2 2 2 2 2 2 2 2 2 2 2 2 2 2 2
left_child=-1 2 -2 -3 -5 17 7 10 -8 -7 -4 12 23 -10 -15 -9 -14 29 32 30 -21 -18 -11 24 35 -26 -27 -28 -29 -6 31 -17 -19 34 -31 36 -12 -37
right_child=1 3 6 4 5 9 8 15 13 22 11 -13 16 14 -16 19 21 18 -20 20 -22 -23 -24 -25 25 26 27 28 -30 33 -32 -33 -34 -35 -36 37 -38 -39
leaf_value=0 -0.0036580682846930552 -0.0036580682846930552 -0.0014664212858017578 -0.0036580682846930552 0.003016623365429183 -0.01216399571712465 0.0065656209212212645 4.183180474227957e-06 0.00053346812496123162 0.00053346812496123162 0.00053346812496123162 0.00053346812496123162 -0.00053589722953759631 0.00037053782070927354 0.00053346812496123162 0.0005274453020957992 0.00053346812496123162 0.0004992438041258215 0.00053603100809509498 0.00053346812496123162 0.00053346812496123162 0.00053346812496123162 0.00053346812496123162 0.00053346812496123162 0.00053346812496123162 0.00053346812496123162 0.00028712834448228362 0.00053346812496123162 0.00053346812496123162 -9.8518886256542256e-05 0.00043908367481833467 0.00053346812496123162 0.00053346812496123162 -0.00010752971231681841 1.604449293843402e-05 0.00053346812496123162 0.00053346812496123162 0.00053346812496123162
leaf_weight=43208 715 7799 85 2159 108 50 116 379 1468 674 32 431 184 89 185 31 54 157 111 62 57 35 213 223 83 212 53 73 31 77 110 22 77 204 76 295 37 25
leaf_count=43208 715 7799 85 2159 108 50 116 379 1468 674 32 431 184 89 185 31 54 157 111 62 57 35 213 223 83 212 53 73 31 77 110 22 77 204 76 295 37 25
internal_value=-0.00111067 0.00632396 0.0207769 4.27158e-05 0.00712135 0.0208655 0.0248289 0.020105 0.0312207 0.031048 0.0252067 0.0264525 0.0237636 0.0332445 0.0232993 0.00580333 0.00669597 0.00908642 0.0151304 0.0135887 0.0225546 0.0207191 0.0330237 0.0281429 0.0263924 0.0219292 0.0257019 0.0168917 0.0236923 0.00460215 0.00704294 0.0186415 0.00728205 0.00182633 0.00750327 0.0315784 0.0215072 0.03375
internal_weight=60000 16792 5087 11705 3906 1747 4372 2514 1858 937 1853 1768 1337 1742 274 661 273 810 345 282 119 89 887 1064 841 452 369 157 104 465 163 53 234 357 153 389 69 320
internal_count=60000 16792 5087 11705 3906 1747 4372 2514 1858 937 1853 1768 1337 1742 274 661 273 810 345 282 119 89 887 1064 841 452 369 157 104 465 163 53 234 357 153 389 69 320
is_linear=0
shrinkage=0.04


Tree=115
num_leaves=39
num_cat=0
split_feature=30 85 15 101 15 10 119 14 22 119 22 120 73 119 119 14 43 73 119 17 14 14 119 14 96 14 16 14 119 17 51 29 119 51 85 119 14 119
split_gain=804.427 938.177 341.743 164.167 369.932 94.146 83.2152 117.393 57.0767 35.8307 27.2617 26.6582 30.6174 40.412 23.3713 61.9674 19.7289 19.2998 16.7458 10.3752 10.2101 9.30151 26.7021 9.10173 8.07231 8.03673 7.5885 8.68702 12.6593 6.7496 6.49302 6.33569 5.61326 13.5945 5.75751 5.33736 6.36849 8.27342
threshold=0.93636366724967968 0.7119947373867036 0.75000000000000011 1.0000000180025095e-35 0.75000000000000011 0.47114434838294988 0.56429719924926769 0.48106098175048834 0.11410588026046754 0.38069936633110052 0.11410588026046754 1.0000000180025095e-35 0.081620417535305037 0.65468347072601329 0.52266719937324535 0.45428046584129339 -0.55557009577751149 0.50827023386955272 0.51532536745071422 0.55388385057449352 0.46050065755844122 0.53617689013481151 0.59593412280082714 0.49782148003578192 0.79924157261848461 0.49434550106525427 1.0000000180025095e-35 0.53617689013481151 0.59866267442703258 0.54184892773628246 0.73406916856765758 0.76287078857421886 0.43171960115432745 0.45540711283683782 0.3885036855936051 0.49626159667968756 0.42232480645179754 0.48003464937210089
decision_type=2 2 2 2 2 2 2 2 2 2 2 2 2 2 2 2 2 2 2 2 2 2 2 2 2 2 2 2 2 2 2 2 2 2 2 2 2 2
left_child=-1 2 -2 -3 -5 11 7 9 -8 -4 -7 31 -13 -14 15 24 -9 21 -17 25 -20 -10 -23 -21 -11 29 -19 -28 -29 -18 -16 -6 34 -34 -26 36 -35 -38
right_child=1 3 6 4 5 10 8 16 17 14 -12 12 13 -15 30 18 19 26 20 23 -22 22 -24 -25 32 -27 27 28 -30 -31 -32 -33 33 35 -36 -37 37 -39
leaf_value=0 -0.0035117455533053327 -0.0035117455533053327 0.0023481440698142498 -0.0035117455533053327 1.5402713220922238e-05 0.17187360008921965 -0.0023316454426227295 -3.7285126786201776e-05 0.00051212939996275969 0.00051212939996275969 0.00051212939996275969 0.1871879477544692 0.00014860143604472541 0.00051212939996275969 0.00051212939996275969 -0.0005144613403560783 0.00050634749001197575 0.00050334947215249022 0.00051212939996275969 0.00051212939996275969 0.00051212939996275969 0.00090435350729702675 0.00051212939996275969 0.00051212939996275969 0.00051212939996275969 0.00042152032782560411 0.00051212939996275969 -0.01793915348527966 0.00048191946431629161 0.00051212939996275969 0.00051212939996275969 -0.00010322852382415703 -0.0051002687859332584 0.00051212939996275969 0.00051212939996275969 0.00051212939996275969 -0.2994463474298073 0.00051212939996275969
leaf_weight=43208 787 7894 88 2091 115 45 91 396 1323 536 620 147 120 340 418 186 33 50 55 56 35 57 157 54 34 116 179 39 24 24 20 156 43 144 131 103 31 54
leaf_count=43208 787 7894 88 2091 115 45 91 396 1323 536 620 147 120 340 418 186 33 50 55 56 35 57 157 54 34 116 179 39 24 24 20 156 43 144 131 103 31 54
internal_value=-0.00111267 0.00631682 0.0203085 -7.21731e-05 0.00696313 0.0218198 0.0245816 0.0198561 0.030875 0.0250096 0.0331729 0.013221 0.0178781 0.0229565 0.0262346 0.0236331 0.00560236 0.0324133 0.00672464 0.0136678 0.0208889 0.0342043 0.0264673 0.0232727 0.0279703 0.00756069 0.0229863 0.0259174 0.0131429 0.0198596 0.0342648 0.00278967 0.0245185 0.0218133 0.0306667 0.0245542 0.0211528 0.0124706
internal_weight=60000 16792 5264 11528 3634 1543 4477 2557 1920 1878 665 878 607 460 1790 1352 679 1829 276 283 90 1537 214 110 1076 173 292 242 63 57 438 271 540 375 165 332 229 85
internal_count=60000 16792 5264 11528 3634 1543 4477 2557 1920 1878 665 878 607 460 1790 1352 679 1829 276 283 90 1537 214 110 1076 173 292 242 63 57 438 271 540 375 165 332 229 85
is_linear=0
shrinkage=0.04


Tree=116
num_leaves=39
num_cat=0
split_feature=13 68 15 135 15 69 119 14 22 124 119 119 14 14 119 43 119 120 119 85 14 12 79 119 14 119 14 119 12 118 14 0 16 12 85 14 85 119
split_gain=804.427 952.666 318.996 182.881 371.78 132.141 82.1859 114.643 73.0347 40.5502 37.3864 24.7825 62.457 20.1841 42.8455 18.6314 16.2295 13.1231 26.3696 10.3439 10.7173 10.0779 8.0747 7.68459 12.1662 17.876 13.2568 8.90492 9.6112 7.40219 6.60327 7.08338 6.46957 5.39309 5.31726 7.83392 5.83225 4.6179
threshold=0.93636366724967968 0.6999170482158662 0.75000000000000011 1.0000000180025095e-35 0.75000000000000011 1.0000000180025095e-35 0.56429719924926769 0.48106098175048834 0.11410588026046754 0.050035268068313606 0.38069936633110052 0.52266719937324535 0.45428046584129339 0.53617689013481151 0.59593412280082714 -0.55557009577751149 0.51532536745071422 1.0000000180025095e-35 0.66889700293540966 0.55228129029273998 0.49782148003578192 0.91245013475418102 0.53673160076141369 0.49626159667968756 0.3916513472795487 0.45485258102416998 0.42232480645179754 0.48003464937210089 1.0321779251098635 1.0000000180025095e-35 0.49434550106525427 0.5412975847721101 1.0000000180025095e-35 0.76287078857421886 0.3885036855936051 0.3269487619400025 0.50347670912742626 0.46147063374519354
decision_type=2 2 2 2 2 2 2 2 2 2 2 2 2 2 2 2 2 2 2 2 2 2 2 2 2 2 2 2 2 2 2 2 2 2 2 2 2 2
left_child=-1 2 -2 -3 -5 17 7 10 -8 -7 -4 12 23 -10 -15 -9 -14 29 32 30 -21 -18 -11 24 34 -26 37 -28 -29 -6 31 -17 -19 -31 35 -12 -36 -27
right_child=1 3 6 4 5 9 8 15 13 22 11 -13 16 14 -16 19 21 18 -20 20 -22 -23 -24 -25 25 26 27 28 -30 33 -32 -33 -34 -35 36 -37 -38 -39
leaf_value=0 -0.0033712757311731194 -0.0033712757311731194 -0.0015016901971622331 -0.0033712757311731194 0.0030364282529442479 -0.019164953798618427 0.0062538024214598507 5.5072583267438275e-06 0.00049164422396422939 0.00049164422396422939 0.00049164422396422939 0.00049164422396422939 -0.00049388288674180104 0.00031954216758904862 0.00049164422396422939 0.00048609359041151378 0.00049164422396422939 0.00045899959553589499 0.00049410459177272629 0.00049164422396422939 0.00049164422396422939 0.00049164422396422939 0.00049164422396422939 0.00049164422396422939 0.00049164422396422939 0.00049164422396422939 0.00025515803470447905 0.00049164422396422939 0.00049164422396422939 1.4786604692105244e-05 0.00040465951471254871 0.00049164422396422939 0.00049164422396422939 -9.9099382871159494e-05 0.00049164422396422939 0.00049164422396422939 0.00049164422396422939 0.00049164422396422939
leaf_weight=43208 715 7799 85 2159 108 50 118 379 1466 674 32 431 184 89 185 31 54 157 111 62 57 35 213 223 83 50 53 73 31 153 110 22 77 204 295 37 25 162
leaf_count=43208 715 7799 85 2159 108 50 118 379 1466 674 32 431 184 89 185 31 54 157 111 62 57 35 213 223 83 50 53 73 31 153 110 22 77 204 295 37 25 162
internal_value=-0.00111267 0.00631682 0.020769 3.58811e-05 0.00710087 0.0208197 0.0248198 0.020105 0.0311991 0.031048 0.0252067 0.0264525 0.0237636 0.0332644 0.0232993 0.00580333 0.00669597 0.00898765 0.0148985 0.0135887 0.0225546 0.0207191 0.0330237 0.0281429 0.0263924 0.0219292 0.0257019 0.0168917 0.0236923 0.00460215 0.00704294 0.0186415 0.00728205 0.00182633 0.0315784 0.0215072 0.03375 0.0322264
internal_weight=60000 16792 5087 11705 3906 1747 4372 2514 1858 937 1853 1768 1337 1740 274 661 273 810 345 282 119 89 887 1064 841 452 369 157 104 465 163 53 234 357 389 69 320 212
internal_count=60000 16792 5087 11705 3906 1747 4372 2514 1858 937 1853 1768 1337 1740 274 661 273 810 345 282 119 89 887 1064 841 452 369 157 104 465 163 53 234 357 389 69 320 212
is_linear=0
shrinkage=0.04


Tree=117
num_leaves=39
num_cat=0
split_feature=13 68 15 135 15 69 119 14 22 73 119 119 14 14 119 60 119 120 119 85 14 12 79 119 14 119 14 119 12 118 14 0 16 12 85 14 85 119
split_gain=804.056 952.98 318.996 182.528 371.094 131.63 82.1859 114.643 73.0347 40.4515 37.3864 24.7825 62.457 20.1841 42.8455 18.6314 16.2295 13.1231 26.3696 10.3439 10.7173 10.0779 8.41772 7.68459 12.1662 17.876 13.2568 8.90492 9.6112 7.40219 6.60327 7.08338 6.46957 5.39309 5.31726 7.83392 5.83225 4.6179
threshold=0.93636366724967968 0.6999170482158662 0.75000000000000011 1.0000000180025095e-35 0.75000000000000011 1.0000000180025095e-35 0.56429719924926769 0.48106098175048834 0.11410588026046754 0.081620417535305037 0.38069936633110052 0.52266719937324535 0.45428046584129339 0.53617689013481151 0.59593412280082714 -0.49999997019767756 0.51532536745071422 1.0000000180025095e-35 0.66889700293540966 0.55228129029273998 0.49782148003578192 0.91245013475418102 0.53673160076141369 0.49626159667968756 0.3916513472795487 0.45485258102416998 0.42232480645179754 0.48003464937210089 1.0321779251098635 1.0000000180025095e-35 0.49434550106525427 0.5412975847721101 1.0000000180025095e-35 0.76287078857421886 0.3885036855936051 0.3269487619400025 0.50347670912742626 0.46147063374519354
decision_type=2 2 2 2 2 2 2 2 2 2 2 2 2 2 2 2 2 2 2 2 2 2 2 2 2 2 2 2 2 2 2 2 2 2 2 2 2 2
left_child=-1 2 -2 -3 -5 17 7 10 -8 -7 -4 12 23 -10 -15 -9 -14 29 32 30 -21 -18 -11 24 34 -26 37 -28 -29 -6 31 -17 -19 -31 35 -12 -36 -27
right_child=1 3 6 4 5 9 8 15 13 22 11 -13 16 14 -16 19 21 18 -20 20 -22 -23 -24 -25 25 26 27 28 -30 33 -32 -33 -34 -35 36 -37 -38 -39
leaf_value=0 -0.003236424701926195 -0.003236424701926195 -0.001441622589275724 -0.003236424701926195 0.0029149711228264865 -0.018398355646673678 0.0060036503246014509 5.2869679936399383e-06 0.00047197845500562607 0.00047197845500562607 0.00047197845500562607 0.00047197845500562607 -0.00047412757127212045 0.00030676048088551511 0.00047197845500562607 0.00046664984679502198 0.00047197845500562607 0.00044063961171448288 0.00047434040810179684 0.00047197845500562607 0.00047197845500562607 0.00047197845500562607 0.00047197845500562607 0.00047197845500562607 0.00047197845500562607 0.00047197845500562607 0.00024495171331629707 0.00047197845500562607 0.00047197845500562607 1.4195140504398296e-05 0.00038847313412404105 0.00047197845500562607 0.00047197845500562607 -9.5135407556341529e-05 0.00047197845500562607 0.00047197845500562607 0.00047197845500562607 0.00047197845500562607
leaf_weight=43208 715 7799 85 2159 108 50 118 379 1466 674 32 431 184 89 185 31 54 157 111 62 57 35 213 223 83 50 53 73 31 153 110 22 77 204 295 37 25 162
leaf_count=43208 715 7799 85 2159 108 50 118 379 1466 674 32 431 184 89 185 31 54 157 111 62 57 35 213 223 83 50 53 73 31 153 110 22 77 204 295 37 25 162
internal_value=-0.00111333 0.00631443 0.020769 3.24638e-05 0.00709063 0.0207968 0.0248198 0.020105 0.0311991 0.0310053 0.0252067 0.0264525 0.0237636 0.0332644 0.0232993 0.00580333 0.00669597 0.00898765 0.0148985 0.0135887 0.0225546 0.0207191 0.0329786 0.0281429 0.0263924 0.0219292 0.0257019 0.0168917 0.0236923 0.00460215 0.00704294 0.0186415 0.00728205 0.00182633 0.0315784 0.0215072 0.03375 0.0322264
internal_weight=60000 16792 5087 11705 3906 1747 4372 2514 1858 937 1853 1768 1337 1740 274 661 273 810 345 282 119 89 887 1064 841 452 369 157 104 465 163 53 234 357 389 69 320 212
internal_count=60000 16792 5087 11705 3906 1747 4372 2514 1858 937 1853 1768 1337 1740 274 661 273 810 345 282 119 89 887 1064 841 452 369 157 104 465 163 53 234 357 389 69 320 212
is_linear=0
shrinkage=0.04


Tree=118
num_leaves=39
num_cat=0
split_feature=13 68 15 135 15 16 119 31 73 73 119 119 31 31 119 43 119 119 0 12 31 31 120 119 0 118 119 31 119 31 119 12 45 71 119 12 119 31
split_gain=803.313 953.609 318.996 181.822 369.725 132.8 82.1859 114.643 71.3296 38.1515 37.3864 24.7825 62.457 20.0068 42.8455 18.6314 16.2295 15.2518 10.1918 10.0779 9.02667 8.21345 8.07775 29.9674 7.78381 7.71816 7.68459 12.1662 17.876 13.2568 8.90492 9.6112 6.44386 6.45333 4.6179 5.52 4.57524 7.3319
threshold=0.93636366724967968 0.6999170482158662 0.75000000000000011 1.0000000180025095e-35 0.75000000000000011 1.0000000180025095e-35 0.56429719924926769 0.48106098175048834 0.081620417535305037 0.081620417535305037 0.38069936633110052 0.52266719937324535 0.45428046584129339 0.53617689013481151 0.59593412280082714 -0.55557009577751149 0.51532536745071422 0.62335845828056347 0.55328193306922924 0.91245013475418102 0.49782148003578192 0.49434550106525427 1.0000000180025095e-35 0.65468347072601329 0.5412975847721101 1.0000000180025095e-35 0.49626159667968756 0.3916513472795487 0.45485258102416998 0.42232480645179754 0.48003464937210089 1.0321779251098635 0.34540821611881262 1.0000000180025095e-35 0.46147063374519354 1.0626657605171206 0.387991413474083 0.3269487619400025
decision_type=2 2 2 2 2 2 2 2 2 2 2 2 2 2 2 2 2 2 2 2 2 2 2 2 2 2 2 2 2 2 2 2 2 2 2 2 2 2
left_child=-1 2 -2 -3 -5 22 7 10 -8 -7 -4 12 26 -10 -15 -9 -14 -11 21 -18 -20 24 25 -24 -17 -6 27 36 -29 34 -31 -32 -19 -34 35 -30 37 -12
right_child=1 3 6 4 5 9 8 15 13 17 11 -13 16 14 -16 18 19 32 20 -21 -22 -23 23 -25 -26 -27 -28 28 29 30 31 -33 33 -35 -36 -37 -38 -39
leaf_value=0 -0.0031069677138491469 -0.0031069677138491469 -0.0013839576857046865 -0.0031069677138491469 0.0027983722779134014 -0.01766242142080671 0.0059059637922348118 5.0754892738772571e-06 0.00045309931680542092 0.00040698147134328623 0.00045309931680542092 0.00045309931680542092 -0.00045516246842126407 0.00029449006165009449 0.00045309931680542092 0.00044798385292324386 0.00045309931680542092 0.00045309931680542092 0.00045309931680542092 0.00045309931680542092 0.00045309931680542092 0.00032734806484160462 0.00042631819533383463 0.00045536679177770738 0.00045309931680542092 1.362733488420531e-05 0.00045309931680542092 0.00045309931680542092 0.00045309931680542092 0.00023515364478363666 0.00045309931680542092 0.00045309931680542092 0.00045309931680542092 0.00045309931680542092 0.00045309931680542092 0.00045309931680542092 0.00045309931680542092 0.00045309931680542092
leaf_weight=43208 715 7799 85 2159 108 50 116 379 1468 74 27 431 184 89 185 31 54 655 58 35 53 114 162 111 26 347 223 83 23 53 73 31 200 40 162 27 333 29
leaf_count=43208 715 7799 85 2159 108 50 116 379 1468 74 27 431 184 89 185 31 54 655 58 35 53 114 162 111 26 347 223 83 23 53 73 31 200 40 162 27 333 29
internal_value=-0.00111467 0.00630967 0.020769 2.56291e-05 0.00707015 0.020751 0.0248198 0.020105 0.0311991 0.0300726 0.0252067 0.0264525 0.0237636 0.0332216 0.0232993 0.00580333 0.00669597 0.0318308 0.0135887 0.0207191 0.023027 0.00746199 0.0077033 0.0131429 0.0198596 0.00443956 0.0281429 0.0263924 0.0219292 0.0257019 0.0168917 0.0236923 0.0332737 0.0276667 0.0322264 0.0216 0.0315784 0.021
internal_weight=60000 16792 5087 11705 3906 1747 4372 2514 1858 1019 1853 1768 1337 1742 274 661 273 969 282 89 111 171 728 273 57 455 1064 841 452 369 157 104 895 240 212 50 389 56
internal_count=60000 16792 5087 11705 3906 1747 4372 2514 1858 1019 1853 1768 1337 1742 274 661 273 969 282 89 111 171 728 273 57 455 1064 841 452 369 157 104 895 240 212 50 389 56
is_linear=0
shrinkage=0.04


Tree=119
num_leaves=39
num_cat=0
split_feature=13 85 15 135 15 86 119 14 22 73 119 119 14 43 5 119 0 12 14 14 119 16 120 119 14 113 0 118 14 119 51 119 119 119 14 119 79 85
split_gain=803.313 939.136 341.743 175.285 366.544 139.781 83.2152 117.393 57.0767 43.0953 35.8307 23.3713 61.9674 19.7289 19.3379 16.7458 10.4004 10.2101 8.75041 8.50245 16.5586 11.2223 8.31758 24.5291 8.21345 8.18236 7.78381 7.42718 6.70173 20.4455 6.49302 6.26774 13.3136 5.96751 9.96633 7.58335 5.81602 5.41295
threshold=0.93636366724967968 0.7119947373867036 0.75000000000000011 1.0000000180025095e-35 0.75000000000000011 1.0000000180025095e-35 0.56429719924926769 0.48106098175048834 0.11410588026046754 0.081620417535305037 0.38069936633110052 0.52266719937324535 0.45428046584129339 -0.55557009577751149 0.50880229473114025 0.51532536745071422 0.55328193306922924 0.91245013475418102 0.49782148003578192 0.53617689013481151 0.59593412280082714 1.0000000180025095e-35 1.0000000180025095e-35 0.66889700293540966 0.49434550106525427 0.55803975462913524 0.5412975847721101 1.0000000180025095e-35 0.53617689013481151 0.59593412280082714 0.73406916856765758 0.43171960115432745 0.45485258102416998 0.49626159667968756 0.42232480645179754 0.48003464937210089 0.53673160076141369 0.3885036855936051
decision_type=2 2 2 2 2 2 2 2 2 2 2 2 2 2 2 2 2 2 2 2 2 2 2 2 2 2 2 2 2 2 2 2 2 2 2 2 2 2
left_child=-1 2 -2 -3 -5 22 7 10 -8 -7 -4 12 25 -9 28 -14 24 -17 -18 21 -21 -16 27 -24 26 -12 -15 -6 -10 -30 -13 37 -33 34 -34 -36 -11 -27
right_child=1 3 6 4 5 9 8 13 14 36 11 30 15 16 19 17 18 -19 -20 20 -22 -23 23 -25 -26 31 -28 -29 29 -31 -32 32 33 -35 35 -37 -38 -39
leaf_value=0 -0.0029826890052951811 -0.0029826890052951811 0.0024273091259074809 -0.0029826890052951811 0.0026864373867968539 -0.016957812267319506 -0.0027468017074325246 -3.6428510338524232e-05 0.00043497534413319274 0.00043497534413319274 0.00043497534413319274 0.00043497534413319274 -0.00043695596968440498 0.0004300644988062885 0.00043022775124983067 0.00043497534413319274 0.00043497534413319274 0.00043497534413319274 0.00043497534413319274 -0.017258419054273461 0.00095617360877991856 0.00043497534413319274 0.00024851701827045835 0.00065001085666473624 0.00031425414224795021 0.00043497534413319274 0.00043497534413319274 1.3082241488859836e-05 0.0011056675663656426 0.00043497534413319274 0.00043497534413319274 0.0005472229599451121 0.00043497534413319274 0.00043497534413319274 -0.2874979040683272 0.00043497534413319274 0.00043497534413319274 0.00043497534413319274
leaf_weight=43208 787 7821 88 2087 108 52 91 396 1250 699 471 418 186 31 48 55 58 35 54 46 49 247 132 85 114 40 26 358 45 144 20 66 141 118 36 59 186 145
leaf_count=43208 787 7821 88 2087 108 52 91 396 1250 699 471 418 186 31 48 55 58 35 54 46 49 247 132 85 114 40 26 358 45 144 20 66 141 118 36 59 186 145
internal_value=-0.00111467 0.00630967 0.0203085 -8.25825e-05 0.00708174 0.021358 0.0245816 0.0198561 0.030875 0.0313895 0.0250096 0.0262346 0.0236331 0.00560236 0.0324133 0.00672464 0.0136678 0.0208889 0.0231429 0.0245128 0.0141053 0.0278644 0.0075959 0.0140645 0.00746199 0.0279703 0.0198596 0.00458369 0.0345546 0.0275344 0.0342648 0.0248926 0.0221905 0.0252655 0.0215932 0.0115789 0.0334689 0.031027
internal_weight=60000 16792 5264 11528 3707 1620 4477 2557 1920 937 1878 1790 1352 679 1829 276 283 90 112 390 95 295 683 217 171 1076 57 466 1439 189 438 605 420 354 236 95 885 185
internal_count=60000 16792 5264 11528 3707 1620 4477 2557 1920 937 1878 1790 1352 679 1829 276 283 90 112 390 95 295 683 217 171 1076 57 466 1439 189 438 605 420 354 236 95 885 185
is_linear=0
shrinkage=0.04


Tree=120
num_leaves=39
num_cat=0
split_feature=13 68 15 135 15 52 119 14 22 73 119 119 14 14 119 43 119 120 119 85 14 12 119 14 119 14 119 12 118 62 14 0 12 84 85 14 85 119
split_gain=801.829 954.866 318.996 180.416 366.994 131.678 82.1859 114.643 73.0347 40.982 37.3864 24.7825 62.457 20.1841 42.8455 18.6314 16.2295 13.7571 27.9559 10.3439 10.7173 10.0779 7.68459 12.1662 17.876 13.2568 8.90492 9.6112 7.37711 7.12594 6.60327 7.08338 5.37336 6.81394 5.31726 7.83392 5.83225 4.6179
threshold=0.93636366724967968 0.6999170482158662 0.75000000000000011 1.0000000180025095e-35 0.75000000000000011 1.0000000180025095e-35 0.56429719924926769 0.48106098175048834 0.11410588026046754 0.081620417535305037 0.38069936633110052 0.52266719937324535 0.45428046584129339 0.53617689013481151 0.59593412280082714 -0.55557009577751149 0.51532536745071422 1.0000000180025095e-35 0.65468347072601329 0.55228129029273998 0.49782148003578192 0.91245013475418102 0.49626159667968756 0.3916513472795487 0.45485258102416998 0.42232480645179754 0.48003464937210089 1.0321779251098635 1.0000000180025095e-35 0.46654024720191961 0.49434550106525427 0.5412975847721101 0.76287078857421886 1.0000000180025095e-35 0.3885036855936051 0.3269487619400025 0.50347670912742626 0.46147063374519354
decision_type=2 2 2 2 2 2 2 2 2 2 2 2 2 2 2 2 2 2 2 2 2 2 2 2 2 2 2 2 2 2 2 2 2 2 2 2 2 2
left_child=-1 2 -2 -3 -5 17 7 10 -8 -7 -4 12 22 -10 -15 -9 -14 28 -19 30 -21 -18 23 34 -25 37 -27 -28 -6 -11 31 -17 33 -30 35 -12 -36 -26
right_child=1 3 6 4 5 9 8 15 13 29 11 -13 16 14 -16 19 21 18 -20 20 -22 -23 -24 24 25 26 27 -29 32 -31 -32 -33 -34 -35 36 -37 -38 -39
leaf_value=0 -0.0028633814450833741 -0.0028633814450833741 -0.0014256917433127824 -0.0028633814450833741 0.0025789798913249487 -0.016277612073281631 0.0056371378282253047 6.3296101164659479e-06 0.00041757633036787923 0.00041757633036787923 0.00041757633036787923 0.00041757633036787923 -0.0004194777308970288 0.00023848375652946174 0.00041757633036787923 0.00041286191885404834 0.00041757633036787923 0.00041757633036787923 0.00041756819933040526 0.00041757633036787923 0.00041757633036787923 0.00041757633036787923 0.00041757633036787923 0.00041757633036787923 0.00041757633036787923 0.00020834848522696347 0.00041757633036787923 0.00041757633036787923 -9.7421892197928629e-05 0.00041757633036787923 0.00034727012047547134 0.00041757633036787923 -9.2398374308970692e-05 1.2558951829291231e-05 0.00041757633036787923 0.00041757633036787923 0.00041757633036787923 0.00041757633036787923
leaf_weight=43208 715 7799 85 2159 108 50 118 379 1466 673 32 431 184 89 185 31 54 239 135 62 57 35 223 83 50 53 73 31 77 186 110 22 203 76 295 37 25 162
leaf_count=43208 715 7799 85 2159 108 50 118 379 1466 673 32 431 184 89 185 31 54 239 135 62 57 35 223 83 50 53 73 31 77 186 110 22 203 76 295 37 25 162
internal_value=-0.00111733 0.00630014 0.020769 1.19597e-05 0.00702918 0.0206594 0.0248198 0.020105 0.0311991 0.0312035 0.0252067 0.0264525 0.0237636 0.0332644 0.0232993 0.00580333 0.00669597 0.00922196 0.0149305 0.0135887 0.0225546 0.0207191 0.0281429 0.0263924 0.0219292 0.0257019 0.0168917 0.0236923 0.00462069 0.0332526 0.00704294 0.0186415 0.0018427 0.00750327 0.0315784 0.0215072 0.03375 0.0322264
internal_weight=60000 16792 5087 11705 3906 1747 4372 2514 1858 909 1853 1768 1337 1740 274 661 273 838 374 282 119 89 1064 841 452 369 157 104 464 859 163 53 356 153 389 69 320 212
internal_count=60000 16792 5087 11705 3906 1747 4372 2514 1858 909 1853 1768 1337 1740 274 661 273 838 374 282 119 89 1064 841 452 369 157 104 464 859 163 53 356 153 389 69 320 212
is_linear=0
shrinkage=0.04


Tree=121
num_leaves=39
num_cat=0
split_feature=13 68 15 135 15 69 102 14 22 73 102 9 102 14 14 102 120 34 102 79 102 14 14 123 113 14 103 0 29 102 14 102 14 29 71 102 102 29
split_gain=801.829 954.866 318.996 180.416 366.994 132.974 68.8978 109.416 70.8969 40.2544 36.1649 23.4113 21.7098 58.1833 17.941 40.8582 11.9676 10.2347 9.33102 9.12515 8.96649 10.4768 8.58179 8.29253 8.2847 8.14407 7.75779 6.16219 5.23215 6.22593 9.29825 6.97589 10.9388 4.13817 4.10872 4.9539 4.09091 3.86519
threshold=0.93636366724967968 0.6999170482158662 0.75000000000000011 1.0000000180025095e-35 0.75000000000000011 1.0000000180025095e-35 0.56428781151771557 0.48106098175048834 0.11410588026046754 0.081620417535305037 0.37993320822715765 -0.68322628736495961 0.52068921923637401 0.45428046584129339 0.53617689013481151 0.59573671221733104 1.0000000180025095e-35 0.5538635551929475 0.65507918596267711 0.53673160076141369 0.51555371284484874 0.46050065755844122 0.49434550106525427 1.0000000180025095e-35 0.55803975462913524 0.49782148003578192 1.0000000180025095e-35 0.5412975847721101 0.93004098534584057 0.48479545116424566 0.42232480645179754 0.45443418622016912 0.3916513472795487 0.87096264958381664 1.0000000180025095e-35 0.69481849670410167 0.39428536593914038 0.76287078857421886
decision_type=2 2 2 2 2 2 2 2 2 2 2 2 2 2 2 2 2 2 2 2 2 2 2 2 2 2 2 2 2 2 2 2 2 2 2 2 2 2
left_child=-1 2 -2 -3 -5 16 7 10 -8 -7 -4 -9 13 24 23 -16 37 22 -18 -11 -15 -22 27 -10 -12 -19 33 -13 29 30 31 32 36 -20 35 -21 -26 -6
right_child=1 3 6 4 5 9 8 11 14 19 12 17 -14 20 15 -17 18 25 26 34 21 -23 -24 -25 28 -27 -28 -29 -30 -31 -32 -33 -34 -35 -36 -37 -38 -39
leaf_value=0 -0.0027488461872800392 -0.0027488461872800392 -0.001368664073580277 -0.0027488461872800392 0.002475820695671942 -0.015626507590350371 0.0054116523150962896 -3.5224554329644775e-05 0.0004008732771531953 0.0004008732771531953 0.0004008732771531953 0.00039861035584990118 0.0004008732771531953 0.0031485795034451769 0.00022894440626828328 0.0004008732771531953 0.00040125758666786037 0.0004008732771531953 6.4751468033229906e-05 0.0004008732771531953 0.0004008732771531953 -0.42763425382446246 0.00040203806015645183 0.0004008732771531953 0.0004008732771531953 0.0004008732771531953 0.00040065248917776501 0.0004008732771531953 0.0004008732771531953 0.0004008732771531953 0.0004008732771531953 0.0004008732771531953 0.00039638337252071668 0.0090556250155897321 0.0004008732771531953 0.0004008732771531953 0.0004008732771531953 0.00048460242112660981
leaf_weight=43208 715 7799 79 2159 200 50 118 368 1323 674 485 36 478 195 90 183 129 59 65 53 39 24 122 117 30 59 98 26 301 54 49 56 45 53 35 125 36 265
leaf_count=43208 715 7799 79 2159 200 50 118 368 1323 674 485 36 478 195 90 183 129 59 65 53 39 24 122 117 30 59 98 26 301 54 49 56 45 53 35 125 36 265
internal_value=-0.00111733 0.00630014 0.020769 1.19597e-05 0.00702918 0.0206594 0.0248198 0.0205573 0.0307351 0.03092 0.0255243 0.00668657 0.026692 0.0240365 0.0328009 0.0233993 0.00879012 0.0149404 0.0144348 0.0328884 0.00700775 0.020127 0.00904348 0.0345833 0.028197 0.0241356 0.0195185 0.0211613 0.0249317 0.0208889 0.0178519 0.0223473 0.0165405 0.0126102 0.0256714 0.0281348 0.0269091 0.00460215
internal_weight=60000 16792 5087 11705 3906 1747 4372 2541 1831 937 1871 670 1792 1314 1713 273 810 302 345 887 258 63 184 1440 1056 118 216 62 571 270 216 167 111 118 213 178 66 465
internal_count=60000 16792 5087 11705 3906 1747 4372 2541 1831 937 1871 670 1792 1314 1713 273 810 302 345 887 258 63 184 1440 1056 118 216 62 571 270 216 167 111 118 213 178 66 465
is_linear=0
shrinkage=0.04


Tree=122
num_leaves=39
num_cat=0
split_feature=13 68 15 135 15 69 102 14 22 73 102 9 102 14 14 102 103 102 118 102 12 34 79 14 123 96 14 0 16 12 102 14 102 12 71 102 102 17
split_gain=778.269 965.678 317.176 161.635 330.468 167.618 70.8293 107.193 70.8969 40.2544 35.6413 23.4113 22.9212 66.0985 17.941 40.8582 17.0823 17.2396 14.3983 10.9753 10.4768 10.2347 9.12515 8.58179 8.29253 8.27161 8.14407 6.16219 5.90306 4.62948 5.44956 8.27816 6.53802 10.037 4.10872 4.9539 3.87995 3.77576
threshold=0.93636366724967968 0.6999170482158662 0.75000000000000011 1.0000000180025095e-35 0.75000000000000011 1.0000000180025095e-35 0.56428781151771557 0.48106098175048834 0.11410588026046754 0.081620417535305037 0.37993320822715765 -0.68322628736495961 0.52068921923637401 0.45428046584129339 0.53617689013481151 0.59573671221733104 1.0000000180025095e-35 0.68592998385429393 1.0000000180025095e-35 0.51555371284484874 0.91245013475418102 0.5538635551929475 0.53673160076141369 0.49434550106525427 1.0000000180025095e-35 0.79924157261848461 0.49782148003578192 0.5412975847721101 1.0000000180025095e-35 0.93004098534584057 0.48479545116424566 0.42232480645179754 0.45443418622016912 0.78291481733322155 1.0000000180025095e-35 0.69481849670410167 0.39428536593914038 0.70597830414772045
decision_type=2 2 2 2 2 2 2 2 2 2 2 2 2 2 2 2 2 2 2 2 2 2 2 2 2 2 2 2 2 2 2 2 2 2 2 2 2 2
left_child=-1 2 -2 -3 -5 16 7 10 -8 -7 -4 -9 13 25 24 -16 18 28 -6 -15 -21 23 -11 27 -10 -12 -23 -13 -18 30 31 32 33 36 35 -24 -27 -14
right_child=1 3 6 4 5 9 8 11 14 22 12 21 37 19 15 -17 17 -19 -20 20 -22 26 34 -25 -26 29 -28 -29 -30 -31 -32 -33 -34 -35 -36 -37 -38 -39
leaf_value=0 -0.0026388923397888376 -0.0026388923397888376 -0.001313917510637097 -0.0026388923397888376 0.0024578503532945778 -0.015001447286736323 0.005195186222492423 -3.3815572156470355e-05 0.00038483834606708458 0.00038483834606708458 0.00038483834606708458 0.00038266594161590186 0.00038483834606708458 0.0030226363233073527 0.00021978663001753773 0.00038483834606708458 0.00035830796343212367 0.00038453176723464823 -8.6976234070732512e-05 0.00038483834606708458 -0.41052888367148394 0.00038483834606708458 0.00038483834606708458 0.00038595653775017026 0.00038483834606708458 0.00038483834606708458 0.00038483834606708458 0.00038483834606708458 0.00038484737273046337 0.00038483834606708458 0.00038483834606708458 0.00038483834606708458 0.00038483834606708458 -0.021844481802463758 0.00038483834606708458 0.00038483834606708458 0.00038483834606708458 0.00038483834606708458
leaf_weight=43208 715 7799 79 2159 115 50 118 368 1323 674 552 36 425 195 90 183 95 67 468 39 24 59 53 122 117 27 59 26 65 268 47 42 50 39 35 125 31 53
leaf_count=43208 715 7799 79 2159 115 50 118 368 1323 674 552 36 425 195 90 183 95 67 468 39 24 59 53 122 117 27 59 26 65 268 47 42 50 39 35 125 31 53
internal_value=-0.00116 0.00614769 0.0206982 -0.000175994 0.00646595 0.0194001 0.0247374 0.0204156 0.0307351 0.03092 0.0253319 0.00668657 0.0264911 0.0237626 0.0328009 0.0233993 0.00607407 0.0153833 0.0024494 0.0056124 0.020127 0.0149404 0.0328884 0.00904348 0.0345833 0.028197 0.0241356 0.0211613 0.00825 0.0244921 0.0204068 0.0173757 0.0218503 0.0157938 0.0256714 0.0281348 0.0263448 0.0339916
internal_weight=60000 16792 5087 11705 3906 1747 4372 2541 1831 937 1871 670 1792 1314 1713 273 810 227 583 258 63 302 887 184 1440 1056 118 62 160 504 236 189 147 97 213 178 58 478
internal_count=60000 16792 5087 11705 3906 1747 4372 2541 1831 937 1871 670 1792 1314 1713 273 810 227 583 258 63 302 887 184 1440 1056 118 62 160 504 236 189 147 97 213 178 58 478
is_linear=0
shrinkage=0.04


Tree=123
num_leaves=39
num_cat=0
split_feature=13 68 15 135 15 69 119 14 22 73 119 119 14 14 119 43 103 119 119 118 85 14 12 79 119 14 119 14 119 12 14 0 16 85 14 85 119 12
split_gain=777.904 964.95 316.974 161.635 330.468 167.618 83.9984 112.358 72.9315 40.2544 36.8279 21.1712 62.457 20.0911 42.8455 18.6314 17.0823 19.6864 16.2295 14.3983 10.3439 10.7173 10.0779 9.12515 7.68459 12.1662 17.876 13.2568 8.90492 9.6112 6.60327 7.08338 5.57419 5.31726 7.83392 5.83225 4.6179 5.52
threshold=0.93636366724967968 0.6999170482158662 0.75000000000000011 1.0000000180025095e-35 0.75000000000000011 1.0000000180025095e-35 0.56429719924926769 0.48106098175048834 0.11410588026046754 0.081620417535305037 0.38069936633110052 0.52266719937324535 0.45428046584129339 0.53617689013481151 0.59593412280082714 -0.55557009577751149 1.0000000180025095e-35 0.65468347072601329 0.51532536745071422 1.0000000180025095e-35 0.55228129029273998 0.49782148003578192 0.91245013475418102 0.53673160076141369 0.49626159667968756 0.3916513472795487 0.45485258102416998 0.42232480645179754 0.48003464937210089 1.0321779251098635 0.49434550106525427 0.5412975847721101 1.0000000180025095e-35 0.3885036855936051 0.3269487619400025 0.50347670912742626 0.46147063374519354 1.0626657605171206
decision_type=2 2 2 2 2 2 2 2 2 2 2 2 2 2 2 2 2 2 2 2 2 2 2 2 2 2 2 2 2 2 2 2 2 2 2 2 2 2
left_child=-1 2 -2 -3 -5 16 7 10 -8 -7 -4 12 24 -10 -15 -9 19 32 -14 -6 30 -22 -20 -11 25 33 -27 36 -29 -30 31 -17 -18 34 -12 -35 37 -28
right_child=1 3 6 4 5 9 8 15 13 23 11 -13 18 14 -16 20 17 -19 22 -21 21 -23 -24 -25 -26 26 27 28 29 -31 -32 -33 -34 35 -36 -37 -38 -39
leaf_value=0 -0.0025333366461972838 -0.0025333366461972838 -0.0012613608102115847 -0.0025333366461972838 0.0023595363391627757 -0.014401389395266903 0.0049873787735927365 8.8380307712291477e-06 0.00036944481222441541 0.00036944481222441541 0.00036944481222441541 0.00036944481222441541 -0.00064954725473121756 0.00021099516481683624 0.00036944481222441541 0.00036509639020124499 0.00030901782514493521 0.00036915049654524524 0.00036944481222441541 -8.3497184707894694e-05 0.00036944481222441541 0.00036944481222441541 0.00036944481222441541 0.00036944481222441541 0.00036944481222441541 0.00036944481222441541 0.00036944481222441541 0.00016858608088909932 0.00036944481222441541 0.00036944481222441541 0.00030185953174019178 0.00036944481222441541 0.00036945328267684374 0.00036944481222441541 0.00036944481222441541 0.00036944481222441541 0.00036944481222441541 0.00036944481222441541
leaf_weight=43208 715 7799 85 2159 115 50 118 379 1466 674 32 431 184 89 185 31 93 72 54 468 62 57 35 213 223 83 23 53 73 31 110 22 62 295 37 25 162 27
leaf_count=43208 715 7799 85 2159 115 50 118 379 1466 674 32 431 184 89 185 31 93 72 54 468 62 57 35 213 223 83 23 53 73 31 110 22 62 295 37 25 162 27
internal_value=-0.00116067 0.00614531 0.0206904 -0.000175994 0.00646595 0.0194001 0.0247283 0.0199618 0.0311776 0.03092 0.0250124 0.0262489 0.0237636 0.0332414 0.0232993 0.00580333 0.00607407 0.0153833 0.00669597 0.0024494 0.0135887 0.0225546 0.0207191 0.0328884 0.0281429 0.0263924 0.0219292 0.0257019 0.0168917 0.0236923 0.00704294 0.0186415 0.00735484 0.0315784 0.0215072 0.03375 0.0322264 0.0216
internal_weight=60000 16792 5087 11705 3906 1747 4372 2514 1858 937 1853 1768 1337 1740 274 661 810 227 273 583 282 119 89 887 1064 841 452 369 157 104 163 53 155 389 69 320 212 50
internal_count=60000 16792 5087 11705 3906 1747 4372 2514 1858 937 1853 1768 1337 1740 274 661 810 227 273 583 282 119 89 887 1064 841 452 369 157 104 163 53 155 389 69 320 212 50
is_linear=0
shrinkage=0.04


Tree=124
num_leaves=39
num_cat=0
split_feature=30 68 15 135 15 69 119 14 73 73 119 119 14 14 119 43 103 119 119 118 85 14 12 79 119 14 119 14 119 12 14 0 16 85 14 85 119 12
split_gain=777.904 964.95 316.974 161.635 330.468 167.618 83.9984 112.358 71.2285 40.2544 36.8279 21.1712 62.457 19.9144 42.8455 18.6314 16.4417 20.0898 16.2295 14.2429 10.3439 10.7173 10.0779 9.12515 7.68459 12.1662 17.876 13.2568 8.90492 9.6112 6.60327 7.08338 5.88817 5.31726 7.83392 5.83225 4.6179 5.52
threshold=0.93636366724967968 0.6999170482158662 0.75000000000000011 1.0000000180025095e-35 0.75000000000000011 1.0000000180025095e-35 0.56429719924926769 0.48106098175048834 0.081620417535305037 0.081620417535305037 0.38069936633110052 0.52266719937324535 0.45428046584129339 0.53617689013481151 0.59593412280082714 -0.55557009577751149 1.0000000180025095e-35 0.65468347072601329 0.51532536745071422 1.0000000180025095e-35 0.55228129029273998 0.49782148003578192 0.91245013475418102 0.53673160076141369 0.49626159667968756 0.3916513472795487 0.45485258102416998 0.42232480645179754 0.48003464937210089 1.0321779251098635 0.49434550106525427 0.5412975847721101 1.0000000180025095e-35 0.3885036855936051 0.3269487619400025 0.50347670912742626 0.46147063374519354 1.0626657605171206
decision_type=2 2 2 2 2 2 2 2 2 2 2 2 2 2 2 2 2 2 2 2 2 2 2 2 2 2 2 2 2 2 2 2 2 2 2 2 2 2
left_child=-1 2 -2 -3 -5 16 7 10 -8 -7 -4 12 24 -10 -15 -9 19 32 -14 -6 30 -22 -20 -11 25 33 -27 36 -29 -30 31 -17 -18 34 -12 -35 37 -28
right_child=1 3 6 4 5 9 8 15 13 23 11 -13 18 14 -16 20 17 -19 22 -21 21 -23 -24 -25 -26 26 27 28 29 -31 -32 -33 -34 35 -36 -37 -38 -39
leaf_value=0 -0.0024320031803493924 -0.0024320031803493924 -0.001210906377803127 -0.0024320031803493924 0.0022651548855962349 -0.013825333819456205 0.0049303431032664633 8.4845095403799503e-06 0.00035466701973547288 0.00035466701973547288 0.00035466701973547288 0.00035466701973547288 -0.00062356536454196028 0.00020255535822414573 0.00035466701973547288 0.00035049253459320086 0.00029665711213911622 0.00035438447668340701 0.00035466701973547288 -8.0157297319587433e-05 0.00035466701973547288 0.00035466701973547288 0.00035466701973547288 0.00035466701973547288 0.00035466701973547288 0.00035466701973547288 0.00035466701973547288 0.00016184263765353535 0.00035466701973547288 0.00035466701973547288 0.00028978515047057841 0.00035466701973547288 0.0003546751513697899 0.00035466701973547288 0.00035466701973547288 0.00035466701973547288 0.00035466701973547288 0.00035466701973547288
leaf_weight=43208 715 7799 85 2159 115 50 116 379 1468 674 32 431 184 89 185 31 93 72 54 468 62 57 35 213 223 83 23 53 73 31 110 22 62 295 37 25 162 27
leaf_count=43208 715 7799 85 2159 115 50 116 379 1468 674 32 431 184 89 185 31 93 72 54 468 62 57 35 213 223 83 23 53 73 31 110 22 62 295 37 25 162 27
internal_value=-0.00116067 0.00614531 0.0206904 -0.000175994 0.00646595 0.0194001 0.0247283 0.0199618 0.0311776 0.03092 0.0250124 0.0262489 0.0237636 0.0331986 0.0232993 0.00580333 0.00607407 0.015207 0.00669597 0.00251801 0.0135887 0.0225546 0.0207191 0.0328884 0.0281429 0.0263924 0.0219292 0.0257019 0.0168917 0.0236923 0.00704294 0.0186415 0.00709677 0.0315784 0.0215072 0.03375 0.0322264 0.0216
internal_weight=60000 16792 5087 11705 3906 1747 4372 2514 1858 937 1853 1768 1337 1742 274 661 810 227 273 583 282 119 89 887 1064 841 452 369 157 104 163 53 155 389 69 320 212 50
internal_count=60000 16792 5087 11705 3906 1747 4372 2514 1858 937 1853 1768 1337 1742 274 661 810 227 273 583 282 119 89 887 1064 841 452 369 157 104 163 53 155 389 69 320 212 50
is_linear=0
shrinkage=0.04


Tree=125
num_leaves=39
num_cat=0
split_feature=30 68 15 84 15 27 119 14 22 5 119 103 73 119 119 14 14 119 43 119 85 14 14 71 119 14 119 14 119 14 16 14 0 85 14 85 85 119
split_gain=777.904 964.95 316.974 150.167 331.111 109.017 83.9984 112.358 72.9315 37.3398 36.8279 31.1639 46.9176 31.014 21.1712 62.457 20.0911 42.8455 18.6314 16.2295 10.3439 10.7173 10.0779 7.81487 7.68459 12.1662 17.876 13.2568 8.90492 9.6112 7.29948 6.60327 7.08338 5.31726 7.83392 5.83225 4.65421 4.6179
threshold=0.93636366724967968 0.6999170482158662 0.75000000000000011 1.0000000180025095e-35 0.75000000000000011 0.4124861359596253 0.56429719924926769 0.48106098175048834 0.11410588026046754 0.12560168653726581 0.38069936633110052 1.0000000180025095e-35 0.081620417535305037 0.65468347072601329 0.52266719937324535 0.45428046584129339 0.53617689013481151 0.59593412280082714 -0.55557009577751149 0.51532536745071422 0.55228129029273998 0.49782148003578192 0.46050065755844122 1.0000000180025095e-35 0.49626159667968756 0.3916513472795487 0.45485258102416998 0.42232480645179754 0.48003464937210089 0.43158185482025152 1.0000000180025095e-35 0.49434550106525427 0.5412975847721101 0.3885036855936051 0.3269487619400025 0.50347670912742626 0.70745763182640087 0.46147063374519354
decision_type=2 2 2 2 2 2 2 2 2 2 2 2 2 2 2 2 2 2 2 2 2 2 2 2 2 2 2 2 2 2 2 2 2 2 2 2 2 2
left_child=-1 2 -2 -3 -5 11 7 10 -8 -7 -4 -6 -13 30 15 24 -10 -18 -9 -17 31 -22 -21 -15 25 33 -27 37 -29 -30 -14 32 -20 34 -12 -35 -32 -28
right_child=1 3 6 4 5 9 8 18 16 -11 14 12 13 23 -16 19 17 -19 20 22 21 -23 -24 -25 -26 26 27 28 29 -31 36 -33 -34 35 -36 -37 -38 -39
leaf_value=0 -0.002334723053135417 -0.002334723053135417 -0.0011624701226909907 -0.002334723053135417 3.1784195678043206e-05 0.10565331358587926 0.0045906698985183981 8.145129158733458e-06 0.00034048033894606533 0.00034048033894606533 0.00034048033894606533 0.18031911002986595 0.00031496036604863778 0.00034048033894606533 0.00034048033894606533 -0.00059862274996028478 0.0001944531438951458 0.00034048033894606533 0.00033647283320945579 0.00034048033894606533 0.00034048033894606533 0.00034048033894606533 0.00034048033894606533 0.00034048033894606533 0.00034048033894606533 0.00034048033894606533 0.00034048033894606533 0.00015536893214736835 0.00034048033894606533 0.00034048033894606533 0.00034048033894606533 0.00027819374445172686 0.00034048033894606533 0.00034048033894606533 0.00034048033894606533 0.00034048033894606533 0.00029020674980586138 0.00034048033894606533
leaf_weight=43208 715 7891 85 2155 288 54 118 379 1466 610 32 222 92 263 431 184 89 185 31 54 62 57 35 35 223 83 50 53 73 31 71 110 22 295 37 25 24 162
leaf_count=43208 715 7891 85 2155 288 54 118 379 1466 610 32 222 92 263 431 184 89 185 31 54 62 57 35 35 223 83 50 53 73 31 71 110 22 295 37 25 24 162
internal_value=-0.00116067 0.00614531 0.0206904 -0.000175994 0.00634085 0.0197734 0.0247283 0.0199618 0.0311776 0.0323253 0.0250124 0.011397 0.0159151 0.0228866 0.0262489 0.0237636 0.0332414 0.0232993 0.00580333 0.00669597 0.0135887 0.0225546 0.0207191 0.0308993 0.0281429 0.0263924 0.0219292 0.0257019 0.0168917 0.0236923 0.0101176 0.00704294 0.0186415 0.0315784 0.0215072 0.03375 0.0178947 0.0322264
internal_weight=60000 16792 5087 11705 3814 1659 4372 2514 1858 664 1853 995 707 485 1768 1337 1740 274 661 273 282 119 89 298 1064 841 452 369 157 104 187 163 53 389 69 320 95 212
internal_count=60000 16792 5087 11705 3814 1659 4372 2514 1858 664 1853 995 707 485 1768 1337 1740 274 661 273 282 119 89 298 1064 841 452 369 157 104 187 163 53 389 69 320 95 212
is_linear=0
shrinkage=0.04


Tree=126
num_leaves=39
num_cat=0
split_feature=13 68 15 135 15 69 119 14 22 73 119 119 14 14 119 43 103 119 119 118 0 12 79 14 14 0 119 14 119 14 119 12 16 119 12 119 14 10
split_gain=778.634 964.318 316.974 162.3 331.763 166.288 83.9984 112.358 72.9315 40.2544 36.8279 21.1712 62.457 20.0911 42.8455 18.6314 16.7217 19.6864 16.2295 14.0883 10.1918 10.0779 9.12515 9.02667 8.21345 7.78381 7.68459 12.1662 17.876 13.2568 8.90492 9.6112 5.57419 4.6179 5.52 4.57524 7.3319 5.51569
threshold=0.93636366724967968 0.6999170482158662 0.75000000000000011 1.0000000180025095e-35 0.75000000000000011 1.0000000180025095e-35 0.56429719924926769 0.48106098175048834 0.11410588026046754 0.081620417535305037 0.38069936633110052 0.52266719937324535 0.45428046584129339 0.53617689013481151 0.59593412280082714 -0.55557009577751149 1.0000000180025095e-35 0.65468347072601329 0.51532536745071422 1.0000000180025095e-35 0.55328193306922924 0.91245013475418102 0.53673160076141369 0.49782148003578192 0.49434550106525427 0.5412975847721101 0.49626159667968756 0.3916513472795487 0.45485258102416998 0.42232480645179754 0.48003464937210089 1.0321779251098635 1.0000000180025095e-35 0.46147063374519354 1.0626657605171206 0.387991413474083 0.3269487619400025 -0.13052606582641599
decision_type=2 2 2 2 2 2 2 2 2 2 2 2 2 2 2 2 2 2 2 2 2 2 2 2 2 2 2 2 2 2 2 2 2 2 2 2 2 2
left_child=-1 2 -2 -3 -5 16 7 10 -8 -7 -4 12 26 -10 -15 -9 19 32 -14 -6 24 -20 -11 -22 25 -17 27 35 -29 33 -31 -32 -18 34 -30 36 -12 -37
right_child=1 3 6 4 5 9 8 15 13 22 11 -13 18 14 -16 20 17 -19 21 -21 23 -23 -24 -25 -26 -27 -28 28 29 30 31 -33 -34 -35 -36 37 -38 -39
leaf_value=0 -0.0022413341310100004 -0.0022413341310100004 -0.0011159713177833197 -0.0022413341310100004 0.0022679376122978173 -0.020485084867872559 0.0044070431025776307 7.8193239923499835e-06 0.00032686112538819143 0.00032686112538819143 0.00032686112538819143 0.00032686112538819143 -0.00057467783996187902 0.00018667501813936837 0.00032686112538819143 0.00032301391988106334 0.00027219241301156742 0.00032658988405820822 0.00032686112538819143 -7.8222373253922234e-05 0.00032686112538819143 0.00032686112538819143 0.00032686112538819143 0.00032686112538819143 0.00022147985075622844 0.00032686112538819143 0.00032686112538819143 0.00032686112538819143 0.00032686112538819143 0.00014915417486150774 0.00032686112538819143 0.00032686112538819143 0.00032686893175714715 0.00032686112538819143 0.00032686112538819143 0.00032686112538819143 0.00032686112538819143 0.00032686112538819143
leaf_weight=43208 715 7799 85 2159 115 50 118 379 1466 674 27 431 184 89 185 31 93 72 54 468 58 35 213 53 114 26 223 83 23 53 73 31 62 162 27 29 29 304
leaf_count=43208 715 7799 85 2159 115 50 118 379 1466 674 27 431 184 89 185 31 93 72 54 468 58 35 213 53 114 26 223 83 23 53 73 31 62 162 27 29 29 304
internal_value=-0.00115933 0.00615007 0.0206904 -0.000169159 0.00648643 0.0194459 0.0247283 0.0199618 0.0311776 0.03092 0.0250124 0.0262489 0.0237636 0.0332414 0.0232993 0.00580333 0.00617284 0.0153833 0.00669597 0.00258662 0.0135887 0.0207191 0.0328884 0.023027 0.00746199 0.0198596 0.0281429 0.0263924 0.0219292 0.0257019 0.0168917 0.0236923 0.00735484 0.0322264 0.0216 0.0315784 0.021 0.0333574
internal_weight=60000 16792 5087 11705 3906 1747 4372 2514 1858 937 1853 1768 1337 1740 274 661 810 227 273 583 282 89 887 111 171 57 1064 841 452 369 157 104 155 212 50 389 56 333
internal_count=60000 16792 5087 11705 3906 1747 4372 2514 1858 937 1853 1768 1337 1740 274 661 810 227 273 583 282 89 887 111 171 57 1064 841 452 369 157 104 155 212 50 389 56 333
is_linear=0
shrinkage=0.04


Tree=127
num_leaves=39
num_cat=0
split_feature=13 68 15 120 15 73 119 31 119 73 119 119 31 31 119 103 60 119 85 31 12 16 119 31 119 31 119 12 85 31 0 85 31 85 119 12 56 96
split_gain=778.634 964.318 316.974 158.27 350.347 135.36 83.9984 112.358 78.5831 71.2285 36.8279 21.1712 62.457 19.9144 42.8455 18.7643 18.6314 16.2295 10.3439 10.7173 10.0779 8.29464 7.68459 12.1662 17.876 13.2568 8.90492 9.6112 7.16737 6.60327 7.08338 5.31726 7.83392 5.83225 4.6179 5.52 4.30054 3.11321
threshold=0.93636366724967968 0.6999170482158662 0.75000000000000011 1.0000000180025095e-35 0.75000000000000011 0.081620417535305037 0.56429719924926769 0.48106098175048834 0.65468347072601329 0.081620417535305037 0.38069936633110052 0.52266719937324535 0.45428046584129339 0.53617689013481151 0.59593412280082714 1.0000000180025095e-35 -0.49999997019767756 0.51532536745071422 0.55228129029273998 0.49782148003578192 0.91245013475418102 1.0000000180025095e-35 0.49626159667968756 0.3916513472795487 0.45485258102416998 0.42232480645179754 0.48003464937210089 1.0321779251098635 0.71251320838928234 0.49434550106525427 0.5412975847721101 0.3885036855936051 0.3269487619400025 0.50347670912742626 0.46147063374519354 1.0626657605171206 0.1095455400645733 0.77794587612152111
decision_type=2 2 2 2 2 2 2 2 2 2 2 2 2 2 2 2 2 2 2 2 2 2 2 2 2 2 2 2 2 2 2 2 2 2 2 2 2 2
left_child=-1 2 -2 -3 -5 -6 7 10 21 -8 -4 12 22 -11 -15 -10 -9 -14 29 -20 -19 -7 23 31 -25 34 37 -28 -23 30 -18 32 -12 -33 35 -26 -17 -27
right_child=1 3 6 4 5 8 9 16 15 13 11 -13 17 14 -16 36 18 20 19 -21 -22 28 -24 24 25 26 27 -29 -30 -31 -32 33 -34 -35 -36 -37 -38 -39
leaf_value=0 -0.0021516807657696001 -0.0021516807657696001 -0.0010713324650719613 -0.0021516807657696001 -0.0021516807657696001 0.00029854742766268828 0.0043732208590919128 7.5065510326758481e-06 0.00025874858550042483 0.00031378668037262969 0.00031378668037262969 0.00031378668037262969 -0.00055169072636338965 0.00017920801741382774 0.00031378668037262969 0.00031378668037262969 0.00031009336308585489 0.00031378668037262969 0.00031378668037262969 0.00031378668037262969 0.00031378668037262969 0.00031378817918153323 0.00031378668037262969 0.00031378668037262969 0.00031378668037262969 0.029626069352636276 0.00031378668037262969 0.00031378668037262969 -0.0001056975166968499 0.00025820680064342127 0.00031378668037262969 0.00031378668037262969 0.00031378668037262969 0.00031378668037262969 0.00031378668037262969 0.00031378668037262969 0.00031378668037262969 -0.27606314838295404
leaf_weight=43208 715 7971 85 2131 373 163 116 379 55 1468 32 431 184 89 185 87 31 54 62 57 35 79 223 83 23 20 73 31 27 110 22 295 37 25 162 27 819 33
leaf_count=43208 715 7971 85 2131 373 163 116 379 55 1468 32 431 184 89 185 87 31 54 62 57 35 79 223 83 23 20 73 31 27 110 22 295 37 25 162 27 819 33
internal_value=-0.00115933 0.00615007 0.0206904 -0.000169159 0.00662667 0.0207536 0.0247283 0.0199618 0.0271545 0.0311776 0.0250124 0.0262489 0.0237636 0.0331986 0.0232993 0.0325036 0.00580333 0.00669597 0.0135887 0.0225546 0.0207191 0.00804461 0.0281429 0.0263924 0.0219292 0.0257019 0.0168917 0.0236923 0.0167547 0.00704294 0.0186415 0.0315784 0.0215072 0.03375 0.0322264 0.0216 0.0338808 0.00354717
internal_weight=60000 16792 5087 11705 3734 1603 4372 2514 1230 1858 1853 1768 1337 1742 274 961 661 273 282 119 89 269 1064 841 452 369 157 104 106 163 53 389 69 320 212 50 906 53
internal_count=60000 16792 5087 11705 3734 1603 4372 2514 1230 1858 1853 1768 1337 1742 274 961 661 273 282 119 89 269 1064 841 452 369 157 104 106 163 53 389 69 320 212 50 906 53
is_linear=0
shrinkage=0.04


Tree=128
num_leaves=39
num_cat=0
split_feature=13 68 15 84 15 27 119 14 56 5 119 124 52 119 14 14 119 43 119 0 12 14 119 14 119 12 14 103 119 0 71 12 119 14 119 12 119 14
split_gain=790.373 946.985 315.562 158.814 352.259 96.42 85.675 110.597 70.6732 37.3398 36.3964 31.484 34.6813 22.05 60.9337 20.0783 42.8455 18.6314 16.2295 10.1918 10.0779 9.02667 8.30946 14.4691 14.1879 9.6112 8.21345 8.17344 17.6904 7.78381 6.53521 6.37293 5.65876 25.3694 5.27301 5.52 4.9865 7.3319
threshold=0.93636366724967968 0.6999170482158662 0.75000000000000011 1.0000000180025095e-35 0.75000000000000011 0.4124861359596253 0.56429719924926769 0.48106098175048834 0.09360742568969728 0.12560168653726581 0.38069936633110052 0.050035268068313606 1.0000000180025095e-35 0.52266719937324535 0.45428046584129339 0.53617689013481151 0.59593412280082714 -0.55557009577751149 0.51532536745071422 0.55328193306922924 0.91245013475418102 0.49782148003578192 0.49626159667968756 0.42232480645179754 0.48003464937210089 1.0321779251098635 0.49434550106525427 1.0000000180025095e-35 0.65468347072601329 0.5412975847721101 1.0000000180025095e-35 0.76287078857421886 0.46147063374519354 0.3916513472795487 0.45485258102416998 1.0626657605171206 0.387991413474083 0.3269487619400025
decision_type=2 2 2 2 2 2 2 2 2 2 2 2 2 2 2 2 2 2 2 2 2 2 2 2 2 2 2 2 2 2 2 2 2 2 2 2 2 2
left_child=-1 2 -2 -3 -5 11 7 10 -8 -7 -4 -6 27 14 22 -10 -17 -9 -16 26 -20 -21 23 32 -25 -26 29 31 -29 -19 -14 -13 33 36 -35 -36 37 -12
right_child=1 3 6 4 5 9 8 17 15 -11 13 12 30 -15 18 16 -18 19 20 21 -22 -23 -24 24 25 -27 -28 28 -30 -31 -32 -33 -34 34 35 -37 -38 -39
leaf_value=0 -0.0020656135351388161 -0.0020656135351388161 -0.001028479166469083 -0.0020656135351388161 0.16812023009407187 0.10182182756928322 0.003842142148273788 7.2062889913829948e-06 0.0003012352131577245 0.0003012352131577245 0.0003012352131577245 2.6412170388567802e-05 0.0003012352131577245 0.0003012352131577245 -0.00052962309730887115 0.00017203969671726328 0.0003012352131577245 0.00029768962856245194 0.0003012352131577245 0.0003012352131577245 0.0003012352131577245 0.0003012352131577245 0.0003012352131577245 -0.0010418547662384015 0.0003012352131577245 0.0003012352131577245 0.00020229238470026076 0.00030123515320539695 0.00029511288189363835 0.0003012352131577245 0.0003012352131577245 2.8615522684194425e-05 0.0003012352131577245 0.0003012352131577245 0.0003012352131577245 0.0003012352131577245 0.0003012352131577245 0.0003012352131577245
leaf_weight=43208 715 7891 85 2155 246 54 121 379 1463 610 27 104 225 431 184 89 185 31 54 58 35 53 223 53 73 31 114 158 68 26 36 158 208 83 23 27 287 29
leaf_count=43208 715 7891 85 2155 246 54 121 379 1463 610 27 104 225 431 184 89 185 31 54 58 35 53 223 53 73 31 114 158 68 26 36 158 208 83 23 27 287 29
internal_value=-0.001138 0.0062263 0.0206353 -3.58831e-05 0.00666597 0.0205208 0.0246642 0.0198504 0.0311776 0.0323253 0.0248613 0.0126432 0.016721 0.0260905 0.0235542 0.0332366 0.0232993 0.00580333 0.00669597 0.0135887 0.0207191 0.023027 0.0278797 0.0260595 0.0151083 0.0236923 0.00746199 0.0104262 0.016 0.0198596 0.0284904 0.00561832 0.0285731 0.0261681 0.0113383 0.0216 0.0319184 0.021
internal_weight=60000 16792 5087 11705 3814 1659 4372 2514 1858 664 1853 995 749 1768 1337 1737 274 661 273 282 89 111 1064 841 157 104 171 488 226 57 261 262 684 476 133 50 343 56
internal_count=60000 16792 5087 11705 3814 1659 4372 2514 1858 664 1853 995 749 1768 1337 1737 274 661 273 282 89 111 1064 841 157 104 171 488 226 57 261 262 684 476 133 50 343 56
is_linear=0
shrinkage=0.04


Tree=129
num_leaves=39
num_cat=0
split_feature=13 68 15 135 15 16 102 14 22 73 102 102 14 9 79 14 102 34 102 12 14 123 14 96 86 0 118 103 102 12 12 102 14 102 12 101 102 17
split_gain=790.005 945.232 315.159 175.884 358.188 133.826 73.0067 105.672 70.8969 37.3644 35.1216 24.1655 66.3618 23.0004 18.1513 17.941 40.8582 10.5316 9.57179 9.23626 8.89247 8.29253 8.14407 7.13001 6.45662 6.16219 5.89201 8.25273 22.0151 5.58302 4.62948 5.44956 8.27816 6.53802 10.037 3.97665 3.87995 3.77576
threshold=0.93636366724967968 0.6999170482158662 0.75000000000000011 1.0000000180025095e-35 0.75000000000000011 1.0000000180025095e-35 0.56428781151771557 0.48106098175048834 0.11410588026046754 0.081620417535305037 0.37993320822715765 0.52068921923637401 0.45428046584129339 -0.68322628736495961 0.53673160076141369 0.53617689013481151 0.59573671221733104 0.5538635551929475 0.51555371284484874 0.91245013475418102 0.49434550106525427 1.0000000180025095e-35 0.49782148003578192 0.79924157261848461 1.0000000180025095e-35 0.5412975847721101 1.0000000180025095e-35 1.0000000180025095e-35 0.68592998385429393 0.76287078857421886 0.93004098534584057 0.48479545116424566 0.42232480645179754 0.45443418622016912 0.78291481733322155 1.0000000180025095e-35 0.39428536593914038 0.70597830414772045
decision_type=2 2 2 2 2 2 2 2 2 2 2 2 2 2 2 2 2 2 2 2 2 2 2 2 2 2 2 2 2 2 2 2 2 2 2 2 2 2
left_child=-1 2 -2 -3 -5 26 7 10 -8 -7 -4 12 23 -9 -11 21 -17 20 -14 -20 25 -10 -19 -12 -16 -15 -6 29 -29 35 31 32 33 34 36 -28 -25 -13
right_child=1 3 6 4 5 9 8 13 15 14 11 37 18 17 24 16 -18 22 19 -21 -22 -23 -24 30 -26 -27 27 28 -30 -31 -32 -33 -34 -35 -36 -37 -38 -39
leaf_value=0 -0.0019829889937332634 -0.0019829889937332634 -0.00098733999981028822 -0.0019829889937332634 0.0055096651705059223 -0.026304423446289749 0.0039021468581798601 -3.4382942609738619e-05 0.00028918580463141555 0.00028918580463141555 0.00028918580463141555 0.00028918580463141555 0.0030428399516897998 0.00028757262755238646 0.00028056888570397119 0.00016515810884854432 0.00028918580463141555 0.00028918580463141555 0.00028918580463141555 -0.39418798733221755 0.00029207795202046812 0.00028918580463141555 0.00028918580463141555 0.00028918580463141555 0.00028918580463141555 0.00028918580463141555 -0.0043818055676955224 0.00026530823540593722 0.00026456318567486285 -1.1281170711257006e-05 0.00028918580463141555 0.00028918580463141555 0.00028918580463141555 0.00028918580463141555 -0.021050961537958188 8.2676973398960739e-05 0.00028918580463141555 0.00028918580463141555
leaf_weight=43208 715 7799 79 2159 117 50 118 368 1323 677 552 425 195 36 49 90 183 59 39 24 122 117 59 27 243 26 53 110 60 261 268 47 42 50 39 127 31 53
leaf_count=43208 715 7799 79 2159 117 50 118 368 1323 677 552 425 195 36 49 90 183 59 39 24 122 117 59 27 243 26 53 110 60 261 268 47 42 50 39 127 31 53
internal_value=-0.00113867 0.00622392 0.0206196 -3.24657e-05 0.00689606 0.0203618 0.0246459 0.0202582 0.0307351 0.0297193 0.0251395 0.0262902 0.0234886 0.00662686 0.0314592 0.0328009 0.0233993 0.0148079 0.00530232 0.0188571 0.00882609 0.0345833 0.0241356 0.0279318 0.0231233 0.0211613 0.00726374 0.00568903 0.0131765 0.00280272 0.0244921 0.0204068 0.0173757 0.0218503 0.0157938 0.00822222 0.0263448 0.0339916
internal_weight=60000 16792 5087 11705 3906 1747 4372 2541 1831 1019 1871 1792 1314 670 969 1713 273 302 258 63 184 1440 118 1056 292 62 728 611 170 441 504 236 189 147 97 180 58 478
internal_count=60000 16792 5087 11705 3906 1747 4372 2541 1831 1019 1871 1792 1314 670 969 1713 273 302 258 63 184 1440 118 1056 292 62 728 611 170 441 504 236 189 147 97 180 58 478
is_linear=0
shrinkage=0.04


Tree=130
num_leaves=39
num_cat=0
split_feature=13 68 15 135 15 52 119 14 22 73 119 119 14 14 119 43 119 85 14 16 14 119 14 119 14 45 14 0 118 84 119 104 71 119 14 85 14 119
split_gain=790.005 945.232 315.159 175.884 358.188 139.217 86.157 110.097 72.9315 40.982 36.2736 22.3043 62.6312 20.0911 42.8455 18.6314 14.8575 10.3439 10.7173 9.21113 9.02339 8.30946 14.4691 14.1879 9.6112 7.26363 6.60327 7.08338 6.47576 5.954 7.02829 9.96741 5.83708 5.65876 25.3694 5.85151 7.83392 5.27301
threshold=0.93636366724967968 0.6999170482158662 0.75000000000000011 1.0000000180025095e-35 0.75000000000000011 1.0000000180025095e-35 0.56429719924926769 0.48106098175048834 0.11410588026046754 0.081620417535305037 0.38069936633110052 0.52266719937324535 0.45428046584129339 0.53617689013481151 0.59593412280082714 -0.55557009577751149 0.51532536745071422 0.55228129029273998 0.49782148003578192 1.0000000180025095e-35 0.46050065755844122 0.49626159667968756 0.42232480645179754 0.48003464937210089 0.43158185482025152 0.34540821611881262 0.49434550106525427 0.5412975847721101 1.0000000180025095e-35 1.0000000180025095e-35 0.63175231218338024 1.0000000180025095e-35 1.0000000180025095e-35 0.46147063374519354 0.3916513472795487 0.3885036855936051 0.3269487619400025 0.45485258102416998
decision_type=2 2 2 2 2 2 2 2 2 2 2 2 2 2 2 2 2 2 2 2 2 2 2 2 2 2 2 2 2 2 2 2 2 2 2 2 2 2
left_child=-1 2 -2 -3 -5 19 7 10 -8 -7 -4 12 21 -10 -15 -9 -14 26 -19 28 -18 22 33 -24 -25 -11 27 -17 -6 -30 -31 -32 -27 34 35 36 -12 -36
right_child=1 3 6 4 5 9 8 15 13 25 11 -13 16 14 -16 17 20 18 -20 -21 -22 -23 23 24 -26 32 -28 -29 29 30 31 -33 -34 -35 37 -37 -38 -39
leaf_value=0 -0.001903669433983933 -0.001903669433983933 -0.00094784639981789105 -0.001903669433983933 0.0052892785636857089 -0.025252246508438176 0.0037460609838526992 8.2933551361456109e-06 0.0002776183724461845 0.0002776183724461845 0.0002776183724461845 0.0002776183724461845 -0.00063015177148407987 0.0001585517844946338 0.0002776183724461845 0.00027427913831786556 0.0002776183724461845 0.0002776183724461845 0.0002776183724461845 0.00027761831489193868 0.0002776183724461845 0.0002776183724461845 -0.0010117480077740737 0.0002776183724461845 0.0002776183724461845 0.0002776183724461845 0.00022810371514893292 0.0002776183724461845 -3.6697961447147724e-05 -0.00033626646782444427 0.00025468387374012025 0.00022354594695611098 0.0002776183724461845 0.0002776183724461845 0.0002776183724461845 0.0002776183724461845 0.0002776183724461845 0.0002776183724461845
leaf_weight=43208 715 7799 85 2159 117 50 118 379 1466 652 32 431 184 89 185 31 54 62 57 121 35 223 53 73 31 167 110 22 221 109 45 225 40 208 83 274 37 50
leaf_count=43208 715 7799 85 2159 117 50 118 379 1466 652 32 431 184 89 185 31 54 62 57 121 35 223 53 73 31 167 110 22 221 109 45 225 40 208 83 274 37 50
internal_value=-0.00113867 0.00622392 0.0206196 -3.24657e-05 0.00689606 0.0203618 0.0246459 0.0198186 0.0311776 0.0312035 0.0248181 0.0260452 0.0234944 0.0332414 0.0232993 0.00580333 0.00640293 0.0135887 0.0225546 0.00860143 0.0198202 0.0278797 0.0260595 0.0151083 0.0236923 0.0332526 0.00704294 0.0186415 0.00687866 0.0052 0.00824274 0.0117037 0.0267246 0.0285731 0.0261681 0.0319184 0.0215072 0.0113383
internal_weight=60000 16792 5087 11705 3906 1747 4372 2514 1858 909 1853 1768 1337 1740 274 661 273 282 119 838 89 1064 841 157 104 859 163 53 717 600 379 270 207 684 476 343 69 133
internal_count=60000 16792 5087 11705 3906 1747 4372 2514 1858 909 1853 1768 1337 1740 274 661 273 282 119 838 89 1064 841 157 104 859 163 53 717 600 379 270 207 684 476 343 69 133
is_linear=0
shrinkage=0.04


Tree=131
num_leaves=39
num_cat=0
split_feature=13 68 15 135 15 69 119 14 22 73 119 119 14 14 119 43 103 119 119 85 14 79 12 119 14 119 12 14 0 118 119 14 85 14 16 119 12 68
split_gain=771.706 960.938 315.159 158.989 325.314 170.476 86.157 110.097 72.9315 40.0578 36.2736 22.3043 62.6312 20.0911 42.8455 18.6314 16.8769 17.996 14.8575 10.3439 10.7173 9.86112 9.02339 8.30946 14.4691 14.1879 9.6112 6.60327 7.08338 5.85408 5.65876 25.3694 5.85151 7.83392 5.57419 5.27301 5.52 4.51923
threshold=0.93636366724967968 0.6999170482158662 0.75000000000000011 1.0000000180025095e-35 0.75000000000000011 1.0000000180025095e-35 0.56429719924926769 0.48106098175048834 0.11410588026046754 0.081620417535305037 0.38069936633110052 0.52266719937324535 0.45428046584129339 0.53617689013481151 0.59593412280082714 -0.55557009577751149 1.0000000180025095e-35 0.65468347072601329 0.51532536745071422 0.55228129029273998 0.49782148003578192 0.53673160076141369 0.91245013475418102 0.49626159667968756 0.42232480645179754 0.48003464937210089 1.0321779251098635 0.49434550106525427 0.5412975847721101 1.0000000180025095e-35 0.46147063374519354 0.3916513472795487 0.3885036855936051 0.3269487619400025 1.0000000180025095e-35 0.45485258102416998 1.0626657605171206 0.55201628804206859
decision_type=2 2 2 2 2 2 2 2 2 2 2 2 2 2 2 2 2 2 2 2 2 2 2 2 2 2 2 2 2 2 2 2 2 2 2 2 2 2
left_child=-1 2 -2 -3 -5 16 7 10 -8 -7 -4 12 23 -10 -15 -9 29 34 -14 27 -21 -11 -20 24 30 -26 -27 28 -17 -6 31 32 33 -12 -18 -33 -37 -32
right_child=1 3 6 4 5 9 8 15 13 21 11 -13 18 14 -16 19 17 -19 22 20 -22 -23 -24 -25 25 26 -28 -29 -30 -31 37 35 -34 -35 -36 36 -38 -39
leaf_value=0 -0.0018275226566245757 -0.0018275226566245757 -0.00090993254382517816 -0.0018275226566245757 0.0019139541304746958 -0.024242156648100633 0.0035962185444986107 7.9616209306713351e-06 0.00026651363754837121 0.00026651363754837121 0.00026651363754837121 0.00026651363754837121 -0.00060494570062473939 0.00015220971311485698 0.00026651363754837121 0.00026330797278518504 0.00022197290278978512 0.00026649814142437833 0.00026651363754837121 0.00026651363754837121 0.00026651363754837121 0.00026651363754837121 0.00026651363754837121 0.00026651363754837121 -0.00097127808746307672 0.00026651363754837121 0.00026651363754837121 0.00021897956654299834 0.00026651363754837121 1.3106766758852474e-05 0.00026651363754837121 0.00026651363754837121 0.00026651363754837121 0.00026651363754837121 0.0002665210764104842 0.00026651363754837121 0.00026651363754837121 0.00026651363754837121
leaf_weight=43208 715 7799 85 2159 115 50 118 379 1466 674 32 431 184 89 185 31 93 72 54 62 57 213 35 223 53 73 31 110 22 468 188 83 274 37 62 23 27 20
leaf_count=43208 715 7799 85 2159 115 50 118 379 1466 674 32 431 184 89 185 31 93 72 54 62 57 213 35 223 53 73 31 110 22 468 188 83 274 37 62 23 27 20
internal_value=-0.001172 0.00610481 0.0206196 -0.000203333 0.00638402 0.0192169 0.0246459 0.0198186 0.0311776 0.0308346 0.0248181 0.0260452 0.0234944 0.0332414 0.0232993 0.00580333 0.00577778 0.0150308 0.00640293 0.0135887 0.0225546 0.0327982 0.0198202 0.0278797 0.0260595 0.0151083 0.0236923 0.00704294 0.0186415 0.00217496 0.0285731 0.0261681 0.0319184 0.0215072 0.00735484 0.0113383 0.0216 0.0340769
internal_weight=60000 16792 5087 11705 3906 1747 4372 2514 1858 937 1853 1768 1337 1740 274 661 810 227 273 282 119 887 89 1064 841 157 104 163 53 583 684 476 343 69 155 133 50 208
internal_count=60000 16792 5087 11705 3906 1747 4372 2514 1858 937 1853 1768 1337 1740 274 661 810 227 273 282 119 887 89 1064 841 157 104 163 53 583 684 476 343 69 155 133 50 208
is_linear=0
shrinkage=0.04


Tree=132
num_leaves=39
num_cat=0
split_feature=13 68 15 135 15 69 119 14 22 73 119 119 14 14 119 43 103 119 119 85 14 119 12 119 14 119 12 14 0 118 119 14 85 14 119 12 73 71
split_gain=770.978 961.569 315.159 158.331 324.032 171.822 86.157 110.097 72.9315 40.0578 36.2736 22.3043 62.6312 20.0911 42.8455 18.6314 15.9643 17.9478 14.8575 10.3439 10.7173 9.49957 9.02339 8.30946 14.4691 14.1879 9.6112 6.60327 7.08338 5.85408 5.65876 25.3694 5.85151 7.83392 5.27301 5.52 5.10264 5.05352
threshold=0.93636366724967968 0.6999170482158662 0.75000000000000011 1.0000000180025095e-35 0.75000000000000011 1.0000000180025095e-35 0.56429719924926769 0.48106098175048834 0.11410588026046754 0.081620417535305037 0.38069936633110052 0.52266719937324535 0.45428046584129339 0.53617689013481151 0.59593412280082714 -0.55557009577751149 1.0000000180025095e-35 0.66889700293540966 0.51532536745071422 0.55228129029273998 0.49782148003578192 0.65969410538673412 0.91245013475418102 0.49626159667968756 0.42232480645179754 0.48003464937210089 1.0321779251098635 0.49434550106525427 0.5412975847721101 1.0000000180025095e-35 0.46147063374519354 0.3916513472795487 0.3885036855936051 0.3269487619400025 0.45485258102416998 1.0626657605171206 0.12805059552192691 1.0000000180025095e-35
decision_type=2 2 2 2 2 2 2 2 2 2 2 2 2 2 2 2 2 2 2 2 2 2 2 2 2 2 2 2 2 2 2 2 2 2 2 2 2 2
left_child=-1 2 -2 -3 -5 16 7 10 -8 -7 -4 12 23 -10 -15 -9 29 -18 -14 27 -21 -11 -20 24 30 -26 -27 28 -17 -6 31 32 33 -12 -33 -36 37 -23
right_child=1 3 6 4 5 9 8 15 13 21 11 -13 18 14 -16 19 17 -19 22 20 -22 36 -24 -25 25 26 -28 -29 -30 -31 -32 34 -34 -35 35 -37 -38 -39
leaf_value=0 -0.0017544217503595928 -0.0017544217503595928 -0.00087353524207216542 -0.0017544217503595928 0.0018373959652557262 -0.023272470382176638 0.0034523698027186913 7.6431560934501343e-06 0.00025585309204643634 0.00025585303209410884 0.00025585309204643634 0.00025585309204643634 -0.00058074787259975835 0.00014612132459028261 0.00025585309204643634 0.0002527756538737691 0.0002558602333540705 0.00025583821576738333 0.00025585309204643634 0.00025585309204643634 0.00025585309204643634 0.00025585309204643634 0.00025585309204643634 0.00025585309204643634 -0.00093242696396458771 0.00025585309204643634 0.00025585309204643634 0.00021022038388124998 0.00025585309204643634 1.2582496088526796e-05 0.00025585309204643634 0.00025585309204643634 0.00025585309204643634 0.00025585309204643634 0.00025585309204643634 0.00025585309204643634 0.00025585309204643634 0.00025585309204643634
leaf_weight=43208 715 7799 85 2159 115 50 118 379 1466 53 32 431 184 89 185 31 164 63 54 62 57 171 35 223 53 73 31 110 22 468 208 83 274 37 23 27 610 53
leaf_count=43208 715 7799 85 2159 115 50 118 379 1466 53 32 431 184 89 185 31 164 63 54 62 57 171 35 223 53 73 31 110 22 468 208 83 274 37 23 27 610 53
internal_value=-0.00117333 0.00610005 0.0206196 -0.000210168 0.00636354 0.0191711 0.0246459 0.0198186 0.0311776 0.0308346 0.0248181 0.0260452 0.0234944 0.0332414 0.0232993 0.00580333 0.00567901 0.0146784 0.00640293 0.0135887 0.0225546 0.0327982 0.0198202 0.0278797 0.0260595 0.0151083 0.0236923 0.00704294 0.0186415 0.00217496 0.0285731 0.0261681 0.0319184 0.0215072 0.0113383 0.0216 0.0338417 0.0286786
internal_weight=60000 16792 5087 11705 3906 1747 4372 2514 1858 937 1853 1768 1337 1740 274 661 810 227 273 282 119 887 89 1064 841 157 104 163 53 583 684 476 343 69 133 50 834 224
internal_count=60000 16792 5087 11705 3906 1747 4372 2514 1858 937 1853 1768 1337 1740 274 661 810 227 273 282 119 887 89 1064 841 157 104 163 53 583 684 476 343 69 133 50 834 224
is_linear=0
shrinkage=0.04


Tree=133
num_leaves=39
num_cat=0
split_feature=13 68 15 135 15 69 119 14 22 73 119 119 14 14 119 43 103 119 119 85 14 79 12 119 14 119 12 16 14 17 118 119 14 85 14 119 12 34
split_gain=770.978 961.569 315.159 158.331 324.032 171.822 86.157 110.097 72.9315 40.0578 36.2736 22.3043 62.6312 20.0911 42.8455 18.6314 15.9643 17.9478 14.8575 10.3439 10.7173 9.86112 9.02339 8.30946 14.4691 14.1879 9.6112 6.77904 6.60327 6.04917 5.85408 5.65876 25.3694 5.85151 7.83392 5.27301 5.52 4.51923
threshold=0.93636366724967968 0.6999170482158662 0.75000000000000011 1.0000000180025095e-35 0.75000000000000011 1.0000000180025095e-35 0.56429719924926769 0.48106098175048834 0.11410588026046754 0.081620417535305037 0.38069936633110052 0.52266719937324535 0.45428046584129339 0.53617689013481151 0.59593412280082714 -0.55557009577751149 1.0000000180025095e-35 0.66889700293540966 0.51532536745071422 0.55228129029273998 0.49782148003578192 0.53673160076141369 0.91245013475418102 0.49626159667968756 0.42232480645179754 0.48003464937210089 1.0321779251098635 1.0000000180025095e-35 0.49434550106525427 0.54184892773628246 1.0000000180025095e-35 0.46147063374519354 0.3916513472795487 0.3885036855936051 0.3269487619400025 0.45485258102416998 1.0626657605171206 0.62171229720115673
decision_type=2 2 2 2 2 2 2 2 2 2 2 2 2 2 2 2 2 2 2 2 2 2 2 2 2 2 2 2 2 2 2 2 2 2 2 2 2 2
left_child=-1 2 -2 -3 -5 16 7 10 -8 -7 -4 12 23 -10 -15 -9 30 27 -14 28 -21 -11 -20 24 31 -26 -27 -18 29 -17 -6 32 33 34 -12 -34 -37 -33
right_child=1 3 6 4 5 9 8 15 13 21 11 -13 18 14 -16 19 17 -19 22 20 -22 -23 -24 -25 25 26 -28 -29 -30 -31 -32 37 35 -35 -36 36 -38 -39
leaf_value=0 -0.0016842448803452089 -0.0016842448803452089 -0.00083859383238930722 -0.0016842448803452089 0.0017639001266455125 -0.022341571566889585 0.0033142750106099172 7.3374298496978878e-06 0.00024561896836459594 0.00024561896836459594 0.00024561896836459594 0.00024561896836459594 -0.00055751795769573673 0.00014027647160666845 0.00024561896836459594 0.00024266462771883825 0.00015757217997788478 0.00024560468713666242 0.00024561896836459594 0.00024561896836459594 0.00024561896836459594 0.00024561896836459594 0.00024561896836459594 0.00024561896836459594 -0.00089512988540597861 0.00024561896836459594 0.00024561896836459594 0.00024566202455574172 0.00020181156852601135 0.00024561896836459594 1.2079196244982882e-05 0.00024561896836459594 0.00024561896836459594 0.00024561896836459594 0.00024561896836459594 0.00024561896836459594 0.00024561896836459594 0.00024561896836459594
leaf_weight=43208 715 7799 85 2159 115 50 118 379 1466 674 32 431 184 89 185 33 97 63 54 62 57 213 35 223 53 73 31 67 110 20 468 188 83 274 37 23 27 20
leaf_count=43208 715 7799 85 2159 115 50 118 379 1466 674 32 431 184 89 185 33 97 63 54 62 57 213 35 223 53 73 31 67 110 20 468 188 83 274 37 23 27 20
internal_value=-0.00117333 0.00610005 0.0206196 -0.000210168 0.00636354 0.0191711 0.0246459 0.0198186 0.0311776 0.0308346 0.0248181 0.0260452 0.0234944 0.0332414 0.0232993 0.00580333 0.00567901 0.0146784 0.00640293 0.0135887 0.0225546 0.0327982 0.0198202 0.0278797 0.0260595 0.0151083 0.0236923 0.00770732 0.00704294 0.0186415 0.00217496 0.0285731 0.0261681 0.0319184 0.0215072 0.0113383 0.0216 0.0340769
internal_weight=60000 16792 5087 11705 3906 1747 4372 2514 1858 937 1853 1768 1337 1740 274 661 810 227 273 282 119 887 89 1064 841 157 104 164 163 53 583 684 476 343 69 133 50 208
internal_count=60000 16792 5087 11705 3906 1747 4372 2514 1858 937 1853 1768 1337 1740 274 661 810 227 273 282 119 887 89 1064 841 157 104 164 163 53 583 684 476 343 69 133 50 208
is_linear=0
shrinkage=0.04


Tree=134
num_leaves=39
num_cat=0
split_feature=30 85 15 120 15 73 119 14 119 22 119 119 14 5 26 119 103 0 14 12 14 119 104 119 14 119 14 119 12 14 0 14 119 51 85 14 85 22
split_gain=770.251 946.505 337.271 150.971 339.508 149.296 87.6846 114.202 74.6183 56.9998 34.7366 20.9923 62.1404 19.231 18.9563 15.3593 14.9579 10.4761 9.98987 9.16364 8.50245 16.5586 10.0351 7.8459 14.3641 16.6167 15.4598 14.3652 9.69313 7.79173 8.1869 6.64876 20.4455 6.02249 5.31726 7.83392 5.83225 4.33821
threshold=0.93636366724967968 0.7119947373867036 0.75000000000000011 1.0000000180025095e-35 0.75000000000000011 0.081620417535305037 0.56429719924926769 0.48106098175048834 0.66889700293540966 0.11410588026046754 0.38069936633110052 0.52266719937324535 0.45428046584129339 0.50880229473114025 -0.55557009577751149 0.51532536745071422 1.0000000180025095e-35 0.55328193306922924 0.50440177321434032 0.91245013475418102 0.53617689013481151 0.59593412280082714 1.0000000180025095e-35 0.49626159667968756 0.3916513472795487 0.45485258102416998 0.42232480645179754 0.48003464937210089 1.0321779251098635 0.49434550106525427 0.5412975847721101 0.53617689013481151 0.59593412280082714 0.73406916856765758 0.3885036855936051 0.3269487619400025 0.50347670912742626 0.12999680638313296
decision_type=2 2 2 2 2 2 2 2 2 2 2 2 2 2 2 2 2 2 2 2 2 2 2 2 2 2 2 2 2 2 2 2 2 2 2 2 2 2
left_child=-1 2 -2 -3 -5 -6 7 10 -7 -8 -4 12 23 31 -9 -14 -10 29 -19 -17 22 -22 -15 24 34 -26 -27 -28 -29 30 -16 -11 -33 -13 35 -12 -36 -18
right_child=1 3 6 4 5 8 9 14 16 13 11 33 15 20 17 19 37 18 -20 -21 21 -23 -24 -25 25 26 27 28 -30 -31 -32 32 -34 -35 36 -37 -38 -39
leaf_value=0 -0.0016168750851314007 -0.0016168750851314007 0.0029508584250902137 -0.0016168750851314007 -0.0016168750851314007 0.00010269035152475873 -0.0047469590466849357 4.1340395023572128e-05 0.00027296998580830236 0.00023579420963002918 0.00023579420963002918 0.00023579420963002918 -0.00053521723938793292 0.00023579420963002918 0.00023295804261010743 0.00023579420963002918 0.00023579420963002918 0.00023579420963002918 0.0024953571960875795 0.00023579420963002918 -0.016671900635889601 0.00073614454369089622 0.00023579420963002918 0.00023579420963002918 0.00023579420963002918 0.00023579420963002918 -0.00085932468998976223 0.00023579420963002918 0.00023579420963002918 0.00019373910578494247 0.00023579420963002918 0.00095762251992396216 0.00023579420963002918 0.00023579420963002918 0.00023579420963002918 0.00023579420963002918 0.00023579420963002918 0.00023579420963002918
leaf_weight=43208 787 7974 88 2059 395 150 91 411 48 1250 32 418 186 137 30 55 87 69 35 35 46 49 158 230 84 215 53 74 31 108 26 45 144 20 295 37 25 815
leaf_count=43208 787 7974 88 2059 395 150 91 411 48 1250 32 418 186 137 30 55 87 69 35 35 46 49 158 230 84 215 53 74 31 108 26 45 144 20 295 37 25 815
internal_value=-0.00117467 0.00609528 0.0201489 -0.000322 0.00653461 0.0210435 0.024394 0.0195432 0.0286182 0.0308542 0.0246262 0.0258324 0.0233669 0.0323915 0.00548454 0.00643478 0.0327579 0.0137612 0.0236923 0.02 0.0245128 0.0141053 0.0278644 0.02771 0.0259291 0.0211203 0.0247399 0.0152405 0.0238095 0.00746341 0.0195714 0.0345268 0.0275344 0.0334429 0.0315784 0.0215072 0.03375 0.0339157
internal_weight=60000 16792 5264 11528 3554 1495 4477 2557 1100 1920 1878 1790 1352 1829 679 276 950 268 104 90 390 95 295 1076 846 457 373 158 105 164 56 1439 189 438 389 69 320 902
internal_count=60000 16792 5264 11528 3554 1495 4477 2557 1100 1920 1878 1790 1352 1829 679 276 950 268 104 90 390 95 295 1076 846 457 373 158 105 164 56 1439 189 438 389 69 320 902
is_linear=0
shrinkage=0.04


Tree=135
num_leaves=39
num_cat=0
split_feature=30 68 15 84 15 73 119 14 73 119 119 119 14 14 119 103 26 119 85 14 16 85 12 119 14 119 12 14 0 119 14 85 14 119 12 119 73 71
split_gain=806.658 927.113 314.355 182.346 396.518 108.27 87.1252 111.957 71.2285 70.9382 36.2122 22.4321 63.4887 19.9144 42.8455 19.3506 17.5002 14.1942 9.91623 12.1367 9.06939 8.74891 8.51798 8.30946 14.4691 14.1879 9.6112 6.20513 7.46026 5.65876 25.3694 5.85151 7.83392 5.27301 5.52 5.11319 5.05105 5.20485
threshold=0.93636366724967968 0.6999170482158662 0.75000000000000011 1.0000000180025095e-35 0.75000000000000011 0.081620417535305037 0.56429719924926769 0.48106098175048834 0.081620417535305037 0.66889700293540966 0.38069936633110052 0.52266719937324535 0.45428046584129339 0.53617689013481151 0.59593412280082714 1.0000000180025095e-35 -0.55557009577751149 0.51532536745071422 0.55228129029273998 0.49782148003578192 1.0000000180025095e-35 0.71251320838928234 0.91245013475418102 0.49626159667968756 0.42232480645179754 0.48003464937210089 1.0321779251098635 0.49434550106525427 0.5412975847721101 0.46147063374519354 0.3916513472795487 0.3885036855936051 0.3269487619400025 0.45485258102416998 1.0626657605171206 0.78711324930191051 0.12805059552192691 1.0000000180025095e-35
decision_type=2 2 2 2 2 2 2 2 2 2 2 2 2 2 2 2 2 2 2 2 2 2 2 2 2 2 2 2 2 2 2 2 2 2 2 2 2 2
left_child=-1 2 -2 -3 -5 -6 7 10 -8 20 -4 12 23 -10 -15 35 -9 -14 27 -20 -7 -22 -19 24 29 -26 -27 28 -18 30 31 32 -12 -32 -35 -11 37 -17
right_child=1 3 6 4 5 9 8 16 13 15 11 -13 17 14 -16 36 18 22 19 -21 21 -23 -24 -25 25 26 -28 -29 -30 -31 33 -33 -34 34 -36 -37 -38 -39
leaf_value=0 -0.0015522000817261448 -0.0015522000817261448 -0.00092308441609731059 -0.0015522000817261448 0.15891322097169081 0.00019162537356779007 0.0035140418526703287 0.00015462581693620315 0.00022636244124484505 4.3392503280585969e-05 0.00022636244124484505 0.00022636244124484505 -0.00051380854981239563 9.6360511945476902e-05 0.00022636244124484505 0.00022636244124484505 0.00022363972090573726 0.00022636244124484505 0.00022636244124484505 0.00022636244124484505 0.00022636757441268679 -1.9132313596689198e-06 0.00022636244124484505 0.00022636244124484505 -0.00082495170239013757 0.00022636244124484505 0.00022636244124484505 0.00018598954155351068 0.00022636244124484505 0.00022636244124484505 0.00022636244124484505 0.00022636244124484505 0.00022636244124484505 0.00022636244124484505 0.00022636244124484505 6.0832613718986299e-05 0.00022636244124484505 0.00022636244124484505
leaf_weight=43208 715 7891 85 2155 300 141 116 394 1468 47 32 431 184 89 185 170 30 54 58 53 82 35 35 223 53 73 31 104 22 208 83 274 37 23 27 166 666 52
leaf_count=43208 715 7891 85 2155 300 141 116 394 1468 47 32 431 184 89 185 170 30 54 58 53 82 35 35 223 53 73 31 104 22 208 83 274 37 23 27 166 666 52
internal_value=-0.00110867 0.00633111 0.0205882 0.000134984 0.0073162 0.0220157 0.0246093 0.019755 0.0311776 0.0268168 0.0247965 0.0260226 0.0234645 0.0331986 0.0232993 0.0312407 0.00562178 0.00625641 0.0135281 0.0226667 0.00793798 0.0161709 0.0193708 0.0278797 0.0260595 0.0151083 0.0236923 0.00702564 0.0183077 0.0285731 0.0261681 0.0319184 0.0215072 0.0113383 0.0216 0.0204131 0.0338378 0.0286126
internal_weight=60000 16792 5087 11705 3814 1659 4372 2514 1858 1359 1853 1768 1337 1742 274 1101 661 273 267 111 258 117 89 1064 841 157 104 156 52 684 476 343 69 133 50 213 888 222
internal_count=60000 16792 5087 11705 3814 1659 4372 2514 1858 1359 1853 1768 1337 1742 274 1101 661 273 267 111 258 117 89 1064 841 157 104 156 52 684 476 343 69 133 50 213 888 222
is_linear=0
shrinkage=0.04


Tree=136
num_leaves=39
num_cat=0
split_feature=13 68 49 135 49 93 119 14 22 119 124 84 119 119 14 14 119 26 119 85 14 12 119 14 119 12 16 85 14 0 119 14 85 14 5 103 119 118
split_gain=806.286 927.422 314.355 192.905 391.234 107.687 87.1252 111.957 72.9315 36.2122 33.7518 24.5632 24.2269 22.4321 63.4887 20.0911 42.8455 17.5002 14.1942 9.91623 12.1367 8.51798 8.30946 14.4691 14.1879 9.6112 8.08738 7.9793 6.20513 7.46026 5.65876 25.3694 5.85151 7.83392 5.61232 7.7244 6.48218 5.59949
threshold=0.93636366724967968 0.6999170482158662 0.75000000000000011 1.0000000180025095e-35 0.75000000000000011 -0.47128550708293909 0.56429719924926769 0.48106098175048834 0.11410588026046754 0.38069936633110052 0.050035268068313606 1.0000000180025095e-35 0.66889700293540966 0.52266719937324535 0.45428046584129339 0.53617689013481151 0.59593412280082714 -0.55557009577751149 0.51532536745071422 0.55228129029273998 0.49782148003578192 0.91245013475418102 0.49626159667968756 0.42232480645179754 0.48003464937210089 1.0321779251098635 1.0000000180025095e-35 0.71251320838928234 0.49434550106525427 0.5412975847721101 0.46147063374519354 0.3916513472795487 0.3885036855936051 0.3269487619400025 0.13339266926050189 1.0000000180025095e-35 0.78162270784378063 1.0000000180025095e-35
decision_type=2 2 2 2 2 2 2 2 2 2 2 2 2 2 2 2 2 2 2 2 2 2 2 2 2 2 2 2 2 2 2 2 2 2 2 2 2 2
left_child=-1 2 -2 -3 -5 10 7 9 -8 -4 -6 37 26 14 22 -10 -17 -9 -16 28 -21 -20 23 30 -25 -26 -13 -28 29 -19 31 32 33 -11 -14 36 -36 -7
right_child=1 3 6 4 5 11 8 17 15 13 -12 12 34 -15 18 16 -18 19 21 20 -22 -23 -24 24 25 -27 27 -29 -30 -31 -32 -33 -34 -35 35 -37 -38 -39
leaf_value=0 -0.0014901120784570989 -0.0014901120784570989 -0.00088616103945341254 -0.0014901120784570989 -0.027739776597090888 0.0049838604189175826 0.0032310206979461343 0.00014844078425875276 0.00021730794359505978 0.00021730794359505978 0.00021730794359505978 0.0001852325922103412 0.00021730794359505978 0.00021730794359505978 -0.00049325620781992541 9.2506091467683401e-05 0.00021730794359505978 0.0002146941320695106 0.00021730794359505978 0.00021730794359505978 0.00021730794359505978 0.00021730794359505978 0.00021730794359505978 -0.00079195363429455771 0.00021730794359505978 0.00021730794359505978 0.00021731027853586819 -1.8313390420239163e-06 0.00017854995989139867 0.00021730794359505978 0.00021730794359505978 0.00021730794359505978 0.00021730794359505978 0.00021730794359505978 4.1656803149336956e-05 0.00021730794359505978 5.8399309170198423e-05 -0.00010019268108159452
leaf_weight=43208 715 7799 85 2159 39 117 118 394 1466 32 759 140 21 431 184 89 185 30 54 58 53 35 223 53 73 31 76 34 104 22 208 133 274 37 45 134 164 218
leaf_count=43208 715 7799 85 2159 39 117 118 394 1466 32 759 140 21 431 184 89 185 30 54 58 53 35 223 53 73 31 76 34 104 22 208 133 274 37 45 134 164 218
internal_value=-0.00110933 0.00632873 0.0205882 0.000131567 0.00738761 0.0214608 0.0246093 0.019755 0.0311776 0.0247965 0.0322907 0.0123541 0.0171075 0.0260226 0.0234645 0.0332414 0.0232993 0.00562178 0.00625641 0.0135281 0.0226667 0.0193708 0.0278797 0.0260595 0.0151083 0.0236923 0.00752 0.0156364 0.00702564 0.0183077 0.0285731 0.0261681 0.0319184 0.0215072 0.0236923 0.0249213 0.0201148 0.00364179
internal_weight=60000 16792 5087 11705 3906 1747 4372 2514 1858 1853 798 949 614 1768 1337 1740 274 661 273 267 111 89 1064 841 157 104 250 110 156 52 684 476 343 69 364 343 209 335
internal_count=60000 16792 5087 11705 3906 1747 4372 2514 1858 1853 798 949 614 1768 1337 1740 274 661 273 267 111 89 1064 841 157 104 250 110 156 52 684 476 343 69 364 343 209 335
is_linear=0
shrinkage=0.04


Tree=137
num_leaves=39
num_cat=0
split_feature=13 68 15 135 15 93 96 22 73 85 14 85 14 84 22 85 85 85 14 14 85 14 85 34 51 14 62 12 118 14 0 14 85 85 14 85 14 113
split_gain=806.286 927.422 314.355 192.905 391.234 107.687 64.4432 34.4525 33.7518 33.5749 41.5941 31.1006 63.2026 24.5632 22.0662 15.2576 12.6396 11.5438 30.0187 10.7947 27.9345 10.1833 24.339 10.0895 10.0078 7.35399 6.9963 7.0224 5.59949 4.86212 6.84977 4.29868 12.1558 4.04946 5.43998 4.84399 5.01407 4.10112
threshold=0.93636366724967968 0.6999170482158662 0.75000000000000011 1.0000000180025095e-35 0.75000000000000011 -0.47128550708293909 0.87530535459518444 0.11410588026046754 0.081620417535305037 0.56275790929794323 0.49434550106525427 0.56428876519203197 0.48106098175048834 1.0000000180025095e-35 0.11410588026046754 0.38083229959011083 0.38083229959011083 0.52062875032424938 0.45428046584129339 0.45428046584129339 0.52289092540740978 0.53617689013481151 0.59591841697692882 0.5538635551929475 0.63956311345100414 0.50440177321434032 0.027075980789959434 0.9068988859653474 1.0000000180025095e-35 0.48106098175048834 0.5412975847721101 0.53617689013481151 0.59827139973640453 0.49622537195682531 0.3916513472795487 0.45455639064311987 0.42232480645179754 0.31674964725971227
decision_type=2 2 2 2 2 2 2 2 2 2 2 2 2 2 2 2 2 2 2 2 2 2 2 2 2 2 2 2 2 2 2 2 2 2 2 2 2 2
left_child=-1 2 -2 -3 -5 8 7 -4 -6 10 16 12 15 28 -13 -8 -9 18 -17 33 -21 24 -23 -12 -16 -25 -15 -28 -7 -22 -31 -11 -33 34 -18 37 -37 -36
right_child=1 3 6 4 5 13 11 9 -10 31 23 14 -14 26 21 17 19 -19 -20 20 29 22 -24 25 -26 -27 27 -29 -30 30 -32 32 -34 -35 35 36 -38 -39
leaf_value=0 -0.0014305075953188152 -0.0014305075953188152 0.0028880908128619486 -0.0014305075953188152 -0.026630185533207246 0.0047845060021608774 -0.11246208047298772 0.00039840838632635215 0.0002086156258512517 0.0002086156258512517 0.0002086156258512517 0.020512671833688732 0.00015315470346907985 0.0002086156258512517 0.0002086156258512517 0.0002086156258512517 0.0002086156258512517 0.0002086156258512517 0.0002086156258512517 0.0031417601615182636 0.0002086156258512517 -0.016012579274590544 0.0002086156258512517 0.0002086156258512517 0.0002086156258512517 0.0002086156258512517 0.00020860191587239286 0.0002086156258512517 -9.6184973838333581e-05 0.00020610636678675576 0.0002086156258512517 0.0014604034245500942 0.0002086156258512517 0.0002086156258512517 0.0002086156258512517 0.0002086156258512517 0.0002086156258512517 0.0002086156258512517
leaf_weight=43208 715 7799 71 2159 39 117 46 36 759 988 134 49 342 51 262 437 222 177 119 154 170 51 66 54 190 43 352 211 218 34 54 50 104 249 21 125 94 30
leaf_count=43208 715 7799 71 2159 39 117 46 36 759 988 134 49 342 51 262 437 222 177 119 154 170 51 66 54 190 43 352 211 218 34 54 50 104 249 21 125 94 30
internal_value=-0.00110933 0.00632873 0.0205882 0.000131567 0.00738761 0.0214608 0.0246093 0.028556 0.0322907 0.0293177 0.0252113 0.0186337 0.0146619 0.0123541 0.0258382 0.0209551 0.0282288 0.0223574 0.0195252 0.0289575 0.023767 0.0280562 0.0175385 0.00967965 0.0307788 0.0195052 0.0171075 0.0158224 0.00364179 0.031814 0.0241818 0.0344238 0.0282078 0.0318435 0.0297398 0.0259259 0.0285114 0.0148235
internal_weight=60000 16792 5087 11705 3906 1747 4372 2633 798 2562 1420 1739 1121 949 618 779 1189 733 556 1153 412 569 117 231 452 97 614 563 335 258 88 1142 154 741 492 270 219 51
internal_count=60000 16792 5087 11705 3906 1747 4372 2633 798 2562 1420 1739 1121 949 618 779 1189 733 556 1153 412 569 117 231 452 97 614 563 335 258 88 1142 154 741 492 270 219 51
is_linear=0
shrinkage=0.04


Tree=138
num_leaves=39
num_cat=0
split_feature=13 68 15 135 15 69 119 14 22 73 119 119 14 14 119 84 119 43 119 68 14 119 14 119 12 14 34 103 119 119 14 16 86 73 71 119 12 119
split_gain=795.537 918.021 310.746 188.935 383.532 112.912 90.9644 107.713 72.8283 39.666 35.1776 24.6592 78.958 19.9983 42.8455 19.2627 21.1469 17.5002 11.2226 9.55223 12.4762 8.30946 14.4691 14.1879 9.6112 6.14696 6.35817 5.70493 7.93139 5.65876 25.3694 5.59095 5.5977 5.3903 5.58214 5.27301 5.52 5.23554
threshold=0.93636366724967968 0.6999170482158662 0.75000000000000011 1.0000000180025095e-35 0.75000000000000011 1.0000000180025095e-35 0.56429719924926769 0.48106098175048834 0.11410588026046754 0.081620417535305037 0.38069936633110052 0.52266719937324535 0.45428046584129339 0.53617689013481151 0.59593412280082714 1.0000000180025095e-35 0.66889700293540966 -0.49999997019767756 0.66889700293540966 0.55201628804206859 0.49782148003578192 0.49626159667968756 0.42232480645179754 0.48003464937210089 1.0321779251098635 0.49434550106525427 0.54188522696495067 1.0000000180025095e-35 0.76112988591194164 0.46147063374519354 0.3916513472795487 1.0000000180025095e-35 1.0000000180025095e-35 0.12805059552192691 1.0000000180025095e-35 0.45485258102416998 1.0626657605171206 0.51532536745071422
decision_type=2 2 2 2 2 2 2 2 2 2 2 2 2 2 2 2 2 2 2 2 2 2 2 2 2 2 2 2 2 2 2 2 2 2 2 2 2 2
left_child=-1 2 -2 -3 -5 15 7 10 -8 -7 -4 12 21 -10 -15 -6 31 -9 -11 25 -21 22 29 -24 -25 26 -19 28 -18 30 -12 -17 -33 34 -20 -32 -37 -14
right_child=1 3 6 4 5 9 8 17 13 18 11 -13 37 14 -16 16 27 19 33 20 -22 -23 23 24 -26 -27 -28 -29 -30 -31 35 32 -34 -35 -36 36 -38 -39
leaf_value=0 -0.0013732872915060627 -0.0013732872915060627 -0.00086665093332833015 -0.0013732872915060627 0.0013483099859613646 -0.025583840858385686 0.0029862562375138268 0.00013637696474967222 0.00020027100081719597 0.00020027064453856269 0.00020027100081719597 0.00020027100081719597 -0.00059919636596788455 3.038971082695241e-05 0.00020027100081719597 2.2759547296697308e-05 1.5812882700885211e-05 0.00019748442509038441 0.00020027100081719597 0.00020027100081719597 0.00020027100081719597 0.00020027100081719597 -0.00076862011395682826 0.00020027100081719597 0.00020027100081719597 0.00016306333646170401 0.00020027100081719597 0.0002002572908383371 4.7719260168506139e-05 0.00020027100081719597 0.00020027100081719597 -8.9895864435057924e-05 0.00020031258443490901 0.00020027100081719597 0.00020027100081719597 0.00020027100081719597 0.00020027100081719597 0.00020027100081719597
leaf_weight=43208 715 7799 85 2159 338 50 118 394 1466 56 343 431 184 89 185 125 36 32 170 58 54 223 53 73 31 103 20 58 176 208 83 26 51 608 53 23 27 89
leaf_count=43208 715 7799 85 2159 338 50 118 394 1466 56 343 431 184 89 185 125 36 32 170 58 54 223 53 73 31 103 20 58 176 208 83 26 51 608 53 23 27 89
internal_value=-0.00112867 0.00625965 0.0204466 9.3976e-05 0.00727496 0.0212089 0.0244446 0.0194845 0.0311561 0.0306638 0.0244296 0.025638 0.0229559 0.0332184 0.0232993 0.0102716 0.0154915 0.00562178 0.0326178 0.0135281 0.0224286 0.0278797 0.0260595 0.0151083 0.0236923 0.00709677 0.0183077 0.0228148 0.0197736 0.0285731 0.0261681 0.00570297 0.0141818 0.0337858 0.0284664 0.0113383 0.0216 0.00376557
internal_weight=60000 16792 5087 11705 3906 1747 4372 2514 1858 937 1853 1768 1337 1740 274 810 472 661 887 267 112 1064 841 157 104 155 52 270 212 684 476 202 77 831 223 133 50 273
internal_count=60000 16792 5087 11705 3906 1747 4372 2514 1858 937 1853 1768 1337 1740 274 810 472 661 887 267 112 1064 841 157 104 155 52 270 212 684 476 202 77 831 223 133 50 273
is_linear=0
shrinkage=0.04


Tree=139
num_leaves=39
num_cat=0
split_feature=30 68 15 135 15 52 102 14 22 73 102 102 14 9 84 14 102 0 14 120 14 123 102 45 96 103 102 0 71 16 12 102 14 102 12 102 51 12
split_gain=795.537 918.021 310.746 188.935 383.532 115.206 77.913 104.012 70.8969 40.6752 34.0936 26.2359 74.4358 21.5539 20.703 17.941 40.8582 9.67697 11.3478 8.98508 8.59424 8.29253 7.98952 7.82318 7.52506 7.08956 15.5966 6.44215 6.37061 5.97241 4.6952 5.14341 8.27816 6.53802 10.037 3.87995 3.40015 3.32888
threshold=0.93636366724967968 0.6999170482158662 0.75000000000000011 1.0000000180025095e-35 0.75000000000000011 1.0000000180025095e-35 0.56428781151771557 0.48106098175048834 0.11410588026046754 0.081620417535305037 0.37993320822715765 0.52307730913162243 0.45428046584129339 -0.65934595465660084 1.0000000180025095e-35 0.53617689013481151 0.59573671221733104 0.55328193306922924 0.50440177321434032 1.0000000180025095e-35 0.49434550106525427 1.0000000180025095e-35 0.52068921923637401 0.34540821611881262 0.79924157261848461 1.0000000180025095e-35 0.70415800809860241 0.5412975847721101 1.0000000180025095e-35 1.0000000180025095e-35 0.93004098534584057 0.48479545116424566 0.42232480645179754 0.45443418622016912 0.78291481733322155 0.39428536593914038 0.63956311345100414 0.9068988859653474
decision_type=2 2 2 2 2 2 2 2 2 2 2 2 2 2 2 2 2 2 2 2 2 2 2 2 2 2 2 2 2 2 2 2 2 2 2 2 2 2
left_child=-1 2 -2 -3 -5 14 7 10 -8 -7 -4 12 24 -9 -6 21 -17 20 -19 37 27 -10 -14 -11 -12 -21 29 -15 -25 -27 31 32 33 34 35 -26 -13 -16
right_child=1 3 6 4 5 9 8 13 15 23 11 36 22 17 19 16 -18 18 -20 25 -22 -23 -24 28 30 26 -28 -29 -30 -31 -32 -33 -34 -35 -36 -37 -38 -39
leaf_value=0 -0.00131835579984582 -0.00131835579984582 -0.00083198489599517705 -0.00131835579984582 0.0012943775865229413 -0.024560487224050291 0.002866805988013239 7.7665997785407638e-05 0.0001922601607844854 0.0001922601607844854 0.0001922601607844854 0.0001922601607844854 0.0004271282822780309 0.00018840455398920071 4.5810489761777266e-05 2.9174122393840209e-05 0.0001922601607844854 0.0001922601607844854 0.0016331167866088158 1.9963174190951328e-05 0.0001876540423861374 0.0001922601607844854 0.0001922601607844854 0.0001922601607844854 0.0001922601607844854 0.00017934299226502043 0.00019224358004182559 0.0001922601607844854 0.0001922601607844854 0.00019227428393636559 0.0001922601607844854 0.0001922601607844854 0.0001922601607844854 0.0001922601607844854 -0.02029428128810162 0.0001922601607844854 0.0001922601607844854 9.9044846455800467e-05
leaf_weight=43208 715 7799 79 2159 338 50 118 383 1323 652 564 393 258 35 113 90 183 75 37 90 114 117 29 167 27 103 56 26 40 78 268 49 42 50 39 31 42 60
leaf_count=43208 715 7799 79 2159 338 50 118 383 1323 652 564 393 258 35 113 90 183 75 37 90 114 117 29 167 27 103 56 26 40 78 268 49 42 50 39 31 42 60
internal_value=-0.00112867 0.00625965 0.0204466 9.3976e-05 0.00727496 0.0212089 0.0244446 0.0199118 0.0307351 0.0310715 0.0247547 0.0258884 0.0231481 0.00638806 0.0105107 0.0328009 0.0233993 0.014676 0.0238571 0.01568 0.0088 0.0345833 0.00505923 0.0331129 0.028 0.0117798 0.0154093 0.020918 0.0263382 0.00970166 0.0244585 0.0203697 0.0173757 0.0218503 0.0157938 0.0263448 0.0344368 0.023052
internal_weight=60000 16792 5087 11705 3906 1747 4372 2541 1831 909 1871 1792 1357 670 838 1713 273 287 112 500 175 1440 287 859 1070 327 237 61 207 181 506 238 189 147 97 58 435 173
internal_count=60000 16792 5087 11705 3906 1747 4372 2541 1831 909 1871 1792 1357 670 838 1713 273 287 112 500 175 1440 287 859 1070 327 237 61 207 181 506 238 189 147 97 58 435 173
is_linear=0
shrinkage=0.04


Tree=140
num_leaves=39
num_cat=0
split_feature=13 68 15 135 15 52 119 14 39 124 119 119 14 84 119 14 119 43 14 85 119 14 119 12 45 16 85 71 119 14 85 14 119 12 119 8 68 104
split_gain=792.584 914.385 309.548 188.218 382.14 116.278 92.4585 111.912 69.4315 40.6752 35.1776 24.6592 78.958 20.8271 21.6154 20.1326 42.3991 15.2927 10.6251 9.55075 8.30946 14.4691 14.1879 9.6112 7.82318 6.95234 7.92765 6.37061 5.65876 25.3694 5.85151 7.83392 5.27301 5.52 5.23554 9.19606 4.51923 4.10838
threshold=0.93636366724967968 0.6999170482158662 0.75000000000000011 1.0000000180025095e-35 0.75000000000000011 1.0000000180025095e-35 0.56429719924926769 0.48106098175048834 0.1013208217918873 0.050035268068313606 0.38069936633110052 0.52266719937324535 0.45428046584129339 1.0000000180025095e-35 0.66889700293540966 0.53617689013481151 0.59593412280082714 -0.55557009577751149 0.49548439681530004 0.54239150881767284 0.49626159667968756 0.42232480645179754 0.48003464937210089 1.0321779251098635 0.34540821611881262 1.0000000180025095e-35 0.71251320838928234 1.0000000180025095e-35 0.46147063374519354 0.3916513472795487 0.3885036855936051 0.3269487619400025 0.45485258102416998 1.0626657605171206 0.51532536745071422 0.12100281566381456 0.55201628804206859 1.0000000180025095e-35
decision_type=2 2 2 2 2 2 2 2 2 2 2 2 2 2 2 2 2 2 2 2 2 2 2 2 2 2 2 2 2 2 2 2 2 2 2 2 2 2
left_child=-1 2 -2 -3 -5 13 7 10 -8 -7 -4 12 20 -6 25 -10 -17 -9 19 -19 21 28 -23 -24 -11 -15 -27 -26 29 30 31 -12 -31 -34 -14 -36 -30 -16
right_child=1 3 6 4 5 9 8 17 15 24 11 -13 34 14 37 16 -18 18 -20 -21 -22 22 23 -25 27 26 -28 -29 36 32 -32 -33 33 -35 35 -37 -38 -39
leaf_value=0 -0.0012656215678519872 -0.0012656215678519872 -0.00079870550015535 -0.0012656215678519872 0.0012426024830620008 -0.023578067735088269 0.0030370527097275148 -2.1420253833213873e-05 0.00018456975435313439 0.00018456975435313439 0.00018456975435313439 0.00018456975435313439 -0.00059231364262025466 8.6519639700840452e-05 0.00018455731084252304 2.8007157498066704e-05 0.00018456975435313439 0.00018164033569439817 0.00018456975435313439 0.00018456975435313439 0.00018456975435313439 -0.00074556571582988344 0.00018456975435313439 0.00018456975435313439 0.00018456975435313439 0.00018460883669911614 -2.3712750990688537e-05 0.00018456975435313439 0.00018456975435313439 0.00018456975435313439 0.00018456975435313439 0.00018456975435313439 0.00018456975435313439 0.00018456975435313439 -9.3840572029009199e-05 0.00018456975435313439 0.00018456975435313439 0.00016299256288834044
leaf_weight=43208 715 7799 85 2159 338 50 114 379 1469 652 32 431 184 139 40 89 186 43 162 77 223 53 73 31 167 57 30 40 188 83 274 37 23 27 44 45 20 234
leaf_count=43208 715 7799 85 2159 338 50 114 379 1469 652 32 431 184 139 40 89 186 43 162 77 223 53 73 31 167 57 30 40 188 83 274 37 23 27 44 45 20 234
internal_value=-0.001134 0.00624059 0.0203994 8.71413e-05 0.00725448 0.0211631 0.0243898 0.019389 0.0311561 0.0310715 0.0244296 0.025638 0.0229559 0.0104153 0.0156 0.033133 0.0232 0.0052587 0.0123121 0.0213333 0.0278797 0.0260595 0.0151083 0.0236923 0.0331129 0.00644248 0.0153103 0.0263382 0.0285731 0.0261681 0.0319184 0.0215072 0.0113383 0.0216 0.00376557 0.0117303 0.0340769 0.0231533
internal_weight=60000 16792 5087 11705 3906 1747 4372 2514 1858 909 1853 1768 1337 838 500 1744 275 661 282 120 1064 841 157 104 859 226 87 207 684 476 343 69 133 50 273 89 208 274
internal_count=60000 16792 5087 11705 3906 1747 4372 2514 1858 909 1853 1768 1337 838 500 1744 275 661 282 120 1064 841 157 104 859 226 87 207 684 476 343 69 133 50 273 89 208 274
is_linear=0
shrinkage=0.04


Tree=141
num_leaves=39
num_cat=0
split_feature=13 68 15 135 15 52 119 14 73 73 119 119 14 84 119 14 119 43 14 85 119 14 119 12 45 16 85 71 103 119 119 14 85 14 119 12 119 8
split_gain=792.215 914.693 309.548 187.86 381.445 116.816 92.4585 111.912 71.1275 40.6752 35.1776 24.6592 78.958 20.5687 21.2394 19.8221 42.8455 15.2927 10.6251 9.55075 8.30946 14.4691 14.1879 9.6112 7.82318 6.95234 7.92765 6.37061 6.28623 8.92803 5.65876 25.3694 5.85151 7.83392 5.27301 5.52 5.23554 9.19606
threshold=0.93636366724967968 0.6999170482158662 0.75000000000000011 1.0000000180025095e-35 0.75000000000000011 1.0000000180025095e-35 0.56429719924926769 0.48106098175048834 0.081620417535305037 0.081620417535305037 0.38069936633110052 0.52266719937324535 0.45428046584129339 1.0000000180025095e-35 0.66889700293540966 0.53617689013481151 0.59593412280082714 -0.55557009577751149 0.49548439681530004 0.54239150881767284 0.49626159667968756 0.42232480645179754 0.48003464937210089 1.0321779251098635 0.34540821611881262 1.0000000180025095e-35 0.71251320838928234 1.0000000180025095e-35 1.0000000180025095e-35 0.76112988591194164 0.46147063374519354 0.3916513472795487 0.3885036855936051 0.3269487619400025 0.45485258102416998 1.0626657605171206 0.51532536745071422 0.12100281566381456
decision_type=2 2 2 2 2 2 2 2 2 2 2 2 2 2 2 2 2 2 2 2 2 2 2 2 2 2 2 2 2 2 2 2 2 2 2 2 2 2
left_child=-1 2 -2 -3 -5 13 7 10 -8 -7 -4 12 20 -6 25 -10 -17 -9 19 -19 21 30 -23 -24 -11 -15 -27 -26 29 -16 31 32 33 -12 -33 -36 -14 -38
right_child=1 3 6 4 5 9 8 17 15 24 11 -13 36 14 28 16 -18 18 -20 -21 -22 22 23 -25 27 26 -28 -29 -30 -31 -32 34 -34 -35 35 -37 37 -39
leaf_value=0 -0.0012149967051379078 -0.0012149967051379078 -0.00076675728014912185 -0.0012149967051379078 0.001192898383739518 -0.022634945025684774 0.0027731111207210234 -2.0563443679862611e-05 0.0001771869641790147 0.0001771869641790147 0.0001771869641790147 0.0001771869641790147 -0.00056862109691543591 8.3058854112779611e-05 7.8621379096688315e-06 2.6886871198144035e-05 0.0001771869641790147 0.00017437472226659333 0.0001771869641790147 0.0001771869641790147 0.0001771869641790147 -0.00071574308719668522 0.0001771869641790147 0.0001771869641790147 0.0001771869641790147 0.00017722448323114653 -2.2764240951039629e-05 0.0001771869641790147 0.00017717551196859914 3.7458367655744952e-05 0.0001771869641790147 0.0001771869641790147 0.0001771869641790147 0.0001771869641790147 0.0001771869641790147 0.0001771869641790147 -9.0086949147831773e-05 0.0001771869641790147
leaf_weight=43208 715 7799 85 2159 338 50 116 379 1468 652 32 431 184 139 36 89 185 43 162 77 223 53 73 31 167 57 30 40 63 175 208 83 274 37 23 27 44 45
leaf_count=43208 715 7799 85 2159 338 50 116 379 1468 652 32 431 184 139 36 89 185 43 162 77 223 53 73 31 167 57 30 40 63 175 208 83 274 37 23 27 44 45
internal_value=-0.00113467 0.00623821 0.0203994 8.3724e-05 0.00724424 0.0211402 0.0243898 0.019389 0.0311561 0.0310715 0.0244296 0.025638 0.0229559 0.0103675 0.01552 0.0331757 0.0232993 0.0052587 0.0123121 0.0213333 0.0278797 0.0260595 0.0151083 0.0236923 0.0331129 0.00644248 0.0153103 0.0263382 0.0230073 0.0196967 0.0285731 0.0261681 0.0319184 0.0215072 0.0113383 0.0216 0.00376557 0.0117303
internal_weight=60000 16792 5087 11705 3906 1747 4372 2514 1858 909 1853 1768 1337 838 500 1742 274 661 282 120 1064 841 157 104 859 226 87 207 274 211 684 476 343 69 133 50 273 89
internal_count=60000 16792 5087 11705 3906 1747 4372 2514 1858 909 1853 1768 1337 838 500 1742 274 661 282 120 1064 841 157 104 859 226 87 207 274 211 684 476 343 69 133 50 273 89
is_linear=0
shrinkage=0.04


Tree=142
num_leaves=39
num_cat=0
split_feature=13 68 15 135 15 52 119 14 22 73 119 119 14 84 119 14 119 26 14 102 119 14 119 12 45 71 103 119 119 14 119 12 119 8 119 14 86 34
split_gain=791.11 914.6 309.348 187.144 380.057 117.896 92.7087 112.619 72.8283 40.6752 35.1776 24.6592 78.958 21.3379 21.2394 19.9983 42.8455 15.4595 9.44863 9.86891 8.30946 14.4691 14.1879 9.6112 7.82318 6.37061 6.28623 8.92803 5.65876 25.3694 5.27301 5.52 5.23554 9.19606 4.9865 7.3319 4.79879 4.51923
threshold=0.93636366724967968 0.6999170482158662 0.75000000000000011 1.0000000180025095e-35 0.75000000000000011 1.0000000180025095e-35 0.56429719924926769 0.48106098175048834 0.11410588026046754 0.081620417535305037 0.38069936633110052 0.52266719937324535 0.45428046584129339 1.0000000180025095e-35 0.66889700293540966 0.53617689013481151 0.59593412280082714 -0.55557009577751149 0.49548439681530004 0.54245403409004223 0.49626159667968756 0.42232480645179754 0.48003464937210089 1.0321779251098635 0.34540821611881262 1.0000000180025095e-35 1.0000000180025095e-35 0.76112988591194164 0.46147063374519354 0.3916513472795487 0.45485258102416998 1.0626657605171206 0.51532536745071422 0.12100281566381456 0.387991413474083 0.3269487619400025 1.0000000180025095e-35 0.62171229720115673
decision_type=2 2 2 2 2 2 2 2 2 2 2 2 2 2 2 2 2 2 2 2 2 2 2 2 2 2 2 2 2 2 2 2 2 2 2 2 2 2
left_child=-1 2 -2 -3 -5 13 7 10 -8 -7 -4 12 20 -6 36 -10 -17 -9 19 -19 21 28 -23 -24 -11 -26 27 -16 29 34 -31 -32 -14 -34 35 -12 -15 -30
right_child=1 3 6 4 5 9 8 17 15 24 11 -13 32 14 26 16 -18 18 -20 -21 -22 22 23 -25 25 -27 -28 -29 37 30 31 -33 33 -35 -36 -37 -38 -39
leaf_value=0 -0.0011663968369323913 -0.0011663968369323913 -0.00073608698894318543 -0.0011663968369323913 0.0011451824483899031 -0.021729547224657395 0.0025197271952747814 0.00012464955783674926 0.00017009948561188536 0.00017009948561188536 0.00017009948561188536 0.00017009948561188536 -0.00054587625303881282 1.3382773821031066e-05 7.5476523932849209e-06 2.5811396350192694e-05 0.00017009948561188536 0.00016425488402710186 0.00017009948561188536 0.00017009948561188536 0.00017009948561188536 -0.00068711336370881778 0.00017009948561188536 0.00017009948561188536 0.00017009948561188536 0.00017009948561188536 0.00017008849148986372 3.5960032949517993e-05 0.00017009948561188536 0.00017009948561188536 0.00017009948561188536 0.00017009948561188536 -8.6483471181892919e-05 0.00017009948561188536 0.00017009948561188536 0.00017009948561188536 0.00017009906436800704 0.00017009948561188536
leaf_weight=43208 715 7799 85 2159 338 50 118 394 1466 652 27 431 184 109 36 89 185 42 149 76 223 53 73 31 167 40 63 175 188 83 23 27 44 45 287 29 117 20
leaf_count=43208 715 7799 85 2159 338 50 118 394 1466 652 27 431 184 109 36 89 185 42 149 76 223 53 73 31 167 40 63 175 188 83 23 27 44 45 287 29 117 20
internal_value=-0.00113667 0.00623106 0.0203916 7.68893e-05 0.00722376 0.0210944 0.0243806 0.0193731 0.0311561 0.0310715 0.0244296 0.025638 0.0229559 0.0102721 0.01552 0.0332184 0.0232993 0.00519818 0.0126292 0.0210847 0.0278797 0.0260595 0.0151083 0.0236923 0.0331129 0.0263382 0.0230073 0.0196967 0.0285731 0.0261681 0.0113383 0.0216 0.00376557 0.0117303 0.0319184 0.021 0.00644248 0.0340769
internal_weight=60000 16792 5087 11705 3906 1747 4372 2514 1858 909 1853 1768 1337 838 500 1740 274 661 267 118 1064 841 157 104 859 207 274 211 684 476 133 50 273 89 343 56 226 208
internal_count=60000 16792 5087 11705 3906 1747 4372 2514 1858 909 1853 1768 1337 838 500 1740 274 661 267 118 1064 841 157 104 859 207 274 211 684 476 133 50 273 89 343 56 226 208
is_linear=0
shrinkage=0.04


Tree=143
num_leaves=39
num_cat=0
split_feature=13 68 15 135 15 52 119 14 22 124 119 119 14 84 119 14 119 26 85 14 119 14 119 12 45 16 85 71 103 119 119 14 85 14 119 12 119 8
split_gain=787.063 914.938 308.75 184.296 374.529 122.264 93.4613 114.756 72.8283 40.6752 35.1776 24.6592 78.958 24.5562 21.2394 19.9983 42.8455 14.3649 9.71516 15.1532 8.30946 14.4691 14.1879 9.6112 7.82318 6.95234 7.92765 6.37061 6.28623 8.92803 5.65876 25.3694 5.85151 7.83392 5.27301 5.52 5.23554 9.19606
threshold=0.93636366724967968 0.6999170482158662 0.75000000000000011 1.0000000180025095e-35 0.75000000000000011 1.0000000180025095e-35 0.56429719924926769 0.48106098175048834 0.11410588026046754 0.050035268068313606 0.38069936633110052 0.52266719937324535 0.45428046584129339 1.0000000180025095e-35 0.66889700293540966 0.53617689013481151 0.59593412280082714 -0.55557009577751149 0.55228129029273998 0.50440177321434032 0.49626159667968756 0.42232480645179754 0.48003464937210089 1.0321779251098635 0.34540821611881262 1.0000000180025095e-35 0.71251320838928234 1.0000000180025095e-35 1.0000000180025095e-35 0.76112988591194164 0.46147063374519354 0.3916513472795487 0.3885036855936051 0.3269487619400025 0.45485258102416998 1.0626657605171206 0.51532536745071422 0.12100281566381456
decision_type=2 2 2 2 2 2 2 2 2 2 2 2 2 2 2 2 2 2 2 2 2 2 2 2 2 2 2 2 2 2 2 2 2 2 2 2 2 2
left_child=-1 2 -2 -3 -5 13 7 10 -8 -7 -4 12 20 -6 25 -10 -17 -9 -19 -20 21 30 -23 -24 -11 -15 -27 -26 29 -16 31 32 33 -12 -33 -36 -14 -38
right_child=1 3 6 4 5 9 8 17 15 24 11 -13 36 14 28 16 -18 18 19 -21 -22 22 23 -25 27 26 -28 -29 -30 -31 -32 34 -34 -35 35 -37 37 -39
leaf_value=0 -0.0011197409634550958 -0.0011197409634550958 -0.00070664350938542952 -0.0011197409634550958 0.0010993751504543071 -0.020860365335671104 0.002418938107463815 0.00011966357552329246 0.00016329550618742416 0.00016329550618742416 0.00016329550618742416 0.00016329550618742416 -0.0005240412029172603 7.7947479296033056e-05 7.2457462975705771e-06 2.4778940496190671e-05 0.00016329550618742416 0.00016329550618742416 0.00016329550618742416 0.0014920207946904952 0.00016329550618742416 -0.00065962882916046793 0.00016329550618742416 0.00016329550618742416 0.00016329550618742416 0.00016333154132718524 -2.8030773059767355e-05 0.00016329550618742416 0.00016328495183024928 3.4521631631534433e-05 0.00016329550618742416 0.00016329550618742416 0.00016329550618742416 0.00016329550618742416 0.00016329550618742416 0.00016329550618742416 -8.302413233458594e-05 0.00016329550618742416
leaf_weight=43208 715 7799 85 2159 338 50 118 394 1466 652 32 431 184 139 36 89 185 156 74 37 223 53 73 31 167 57 30 40 63 175 208 83 274 37 23 27 44 45
leaf_count=43208 715 7799 85 2159 338 50 118 394 1466 652 32 431 184 139 36 89 185 156 74 37 223 53 73 31 167 57 30 40 63 175 208 83 274 37 23 27 44 45
internal_value=-0.001144 0.00620486 0.020368 4.95505e-05 0.00714183 0.0209113 0.0243532 0.0193254 0.0311561 0.0310715 0.0244296 0.025638 0.0229559 0.00989021 0.01552 0.0332184 0.0232993 0.00501664 0.0121798 0.0212252 0.0278797 0.0260595 0.0151083 0.0236923 0.0331129 0.00644248 0.0153103 0.0263382 0.0230073 0.0196967 0.0285731 0.0261681 0.0319184 0.0215072 0.0113383 0.0216 0.00376557 0.0117303
internal_weight=60000 16792 5087 11705 3906 1747 4372 2514 1858 909 1853 1768 1337 838 500 1740 274 661 267 111 1064 841 157 104 859 226 87 207 274 211 684 476 343 69 133 50 273 89
internal_count=60000 16792 5087 11705 3906 1747 4372 2514 1858 909 1853 1768 1337 838 500 1740 274 661 267 111 1064 841 157 104 859 226 87 207 274 211 684 476 343 69 133 50 273 89
is_linear=0
shrinkage=0.04


Tree=144
num_leaves=39
num_cat=0
split_feature=13 68 15 135 15 52 119 14 22 73 119 119 14 84 119 14 119 26 0 14 119 14 119 14 45 16 85 71 103 119 119 14 85 14 119 14 119 8
split_gain=785.227 911.401 307.755 184.296 374.529 122.264 94.7225 118.361 72.8283 40.6752 35.1776 24.6592 78.958 24.5562 21.2394 19.9983 42.8455 12.6299 10.9047 14.6953 8.30946 14.4691 14.1879 9.6112 7.82318 6.95234 7.92765 6.37061 6.28623 8.92803 5.65876 25.3694 5.85151 7.83392 5.27301 5.52 5.23554 9.19606
threshold=0.93636366724967968 0.6999170482158662 0.75000000000000011 1.0000000180025095e-35 0.75000000000000011 1.0000000180025095e-35 0.56429719924926769 0.48106098175048834 0.11410588026046754 0.081620417535305037 0.38069936633110052 0.52266719937324535 0.45428046584129339 1.0000000180025095e-35 0.66889700293540966 0.53617689013481151 0.59593412280082714 -0.55557009577751149 0.55328193306922924 0.50440177321434032 0.49626159667968756 0.42232480645179754 0.48003464937210089 0.43158185482025152 0.34540821611881262 1.0000000180025095e-35 0.71251320838928234 1.0000000180025095e-35 1.0000000180025095e-35 0.76112988591194164 0.46147063374519354 0.3916513472795487 0.3885036855936051 0.3269487619400025 0.45485258102416998 0.39659819006919866 0.51532536745071422 0.12100281566381456
decision_type=2 2 2 2 2 2 2 2 2 2 2 2 2 2 2 2 2 2 2 2 2 2 2 2 2 2 2 2 2 2 2 2 2 2 2 2 2 2
left_child=-1 2 -2 -3 -5 13 7 10 -8 -7 -4 12 20 -6 25 -10 -17 -9 -19 -20 21 30 -23 -24 -11 -15 -27 -26 29 -16 31 32 33 -12 -33 -36 -14 -38
right_child=1 3 6 4 5 9 8 17 15 24 11 -13 36 14 28 16 -18 18 19 -21 -22 22 23 -25 27 26 -28 -29 -30 -31 -32 34 -34 -35 35 -37 37 -39
leaf_value=0 -0.001074951324916892 -0.001074951324916892 -0.00067837776901001233 -0.001074951324916892 0.0010554001444361206 -0.020025950722244234 0.0023221805831652475 0.00011487703250236539 0.00015676368593993574 0.00015676368593993574 0.00015676368593993574 0.00015676368593993574 -0.00050307955480057844 7.4829580124192484e-05 6.9559164456478582e-06 2.3787782876354413e-05 0.00015676368593993574 0.00015676368593993574 0.00015676368593993574 0.0022151608763660109 0.00015676368593993574 -0.0006332436759940663 0.00015676368593993574 0.00015676368593993574 0.00015676368593993574 0.00015679827967412412 -2.6909542137402197e-05 0.00015676368593993574 0.00015675355375705636 3.3140766366273059e-05 0.00015676368593993574 0.00015676368593993574 0.00015676368593993574 0.00015676368593993574 0.00015676368593993574 0.00015676368593993574 -7.9703167041174084e-05 0.00015676368593993574
leaf_weight=43208 715 7799 85 2159 338 50 118 394 1466 652 32 431 184 139 36 89 185 164 68 35 223 53 73 31 167 57 30 40 63 175 208 83 274 37 23 27 44 45
leaf_count=43208 715 7799 85 2159 338 50 118 394 1466 652 32 431 184 139 36 89 185 164 68 35 223 53 73 31 167 57 30 40 63 175 208 83 274 37 23 27 44 45
internal_value=-0.00114733 0.00619295 0.0203287 4.95505e-05 0.00714183 0.0209113 0.0243074 0.0192458 0.0311561 0.0310715 0.0244296 0.025638 0.0229559 0.00989021 0.01552 0.0332184 0.0232993 0.00471407 0.0114307 0.0216311 0.0278797 0.0260595 0.0151083 0.0236923 0.0331129 0.00644248 0.0153103 0.0263382 0.0230073 0.0196967 0.0285731 0.0261681 0.0319184 0.0215072 0.0113383 0.0216 0.00376557 0.0117303
internal_weight=60000 16792 5087 11705 3906 1747 4372 2514 1858 909 1853 1768 1337 838 500 1740 274 661 267 103 1064 841 157 104 859 226 87 207 274 211 684 476 343 69 133 50 273 89
internal_count=60000 16792 5087 11705 3906 1747 4372 2514 1858 909 1853 1768 1337 838 500 1740 274 661 267 103 1064 841 157 104 859 226 87 207 274 211 684 476 343 69 133 50 273 89
is_linear=0
shrinkage=0.04


Tree=145
num_leaves=39
num_cat=0
split_feature=13 51 15 135 15 52 119 31 56 119 73 84 119 31 31 119 119 9 86 119 31 119 31 130 34 31 103 119 119 31 16 119 31 119 8 119 31 118
split_gain=779.365 883.98 322.154 183.079 360.063 115.652 81.9324 122.358 102.802 34.3035 33.3967 27.6879 26.0532 78.575 22.8112 46.4442 16.1618 10.7466 8.7452 8.50705 14.4583 14.1879 9.6112 7.98009 7.21505 10.9991 6.28623 8.92803 5.89343 25.269 5.87384 5.27301 5.52 5.04303 9.26603 4.97034 7.3319 4.58617
threshold=0.93636366724967968 0.71083256602287304 0.75000000000000011 1.0000000180025095e-35 0.75000000000000011 1.0000000180025095e-35 0.56429719924926769 0.48106098175048834 0.09360742568969728 0.38069936633110052 0.081620417535305037 1.0000000180025095e-35 0.52266719937324535 0.45428046584129339 0.53617689013481151 0.59866267442703258 0.66889700293540966 -0.63405361771583546 1.0000000180025095e-35 0.49626159667968756 0.42232480645179754 0.48003464937210089 0.43158185482025152 1.4387031197547915 0.5538635551929475 0.50440177321434032 1.0000000180025095e-35 0.76112988591194164 0.46147063374519354 0.3916513472795487 1.0000000180025095e-35 0.45485258102416998 0.39659819006919866 0.51532536745071422 0.17020395398139956 0.387991413474083 0.3269487619400025 1.0000000180025095e-35
decision_type=2 2 2 2 2 2 2 2 2 2 2 2 2 2 2 2 2 2 2 2 2 2 2 2 2 2 2 2 2 2 2 2 2 2 2 2 2 2
left_child=-1 2 -2 -3 -5 11 7 9 -8 -4 -7 37 13 19 -10 -16 18 -9 -13 20 28 -22 -23 -12 -19 -26 27 -18 29 35 -20 -31 -33 -15 -35 36 -11 -6
right_child=1 3 6 4 5 10 8 17 14 12 23 16 -14 33 15 -17 26 24 30 -21 21 22 -24 -25 25 -27 -28 -29 -30 31 -32 32 -34 34 -36 -37 -38 -39
leaf_value=0 -0.0010319532719202163 -0.0010319532719202163 -0.00065124265824962897 -0.0010319532719202163 0.0042579999147717967 -0.021070742989631627 0.0014541223068038945 -5.5652801844972258e-05 0.00015049313850234113 0.00015049313850234113 0.00015049313850234113 6.9575619709849367e-06 0.00015049313850234113 -0.00048295637260856953 2.283627156131729e-05 0.00015049313850234113 6.6776797878276284e-06 0.00015049313850234113 0.00014604365104368356 0.00015049313850234113 -0.00060791392895431784 0.00015049313850234113 0.00015049313850234113 0.00015049313850234113 0.00015049313850234113 0.0021265544413113673 0.00015048341160678547 3.1815135711639185e-05 0.00015049313850234113 0.00015049313850234113 0.00015050965241207259 0.00015049313850234113 0.00015049313850234113 -7.6515040359552704e-05 0.00015049313850234113 0.00015049313850234113 0.00015049313850234113 -0.0002372485157845164
leaf_weight=43208 770 7751 83 2104 117 41 176 379 1507 27 741 108 414 183 104 165 36 165 77 219 53 73 31 62 67 35 63 175 205 83 106 23 27 44 43 285 29 221
leaf_count=43208 770 7751 83 2104 117 41 176 379 1507 27 741 108 414 183 104 165 36 165 77 219 53 73 31 62 67 35 63 175 205 83 106 23 27 44 43 285 29 221
internal_value=-0.001158 0.00615483 0.0198767 1.65479e-05 0.00714516 0.0205678 0.0240362 0.0191929 0.0301598 0.0244962 0.0312133 0.0106179 0.0256952 0.0229585 0.0330495 0.0223197 0.0160354 0.00423529 0.00947079 0.0278863 0.0260478 0.0151083 0.0236923 0.0330112 0.010382 0.0187451 0.0230073 0.0196967 0.0285773 0.0261266 0.0147978 0.0113383 0.0216 0.0037037 0.0116322 0.0318944 0.021 0.00156213
internal_weight=60000 16792 5190 11602 3851 1747 4420 2468 1952 1822 844 903 1739 1325 1776 269 565 646 291 1055 836 157 104 803 267 102 274 211 679 474 183 133 50 270 87 341 56 338
internal_count=60000 16792 5190 11602 3851 1747 4420 2468 1952 1822 844 903 1739 1325 1776 269 565 646 291 1055 836 157 104 803 267 102 274 211 679 474 183 133 50 270 87 341 56 338
is_linear=0
shrinkage=0.04


Tree=146
num_leaves=39
num_cat=0
split_feature=30 68 15 101 15 119 14 27 56 119 5 119 14 14 102 124 52 119 103 26 119 14 119 12 0 14 71 16 85 119 14 85 14 119 12 119 8 119
split_gain=777.904 897.32 303.789 182.093 391.006 92.0614 123.501 83.381 74.013 35.1776 26.4172 24.6592 78.958 22.673 46.8107 22.2225 27.7492 11.3488 11.1571 10.3885 8.30946 14.4691 14.1879 9.6112 7.62682 11.1463 7.08429 6.32622 7.23385 5.65876 25.3694 5.85151 7.83392 5.27301 5.52 5.23554 9.19606 4.91522
threshold=0.93636366724967968 0.6999170482158662 0.75000000000000011 1.0000000180025095e-35 0.75000000000000011 0.56429719924926769 0.48106098175048834 0.4124861359596253 0.09360742568969728 0.38069936633110052 0.12560168653726581 0.52266719937324535 0.45428046584129339 0.53617689013481151 0.59790590405464183 0.050035268068313606 1.0000000180025095e-35 0.66889700293540966 1.0000000180025095e-35 -0.55557009577751149 0.49626159667968756 0.42232480645179754 0.48003464937210089 1.0321779251098635 0.55328193306922924 0.50440177321434032 1.0000000180025095e-35 1.0000000180025095e-35 0.71251320838928234 0.46147063374519354 0.3916513472795487 0.3885036855936051 0.3269487619400025 0.45485258102416998 1.0626657605171206 0.51532536745071422 0.12100281566381456 0.76112988591194164
decision_type=2 2 2 2 2 2 2 2 2 2 2 2 2 2 2 2 2 2 2 2 2 2 2 2 2 2 2 2 2 2 2 2 2 2 2 2 2 2
left_child=-1 2 -2 -3 -5 6 9 15 -7 -4 -9 12 20 -10 -15 -6 17 27 37 -8 21 29 -23 -24 -21 -26 -18 -17 -29 30 31 32 -11 -32 -35 -14 -37 -19
right_child=1 3 5 4 7 8 19 10 13 11 -12 -13 35 14 -16 16 26 18 -20 24 -22 22 23 -25 25 -27 -28 28 -30 -31 33 -33 -34 34 -36 36 -38 -39
leaf_value=0 -0.00099067514104340753 -0.00099067514104340753 -0.00062519295191961529 -0.00099067514104340753 0.16113095403133282 0.0019574380717294355 0.00011250806327606913 0.15271786099326592 0.00014447341296225602 0.00014447341296225602 0.00014447341296225602 0.00014447341296225602 -0.00046363811770419263 2.1922820698847546e-05 0.00014447341296225602 0.00014020190500190212 0.00014447341296225602 6.4105617155681256e-06 0.00014446352674333697 0.00014447341296225602 0.00014447341296225602 -0.00058359737179614513 0.00014447341296225602 0.00014447341296225602 0.00014447341296225602 0.0020414922636589213 0.00014447341296225602 0.00014446948645719716 -2.8000908457561899e-05 0.00014447341296225602 0.00014447341296225602 0.00014447341296225602 0.00014447341296225602 0.00014447341296225602 0.00014447341296225602 -7.3454438745201864e-05 0.00014447341296225602 3.0542530283170775e-05
leaf_weight=43208 715 7880 85 2163 161 121 394 41 1463 32 612 431 184 108 166 159 225 41 60 164 223 53 73 31 68 35 36 52 29 208 83 274 37 23 27 44 45 246
leaf_count=43208 715 7880 85 2163 161 121 394 41 1463 32 612 431 184 108 166 159 225 41 60 164 223 53 73 31 68 35 36 52 29 208 83 274 37 23 27 44 45 246
internal_value=-0.00116067 0.00614531 0.0201714 4.95505e-05 0.00721046 0.0241244 0.0191344 0.0218002 0.0308762 0.0244296 0.0329372 0.025638 0.0229559 0.0329833 0.0224234 0.0145927 0.0171792 0.0123543 0.0169798 0.00429047 0.0278797 0.0260595 0.0151083 0.0236923 0.010382 0.0189126 0.0280307 0.00566667 0.0147654 0.0285731 0.0261681 0.0319184 0.0215072 0.0113383 0.0216 0.00376557 0.0117303 0.0137003
internal_weight=60000 16792 5087 11705 3825 4372 2514 1662 1858 1853 653 1768 1337 1737 274 1009 848 587 347 661 1064 841 157 104 267 103 261 240 81 684 476 343 69 133 50 273 89 287
internal_count=60000 16792 5087 11705 3825 4372 2514 1662 1858 1853 653 1768 1337 1737 274 1009 848 587 347 661 1064 841 157 104 267 103 261 240 81 684 476 343 69 133 50 273 89 287
is_linear=0
shrinkage=0.04


Tree=147
num_leaves=39
num_cat=0
split_feature=30 68 32 135 32 52 119 31 56 124 119 119 31 84 31 102 119 26 119 31 119 12 45 0 31 16 85 71 103 119 119 31 85 31 119 12 119 8
split_gain=777.904 897.32 303.789 184.296 374.529 122.264 92.0614 123.501 74.013 40.6752 35.1776 24.6592 78.958 24.5562 22.673 46.8107 21.2394 10.3885 8.30946 14.4691 14.1879 9.6112 7.82318 7.62682 11.1463 6.95234 7.92765 6.37061 6.28623 8.92803 5.65876 25.3694 5.85151 7.83392 5.27301 5.52 5.23554 9.19606
threshold=0.93636366724967968 0.6999170482158662 0.75000000000000011 1.0000000180025095e-35 0.75000000000000011 1.0000000180025095e-35 0.56429719924926769 0.48106098175048834 0.09360742568969728 0.050035268068313606 0.38069936633110052 0.52266719937324535 0.45428046584129339 1.0000000180025095e-35 0.53617689013481151 0.59790590405464183 0.66889700293540966 -0.55557009577751149 0.49626159667968756 0.42232480645179754 0.48003464937210089 1.0321779251098635 0.34540821611881262 0.55328193306922924 0.50440177321434032 1.0000000180025095e-35 0.71251320838928234 1.0000000180025095e-35 1.0000000180025095e-35 0.76112988591194164 0.46147063374519354 0.3916513472795487 0.3885036855936051 0.3269487619400025 0.45485258102416998 1.0626657605171206 0.51532536745071422 0.12100281566381456
decision_type=2 2 2 2 2 2 2 2 2 2 2 2 2 2 2 2 2 2 2 2 2 2 2 2 2 2 2 2 2 2 2 2 2 2 2 2 2 2
left_child=-1 2 -2 -3 -5 13 7 10 -8 -7 -4 12 18 -6 -10 -16 25 -9 19 30 -21 -22 -11 -19 -25 -15 -27 -24 29 -18 31 32 33 -12 -33 -36 -14 -38
right_child=1 3 6 4 5 9 8 17 14 22 11 -13 36 16 15 -17 28 23 -20 20 21 -23 27 24 -26 26 -28 -29 -30 -31 -32 34 -34 -35 35 -37 37 -39
leaf_value=0 -0.00095104813540167134 -0.00095104813540167134 -0.00060018523384286482 -0.00095104813540167134 0.00088249114770952983 -0.025316909840138641 0.0018791405488602713 0.00010800774074501109 0.00013869447644374589 0.00013869447644374589 0.00013869447644374589 0.00013869447644374589 -0.00044509259299601922 6.4837347832519951e-05 2.1045907870913537e-05 0.00013869447644374589 6.1541501276707327e-06 0.00013869447644374589 0.00013869447644374589 -0.00056025347692433057 0.00013869447644374589 0.00013869447644374589 0.00013869447644374589 0.00013869447644374589 0.0019598325731125473 0.0001387270258721607 -3.0159305818469859e-05 0.00013869447644374589 0.00013868553407277772 2.9320829071863842e-05 0.00013869447644374589 0.00013869447644374589 0.00013869447644374589 0.00013869447644374589 0.00013869447644374589 0.00013869447644374589 -7.0516261195407995e-05 0.00013869447644374589
leaf_weight=43208 715 7799 85 2159 338 50 121 394 1463 652 32 431 184 139 108 166 36 164 223 53 73 31 167 68 35 57 30 40 63 175 208 83 274 37 23 27 44 45
leaf_count=43208 715 7799 85 2159 338 50 121 394 1463 652 32 431 184 139 108 166 36 164 223 53 73 31 167 68 35 57 30 40 63 175 208 83 274 37 23 27 44 45
internal_value=-0.00116067 0.00614531 0.0201714 4.95505e-05 0.00714183 0.0209113 0.0241244 0.0191344 0.0308762 0.0310715 0.0244296 0.025638 0.0229559 0.00989021 0.0329833 0.0224234 0.01552 0.00429047 0.0278797 0.0260595 0.0151083 0.0236923 0.0331129 0.010382 0.0189126 0.00644248 0.0153103 0.0263382 0.0230073 0.0196967 0.0285731 0.0261681 0.0319184 0.0215072 0.0113383 0.0216 0.00376557 0.0117303
internal_weight=60000 16792 5087 11705 3906 1747 4372 2514 1858 909 1853 1768 1337 838 1737 274 500 661 1064 841 157 104 859 267 103 226 87 207 274 211 684 476 343 69 133 50 273 89
internal_count=60000 16792 5087 11705 3906 1747 4372 2514 1858 909 1853 1768 1337 838 1737 274 500 661 1064 841 157 104 859 267 103 226 87 207 274 211 684 476 343 69 133 50 273 89
is_linear=0
shrinkage=0.04


Tree=148
num_leaves=39
num_cat=0
split_feature=13 68 15 84 15 73 102 31 56 52 102 102 31 31 102 77 120 123 103 102 102 45 96 31 102 71 16 85 12 102 31 102 12 102 51 12 31 126
split_gain=777.538 897.625 303.789 183.665 392.121 106.834 81.005 122.336 72.444 61.1364 34.0936 26.2359 74.4358 20.8552 46.3949 12.3896 9.37933 8.28926 8.07753 15.5966 7.98952 7.82318 7.52506 6.91605 8.02032 6.37061 5.97241 5.47763 4.6952 5.14341 8.27816 6.53802 10.037 3.87995 3.40015 3.32888 2.82518 2.56719
threshold=0.93636366724967968 0.6999170482158662 0.75000000000000011 1.0000000180025095e-35 0.75000000000000011 0.081620417535305037 0.56428781151771557 0.48106098175048834 0.09360742568969728 1.0000000180025095e-35 0.37993320822715765 0.52307730913162243 0.45428046584129339 0.53617689013481151 0.59790590405464183 -0.38268354535102839 1.0000000180025095e-35 1.0000000180025095e-35 1.0000000180025095e-35 0.70415800809860241 0.52068921923637401 0.34540821611881262 0.79924157261848461 0.49548439681530004 0.5541210174560548 1.0000000180025095e-35 1.0000000180025095e-35 0.71251320838928234 0.93004098534584057 0.48479545116424566 0.42232480645179754 0.45443418622016912 0.78291481733322155 0.39428536593914038 0.63956311345100414 0.9068988859653474 0.39659819006919866 1.1950578689575198
decision_type=2 2 2 2 2 2 2 2 2 2 2 2 2 2 2 2 2 2 2 2 2 2 2 2 2 2 2 2 2 2 2 2 2 2 2 2 2 2
left_child=-1 2 -2 -3 -5 -6 7 10 -8 16 -4 12 22 17 -15 -9 35 -10 -18 26 -14 -11 -12 24 -17 37 -20 -28 29 30 31 32 33 -24 -13 -7 -19 -23
right_child=1 3 6 4 5 9 8 15 13 21 11 34 20 14 -16 23 18 36 19 -21 -22 25 28 -25 -26 -27 27 -29 -30 -31 -32 -33 -34 -35 -36 -37 -38 -39
leaf_value=0 -0.00091300620998560449 -0.00091300620998560449 -0.00057617782448915022 -0.00091300620998560449 0.1468724249750635 2.8147995909009184e-05 0.0018039749269058596 9.6746742067457258e-05 0.00013314669738598184 0.00013314669738598184 0.00013314669738598184 0.00013314669738598184 0.00035862009401978147 2.0204071556051417e-05 0.00013314669738598184 0.00013314669738598184 6.3800448296491226e-06 0.00013314669738598184 0.00013200033488857343 0.00013313783850960303 0.00013314669738598184 0.00013314717737848293 0.00013314669738598184 0.00013314669738598184 0.00013314669738598184 0.00013314669738598184 0.00013342442919375323 -2.8952925769318467e-05 0.00013314669738598184 0.00013314669738598184 0.00013314669738598184 0.00013314669738598184 -0.019533933093544738 0.00013314669738598184 0.00013314669738598184 7.9252978335293752e-05 0.00013314669738598184 0.00013314669738598184
leaf_weight=43208 715 7891 79 2155 300 113 121 385 1320 652 564 393 258 107 166 84 90 40 103 56 29 143 27 161 40 40 58 20 268 49 42 50 39 31 42 60 77 24
leaf_count=43208 715 7891 79 2155 300 113 121 385 1320 652 564 393 258 107 166 84 90 40 103 56 29 143 27 161 40 40 58 20 268 49 42 50 39 31 42 60 77 24
internal_value=-0.00116133 0.00614292 0.0201714 4.61332e-05 0.00725328 0.021871 0.0241244 0.0195026 0.0305385 0.0266402 0.0247547 0.0258884 0.0231481 0.032655 0.0225201 0.00483582 0.01552 0.0345804 0.0115352 0.0154093 0.00505923 0.0331129 0.028 0.0111579 0.0182581 0.0263382 0.00970166 0.0180513 0.0244585 0.0203697 0.0173757 0.0218503 0.0157938 0.0263448 0.0344368 0.023052 0.0243761 0.0297725
internal_weight=60000 16792 5087 11705 3814 1659 4372 2541 1831 1359 1871 1792 1357 1710 273 670 500 1437 327 237 287 859 1070 285 124 207 181 78 506 238 189 147 97 58 435 173 117 167
internal_count=60000 16792 5087 11705 3814 1659 4372 2541 1831 1359 1871 1792 1357 1710 273 670 500 1437 327 237 287 859 1070 285 124 207 181 78 506 238 189 147 97 58 435 173 117 167
is_linear=0
shrinkage=0.04


Tree=149
num_leaves=39
num_cat=0
split_feature=13 68 32 135 32 52 119 48 56 73 119 84 119 48 48 102 119 26 119 48 119 12 45 0 48 85 71 103 119 119 48 85 48 119 12 118 34 119
split_gain=775.349 893.421 302.604 183.942 373.841 122.816 92.9735 122.181 73.9077 40.6752 34.8761 24.2755 23.6891 80.8887 22.5742 46.8107 21.6957 10.3885 8.30946 14.4691 14.1879 9.6112 7.82318 7.62682 11.1463 6.77671 6.37061 6.28623 8.92803 5.65876 25.3694 5.85151 7.83392 5.27301 5.52 4.58617 4.51923 4.46935
threshold=0.93636366724967968 0.6999170482158662 0.75000000000000011 1.0000000180025095e-35 0.75000000000000011 1.0000000180025095e-35 0.56429719924926769 0.48106098175048834 0.09360742568969728 0.081620417535305037 0.38069936633110052 1.0000000180025095e-35 0.52266719937324535 0.45428046584129339 0.53617689013481151 0.59790590405464183 0.66889700293540966 -0.55557009577751149 0.49626159667968756 0.42232480645179754 0.48003464937210089 1.0321779251098635 0.34540821611881262 0.55328193306922924 0.50440177321434032 0.7119947373867036 1.0000000180025095e-35 1.0000000180025095e-35 0.76112988591194164 0.46147063374519354 0.3916513472795487 0.3885036855936051 0.3269487619400025 0.45485258102416998 1.0626657605171206 1.0000000180025095e-35 0.62171229720115673 0.51532536745071422
decision_type=2 2 2 2 2 2 2 2 2 2 2 2 2 2 2 2 2 2 2 2 2 2 2 2 2 2 2 2 2 2 2 2 2 2 2 2 2 2
left_child=-1 2 -2 -3 -5 11 7 10 -8 -7 -4 35 13 18 -10 -16 25 -9 19 29 -21 -22 -11 -19 -25 -13 -24 28 -18 30 31 32 -12 -32 -35 -6 -31 -15
right_child=1 3 6 4 5 9 8 17 14 22 12 16 -14 37 15 -17 27 23 -20 20 21 -23 26 24 -26 -27 -28 -29 -30 36 33 -33 -34 34 -36 -37 -38 -39
leaf_value=0 -0.00087648596158618035 -0.00087648596158618035 -0.00055313071150955297 -0.00087648596158618035 0.0041285275263136852 -0.030179130445535596 0.0017318159298296159 9.9817561432447268e-05 0.000127820829490517 0.000127820829490517 0.000127820829490517 0.00012781910345423559 0.000127820829490517 -0.00044163369303696243 1.9395908693837783e-05 0.000127820829490517 5.6527823293350821e-06 0.000127820829490517 0.000127820829490517 -0.00054316920574279946 0.000127820829490517 0.000127820829490517 0.000127820829490517 0.000127820829490517 0.0018761134022926003 -1.998694421252077e-06 0.000127820829490517 0.00012781259916948783 2.702207607264029e-05 0.000127820829490517 0.000127820829490517 0.000127820829490517 0.000127820829490517 0.000127820829490517 0.000127820829490517 -0.00022679440019380046 0.000127820829490517 0.000127820829490517
leaf_weight=43208 715 7799 85 2159 117 50 121 394 1463 652 32 107 431 184 108 166 36 164 223 53 73 31 167 68 35 119 40 63 175 188 83 274 37 23 27 221 20 89
leaf_count=43208 715 7799 85 2159 117 50 121 394 1463 652 32 107 431 184 108 166 36 164 223 53 73 31 167 68 35 119 40 63 175 188 83 274 37 23 27 221 20 89
internal_value=-0.00116533 0.00612863 0.0201242 4.61332e-05 0.00713159 0.0208884 0.0240695 0.0190549 0.0308547 0.0310715 0.0243216 0.00984248 0.0255249 0.022896 0.0329603 0.0224234 0.01544 0.00429047 0.0278797 0.0260595 0.0151083 0.0236923 0.0331129 0.010382 0.0189126 0.00626549 0.0263382 0.0230073 0.0196967 0.0285731 0.0261681 0.0319184 0.0215072 0.0113383 0.0216 0.00156213 0.0340769 0.00347253
internal_weight=60000 16792 5087 11705 3906 1747 4372 2514 1858 909 1853 838 1768 1337 1737 274 500 661 1064 841 157 104 859 267 103 226 207 274 211 684 476 343 69 133 50 338 208 273
internal_count=60000 16792 5087 11705 3906 1747 4372 2514 1858 909 1853 838 1768 1337 1737 274 500 661 1064 841 157 104 859 267 103 226 207 274 211 684 476 343 69 133 50 338 208 273
is_linear=0
shrinkage=0.04


Tree=150
num_leaves=39
num_cat=0
split_feature=13 68 15 135 15 52 119 14 56 73 119 84 119 14 14 119 119 26 119 14 119 12 16 45 0 14 85 71 119 14 85 14 119 12 34 119 75 104
split_gain=775.349 893.421 302.604 183.942 373.841 122.816 92.9735 122.181 73.9077 40.6752 34.8761 24.2755 23.6891 80.8887 22.5742 46.5808 21.6957 10.3885 8.30946 14.4691 14.1879 9.6112 7.98662 7.82318 7.62682 11.1463 7.1173 6.37061 5.65876 25.3694 5.85151 7.83392 5.27301 5.52 4.51923 4.46935 9.12389 4.21026
threshold=0.93636366724967968 0.6999170482158662 0.75000000000000011 1.0000000180025095e-35 0.75000000000000011 1.0000000180025095e-35 0.56429719924926769 0.48106098175048834 0.09360742568969728 0.081620417535305037 0.38069936633110052 1.0000000180025095e-35 0.52266719937324535 0.45428046584129339 0.53617689013481151 0.59866267442703258 0.66889700293540966 -0.55557009577751149 0.49626159667968756 0.42232480645179754 0.48003464937210089 1.0321779251098635 1.0000000180025095e-35 0.34540821611881262 0.55328193306922924 0.50440177321434032 0.71251320838928234 1.0000000180025095e-35 0.46147063374519354 0.3916513472795487 0.3885036855936051 0.3269487619400025 0.45485258102416998 1.0626657605171206 0.62171229720115673 0.51532536745071422 1.1063817143440249 1.0000000180025095e-35
decision_type=2 2 2 2 2 2 2 2 2 2 2 2 2 2 2 2 2 2 2 2 2 2 2 2 2 2 2 2 2 2 2 2 2 2 2 2 2 2
left_child=-1 2 -2 -3 -5 11 7 10 -8 -7 -4 -6 13 18 -10 -16 22 -9 19 28 -21 -22 -13 -11 -19 -26 -24 -25 29 30 31 -12 -31 -34 -30 -15 -37 -18
right_child=1 3 6 4 5 9 8 17 14 23 12 16 -14 35 15 -17 37 24 -20 20 21 -23 26 27 25 -27 -28 -29 34 32 -32 -33 33 -35 -36 36 -38 -39
leaf_value=0 -0.000841426523122733 -0.000841426523122733 -0.00053100548304918505 -0.000841426523122733 0.00071857064914802036 -0.028971965227714169 0.0016625432926364221 9.5824858975151163e-05 0.00012270799631089346 0.00012270799631089346 0.00012270799631089346 5.6005263002467925e-05 0.00012270799631089346 -0.00042396834531551521 7.3216898311068325e-05 0.00012270799631089346 0.00012269960164296544 0.00012270799631089346 0.00012270799631089346 -0.0005214424375130733 0.00012270799631089346 0.00012270799631089346 0.00012272820353134153 0.00012270799631089346 0.00012270799631089346 0.0018010688662008761 -2.7714868778131161e-05 0.00012270799631089346 0.00012270799631089346 0.00012270799631089346 0.00012270799631089346 0.00012270799631089346 0.00012270799631089346 0.00012270799631089346 0.00012270799631089346 0.000103578760614396 0.00012270799631089346 0.00011240368919150069
leaf_weight=43208 715 7799 85 2159 338 50 121 394 1463 652 32 139 431 184 106 168 40 164 223 53 73 31 57 167 68 35 30 40 188 83 274 37 23 27 20 56 33 234
leaf_count=43208 715 7799 85 2159 338 50 121 394 1463 652 32 139 431 184 106 168 40 164 223 53 73 31 57 167 68 35 30 40 188 83 274 37 23 27 20 56 33 234
internal_value=-0.00116533 0.00612863 0.0201242 4.61332e-05 0.00713159 0.0208884 0.0240695 0.0190549 0.0308547 0.0310715 0.0243216 0.00984248 0.0255249 0.022896 0.0329603 0.0224234 0.01544 0.00429047 0.0278797 0.0260595 0.0151083 0.0236923 0.00626549 0.0331129 0.010382 0.0189126 0.0157701 0.0263382 0.0285731 0.0261681 0.0319184 0.0215072 0.0113383 0.0216 0.0340769 0.00347253 0.0108315 0.0230073
internal_weight=60000 16792 5087 11705 3906 1747 4372 2514 1858 909 1853 838 1768 1337 1737 274 500 661 1064 841 157 104 226 859 267 103 87 207 684 476 343 69 133 50 208 273 89 274
internal_count=60000 16792 5087 11705 3906 1747 4372 2514 1858 909 1853 838 1768 1337 1737 274 500 661 1064 841 157 104 226 859 267 103 87 207 684 476 343 69 133 50 208 273 89 274
is_linear=0
shrinkage=0.04


Tree=151
num_leaves=39
num_cat=0
split_feature=13 68 15 135 15 52 119 31 56 5 119 119 31 31 102 84 26 119 103 119 31 119 12 0 31 16 12 45 85 71 119 31 85 31 119 12 34 119
split_gain=759.024 907.159 302.604 168.345 343.529 148.927 92.9735 122.181 73.9077 40.4437 34.8761 23.6891 80.8887 22.5742 46.8107 13.3146 10.3885 8.5265 15.6792 8.30946 14.4691 14.1879 9.6112 7.62682 11.1463 7.51846 7.06748 6.88724 6.70835 5.74322 5.65876 25.3694 5.85151 7.83392 5.27301 5.52 4.51923 4.46935
threshold=0.93636366724967968 0.6999170482158662 0.75000000000000011 1.0000000180025095e-35 0.75000000000000011 1.0000000180025095e-35 0.56429719924926769 0.48106098175048834 0.09360742568969728 0.12560168653726581 0.38069936633110052 0.52266719937324535 0.45428046584129339 0.53617689013481151 0.59790590405464183 1.0000000180025095e-35 -0.55557009577751149 0.66889700293540966 1.0000000180025095e-35 0.49626159667968756 0.42232480645179754 0.48003464937210089 1.0321779251098635 0.55328193306922924 0.50440177321434032 1.0000000180025095e-35 0.85620406270027172 0.34540821611881262 0.71251320838928234 1.0000000180025095e-35 0.46147063374519354 0.3916513472795487 0.3885036855936051 0.3269487619400025 0.45485258102416998 1.0626657605171206 0.62171229720115673 0.51532536745071422
decision_type=2 2 2 2 2 2 2 2 2 2 2 2 2 2 2 2 2 2 2 2 2 2 2 2 2 2 2 2 2 2 2 2 2 2 2 2 2 2
left_child=-1 2 -2 -3 -5 15 7 10 -8 -7 -4 12 19 -10 -15 -6 -9 25 26 20 30 -22 -23 -18 -25 -17 -19 -11 -27 -29 31 32 33 -12 -33 -36 -32 -14
right_child=1 3 6 4 5 9 8 16 13 27 11 -13 37 14 -16 17 23 18 -20 -21 21 22 -24 24 -26 28 -28 29 -30 -31 36 34 -34 -35 35 -37 -38 -39
leaf_value=0 -0.00080776946219782381 -0.00080776946219782381 -0.0005097652637272176 -0.00080776946219782381 0.00068982782318208538 -0.013999982426224109 0.0015960415609309359 9.1991864616121328e-05 0.00011779967645843214 0.00011779967645843214 0.00011779967645843214 0.00011779967645843214 -0.0004070096115029287 1.5691396413615166e-05 0.00011779967645843214 5.376505248233991e-05 0.00011779967645843214 2.1445045462087364e-05 0.0001177921111369784 0.00011779967645843214 -0.00050058474001254179 0.00011779967645843214 0.00011779967645843214 0.00011779967645843214 0.0017290261115528666 0.00011781907539011984 8.0912283840931621e-05 0.00011779967645843214 -2.6606274026986495e-05 0.00011779967645843214 0.00011779967645843214 0.00011779967645843214 0.00011779967645843214 0.00011779967645843214 0.00011779967645843214 0.00011779967645843214 0.00011779967645843214 0.00011779967645843214
leaf_weight=43208 715 7799 85 2159 338 60 121 394 1463 648 32 431 184 108 166 139 164 106 63 223 53 73 31 68 35 57 105 163 30 38 188 83 274 37 23 27 20 89
leaf_count=43208 715 7799 85 2159 338 60 121 394 1463 648 32 431 184 108 166 139 164 106 63 223 53 73 31 68 35 57 105 163 30 38 188 83 274 37 23 27 20 89
internal_value=-0.00119533 0.00602144 0.0201242 -0.000107647 0.00667076 0.019858 0.0240695 0.0190549 0.0308547 0.0310715 0.0243216 0.0255249 0.022896 0.0329603 0.0224234 0.00769451 0.00429047 0.01184 0.0165839 0.0278797 0.0260595 0.0151083 0.0236923 0.010382 0.0189126 0.00608849 0.0113554 0.0333145 0.0153103 0.0268458 0.0285731 0.0261681 0.0319184 0.0215072 0.0113383 0.0216 0.0340769 0.00347253
internal_weight=60000 16792 5087 11705 3906 1747 4372 2514 1858 909 1853 1768 1337 1737 274 838 661 500 274 1064 841 157 104 267 103 226 211 849 87 201 684 476 343 69 133 50 208 273
internal_count=60000 16792 5087 11705 3906 1747 4372 2514 1858 909 1853 1768 1337 1737 274 838 661 500 274 1064 841 157 104 267 103 226 211 849 87 201 684 476 343 69 133 50 208 273
is_linear=0
shrinkage=0.04


Tree=152
num_leaves=39
num_cat=0
split_feature=13 68 15 135 15 52 119 14 56 73 119 12 119 14 14 102 84 119 14 26 119 12 85 119 103 12 0 14 16 45 85 71 119 121 118 119 75 14
split_gain=755.06 901.435 300.831 167.668 342.211 151.321 92.2815 121.13 73.3822 40.7773 34.6359 23.6003 37.3037 48.6177 22.0836 46.8107 13.2069 11.4003 14.7357 10.3885 8.88101 15.9014 9.09509 8.0587 16.2065 7.82397 7.62682 11.1463 7.51846 7.48811 6.70835 5.67387 5.22557 4.77933 4.75724 4.46935 9.12389 4.14649
threshold=0.93636366724967968 0.6999170482158662 0.75000000000000011 1.0000000180025095e-35 0.75000000000000011 1.0000000180025095e-35 0.56429719924926769 0.48106098175048834 0.09360742568969728 0.081620417535305037 0.38069936633110052 0.93004098534584057 0.52266719937324535 0.45428046584129339 0.53617689013481151 0.59790590405464183 1.0000000180025095e-35 0.48508223891258245 0.42232480645179754 -0.55557009577751149 0.45485258102416998 0.78291481733322155 0.3885036855936051 0.66889700293540966 1.0000000180025095e-35 0.87096264958381664 0.55328193306922924 0.50440177321434032 1.0000000180025095e-35 0.34540821611881262 0.71251320838928234 1.0000000180025095e-35 0.48003464937210089 1.0000000180025095e-35 1.0000000180025095e-35 0.51532536745071422 1.1063817143440249 0.49434550106525427
decision_type=2 2 2 2 2 2 2 2 2 2 2 2 2 2 2 2 2 2 2 2 2 2 2 2 2 2 2 2 2 2 2 2 2 2 2 2 2 2
left_child=-1 2 -2 -3 -5 16 7 10 -8 -7 -4 12 13 17 -10 -16 34 18 20 -9 21 22 -12 28 25 -25 37 -28 -18 -11 -30 -31 -20 -14 -6 -15 -37 -21
right_child=1 3 6 4 5 9 8 19 14 29 11 -13 33 35 15 -17 23 -19 32 26 -22 -23 -24 24 -26 -27 27 -29 30 31 -32 -33 -34 -35 -36 36 -38 -39
leaf_value=0 -0.00077545868370991076 -0.00077545868370991076 -0.0004893746531781318 -0.00077545868370991076 0.0039070504863679177 -0.02725308732155661 0.0015321998984936663 8.8312190031461206e-05 0.0001130876894001176 0.0001130876894001176 0.0001130876894001176 0.0001130876894001176 0.0001130876894001176 -0.00039072922704278315 1.5063740557081928e-05 0.0001130876894001176 5.1614450383019857e-05 0.0001130876894001176 -0.00048056135041207426 0.0001130876894001176 0.0001130876894001176 0.0001130876894001176 0.0001130876894001176 2.0587243643603869e-05 0.00011308042669149643 9.0493770544557633e-05 0.0001130876894001176 0.0016598650670907461 0.00011310631237451576 0.00011308801338178034 -2.5542023065921725e-05 0.0001130876894001176 0.0001130876894001176 0.0001130876894001176 -0.00027405856307928354 9.4723623131527749e-05 0.0001130876894001176 7.7552576354733557e-05
leaf_weight=43208 715 7799 85 2159 117 50 121 394 1463 652 25 662 68 184 108 166 139 128 53 56 107 72 95 117 63 94 68 35 57 167 30 40 22 263 221 56 33 108
leaf_count=43208 715 7799 85 2159 117 50 121 394 1463 652 25 662 68 184 108 166 139 128 53 56 107 72 95 117 63 94 68 35 57 167 30 40 22 263 221 56 33 108
internal_value=-0.00120267 0.00599523 0.0200535 -0.000114482 0.00665028 0.0198122 0.0239872 0.0189912 0.030747 0.0311155 0.0242353 0.0254344 0.021859 0.0170581 0.0328451 0.0224234 0.00755131 0.0244462 0.0209198 0.00429047 0.0248963 0.01975 0.0286667 0.01168 0.016292 0.0109763 0.010382 0.0189126 0.00608849 0.0331595 0.0153103 0.0265314 0.00506667 0.0330997 0.00144379 0.00347253 0.0108315 0.00502439
internal_weight=60000 16792 5087 11705 3906 1747 4372 2514 1858 909 1853 1768 1106 775 1737 274 838 502 374 661 299 192 120 500 274 211 267 103 226 859 87 207 75 331 338 273 89 164
internal_count=60000 16792 5087 11705 3906 1747 4372 2514 1858 909 1853 1768 1106 775 1737 274 838 502 374 661 299 192 120 500 274 211 267 103 226 859 87 207 75 331 338 273 89 164
is_linear=0
shrinkage=0.04


Tree=153
num_leaves=39
num_cat=0
split_feature=13 68 15 135 15 52 119 14 5 124 119 12 119 14 14 102 103 119 119 14 26 119 12 85 0 14 16 45 12 71 84 119 119 85 121 118 119 75
split_gain=751.465 904.492 300.831 164.303 335.662 157.514 92.2815 121.13 71.8561 40.7773 34.6359 23.6003 37.3037 48.6177 22.1877 46.6951 12.4914 20.0674 11.4003 14.7357 10.3885 8.88101 15.9014 9.09509 7.62682 11.1463 7.50651 7.48811 5.84058 5.67387 5.6143 7.79385 5.22557 5.05304 4.77933 4.70421 4.46935 9.12389
threshold=0.93636366724967968 0.6999170482158662 0.75000000000000011 1.0000000180025095e-35 0.75000000000000011 1.0000000180025095e-35 0.56429719924926769 0.48106098175048834 0.12560168653726581 0.050035268068313606 0.38069936633110052 0.93004098534584057 0.52266719937324535 0.45428046584129339 0.53617689013481151 0.59790590405464183 1.0000000180025095e-35 0.66889700293540966 0.48508223891258245 0.42232480645179754 -0.55557009577751149 0.45485258102416998 0.78291481733322155 0.3885036855936051 0.55328193306922924 0.50440177321434032 1.0000000180025095e-35 0.34540821611881262 0.85620406270027172 1.0000000180025095e-35 1.0000000180025095e-35 0.76648133993148815 0.48003464937210089 0.71251320838928234 1.0000000180025095e-35 1.0000000180025095e-35 0.51532536745071422 1.1063817143440249
decision_type=2 2 2 2 2 2 2 2 2 2 2 2 2 2 2 2 2 2 2 2 2 2 2 2 2 2 2 2 2 2 2 2 2 2 2 2 2 2
left_child=-1 2 -2 -3 -5 16 7 10 -8 -7 -4 12 13 18 -10 -16 28 26 19 21 -9 22 23 -12 -22 -26 -18 -11 30 -29 35 -32 -21 -28 -14 -6 -15 -38
right_child=1 3 6 4 5 9 8 20 14 27 11 -13 34 36 15 -17 17 -19 -20 32 24 -23 -24 -25 25 -27 33 29 -30 -31 31 -33 -34 -35 -36 -37 37 -39
leaf_value=0 -0.00074444033636151435 -0.00074444033636151435 -0.00046979966705102072 -0.00074444033636151435 0.00050595269080005783 -0.026162963828694364 0.001246320175143133 8.4779702430184638e-05 0.00010856418182413564 0.00010856418182413564 0.00010856418182413564 0.00010856418182413564 0.00010856418182413564 -0.00037510005796107752 1.4461190934795809e-05 0.00010856418182413564 0.00011515216672009388 0.00010903203973585085 0.00010856418182413564 -0.00046133889639556004 0.00010856418182413564 0.00010856418182413564 0.00010856418182413564 0.00010856418182413564 0.00010856418182413564 0.0015934704644071445 0.00010858205987952731 0.00010856449284649364 -2.8513071517011213e-06 0.00010856418182413564 -7.5076809572749422e-07 1.9763753897876768e-05 0.00010856418182413564 -2.4520334326909208e-05 0.00010856418182413564 -0.00014799363832558756 9.0934678206251813e-05 0.00010856418182413564
leaf_weight=43208 715 7799 85 2159 57 50 123 394 1462 652 25 662 68 184 108 165 111 68 128 53 164 107 72 95 68 35 57 167 271 40 44 95 22 20 263 115 56 33
leaf_count=43208 715 7799 85 2159 57 50 123 394 1462 652 25 662 68 184 108 165 111 68 128 53 164 107 72 95 68 35 57 167 271 40 44 95 22 20 263 115 56 33
internal_value=-0.00120933 0.00597141 0.0200535 -0.000148655 0.00654787 0.0195833 0.0239872 0.0189912 0.030747 0.0311155 0.0242353 0.0254344 0.021859 0.0170581 0.0328415 0.0223736 0.00707398 0.0144375 0.0244462 0.0209198 0.00429047 0.0248963 0.01975 0.0286667 0.010382 0.0189126 0.00770213 0.0331595 0.00383505 0.0265314 0.00757556 0.013554 0.00506667 0.0172987 0.0330997 0.00274419 0.00347253 0.0108315
internal_weight=60000 16792 5087 11705 3906 1747 4372 2514 1858 909 1853 1768 1106 775 1735 273 838 256 502 374 661 299 192 120 267 103 188 859 582 207 311 139 75 77 331 172 273 89
internal_count=60000 16792 5087 11705 3906 1747 4372 2514 1858 909 1853 1768 1106 775 1735 273 838 256 502 374 661 299 192 120 267 103 188 859 582 207 311 139 75 77 331 172 273 89
is_linear=0
shrinkage=0.04


Tree=154
num_leaves=39
num_cat=0
split_feature=13 68 15 135 15 69 119 14 56 73 119 12 119 14 14 119 119 14 119 103 119 26 119 12 0 0 14 16 12 119 73 71 84 119 118 119 75 9
split_gain=752.184 903.88 300.831 164.973 336.967 154.991 92.2815 121.13 73.3822 39.7638 34.6359 23.6003 37.3037 48.6177 22.0836 46.5808 11.4003 14.7357 11.2811 10.6052 19.0087 10.3885 8.88101 15.9014 8.1 7.62682 11.1463 6.15359 5.3516 5.22557 5.12761 5.02981 4.6518 8.50908 5.6641 4.46935 9.12389 4.41903
threshold=0.93636366724967968 0.6999170482158662 0.75000000000000011 1.0000000180025095e-35 0.75000000000000011 1.0000000180025095e-35 0.56429719924926769 0.48106098175048834 0.09360742568969728 0.081620417535305037 0.38069936633110052 0.93004098534584057 0.52266719937324535 0.45428046584129339 0.53617689013481151 0.59866267442703258 0.48508223891258245 0.42232480645179754 0.66889700293540966 1.0000000180025095e-35 0.66889700293540966 -0.55557009577751149 0.45485258102416998 0.78291481733322155 0.38910460472106939 0.55328193306922924 0.50440177321434032 1.0000000180025095e-35 0.87096264958381664 0.48003464937210089 0.12805059552192691 1.0000000180025095e-35 1.0000000180025095e-35 0.78162270784378063 1.0000000180025095e-35 0.51532536745071422 1.1063817143440249 0.91037613153457653
decision_type=2 2 2 2 2 2 2 2 2 2 2 2 2 2 2 2 2 2 2 2 2 2 2 2 2 2 2 2 2 2 2 2 2 2 2 2 2 2
left_child=-1 2 -2 -3 -5 19 7 10 -8 -7 -4 12 13 16 -10 -16 17 22 -11 28 27 -9 23 24 -12 -23 -27 -21 32 -19 31 -20 34 -34 -6 -15 -37 -33
right_child=1 3 6 4 5 9 8 21 14 18 11 -13 -14 35 15 -17 -18 29 30 20 -22 25 -24 -25 -26 26 -28 -29 -30 -31 -32 37 33 -35 -36 36 -38 -39
leaf_value=0 -0.00071466272290705379 -0.00071466272290705379 -0.00045100768036896002 -0.00071466272290705379 0.0004857145831680754 -0.025116445275546587 0.0014210590955481956 8.1388514332987578e-05 0.00010422161455117873 0.00010422124712349046 0.00010422161455117873 0.00010422161455117873 0.00010422161455117873 -0.0003600960556426003 6.259489433036972e-05 0.00010422161455117873 0.00010422161455117873 -0.00044288534053976036 0.00010422161455117873 6.635393824026061e-05 0.00010419592803437183 0.00010422161455117873 0.00010422161455117873 0.00010422161455117873 0.00010422161455117873 0.00010422161455117873 0.0015297316458308759 0.0001042387774842072 -3.298633852146236e-06 0.00010422161455117873 0.00010422161455117873 0.00010422161455117873 3.6559830719586625e-07 1.8973203741978752e-05 -0.00014207389279256689 8.7297291077972721e-05 0.00010422161455117873 0.00010422161455117873
leaf_weight=43208 715 7799 85 2159 65 50 121 394 1463 56 30 662 331 184 106 168 128 53 170 97 63 164 107 72 90 68 35 67 233 22 608 30 58 97 130 56 33 23
leaf_count=43208 715 7799 85 2159 65 50 121 394 1463 56 30 662 331 184 106 168 128 53 170 97 63 164 107 72 90 68 35 67 233 22 608 30 58 97 130 56 33 23
internal_value=-0.001208 0.00597618 0.0200535 -0.000141821 0.00656836 0.0196291 0.0239872 0.0189912 0.030747 0.0307065 0.0242353 0.0254344 0.021859 0.0170581 0.0328451 0.0224234 0.0244462 0.0209198 0.0326629 0.00681481 0.0141498 0.00429047 0.0248963 0.01975 0.0286667 0.010382 0.0189126 0.00697561 0.00395883 0.00506667 0.0338339 0.0286457 0.00708571 0.0122581 0.00297436 0.00347253 0.0108315 0.0178868
internal_weight=60000 16792 5087 11705 3906 1747 4372 2514 1858 937 1853 1768 1106 775 1737 274 502 374 887 810 227 661 299 192 120 267 103 164 583 75 831 223 350 155 195 273 89 53
internal_count=60000 16792 5087 11705 3906 1747 4372 2514 1858 937 1853 1768 1106 775 1737 274 502 374 887 810 227 661 299 192 120 267 103 164 583 75 831 223 350 155 195 273 89 53
is_linear=0
shrinkage=0.04


Tree=155
num_leaves=39
num_cat=0
split_feature=13 68 15 135 15 52 119 31 56 73 119 12 119 31 31 102 103 119 119 31 26 119 12 0 0 31 16 45 71 12 119 84 119 121 119 75 31 0
split_gain=750.389 903.39 300.438 163.968 335.01 158.14 91.6067 121.13 73.1725 40.7773 34.6359 23.6003 37.3037 48.6177 23.1381 45.4866 12.6539 20.0674 11.4003 14.7357 10.3885 8.88101 15.9014 8.1 7.62682 11.1463 7.50651 7.48811 5.67387 5.65505 5.22557 4.80627 7.16258 4.77933 4.46935 9.12389 4.14649 6.33416
threshold=0.93636366724967968 0.6999170482158662 0.75000000000000011 1.0000000180025095e-35 0.75000000000000011 1.0000000180025095e-35 0.56429719924926769 0.48106098175048834 0.09360742568969728 0.081620417535305037 0.38069936633110052 0.93004098534584057 0.52266719937324535 0.45428046584129339 0.53617689013481151 0.59790590405464183 1.0000000180025095e-35 0.66889700293540966 0.48508223891258245 0.42232480645179754 -0.55557009577751149 0.45485258102416998 0.78291481733322155 0.38910460472106939 0.55328193306922924 0.50440177321434032 1.0000000180025095e-35 0.34540821611881262 1.0000000180025095e-35 0.85620406270027172 0.48003464937210089 1.0000000180025095e-35 0.76648133993148815 1.0000000180025095e-35 0.51532536745071422 1.1063817143440249 0.49434550106525427 0.5412975847721101
decision_type=2 2 2 2 2 2 2 2 2 2 2 2 2 2 2 2 2 2 2 2 2 2 2 2 2 2 2 2 2 2 2 2 2 2 2 2 2 2
left_child=-1 2 -2 -3 -5 16 7 10 -8 -7 -4 12 13 18 -10 -16 29 26 19 21 -9 22 23 -12 36 -26 -18 -11 -29 31 -21 -6 -33 -14 -15 -36 37 -22
right_child=1 3 6 4 5 9 8 20 14 27 11 -13 33 34 15 -17 17 -19 -20 30 24 -23 -24 -25 25 -27 -28 28 -30 -31 -32 32 -34 -35 35 -37 -38 -39
leaf_value=0 -0.00068607621399077159 -0.00068607621399077159 -0.00043296737315422717 -0.00068607621399077159 0.00046628599984131823 -0.024111787464524716 0.0013642167317262526 7.8132973759652803e-05 0.00010005274996913727 0.00010005274996913727 0.00010005274996913727 0.00010005274996913727 0.00010005274996913727 -0.00034569221341691048 1.1378947524178785e-05 0.00010005274996913727 0.00010637723016635902 0.00010050220180090705 0.00010005274996913727 -0.00042516992691815858 9.8372999054276996e-05 0.00010005274996913727 0.00010005274996913727 0.00010005274996913727 0.00010005274996913727 0.0014685423799976121 0.00010004736219554363 0.00010005305736890815 0.00010005274996913727 -2.6053095115941006e-06 0.00010005274996913727 -7.3536130415163828e-07 1.8214275592285391e-05 0.00010005274996913727 8.3805399434864567e-05 0.00010005274996913727 6.5939041445517435e-05 0.00010005274996913727
leaf_weight=43208 715 7799 85 2159 172 50 121 394 1463 652 30 662 68 184 108 166 111 68 128 53 30 107 72 90 68 35 77 167 40 271 22 44 95 263 56 33 108 26
leaf_count=43208 715 7799 85 2159 172 50 121 394 1463 652 30 662 68 184 108 166 111 68 128 53 30 107 72 90 68 35 77 167 40 271 22 44 95 263 56 33 108 26
internal_value=-0.00121133 0.00596427 0.0200377 -0.000152073 0.00653763 0.0195604 0.0239689 0.0189912 0.030704 0.0311155 0.0242353 0.0254344 0.021859 0.0170581 0.0327991 0.0221314 0.00702625 0.0144375 0.0244462 0.0209198 0.00429047 0.0248963 0.01975 0.0286667 0.010382 0.0189126 0.00770213 0.0331595 0.0265314 0.00376632 0.00506667 0.00744694 0.0129784 0.0330997 0.00347253 0.0108315 0.00502439 0.0138571
internal_weight=60000 16792 5087 11705 3906 1747 4372 2514 1858 909 1853 1768 1106 775 1737 274 838 256 502 374 661 299 192 120 267 103 188 859 207 582 75 311 139 331 273 89 164 56
internal_count=60000 16792 5087 11705 3906 1747 4372 2514 1858 909 1853 1768 1106 775 1737 274 838 256 502 374 661 299 192 120 267 103 188 859 207 582 75 311 139 331 273 89 164 56
is_linear=0
shrinkage=0.04


Tree=156
num_leaves=39
num_cat=0
split_feature=30 68 32 135 32 52 85 14 56 73 85 14 85 14 85 62 89 103 34 14 96 45 14 71 94 12 85 0 51 68 68 85 12 16 85 84 120 118
split_gain=747.879 904.522 300.242 161.967 331.115 161.923 69.602 115.495 69.8114 40.7773 32.2813 74.2443 34.6263 18.8439 45.4496 16.5749 14.0017 13.1022 9.63553 10.8756 8.25794 7.48811 6.91487 5.67387 5.13824 4.77233 4.65768 4.60342 4.51255 4.18409 13.0901 5.78551 4.13547 3.97572 4.57625 3.96402 5.70325 4.70421
threshold=0.93636366724967968 0.6999170482158662 0.75000000000000011 1.0000000180025095e-35 0.75000000000000011 1.0000000180025095e-35 0.56428876519203197 0.48106098175048834 0.09360742568969728 0.081620417535305037 0.52289092540740978 0.45428046584129339 0.38083229959011083 0.53617689013481151 0.59827139973640453 0.69552111625671398 1.0000000180025095e-35 1.0000000180025095e-35 0.5538635551929475 0.50440177321434032 0.84217259287834179 0.34540821611881262 0.49434550106525427 1.0000000180025095e-35 -0.75183990597724903 0.85620406270027172 0.52062875032424938 0.5412975847721101 0.58105432987213146 0.43171960115432745 0.45372331142425543 0.3885036855936051 0.91245013475418102 1.0000000180025095e-35 0.69910541176795971 1.0000000180025095e-35 1.0000000180025095e-35 1.0000000180025095e-35
decision_type=2 2 2 2 2 2 2 2 2 2 2 2 2 2 2 2 2 2 2 2 2 2 2 2 2 2 2 2 2 2 2 2 2 2 2 2 2 2
left_child=-1 2 -2 -3 -5 17 7 10 -8 -7 11 12 -4 16 -15 18 -10 25 22 -20 -14 -11 27 -23 33 35 -13 -9 -12 31 -31 -22 -18 34 -19 37 -37 -6
right_child=1 3 6 4 5 9 8 15 13 21 28 26 20 14 -16 -17 32 24 19 -21 29 23 -24 -25 -26 -27 -28 -29 -30 30 -32 -33 -34 -35 -36 36 -38 -39
leaf_value=0 -0.00065863316543114073 -0.00065863316543114073 8.8458929551364917e-05 -0.00065863316543114073 0.00044763455984764278 -0.023147315965943709 0.0013096480624571933 9.6151009107790458e-05 9.6050639970357568e-05 9.6050639970357568e-05 9.6050639970357568e-05 0.00086054670811641643 9.6050639970357568e-05 3.9086901459509007e-05 9.6050639970357568e-05 9.5830416965370091e-05 9.6050639970357568e-05 -0.00091985505929962133 9.6050639970357568e-05 0.020975544266303082 9.6050639970357568e-05 9.6050935074186406e-05 6.7394650072448521e-05 9.6050639970357568e-05 0.0011273704757324325 -2.5010971311445474e-06 9.6050639970357568e-05 9.6050639970357568e-05 9.6050639970357568e-05 9.6050639970357568e-05 9.6050639970357568e-05 9.6050639970357568e-05 9.6050639970357568e-05 9.603045152810481e-05 9.708907189648271e-05 1.748570456861387e-05 -7.0594685197988837e-07 -0.00015504237707453683
leaf_weight=43208 715 7799 82 2159 57 50 121 31 1229 652 374 257 623 108 163 429 98 46 68 33 34 167 100 40 31 271 25 23 74 44 272 97 87 83 96 96 43 115
leaf_count=43208 715 7799 82 2159 57 50 121 31 1229 652 374 257 623 108 163 429 98 46 68 33 34 167 100 40 31 271 25 23 74 44 272 97 87 83 96 96 43 115
internal_value=-0.001216 0.00594759 0.0200299 -0.000172577 0.00647619 0.019423 0.0239597 0.0197256 0.0299756 0.0311155 0.0248417 0.0219135 0.0264167 0.0320831 0.0224207 0.00564912 0.0339349 0.00673986 0.0137255 0.0233267 0.0283364 0.0331595 0.00742857 0.0265314 0.0142812 0.00342268 0.00351773 0.018963 0.0342143 0.0241879 0.0216962 0.0301985 0.0236757 0.0121778 0.00811268 0.00680386 0.0118273 0.00274419
internal_weight=60000 16792 5087 11705 3906 1747 4372 2566 1806 909 1882 1434 1152 1685 271 684 1414 838 255 101 1070 859 154 207 256 582 282 54 448 447 316 131 185 225 142 311 139 172
internal_count=60000 16792 5087 11705 3906 1747 4372 2566 1806 909 1882 1434 1152 1685 271 684 1414 838 255 101 1070 859 154 207 256 582 282 54 448 447 316 131 185 225 142 311 139 172
is_linear=0
shrinkage=0.04


Tree=157
num_leaves=39
num_cat=0
split_feature=13 68 32 135 32 52 119 14 56 124 119 12 119 14 14 85 103 119 119 14 26 119 12 85 45 0 14 71 12 119 121 119 75 14 0 89 85 119
split_gain=741.803 906.695 299.652 157.346 322.114 170.923 90.8469 121.866 72.8586 40.7773 34.6359 23.6003 37.3037 48.6177 22.8393 46.6718 14.3675 19.0163 11.4003 14.7357 10.0862 8.88101 15.9014 9.09509 7.48811 7.20626 10.6793 5.67387 5.47106 5.22557 4.77933 4.46935 9.12389 4.14649 6.33416 3.78904 3.65131 4.32169
threshold=0.93636366724967968 0.6999170482158662 0.75000000000000011 1.0000000180025095e-35 0.75000000000000011 1.0000000180025095e-35 0.56429719924926769 0.48106098175048834 0.09360742568969728 0.050035268068313606 0.38069936633110052 0.93004098534584057 0.52266719937324535 0.45428046584129339 0.53617689013481151 0.59827139973640453 1.0000000180025095e-35 0.68742546439170849 0.48508223891258245 0.42232480645179754 -0.55557009577751149 0.45485258102416998 0.78291481733322155 0.3885036855936051 0.34540821611881262 0.55328193306922924 0.50440177321434032 1.0000000180025095e-35 0.76287078857421886 0.48003464937210089 1.0000000180025095e-35 0.51532536745071422 1.1063817143440249 0.49434550106525427 0.5412975847721101 1.0000000180025095e-35 0.7119947373867036 0.63175231218338024
decision_type=2 2 2 2 2 2 2 2 2 2 2 2 2 2 2 2 2 2 2 2 2 2 2 2 2 2 2 2 2 2 2 2 2 2 2 2 2 2
left_child=-1 2 -2 -3 -5 16 7 10 -8 -7 -4 12 13 18 35 -16 28 36 19 21 -9 22 23 -12 -11 33 -27 -26 -6 -21 -14 -15 -33 34 -22 -10 37 -18
right_child=1 3 6 4 5 9 8 20 14 24 11 -13 30 31 15 -17 17 -19 -20 29 25 -23 -24 -25 27 26 -28 -29 -30 -31 -32 32 -34 -35 -36 -37 -38 -39
leaf_value=0 -0.00063228783881389512 -0.00063228783881389512 -0.00041918703541014678 -0.00063228783881389512 0.00042972917745373709 -0.022221423327305988 0.0012572621399588762 7.1174438130628084e-05 9.2208614371571692e-05 9.2208614371571692e-05 9.2208614371571692e-05 9.2208614371571692e-05 9.2208614371571692e-05 -0.00036628639320490208 9.360313564812372e-06 9.2208614371571692e-05 4.789278845776599e-05 9.2166784779763592e-05 9.2208614371571692e-05 -0.00041200515544019821 9.0592038727734808e-05 9.2208614371571692e-05 9.2208614371571692e-05 9.2208614371571692e-05 9.2208897671225109e-05 9.2208614371571692e-05 0.0013588358239858642 9.2208614371571692e-05 -6.5383405249974664e-07 9.2208614371571692e-05 9.2208614371571692e-05 6.1321200149686516e-05 9.2208614371571692e-05 6.0605693784836493e-05 9.2217423291742764e-05 9.2208614371571692e-05 5.5457905043012018e-05 9.8238578083851286e-05
leaf_weight=43208 715 7799 85 2159 238 50 121 394 1394 652 25 662 68 184 111 163 95 56 128 53 30 107 72 95 167 68 35 40 344 22 263 56 33 108 26 69 83 22
leaf_count=43208 715 7799 85 2159 238 50 121 394 1394 652 25 662 68 184 111 163 95 56 128 53 30 107 72 95 167 68 35 40 344 22 263 56 33 108 26 69 83 22
internal_value=-0.00122733 0.0059071 0.0200063 -0.00022042 0.00633282 0.0191025 0.0239323 0.0189753 0.0306394 0.0311155 0.0242353 0.0254344 0.021859 0.0170581 0.03273 0.0221314 0.0060716 0.0139687 0.0244462 0.0209198 0.00422995 0.0248963 0.01975 0.0286667 0.0331595 0.0102322 0.0185243 0.0265314 0.00259794 0.00506667 0.0330997 0.00347253 0.0108315 0.00502439 0.0138571 0.034715 0.0082 0.0127521
internal_weight=60000 16792 5087 11705 3906 1747 4372 2514 1858 909 1853 1768 1106 775 1737 274 838 256 502 374 661 299 192 120 859 267 103 207 582 75 331 273 89 164 56 1463 200 117
internal_count=60000 16792 5087 11705 3906 1747 4372 2514 1858 909 1853 1768 1106 775 1737 274 838 256 502 374 661 299 192 120 859 267 103 207 582 75 331 273 89 164 56 1463 200 117
is_linear=0
shrinkage=0.04


Tree=158
num_leaves=39
num_cat=0
split_feature=13 68 15 120 15 73 119 119 14 56 119 14 85 12 119 14 103 119 14 26 16 119 12 85 0 14 85 119 121 22 119 25 14 0 89 38 96 124
split_gain=729.37 915.416 299.26 152.492 331.536 126.857 91.3217 90.1775 121.866 72.6497 34.6359 23.9115 48.6937 23.6003 37.3037 48.6177 19.9365 11.4003 14.7357 10.0862 9.12906 8.88101 15.9014 9.09509 7.20626 10.6793 6.57532 5.22557 4.77933 4.606 4.46935 8.74837 4.14649 6.33416 3.78904 3.36243 3.35515 3.27214
threshold=0.93636366724967968 0.6999170482158662 0.75000000000000011 1.0000000180025095e-35 0.75000000000000011 0.081620417535305037 0.6919899880886079 0.56429719924926769 0.48106098175048834 0.09360742568969728 0.38069936633110052 0.53617689013481151 0.59827139973640453 0.93004098534584057 0.52266719937324535 0.45428046584129339 1.0000000180025095e-35 0.48508223891258245 0.42232480645179754 -0.55557009577751149 1.0000000180025095e-35 0.45485258102416998 0.78291481733322155 0.3885036855936051 0.55328193306922924 0.50440177321434032 0.71251320838928234 0.48003464937210089 1.0000000180025095e-35 0.12999680638313296 0.51532536745071422 -0.60977235436439503 0.49434550106525427 0.5412975847721101 1.0000000180025095e-35 1.0000000180025095e-35 0.51338252425193798 0.38220947980880743
decision_type=2 2 2 2 2 2 2 2 2 2 2 2 2 2 2 2 2 2 2 2 2 2 2 2 2 2 2 2 2 2 2 2 2 2 2 2 2 2
left_child=-1 2 -2 -3 -5 -6 20 8 10 -9 -4 34 -13 14 15 17 -8 18 21 -10 -7 22 23 -12 32 36 -22 -20 -16 -18 -17 -32 33 -21 -11 -36 -26 -15
right_child=1 3 7 4 5 6 16 9 19 11 13 12 -14 37 28 30 29 -19 27 24 26 -23 -24 -25 25 -27 -28 -29 -30 -31 31 -33 -34 -35 35 -37 -38 -39
leaf_value=0 -0.00060699632526133929 -0.00060699632526133929 -0.00040241955399373809 -0.00060699632526133929 -0.00060699632526133929 9.4309034960531331e-05 0.00314529186585083 0.0012069716543605374 6.8327460605433174e-05 8.8520269796674706e-05 8.8520269796674706e-05 8.9859010222426151e-06 8.8520269796674706e-05 8.8520269796674706e-05 8.8520269796674706e-05 -0.00035163493747667477 8.8520550816085031e-05 8.8520269796674706e-05 -0.00039552494922261871 8.6968357178633944e-05 8.8519862434353056e-05 8.8520269796674706e-05 8.8520269796674706e-05 8.8520269796674706e-05 8.8520269796674706e-05 0.0013044823910264333 8.8520208964411041e-05 8.8520269796674706e-05 8.8520269796674706e-05 8.8520269796674706e-05 -0.00010755476258438535 9.0903902558213639e-05 5.8181466033460084e-05 8.8528726360053163e-05 8.8520269796674706e-05 8.8520269796674706e-05 8.8529078716845791e-05 8.8520269796674706e-05
leaf_weight=43208 715 7971 85 2131 373 195 38 121 394 1394 25 111 163 367 68 184 85 128 53 30 83 107 72 95 48 35 45 22 263 784 43 46 108 26 36 33 20 295
leaf_count=43208 715 7971 85 2131 373 195 38 121 394 1394 25 111 163 367 68 184 85 128 53 30 83 107 72 95 48 35 45 22 263 784 43 46 108 26 36 33 20 295
internal_value=-0.00125067 0.00582372 0.0199906 -0.000333192 0.00633744 0.0200798 0.0262764 0.023914 0.0189753 0.0305963 0.0242353 0.0326839 0.0218394 0.0254344 0.021859 0.0170581 0.0327806 0.0244462 0.0209198 0.00422995 0.00801238 0.0248963 0.01975 0.0286667 0.0102322 0.0185243 0.0163125 0.00506667 0.0330997 0.0340207 0.00347253 0.0108315 0.00502439 0.0138571 0.034715 0.0255652 0.0277647 0.0314079
internal_weight=60000 16792 5087 11705 3734 1603 1230 4372 2514 1858 1853 1737 274 1768 1106 775 907 502 374 661 323 299 192 120 267 103 128 75 331 869 273 89 164 56 1463 69 68 662
internal_count=60000 16792 5087 11705 3734 1603 1230 4372 2514 1858 1853 1737 274 1768 1106 775 907 502 374 661 323 299 192 120 267 103 128 75 331 869 273 89 164 56 1463 69 68 662
is_linear=0
shrinkage=0.04


Tree=159
num_leaves=39
num_cat=0
split_feature=30 85 15 84 15 5 119 14 119 56 119 12 119 14 103 14 85 16 119 43 119 14 119 12 85 0 14 121 119 119 75 106 14 0 22 11 96 107
split_gain=766.621 869.465 320.505 176.296 383.548 113.604 90.7126 124.43 70.6117 57.1653 33.1273 24.5552 35.412 47.9555 24.5526 23.0144 44.7388 15.6769 12.429 10.836 10.6337 14.471 8.6668 16.2034 9.09509 7.43066 10.8266 6.65793 5.22557 4.78928 9.47173 4.58414 4.14649 6.33416 4.12857 4.254 3.39309 3.31858
threshold=0.93636366724967968 0.7119947373867036 0.75000000000000011 1.0000000180025095e-35 0.75000000000000011 0.12560168653726581 0.56429719924926769 0.48106098175048834 0.66889700293540966 0.09360742568969728 0.38069936633110052 0.93004098534584057 0.52266719937324535 0.45428046584129339 1.0000000180025095e-35 0.53617689013481151 0.59827139973640453 1.0000000180025095e-35 0.76648133993148815 -0.49999997019767756 0.48508223891258245 0.42232480645179754 0.45485258102416998 0.78291481733322155 0.3885036855936051 0.55328193306922924 0.50440177321434032 1.0000000180025095e-35 0.48003464937210089 0.51532536745071422 1.1063817143440249 1.0000000180025095e-35 0.49434550106525427 0.5412975847721101 0.16042046248912814 0.37368631362915045 0.51338252425193798 0.38978694379329687
decision_type=2 2 2 2 2 2 2 2 2 2 2 2 2 2 2 2 2 2 2 2 2 2 2 2 2 2 2 2 2 2 2 2 2 2 2 2 2 2
left_child=-1 2 -2 -3 -5 -6 7 10 -7 -8 -4 12 13 20 18 17 -17 -11 -10 -9 21 22 23 24 -12 32 36 -14 -23 -15 -31 -19 33 -21 35 -16 -27 -13
right_child=1 3 6 4 5 8 9 19 14 15 11 37 27 29 34 16 -18 31 -20 25 -22 28 -24 -25 -26 26 -28 -29 -30 30 -32 -33 -34 -35 -36 -37 -38 -39
leaf_value=0 -0.0005827164722508858 -0.0005827164722508858 0.0033695857323499858 -0.0005827164722508858 0.14338642527229964 -2.1958325109053084e-05 -0.00084805331471777385 -6.2867692757431531e-05 -2.2637959308992686e-05 9.0050161661728851e-05 8.4979459004799204e-05 8.4979459004799204e-05 8.4979459004799204e-05 -0.00033756953997759353 8.4979459004799204e-05 0.00099690467768320389 8.4979459004799204e-05 8.4979459004799204e-05 2.3876962298245984e-05 8.3489622891477208e-05 8.4979459004799204e-05 -0.0003797039512537026 8.4979459004799204e-05 8.4979459004799204e-05 8.4979459004799204e-05 8.4979459004799204e-05 0.001252303095385394 8.4979459004799204e-05 8.4979459004799204e-05 5.9201358934645973e-05 8.4884113694343459e-05 8.4979459004799204e-05 5.5854207392087577e-05 8.4987577305639658e-05 8.4979459004799204e-05 8.4979459004799204e-05 8.4987915568177647e-05 8.4979459004799204e-05
leaf_weight=43208 787 7891 88 2085 326 124 94 411 38 52 25 354 73 186 152 114 170 1378 174 30 134 53 108 73 95 49 35 265 22 56 34 112 108 26 673 65 20 312
leaf_count=43208 787 7891 88 2085 326 124 94 411 38 52 25 354 73 186 152 114 170 1378 174 30 134 53 108 73 95 49 35 265 22 56 34 112 108 26 673 65 20 312
internal_value=-0.00118133 0.00607146 0.019541 -7.91127e-05 0.00720704 0.0222629 0.0236792 0.0187454 0.0278434 0.03025 0.0240511 0.025229 0.0216228 0.0169669 0.0310635 0.031816 0.0213521 0.0337432 0.0188302 0.00407069 0.0242353 0.0207872 0.0247043 0.0196269 0.0286667 0.0103284 0.0186923 0.0324497 0.00506667 0.00353623 0.0111111 0.0344966 0.00502439 0.0138571 0.0339775 0.0291797 0.0278841 0.0313153
internal_weight=60000 16792 5264 11528 3637 1552 4477 2557 1226 1920 1878 1790 1124 786 1102 1826 284 1542 212 679 510 376 301 193 120 268 104 338 75 276 90 1490 164 56 890 217 69 666
internal_count=60000 16792 5264 11528 3637 1552 4477 2557 1226 1920 1878 1790 1124 786 1102 1826 284 1542 212 679 510 376 301 193 120 268 104 338 75 276 90 1490 164 56 890 217 69 666
is_linear=0
shrinkage=0.04


end of trees

feature_importances:
Column_119=1541
Column_14=1137
Column_12=448
Column_102=311
Column_85=255
Column_15=215
Column_0=162
Column_31=149
Column_135=137
Column_73=132
Column_13=129
Column_118=88
Column_84=86
Column_48=83
Column_120=77
Column_101=71
Column_22=70
Column_68=69
Column_8=66
Column_43=53
Column_16=51
Column_51=46
Column_34=44
Column_103=44
Column_29=42
Column_17=36
Column_124=35
Column_32=34
Column_71=31
Column_10=30
Column_30=28
Column_56=27
Column_127=27
Column_45=22
Column_52=21
Column_121=21
Column_79=19
Column_26=18
Column_5=16
Column_96=16
Column_75=15
Column_110=15
Column_39=14
Column_58=13
Column_69=13
Column_60=12
Column_128=12
Column_123=10
Column_9=8
Column_104=7
Column_27=5
Column_86=5
Column_113=5
Column_130=5
Column_46=4
Column_89=4
Column_106=4
Column_6=3
Column_62=3
Column_63=3
Column_77=3
Column_93=3
Column_107=3
Column_47=2
Column_49=2
Column_88=2
Column_94=2
Column_111=2
Column_122=2
Column_11=1
Column_25=1
Column_28=1
Column_35=1
Column_38=1
Column_44=1
Column_64=1
Column_67=1
Column_74=1
Column_78=1
Column_90=1
Column_126=1

parameters:
[boosting: gbdt]
[objective: quantile]
[metric: quantile]
[tree_learner: serial]
[device_type: cpu]
[data_sample_strategy: bagging]
[data: ]
[valid: ]
[num_iterations: 160]
[learning_rate: 0.04]
[num_leaves: 39]
[num_threads: 4]
[seed: 1793]
[deterministic: 0]
[force_col_wise: 0]
[force_row_wise: 0]
[histogram_pool_size: -1]
[max_depth: -1]
[min_data_in_leaf: 20]
[min_sum_hessian_in_leaf: 0.001]
[bagging_fraction: 0.9]
[pos_bagging_fraction: 1]
[neg_bagging_fraction: 1]
[bagging_freq: 0]
[bagging_seed: 12028]
[bagging_by_query: 0]
[feature_fraction: 0.85]
[feature_fraction_bynode: 1]
[feature_fraction_seed: 25270]
[extra_trees: 0]
[extra_seed: 7303]
[early_stopping_round: 0]
[early_stopping_min_delta: 0]
[first_metric_only: 0]
[max_delta_step: 0]
[lambda_l1: 0]
[lambda_l2: 0]
[linear_lambda: 0]
[min_gain_to_split: 0]
[drop_rate: 0.1]
[max_drop: 50]
[skip_drop: 0.5]
[xgboost_dart_mode: 0]
[uniform_drop: 0]
[drop_seed: 4593]
[top_rate: 0.2]
[other_rate: 0.1]
[min_data_per_group: 100]
[max_cat_threshold: 32]
[cat_l2: 10]
[cat_smooth: 10]
[max_cat_to_onehot: 4]
[top_k: 20]
[monotone_constraints: ]
[monotone_constraints_method: basic]
[monotone_penalty: 0]
[feature_contri: ]
[forcedsplits_filename: ]
[refit_decay_rate: 0.9]
[cegb_tradeoff: 1]
[cegb_penalty_split: 0]
[cegb_penalty_feature_lazy: ]
[cegb_penalty_feature_coupled: ]
[path_smooth: 0]
[interaction_constraints: ]
[verbosity: -1]
[saved_feature_importance_type: 0]
[use_quantized_grad: 0]
[num_grad_quant_bins: 4]
[quant_train_renew_leaf: 0]
[stochastic_rounding: 1]
[linear_tree: 0]
[max_bin: 255]
[max_bin_by_feature: ]
[min_data_in_bin: 3]
[bin_construct_sample_cnt: 200000]
[data_random_seed: 5893]
[is_enable_sparse: 1]
[enable_bundle: 1]
[use_missing: 1]
[zero_as_missing: 0]
[feature_pre_filter: 1]
[pre_partition: 0]
[two_round: 0]
[header: 0]
[label_column: ]
[weight_column: ]
[group_column: ]
[ignore_column: ]
[categorical_feature: ]
[forcedbins_filename: ]
[precise_float_parser: 0]
[parser_config_file: ]
[objective_seed: 21735]
[num_class: 1]
[is_unbalance: 0]
[scale_pos_weight: 1]
[sigmoid: 1]
[boost_from_average: 1]
[reg_sqrt: 0]
[alpha: 0.9]
[fair_c: 1]
[poisson_max_delta_step: 0.7]
[tweedie_variance_power: 1.5]
[lambdarank_truncation_level: 30]
[lambdarank_norm: 1]
[label_gain: ]
[lambdarank_position_bias_regularization: 0]
[eval_at: ]
[multi_error_top_k: 1]
[auc_mu_weights: ]
[num_machines: 1]
[local_listen_port: 12400]
[time_out: 120]
[machine_list_filename: ]
[machines: ]
[gpu_platform_id: -1]
[gpu_device_id: -1]
[gpu_use_dp: 0]
[num_gpu: 1]

end of parameters

pandas_categorical:null
