tree
version=v4
num_class=1
num_tree_per_iteration=1
label_index=0
max_feature_idx=135
objective=quantile
feature_names=Column_0 Column_1 Column_2 Column_3 Column_4 Column_5 Column_6 Column_7 Column_8 Column_9 Column_10 Column_11 Column_12 Column_13 Column_14 Column_15 Column_16 Column_17 Column_18 Column_19 Column_20 Column_21 Column_22 Column_23 Column_24 Column_25 Column_26 Column_27 Column_28 Column_29 Column_30 Column_31 Column_32 Column_33 Column_34 Column_35 Column_36 Column_37 Column_38 Column_39 Column_40 Column_41 Column_42 Column_43 Column_44 Column_45 Column_46 Column_47 Column_48 Column_49 Column_50 Column_51 Column_52 Column_53 Column_54 Column_55 Column_56 Column_57 Column_58 Column_59 Column_60 Column_61 Column_62 Column_63 Column_64 Column_65 Column_66 Column_67 Column_68 Column_69 Column_70 Column_71 Column_72 Column_73 Column_74 Column_75 Column_76 Column_77 Column_78 Column_79 Column_80 Column_81 Column_82 Column_83 Column_84 Column_85 Column_86 Column_87 Column_88 Column_89 Column_90 Column_91 Column_92 Column_93 Column_94 Column_95 Column_96 Column_97 Column_98 Column_99 Column_100 Column_101 Column_102 Column_103 Column_104 Column_105 Column_106 Column_107 Column_108 Column_109 Column_110 Column_111 Column_112 Column_113 Column_114 Column_115 Column_116 Column_117 Column_118 Column_119 Column_120 Column_121 Column_122 Column_123 Column_124 Column_125 Column_126 Column_127 Column_128 Column_129 Column_130 Column_131 Column_132 Column_133 Column_134 Column_135
feature_infos=[0.10000000149011612:0.99000000953674316] [0:1] [0:1] [0:1] [0:1] [8.9605646280688234e-06:1] [0.72000002861022949:0.94999998807907104] [-2.2304270267486572:4.5799708366394043] [-1.4650466442108154:2.2383532524108887] [-1:1] [-1:1] [-2.2197098731994629:4.5123190879821777] [0.40000000596046448:1.1283930540084839] [0.65454542636871338:1] [0.30887460708618164:0.54773259162902832] [0:1] [0:1] [0.10000000149011612:0.99000000953674316] [0:1] [0:1] [0:1] [0:1] [2.9007594548602356e-06:1] [0.72000002861022949:0.94999998807907104] [-2.2304270267486572:4.5799708366394043] [-1.4650466442108154:2.2383532524108887] [-1:1] [-1:1] [-2.2197098731994629:4.5123190879821777] [0.40000000596046448:1.1283930540084839] [0.65454542636871338:1] [0.30887460708618164:0.54773259162902832] [0:1] [0:1] [0.10000000149011612:0.99000000953674316] [0:1] [0:1] [0:1] [0:1] [2.7974447220913135e-05:1] [0.72000002861022949:0.94999998807907104] [-2.2304270267486572:4.5799708366394043] [-1.4154644012451172:2.2383532524108887] [-1:1] [-1:1] [-2.2197098731994629:4.5123190879821777] [0.40000000596046448:1.1283930540084839] [0.65454542636871338:1] [0.30887460708618164:0.54773259162902832] [0:1] [0:1] [0.10000000149011612:0.99000000953674316] [0:1] [0:1] [0:1] [0:1] [6.3697494624648243e-05:1] [0.72000002861022949:0.94999998807907104] [-2.2304270267486572:4.5799708366394043] [-1.4650466442108154:2.2383532524108887] [-1:1] [-1:1] [-2.2197098731994629:4.5123190879821777] [0.40000000596046448:1.1283930540084839] [0.65454542636871338:1] [0.30887460708618164:0.54773259162902832] [0:1] [0:1] [0.10000000149011612:0.99000000953674316] [0:1] [0:1] [0:1] [0:1] [1.1920928955078125e-07:1] [0.72000002861022949:0.94999998807907104] [-2.2304270267486572:4.5799708366394043] [-1.4650466442108154:2.2383532524108887] [-1:1] [-1:1] [-2.2197098731994629:4.5123190879821777] [0.40000000596046448:1.1283930540084839] [0.65454542636871338:1] [0.30887460708618164:0.54773259162902832] [0:1] [0:1] [0.10000000149011612:0.99000000953674316] [0:1] [0:1] [0:1] [0:1] [5.8809914662560914e-06:0.99999207258224487] [0.72000002861022949:0.94999998807907104] [-2.2304270267486572:4.5799708366394043] [-1.4650466442108154:2.2383532524108887] [-1:1] [-1:1] [-2.2197098731994629:4.5123190879821777] [0.40000000596046448:1.1283930540084839] [0.65454542636871338:1] [0.30887460708618164:0.54773259162902832] [0:1] [0:1] [0.10000000149011612:0.99000000953674316] [0:1] [0:1] [0:1] [0:1] [3.9259593904716894e-05:1] [0.72000002861022949:0.94999998807907104] [-2.2304270267486572:4.5799708366394043] [-1.4650466442108154:2.2383532524108887] [-1:1] [-1:1] [-2.2197098731994629:4.5123190879821777] [0.40000000596046448:1.1283930540084839] [0.65454542636871338:1] [0.30887460708618164:0.54773259162902832] [0:1] [0:1] [0.10000000149011612:0.99000000953674316] [0:1] [0:1] [0:1] [0:1] [1.5894571561148041e-06:1] [0.72000002861022949:0.94999998807907104] [-2.2304270267486572:4.5799708366394043] [-1.4650466442108154:2.2383532524108887] [-1:1] [-1:1] [-2.2197098731994629:4.5123190879821777] [0.40000000596046448:1.1283930540084839] [0.65454542636871338:1] [0.30887460708618164:0.54773259162902832] [0:1] [0:1]
tree_sizes=3062 3084 3079 3075 3040 3082 3146 3126 3109 3110 3240 3252 3196 3241 3184 3198 3200 3241 3252 3258 3339 3413 3457 3507 3506 3508 3499 3520 3512 3494 3520 3490 3477 3588 3567 3571 3535 3532 3534 3563 3566 3532 3577 3546 3596 3571 3595 3595 3601 3604 3599 3597 3583 3538 3565 3579 3578 3589 3577 3596 3571 3574 3575 3579 3592 3600 3588 3532 3563 3589 3589 3585 3562 3521 3568 3580 3583 3523 3571 3577 3590 3501 3521 3534 3525 3533 3536 3503 3498 3523 3507 3506 3491 3499 3515 3505 3523 3510 3474 3494 3474 3503 3493 3433 3504 3514 3512 3565 3568 3480 3495 3476 3471 3503 3549 3308 3494 3498 3510 3534 3473 3507 3440 3453 3500 3461 3518 3340 3221 3479 3532 3514 3510 3523 3441 3437 3493 3484 3489 3528 3495 3513 3494 3467 3476 3475 3392 3517 3456 3461 3503 3384 3423 3433 3418 3397 3457 3421 3419 3413

Tree=0
num_leaves=39
num_cat=0
split_feature=135 15 128 12 102 14 73 119 14 118 14 120 119 122 102 14 119 119 14 119 14 102 14 119 14 119 14 14 119 120 102 14 119 14 119 101 119 14
split_gain=4491.12 4186.79 277.785 84.5486 61.1646 68.5491 50.5711 62.8876 47.0136 40.73 34.2554 33.8672 31.1091 29.0733 26.9353 42.1591 26.7537 23.2763 23.0415 28.5947 38.272 40.2668 30.8465 37.6264 23.4219 28.4904 22.6834 20.3519 53.3326 19.9254 17.7194 18.6757 36.1769 17.0681 18.7167 16.6711 16.6468 22.99
threshold=1.0000000180025095e-35 0.75000000000000011 -0.29012919962406153 0.79704815149307262 0.5541210174560548 0.48630662262439733 0.085450042039155974 0.59593412280082714 0.51995083689689647 1.0000000180025095e-35 0.50125351548194896 1.0000000180025095e-35 0.3721448034048081 1.0000000180025095e-35 0.55805155634880077 0.48630662262439733 0.56429719924926769 0.80682674050331127 0.3239296823740006 0.51532536745071422 0.46458241343498236 0.54245403409004223 0.44344586133956915 0.48508223891258245 0.47904258966445928 0.52763688564300548 0.41325272619724279 0.51995083689689647 0.59288045763969432 1.0000000180025095e-35 0.37993320822715765 0.49548439681530004 0.59593412280082714 0.53494751453399669 0.55587741732597362 1.0000000180025095e-35 0.4717922061681748 0.42232480645179754
decision_type=2 2 2 2 2 2 2 2 2 2 2 2 2 2 2 2 2 2 2 2 2 2 2 2 2 2 2 2 2 2 2 2 2 2 2 2 2 2
left_child=9 -2 3 4 5 12 -4 8 13 -1 11 -6 -3 14 15 -8 -12 -11 -14 22 -21 24 23 26 25 -22 -20 -18 -29 -9 -5 35 33 34 -33 -32 -28 -38
right_child=1 2 6 30 10 -7 7 29 -10 17 16 -13 18 -15 -16 -17 27 -19 19 20 21 -23 -24 -25 -26 -27 36 28 -30 -31 31 32 -34 -35 -36 -37 37 -39
leaf_value=0 0 0 0 0 0 0 0 0 0 0 0 0 0 0.28799999237060547 0.28799999237060547 0 0 0 0 0.28799999237060547 0 0.28799999237060547 0 0.28799999237060547 0 0.38400001525878907 0 0 0 0.28799999237060547 0 0 0 0 0 0 0 0
leaf_weight=27213 9258 151 490 30 905 456 2998 42 306 197 108 1366 276 1048 867 371 277 403 567 371 62 150 402 229 173 85 156 276 438 6682 230 46 384 91 137 2587 79 93
leaf_count=27213 9258 151 490 30 905 456 2998 42 306 197 108 1366 276 1048 867 371 277 403 567 371 62 150 402 229 173 85 156 276 438 6682 230 46 384 91 137 2587 79 93
internal_value=-0.0234693 -0.0132964 -0.00412944 -0.00908049 -0.0117402 -0.0156554 -0.000214308 0.000287153 -0.00284794 -0.0352421 -0.00796439 -0.00515896 -0.0133085 -0.00196518 -0.00344098 -0.00505907 -0.0137616 -0.0249333 -0.0122997 -0.013575 -0.00765279 -0.015234 -0.0168388 -0.0134377 -0.02325 -0.0115102 -0.0171397 -0.0117013 -0.0152717 0.00289352 -0.00405706 -0.00379281 -0.00986018 -0.0209635 -0.0139235 -0.00237558 -0.0255122 -0.0169302
internal_weight=60000 32187 22929 10125 6620 3250 12804 12314 5590 27813 3370 2271 2794 5284 4236 3369 1099 600 2643 2367 841 470 1526 1124 320 147 895 991 714 6724 3505 3475 658 274 183 2817 328 172
internal_count=60000 32187 22929 10125 6620 3250 12804 12314 5590 27813 3370 2271 2794 5284 4236 3369 1099 600 2643 2367 841 470 1526 1124 320 147 895 991 714 6724 3505 3475 658 274 183 2817 328 172
is_linear=0
shrinkage=0.04


Tree=1
num_leaves=39
num_cat=0
split_feature=118 15 79 5 12 119 14 119 14 14 119 119 119 120 14 119 14 119 14 119 14 119 14 119 14 14 119 39 119 14 119 13 73 102 14 85 119 119
split_gain=4445.29 4186.21 226.949 78.1815 77.1563 71.7181 71.3127 45.8985 47.3461 38.9909 35.0848 33.936 33.1195 31.5786 26.6583 33.2854 39.1524 43.6235 30.3568 39.6918 27.2303 32.8958 26.191 25.7617 53.3615 22.6674 63.3957 18.365 18.05 17.1073 25.406 16.5066 17.9883 14.5582 25.6919 14.1541 13.7944 13.6655
threshold=1.0000000180025095e-35 0.75000000000000011 0.68530935049057018 0.12146756798028947 0.79704815149307262 0.55386900901794445 0.48630662262439733 0.59593412280082714 0.50461712479591381 0.50125351548194896 0.76648133993148815 0.3721448034048081 0.56429719924926769 1.0000000180025095e-35 0.3239296823740006 0.51532536745071422 0.46458241343498236 0.54231527447700512 0.44344586133956915 0.48508223891258245 0.47904258966445928 0.52763688564300548 0.41325272619724279 0.55386900901794445 0.48630662262439733 0.51995083689689647 0.59288045763969432 0.10550270602107049 0.41975449025630956 0.35276135802268987 0.387991413474083 0.93636366724967968 0.077669043093919768 0.50684645771980297 0.45142881572246557 0.75120541453361522 0.7215886414051057 0.4717922061681748
decision_type=2 2 2 2 2 2 2 2 2 2 2 2 2 2 2 2 2 2 2 2 2 2 2 2 2 2 2 2 2 2 2 2 2 2 2 2 2 2
left_child=-1 -2 3 -3 5 6 11 8 23 10 -7 -4 -11 -9 -13 18 -17 20 19 22 21 -18 28 24 -5 36 -27 -12 29 30 -16 32 -6 -20 -35 -28 -14 -24
right_child=1 2 4 7 31 9 -8 13 -10 12 27 14 25 -15 15 16 17 -19 33 -21 -22 -23 37 -25 -26 26 35 -29 -30 -31 -32 -33 -34 34 -36 -37 -38 -39
leaf_value=0 0 0 0 0 0 0.27647999267578127 0 0 0 0 0 0 0.38400001525878907 0.27647999267578127 0 0.27647999267578127 0 0.27647999267578127 0 0.27647999267578127 0 0.36864001464843754 0 0.27647999267578127 0 0 0 0 0 0 0.38400001525878907 0 0 0 0 0 0 0
leaf_weight=27793 9293 384 176 3056 55 1449 477 405 343 109 126 323 244 6396 67 491 70 180 234 255 195 102 169 1335 236 307 339 574 294 161 108 1317 2337 112 115 131 59 183
leaf_count=27793 9293 384 176 3056 55 1449 477 405 343 109 126 323 244 6396 67 491 70 180 234 255 195 102 169 1335 236 307 339 574 294 161 108 1317 2337 112 115 131 59 183
internal_value=-0.0234693 -0.0133552 -0.00417142 -0.000426162 -0.00840264 -0.0108596 -0.0146853 0.000153258 -0.00276861 -0.00660515 -0.00338948 -0.0125564 -0.0124172 0.00228849 -0.0115737 -0.0128567 -0.00721387 -0.014574 -0.0163062 -0.0130412 -0.022485 -0.0108837 -0.0166925 -0.00170564 -0.00360632 -0.0102963 -0.0139151 -0.0107429 -0.0118095 -0.0181429 -0.00948571 -0.00373254 -0.00175251 -0.0250672 -0.0178502 -0.00468085 -0.0010165 -0.0254318
internal_weight=60000 32207 22914 12155 10759 7050 3712 11771 4970 3338 2149 3235 1189 6801 3059 2736 1038 547 1698 1237 367 172 982 4627 3292 1080 777 700 630 336 175 3709 2392 461 227 470 303 352
internal_count=60000 32207 22914 12155 10759 7050 3712 11771 4970 3338 2149 3235 1189 6801 3059 2736 1038 547 1698 1237 367 172 982 4627 3292 1080 777 700 630 336 175 3709 2392 461 227 470 303 352
is_linear=0
shrinkage=0.04


Tree=2
num_leaves=39
num_cat=0
split_feature=135 15 128 12 102 31 73 119 31 118 31 120 119 121 102 31 119 119 31 119 31 102 31 119 31 119 31 31 119 120 102 31 119 31 119 101 119 31
split_gain=4491.12 4186.79 277.785 84.5486 61.1646 68.5491 50.5711 62.8876 47.0136 40.73 34.2554 33.8672 31.1091 28.6791 26.9327 42.2053 26.7537 23.2763 23.0415 28.5947 38.272 40.2668 30.8465 37.6264 23.4219 28.4904 22.6834 20.3519 53.3326 19.9254 17.7194 18.6757 36.1769 17.0681 18.7167 16.6711 16.6468 22.99
threshold=1.0000000180025095e-35 0.75000000000000011 -0.29012919962406153 0.79704815149307262 0.5541210174560548 0.48630662262439733 0.085450042039155974 0.59593412280082714 0.51995083689689647 1.0000000180025095e-35 0.50125351548194896 1.0000000180025095e-35 0.3721448034048081 1.0000000180025095e-35 0.55805155634880077 0.48630662262439733 0.56429719924926769 0.80682674050331127 0.3239296823740006 0.51532536745071422 0.46458241343498236 0.54245403409004223 0.44344586133956915 0.48508223891258245 0.47904258966445928 0.52763688564300548 0.41325272619724279 0.51995083689689647 0.59288045763969432 1.0000000180025095e-35 0.37993320822715765 0.49548439681530004 0.59593412280082714 0.53494751453399669 0.55587741732597362 1.0000000180025095e-35 0.4717922061681748 0.42232480645179754
decision_type=2 2 2 2 2 2 2 2 2 2 2 2 2 2 2 2 2 2 2 2 2 2 2 2 2 2 2 2 2 2 2 2 2 2 2 2 2 2
left_child=9 -2 3 4 5 12 -4 8 13 -1 11 -6 -3 -8 15 -15 -12 -11 -14 22 -21 24 23 26 25 -22 -20 -18 -29 -9 -5 35 33 34 -33 -32 -28 -38
right_child=1 2 6 30 10 -7 7 29 -10 17 16 -13 18 14 -16 -17 27 -19 19 20 21 -23 -24 -25 -26 -27 36 28 -30 -31 31 32 -34 -35 -36 -37 37 -39
leaf_value=0 0 0 0 0 0 0 0.26542079296874999 0 0 0 0 -0.0055295773590093855 0 0 0.26542079296874999 0 0 0 0 0.26542079296874999 0 0.26542079296874999 0 0.26542079296874999 0 0.3538944140625 0 0 0 0.26542079296874999 0 0 0 0 0 0 0 0
leaf_weight=27213 9258 151 490 30 905 456 1058 42 306 197 108 1366 276 2996 859 371 277 403 567 371 62 150 402 229 173 85 156 276 438 6682 230 46 384 91 137 2587 79 93
leaf_count=27213 9258 151 490 30 905 456 1058 42 306 197 108 1366 276 2996 859 371 277 403 567 371 62 150 402 229 173 85 156 276 438 6682 230 46 384 91 137 2587 79 93
internal_value=-0.0234693 -0.0132964 -0.00412944 -0.00908049 -0.0117402 -0.0156554 -0.000214308 0.000287153 -0.00284794 -0.0352421 -0.00796439 -0.00515896 -0.0133085 -0.00196518 -0.00343966 -0.00505257 -0.0137616 -0.0249333 -0.0122997 -0.013575 -0.00765279 -0.015234 -0.0168388 -0.0134377 -0.02325 -0.0115102 -0.0171397 -0.0117013 -0.0152717 0.00289352 -0.00405706 -0.00379281 -0.00986018 -0.0209635 -0.0139235 -0.00237558 -0.0255122 -0.0169302
internal_weight=60000 32187 22929 10125 6620 3250 12804 12314 5590 27813 3370 2271 2794 5284 4226 3367 1099 600 2643 2367 841 470 1526 1124 320 147 895 991 714 6724 3505 3475 658 274 183 2817 328 172
internal_count=60000 32187 22929 10125 6620 3250 12804 12314 5590 27813 3370 2271 2794 5284 4226 3367 1099 600 2643 2367 841 470 1526 1124 320 147 895 991 714 6724 3505 3475 658 274 183 2817 328 172
is_linear=0
shrinkage=0.04


Tree=3
num_leaves=39
num_cat=0
split_feature=135 15 128 12 102 14 73 119 14 118 14 120 119 122 102 14 119 119 14 119 14 102 14 119 14 119 14 14 119 120 102 14 119 14 119 101 119 14
split_gain=4511.48 4205.14 267.971 79.3129 68.9493 68.5491 50.5711 62.8876 47.0136 40.73 40.096 42.2859 31.1091 29.0733 26.9353 42.1591 26.7537 23.2763 23.0415 28.5947 38.272 40.2668 30.8465 37.6264 23.4219 28.4904 22.6834 20.3519 53.3326 19.9254 17.7194 18.6757 36.1769 17.0681 18.7167 16.6711 16.6468 22.99
threshold=1.0000000180025095e-35 0.75000000000000011 -0.29012919962406153 0.79704815149307262 0.5541210174560548 0.48630662262439733 0.085450042039155974 0.59593412280082714 0.51995083689689647 1.0000000180025095e-35 0.50125351548194896 1.0000000180025095e-35 0.3721448034048081 1.0000000180025095e-35 0.55805155634880077 0.48630662262439733 0.56429719924926769 0.80682674050331127 0.3239296823740006 0.51532536745071422 0.46458241343498236 0.54245403409004223 0.44344586133956915 0.48508223891258245 0.47904258966445928 0.52763688564300548 0.41325272619724279 0.51995083689689647 0.59288045763969432 1.0000000180025095e-35 0.37993320822715765 0.49548439681530004 0.59593412280082714 0.53494751453399669 0.55587741732597362 1.0000000180025095e-35 0.4717922061681748 0.42232480645179754
decision_type=2 2 2 2 2 2 2 2 2 2 2 2 2 2 2 2 2 2 2 2 2 2 2 2 2 2 2 2 2 2 2 2 2 2 2 2 2 2
left_child=9 -2 3 4 5 12 -4 8 13 -1 11 -6 -3 14 15 -8 -12 -11 -14 22 -21 24 23 26 25 -22 -20 -18 -29 -9 -5 35 33 34 -33 -32 -28 -38
right_child=1 2 6 30 10 -7 7 29 -10 17 16 -13 18 -15 -16 -17 27 -19 19 20 21 -23 -24 -25 -26 -27 36 28 -30 -31 31 32 -34 -35 -36 -37 37 -39
leaf_value=0 0 0 0 0 0 0 0 0 0 0 0 -0.0053083942646490103 0 0.25480396124999999 0.25480396124999999 0 0 0 0 0.25480396124999999 0 0.25480396124999999 0 0.25480396124999999 0 0.3397386375 0 0 0 0.25480396124999999 0 0 0 0 0 0 0 0
leaf_weight=27213 9258 151 490 30 905 456 2998 42 306 197 108 1366 276 1048 867 371 277 403 567 371 62 150 402 229 173 85 156 276 438 6682 230 46 384 91 137 2587 79 93
leaf_count=27213 9258 151 490 30 905 456 2998 42 306 197 108 1366 276 1048 867 371 277 403 567 371 62 150 402 229 173 85 156 276 438 6682 230 46 384 91 137 2587 79 93
internal_value=-0.0234427 -0.0132467 -0.00405966 -0.00892247 -0.0114985 -0.0156554 -0.000214308 0.000287153 -0.00284794 -0.0352421 -0.00748961 -0.00445443 -0.0133085 -0.00196518 -0.00344098 -0.00505907 -0.0137616 -0.0249333 -0.0122997 -0.013575 -0.00765279 -0.015234 -0.0168388 -0.0134377 -0.02325 -0.0115102 -0.0171397 -0.0117013 -0.0152717 0.00289352 -0.00405706 -0.00379281 -0.00986018 -0.0209635 -0.0139235 -0.00237558 -0.0255122 -0.0169302
internal_weight=60000 32187 22929 10125 6620 3250 12804 12314 5590 27813 3370 2271 2794 5284 4236 3369 1099 600 2643 2367 841 470 1526 1124 320 147 895 991 714 6724 3505 3475 658 274 183 2817 328 172
internal_count=60000 32187 22929 10125 6620 3250 12804 12314 5590 27813 3370 2271 2794 5284 4236 3369 1099 600 2643 2367 841 470 1526 1124 320 147 895 991 714 6724 3505 3475 658 274 183 2817 328 172
is_linear=0
shrinkage=0.04


Tree=4
num_leaves=39
num_cat=0
split_feature=135 15 128 12 102 14 73 119 14 118 14 120 119 122 102 14 119 119 14 119 14 102 14 119 14 119 14 14 119 120 102 14 119 14 119 101 119 14
split_gain=4511.48 4205.14 267.971 79.3129 68.9493 68.5491 50.5711 62.8876 47.0136 40.73 40.096 42.2859 31.1091 29.0733 26.9353 42.1591 26.7537 23.2763 23.0415 28.5947 38.272 40.2668 30.8465 37.6264 23.4219 28.4904 22.6834 20.3519 53.3326 19.9254 17.7194 18.6757 36.1769 17.0681 18.7167 16.6711 16.6468 22.99
threshold=1.0000000180025095e-35 0.75000000000000011 -0.29012919962406153 0.79704815149307262 0.5541210174560548 0.48630662262439733 0.085450042039155974 0.59593412280082714 0.51995083689689647 1.0000000180025095e-35 0.50125351548194896 1.0000000180025095e-35 0.3721448034048081 1.0000000180025095e-35 0.55805155634880077 0.48630662262439733 0.56429719924926769 0.80682674050331127 0.3239296823740006 0.51532536745071422 0.46458241343498236 0.54245403409004223 0.44344586133956915 0.48508223891258245 0.47904258966445928 0.52763688564300548 0.41325272619724279 0.51995083689689647 0.59288045763969432 1.0000000180025095e-35 0.37993320822715765 0.49548439681530004 0.59593412280082714 0.53494751453399669 0.55587741732597362 1.0000000180025095e-35 0.4717922061681748 0.42232480645179754
decision_type=2 2 2 2 2 2 2 2 2 2 2 2 2 2 2 2 2 2 2 2 2 2 2 2 2 2 2 2 2 2 2 2 2 2 2 2 2 2
left_child=9 -2 3 4 5 12 -4 8 13 -1 11 -6 -3 14 15 -8 -12 -11 -14 22 -21 24 23 26 25 -22 -20 -18 -29 -9 -5 35 33 34 -33 -32 -28 -38
right_child=1 2 6 30 10 -7 7 29 -10 17 16 -13 18 -15 -16 -17 27 -19 19 20 21 -23 -24 -25 -26 -27 36 28 -30 -31 31 32 -34 -35 -36 -37 37 -39
leaf_value=0 0 0 0 0 0 0 0 0 0 0 0 -0.0050960584940630497 0 0.2446118028 0.2446118028 0 0 0 0 0.2446118028 0 0.2446118028 0 0.2446118028 0 0.32614909200000003 0 0 0 0.2446118028 0 0 0 0 0 0 0 0
leaf_weight=27213 9258 151 490 30 905 456 2998 42 306 197 108 1366 276 1048 867 371 277 403 567 371 62 150 402 229 173 85 156 276 438 6682 230 46 384 91 137 2587 79 93
leaf_count=27213 9258 151 490 30 905 456 2998 42 306 197 108 1366 276 1048 867 371 277 403 567 371 62 150 402 229 173 85 156 276 438 6682 230 46 384 91 137 2587 79 93
internal_value=-0.0234427 -0.0132467 -0.00405966 -0.00892247 -0.0114985 -0.0156554 -0.000214308 0.000287153 -0.00284794 -0.0352421 -0.00748961 -0.00445443 -0.0133085 -0.00196518 -0.00344098 -0.00505907 -0.0137616 -0.0249333 -0.0122997 -0.013575 -0.00765279 -0.015234 -0.0168388 -0.0134377 -0.02325 -0.0115102 -0.0171397 -0.0117013 -0.0152717 0.00289352 -0.00405706 -0.00379281 -0.00986018 -0.0209635 -0.0139235 -0.00237558 -0.0255122 -0.0169302
internal_weight=60000 32187 22929 10125 6620 3250 12804 12314 5590 27813 3370 2271 2794 5284 4236 3369 1099 600 2643 2367 841 470 1526 1124 320 147 895 991 714 6724 3505 3475 658 274 183 2817 328 172
internal_count=60000 32187 22929 10125 6620 3250 12804 12314 5590 27813 3370 2271 2794 5284 4236 3369 1099 600 2643 2367 841 470 1526 1124 320 147 895 991 714 6724 3505 3475 658 274 183 2817 328 172
is_linear=0
shrinkage=0.04


Tree=5
num_leaves=39
num_cat=0
split_feature=135 15 128 12 102 14 73 119 14 118 14 120 119 122 102 14 119 119 14 119 14 102 14 119 14 119 14 14 119 120 102 14 119 14 119 101 119 14
split_gain=4511.48 4205.14 267.971 79.3129 68.9493 68.5491 50.5711 62.8876 47.0136 40.73 40.096 42.2859 31.1091 29.0733 26.9353 42.1591 26.7537 23.2763 23.0415 28.5947 38.272 40.2668 30.8465 37.6264 23.4219 28.4904 22.6834 20.3519 53.3326 19.9254 17.7194 18.6757 36.1769 17.0681 18.7167 16.6711 16.6468 22.99
threshold=1.0000000180025095e-35 0.75000000000000011 -0.29012919962406153 0.79704815149307262 0.5541210174560548 0.48630662262439733 0.085450042039155974 0.59593412280082714 0.51995083689689647 1.0000000180025095e-35 0.50125351548194896 1.0000000180025095e-35 0.3721448034048081 1.0000000180025095e-35 0.55805155634880077 0.48630662262439733 0.56429719924926769 0.80682674050331127 0.3239296823740006 0.51532536745071422 0.46458241343498236 0.54245403409004223 0.44344586133956915 0.48508223891258245 0.47904258966445928 0.52763688564300548 0.41325272619724279 0.51995083689689647 0.59288045763969432 1.0000000180025095e-35 0.37993320822715765 0.49548439681530004 0.59593412280082714 0.53494751453399669 0.55587741732597362 1.0000000180025095e-35 0.4717922061681748 0.42232480645179754
decision_type=2 2 2 2 2 2 2 2 2 2 2 2 2 2 2 2 2 2 2 2 2 2 2 2 2 2 2 2 2 2 2 2 2 2 2 2 2 2
left_child=9 -2 3 4 5 12 -4 8 13 -1 11 -6 -3 14 15 -8 -12 -11 -14 22 -21 24 23 26 25 -22 -20 -18 -29 -9 -5 35 33 34 -33 -32 -28 -38
right_child=1 2 6 30 10 -7 7 29 -10 17 16 -13 18 -15 -16 -17 27 -19 19 20 21 -23 -24 -25 -26 -27 36 28 -30 -31 31 32 -34 -35 -36 -37 37 -39
leaf_value=0 0 0 0 0 0 0 0 0 0 0 0 -0.0048922161543005277 0 0.23482733068800002 0.23482733068800002 0 0 0 0 0.23482733068800002 0 0.23482733068800002 0 0.23482733068800002 0 0.31310312832000003 0 0 0 0.23482733068800002 0 0 0 0 0 0 0 0
leaf_weight=27213 9258 151 490 30 905 456 2998 42 306 197 108 1366 276 1048 867 371 277 403 567 371 62 150 402 229 173 85 156 276 438 6682 230 46 384 91 137 2587 79 93
leaf_count=27213 9258 151 490 30 905 456 2998 42 306 197 108 1366 276 1048 867 371 277 403 567 371 62 150 402 229 173 85 156 276 438 6682 230 46 384 91 137 2587 79 93
internal_value=-0.0234427 -0.0132467 -0.00405966 -0.00892247 -0.0114985 -0.0156554 -0.000214308 0.000287153 -0.00284794 -0.0352421 -0.00748961 -0.00445443 -0.0133085 -0.00196518 -0.00344098 -0.00505907 -0.0137616 -0.0249333 -0.0122997 -0.013575 -0.00765279 -0.015234 -0.0168388 -0.0134377 -0.02325 -0.0115102 -0.0171397 -0.0117013 -0.0152717 0.00289352 -0.00405706 -0.00379281 -0.00986018 -0.0209635 -0.0139235 -0.00237558 -0.0255122 -0.0169302
internal_weight=60000 32187 22929 10125 6620 3250 12804 12314 5590 27813 3370 2271 2794 5284 4236 3369 1099 600 2643 2367 841 470 1526 1124 320 147 895 991 714 6724 3505 3475 658 274 183 2817 328 172
internal_count=60000 32187 22929 10125 6620 3250 12804 12314 5590 27813 3370 2271 2794 5284 4236 3369 1099 600 2643 2367 841 470 1526 1124 320 147 895 991 714 6724 3505 3475 658 274 183 2817 328 172
is_linear=0
shrinkage=0.04


Tree=6
num_leaves=39
num_cat=0
split_feature=118 15 79 90 102 14 14 119 22 12 14 119 14 119 120 119 12 119 120 85 119 14 14 119 14 102 14 119 14 14 119 119 14 119 102 119 122 102
split_gain=4465.55 4204.6 221.708 78.1415 75.4209 115.544 54.209 70.0344 51.1023 48.494 45.5022 44.8135 47.7723 32.9408 31.131 30.0143 34.6876 37.7394 28.8959 28.5581 25.0071 51.9628 24.9586 33.0792 42.8022 44.4144 31.9406 41.2965 25.8547 25.5709 31.4339 18.2865 16.7607 25.293 16.3516 14.3126 14.0066 13.5868
threshold=1.0000000180025095e-35 0.75000000000000011 0.68530935049057018 0.069688767194747939 0.5541210174560548 0.48630662262439733 0.50125351548194896 0.59593412280082714 0.11410588026046754 0.80047810077667247 0.53320875763893139 0.59593412280082714 0.50461712479591381 0.3721448034048081 1.0000000180025095e-35 0.56429719924926769 0.70907047390937816 0.58679655194282543 1.0000000180025095e-35 0.72130942344665538 0.55386900901794445 0.48630662262439733 0.3239296823740006 0.51532536745071422 0.46458241343498236 0.54245403409004223 0.44344586133956915 0.48508223891258245 0.41325272619724279 0.47904258966445928 0.52763688564300548 0.41975449025630956 0.35276135802268987 0.387991413474083 0.37993320822715765 0.81644856929779064 1.0000000180025095e-35 0.50684645771980297
decision_type=2 2 2 2 2 2 2 2 2 2 2 2 2 2 2 2 2 2 2 2 2 2 2 2 2 2 2 2 2 2 2 2 2 2 2 2 2 2
left_child=-1 -2 3 -3 5 9 8 10 35 13 15 12 20 -4 -13 -8 -17 -18 -10 -9 21 36 -15 26 -25 29 27 28 31 30 -26 32 33 -24 -11 -6 -5 -28
right_child=1 2 4 11 6 -7 7 19 18 34 -12 14 -14 22 -16 16 17 -19 -20 -21 -22 -23 23 24 25 -27 37 -29 -30 -31 -32 -33 -34 -35 -36 -37 -38 -39
leaf_value=0 0 0 0 0 -0.011059199707031252 0 0 0.23649343716751126 0 0 0 0 0 0 0.22543423746048 0.36864001464843754 0 0.28799999237060547 0.22543423746048 0 0.22543423746048 0 0 0.22543423746048 0 0.22543423746048 0 0.22543423746048 0 0 0.30057900318720004 0 0 0.36864001464843754 0 0 0.23649343716751126 0
leaf_weight=27793 9293 388 171 2471 170 533 109 586 757 32 254 404 343 303 6393 198 160 99 2812 306 1335 236 67 430 68 172 234 246 349 193 97 293 160 107 1517 121 585 215
leaf_count=27793 9293 388 171 2471 170 533 109 586 757 32 254 404 343 303 6393 198 160 99 2812 306 1335 236 67 430 68 172 234 246 349 193 97 293 160 107 1517 121 585 215
internal_value=-0.0234427 -0.0133056 -0.0041016 -0.000399835 -0.00828367 -0.0117548 -0.0050524 -0.0109766 -0.00242487 -0.00973442 -0.0194146 0.000182545 -0.00270423 -0.0126184 0.00229336 -0.0131025 -0.00860394 -0.0182394 -0.00111068 -0.00321973 -0.00163648 -0.00350911 -0.0116237 -0.0128757 -0.00695833 -0.014566 -0.0162753 -0.0129231 -0.0166148 -0.0225922 -0.0110303 -0.0117576 -0.0181557 -0.00956322 -0.00395352 -0.018543 -0.00211257 -0.0253987
internal_weight=60000 32207 22914 12155 10759 5187 5572 1712 3860 4654 820 11767 4970 3105 6797 566 457 259 3569 892 4627 3292 2934 2631 960 530 1671 1222 976 358 165 627 334 174 1549 291 3056 449
internal_count=60000 32207 22914 12155 10759 5187 5572 1712 3860 4654 820 11767 4970 3105 6797 566 457 259 3569 892 4627 3292 2934 2631 960 530 1671 1222 976 358 165 627 334 174 1549 291 3056 449
is_linear=0
shrinkage=0.04


Tree=7
num_leaves=39
num_cat=0
split_feature=135 15 128 12 102 48 118 119 124 48 48 103 119 119 122 119 102 48 48 119 48 102 48 119 48 119 48 119 48 119 102 48 119 48 119 101 119 48
split_gain=4491.55 4197.8 280.272 83.8849 62.1122 68.5491 51.691 45.1568 58.7372 46.9836 34.9603 31.5081 31.315 31.1091 29.1224 26.7537 26.6893 42.1591 23.0415 28.5947 38.272 40.2668 30.8465 37.6264 23.4219 28.4904 22.6834 20.553 20.3519 53.3326 17.7194 18.6757 36.1769 17.0681 18.7167 16.6711 16.6468 22.99
threshold=1.0000000180025095e-35 0.75000000000000011 -0.29012919962406153 0.79704815149307262 0.5541210174560548 0.48630662262439733 1.0000000180025095e-35 0.59593412280082714 0.057749181985855109 0.51995083689689647 0.50125351548194896 1.0000000180025095e-35 0.81038141250610363 0.3721448034048081 1.0000000180025095e-35 0.56429719924926769 0.55805155634880077 0.48630662262439733 0.3239296823740006 0.51532536745071422 0.46458241343498236 0.54245403409004223 0.44344586133956915 0.48508223891258245 0.47904258966445928 0.52763688564300548 0.41325272619724279 0.8224521577358247 0.51995083689689647 0.59288045763969432 0.37993320822715765 0.49548439681530004 0.59593412280082714 0.53494751453399669 0.55587741732597362 1.0000000180025095e-35 0.4717922061681748 0.42232480645179754
decision_type=2 2 2 2 2 2 2 2 2 2 2 2 2 2 2 2 2 2 2 2 2 2 2 2 2 2 2 2 2 2 2 2 2 2 2 2 2 2
left_child=6 -2 3 4 5 13 -1 9 27 14 11 -6 -8 -3 16 -12 17 -4 -15 22 -21 24 23 26 25 -22 -20 -9 -17 -30 -5 35 33 34 -33 -32 -28 -38
right_child=1 2 7 30 10 -7 12 8 -10 -11 15 -13 -14 18 -16 28 -18 -19 19 20 21 -23 -24 -25 -26 -27 36 -29 29 -31 31 32 -34 -35 -36 -37 37 -39
leaf_value=0 0 0 0 0 0 0 0 -0.010616831718750002 0.2164168679620608 0 0 -0.0081843196475383205 0 0 0.2164168679620608 0 0.2164168679620608 0 0 0.2164168679620608 0 0.2164168679620608 0 0.2164168679620608 0 0.28855584305971199 0 -0.020076569205450451 0 0 0 -0.0045086841445478561 0 0 0 0 0 0
leaf_weight=27213 9258 151 2998 30 1130 456 214 403 6578 306 108 1141 386 276 1048 277 869 371 567 371 62 150 402 229 173 85 156 231 276 438 230 46 384 91 137 2587 79 93
leaf_count=27213 9258 151 2998 30 1130 456 214 403 6578 306 108 1141 386 276 1048 277 869 371 567 371 62 150 402 229 173 85 156 231 276 438 230 46 384 91 137 2587 79 93
internal_value=-0.02344 -0.0132666 -0.00408757 -0.00906074 -0.01171 -0.0156554 -0.0352133 -0.000154951 0.00193677 -0.00285265 -0.00790504 -0.00507089 -0.0236 -0.0133085 -0.00197049 -0.0137616 -0.00344691 -0.00505907 -0.0122997 -0.013575 -0.00765279 -0.015234 -0.0168388 -0.0134377 -0.02325 -0.0115102 -0.0171397 -0.00969085 -0.0117013 -0.0152717 -0.00405706 -0.00379281 -0.00986018 -0.0209635 -0.0139235 -0.00237558 -0.0255122 -0.0169302
internal_weight=60000 32187 22929 10125 6620 3250 27813 12804 7212 5592 3370 2271 600 2794 5286 1099 4238 3369 2643 2367 841 470 1526 1124 320 147 895 634 991 714 3505 3475 658 274 183 2817 328 172
internal_count=60000 32187 22929 10125 6620 3250 27813 12804 7212 5592 3370 2271 600 2794 5286 1099 4238 3369 2643 2367 841 470 1526 1124 320 147 895 634 991 714 3505 3475 658 274 183 2817 328 172
is_linear=0
shrinkage=0.04


Tree=8
num_leaves=39
num_cat=0
split_feature=135 15 128 12 118 85 14 85 122 14 14 85 85 85 85 14 68 14 85 14 85 14 85 14 85 14 14 85 85 14 85 101 118 85 14 85 85 68
split_gain=4582.55 4279.89 297.266 94.4561 51.691 51.4975 56.7604 43.559 52.7977 37.5239 33.8238 30.5257 28.9574 27.2626 25.1308 40.4872 24.6524 20.8224 20.4165 35.202 30.9314 25.3677 33.6943 22.2449 27.0054 19.3763 16.9787 19.8751 16.8606 21.3489 15.3976 16.1703 15.1497 14.7302 14.4395 42.0935 17.8679 16.6136
threshold=1.0000000180025095e-35 0.75000000000000011 -0.29012919962406153 0.79704815149307262 1.0000000180025095e-35 0.55228129029273998 0.48630662262439733 0.59591841697692882 1.0000000180025095e-35 0.51995083689689647 0.50125351548194896 0.56428876519203197 0.37165585160255438 0.77781695127487194 0.55858969688415538 0.48630662262439733 0.59288045763969432 0.3239296823740006 0.51539608836174022 0.46458241343498236 0.54239150881767284 0.44344586133956915 0.48549808561801916 0.47904258966445928 0.52783364057540905 0.41325272619724279 0.53617689013481151 0.59591841697692882 0.47193266451358801 0.42232480645179754 0.38083229959011083 1.0000000180025095e-35 1.0000000180025095e-35 0.41904774308204656 0.51995083689689647 0.59288045763969432 0.59288045763969432 0.65515419840812694
decision_type=2 2 2 2 2 2 2 2 2 2 2 2 2 2 2 2 2 2 2 2 2 2 2 2 2 2 2 2 2 2 2 2 2 2 2 2 2 2
left_child=4 -2 3 5 -1 6 12 8 9 14 16 -12 -3 -6 15 -4 -7 -14 21 -20 23 22 25 24 -21 33 30 -28 -27 -30 -5 -32 -18 -19 36 -36 -13 -37
right_child=1 2 7 26 13 10 -8 -9 -10 -11 11 34 17 -15 -16 -17 32 18 19 20 -22 -23 -24 -25 -26 28 27 -29 29 -31 31 -33 -34 -35 35 37 -38 -39
leaf_value=0 0 0 0 0 0 0.26295152431681651 0 0.20776019324357836 0.20776019324357836 0 0 0.3538944140625 0 0 0.20776019324357836 0 0 0 0.20776019324357836 0 0.20776019324357836 0 0.20776019324357836 0 0.27701360933732355 0 0 0 0.28799999237060547 0 0 0 -0.007856946861636788 0 0 0 0 0
leaf_weight=27213 9258 141 3062 27 189 480 368 6529 1674 311 105 165 267 411 840 388 220 269 369 60 113 377 201 161 80 149 59 115 70 87 257 3047 1848 231 242 217 140 260
leaf_count=27213 9258 141 3062 27 189 480 368 6529 1674 311 105 165 267 411 840 388 220 269 369 60 113 377 201 161 80 149 59 115 70 87 257 3047 1848 231 242 217 140 260
internal_value=-0.0233213 -0.0130454 -0.00377705 -0.00889877 -0.0352133 -0.01171 -0.0156534 0.00027304 -0.00210677 -0.00431993 -0.00855371 -0.0143171 -0.0135534 -0.0236 -0.00334732 -0.00485797 -0.006 -0.0125325 -0.0138311 -0.00866922 -0.0166763 -0.0167514 -0.0134379 -0.0233754 -0.0117143 -0.0170918 -0.00358916 -0.0157701 -0.0250196 -0.0158726 -0.00295287 -0.00270702 -0.00789555 -0.01224 -0.0122109 -0.0153046 -0.00491803 -0.0084109
internal_weight=60000 32187 22929 10125 27813 6620 2943 12804 6275 4601 3677 1129 2575 600 4290 3450 2548 2434 2167 783 414 1384 1007 301 140 806 3505 174 306 157 3331 3304 2068 500 1024 719 305 477
internal_count=60000 32187 22929 10125 27813 6620 2943 12804 6275 4601 3677 1129 2575 600 4290 3450 2548 2434 2167 783 414 1384 1007 301 140 806 3505 174 306 157 3331 3304 2068 500 1024 719 305 477
is_linear=0
shrinkage=0.04


Tree=9
num_leaves=39
num_cat=0
split_feature=135 15 119 14 77 118 73 12 85 14 118 119 122 119 14 119 14 102 14 119 14 119 14 10 14 119 12 119 119 14 102 119 14 119 14 119 14 14
split_gain=4655.8 4345.95 202.64 148.927 97.1242 85.9851 62.9693 61.7366 70.3477 54.8887 51.691 31.315 30.4134 30.3883 23.2012 26.0238 37.1291 38.8819 30.3311 41.7718 22.0791 27.6723 22.0288 20.4162 18.9714 40.6187 21.4463 21.4988 18.5836 49.1567 18.5203 16.4662 23.2541 16.2581 22.8872 15.8296 15.3181 15.044
threshold=1.0000000180025095e-35 0.75000000000000011 0.59593412280082714 0.52936649322509777 -0.4711442738771438 1.0000000180025095e-35 0.085450042039155974 0.80047810077667247 0.55450478196144115 0.48630662262439733 1.0000000180025095e-35 0.81038141250610363 1.0000000180025095e-35 0.3721448034048081 0.3239296823740006 0.51532536745071422 0.46458241343498236 0.54245403409004223 0.44344586133956915 0.48508223891258245 0.47904258966445928 0.52763688564300548 0.41325272619724279 0.2269546836614609 0.50125351548194896 0.56429719924926769 0.70907047390937816 0.58128473162651073 0.55386900901794445 0.48630662262439733 0.37993320822715765 0.4717922061681748 0.42232480645179754 0.50662484765052807 0.45142881572246557 0.41975449025630956 0.50125351548194896 0.35276135802268987
decision_type=2 2 2 2 2 2 2 2 2 2 2 2 2 2 2 2 2 2 2 2 2 2 2 2 2 2 2 2 2 2 2 2 2 2 2 2 2 2
left_child=10 -2 3 4 7 -4 -7 8 9 13 -1 -12 28 -3 -15 18 -17 20 19 22 21 -18 35 -8 -10 -26 -27 -28 29 -6 -9 -24 -33 -20 -35 37 -30 -16
right_child=1 2 5 -5 12 6 23 30 24 -11 11 -13 -14 14 15 16 17 -19 33 -21 -22 -23 31 -25 25 26 27 -29 36 -31 -32 32 -34 34 -36 -37 -38 -39
leaf_value=0 0 0 0 0 0 -0.016524714459944318 0 0 -0.018601868694202571 0 0 0 0.19944978551383521 0 0 0.19944978551383521 0 0.19724213227090573 0 0.19944978551383521 0 0.26593306496383057 0 0.19944978551383521 0 0.3397386375 0 0.37248001556396482 0.19944978551383521 0 0 0 0 0 0 0 0 0
leaf_weight=27213 9258 146 423 524 2922 488 3169 30 990 419 214 386 1053 255 160 331 61 143 200 187 166 82 148 6616 105 180 54 39 838 281 1883 79 91 82 90 240 308 146
leaf_count=27213 9258 146 423 524 2922 488 3169 30 990 419 214 386 1053 255 160 331 61 143 200 187 166 82 148 6616 105 180 54 39 838 281 1883 79 91 82 90 240 308 146
internal_value=-0.0232267 -0.0128689 -0.00352933 -0.00704553 -0.00611188 0.000492147 0.0012199 -0.00948343 -0.0120947 -0.0154977 -0.0352133 -0.0236 -0.00217549 -0.0133379 -0.0122861 -0.0136065 -0.00774968 -0.0152035 -0.0168292 -0.0133549 -0.0231845 -0.0116643 -0.0170648 0.00191926 -0.00456725 -0.0121905 -0.00405861 -0.0196559 -0.00365233 -0.00521636 -0.00348562 -0.025434 -0.0169412 -0.0266452 -0.0176279 -0.0121905 0.000719023 -0.0182222
internal_weight=60000 32187 22929 12233 11709 10696 10273 6307 4394 3026 27813 600 5402 2607 2461 2206 783 452 1423 1051 309 143 864 9785 1368 378 273 93 4349 3203 1913 318 170 372 172 546 1146 306
internal_count=60000 32187 22929 12233 11709 10696 10273 6307 4394 3026 27813 600 5402 2607 2461 2206 783 452 1423 1051 309 143 864 9785 1368 378 273 93 4349 3203 1913 318 170 372 172 546 1146 306
is_linear=0
shrinkage=0.04


Tree=10
num_leaves=39
num_cat=0
split_feature=118 15 79 85 5 14 63 102 14 102 14 14 73 102 102 85 122 102 14 102 14 102 14 14 85 102 14 102 85 102 68 14 10 111 15 124 14 102
split_gain=4628.7 4352.68 183.474 91.1809 81.4895 75.1314 70.8852 59.5589 57.1442 43.5184 44.1797 42.8235 41.9723 32.7171 31.9552 30.5186 27.1623 26.3698 34.8926 24.8747 47.4953 40.9174 36.0185 22.8605 27.4056 20.0837 27.4188 18.3105 18.3022 16.8901 14.4637 25.7279 13.786 13.1391 18.9937 12.6908 12.6283 14.3029
threshold=1.0000000180025095e-35 0.75000000000000011 0.72396156191825878 0.55450478196144115 0.12146756798028947 0.50125351548194896 0.80047810077667247 0.59573671221733104 0.48630662262439733 0.59573671221733104 0.50125351548194896 0.52936649322509777 0.085450042039155974 0.56428781151771557 0.37131667137146002 0.72130942344665538 1.0000000180025095e-35 0.5541210174560548 0.48630662262439733 0.54245403409004223 0.47904258966445928 0.51809874176979076 0.42466887831687933 0.51995083689689647 0.58643448352813732 0.48479545116424566 0.41325272619724279 0.79758408665657055 0.47193266451358801 0.37993320822715765 0.50650358200073253 0.45591865479946142 0.91037616133689891 -0.63405361771583546 0.75000000000000011 0.069991968572139754 0.31647910177707678 0.37993320822715765
decision_type=2 2 2 2 2 2 2 2 2 2 2 2 2 2 2 2 2 2 2 2 2 2 2 2 2 2 2 2 2 2 2 2 2 2 2 2 2 2
left_child=33 -2 4 6 -3 12 8 11 14 10 16 13 27 -7 -4 -9 17 18 -6 20 21 22 25 -15 -25 26 36 -5 -28 -8 -24 -32 -12 34 -1 -11 -16 -38
right_child=1 2 3 5 9 7 29 15 -10 35 32 -13 -14 23 19 -17 -18 -19 -20 -21 -22 -23 30 24 -26 -27 28 -29 -30 -31 31 -33 -34 -35 -36 -37 37 -39
leaf_value=0 0 -0.0068463563831273437 0 -0.010616831718750002 0 0 0 0.20208862581203185 0 -0.087068460790623206 0 0 0.00031427787446547151 0.32614909200000003 0.28799999237060547 0 0.19147179409328183 0.19147179409328183 0 0.18935244698006948 0 0 0 0 0.27647999267578127 0.19147179409328183 0 -0.0068463563831273437 -0.0016620799608641449 0 0 -0.09652819827732366 0 0 0 0.19147179409328183 0 0
leaf_weight=2818 9293 405 158 179 2565 97 31 576 445 513 289 304 3653 195 179 325 1324 781 209 185 192 456 305 103 65 192 138 123 129 1441 186 96 261 21569 3406 6149 59 606
leaf_count=2818 9293 405 158 179 2565 97 31 576 445 513 289 304 3653 195 179 325 1324 781 209 185 192 456 305 103 65 192 138 123 129 1441 186 96 261 21569 3406 6149 59 606
internal_value=-0.02323 -0.0129094 -0.00354473 -0.00746477 -0.000276568 -0.00400712 -0.0115148 -0.0111351 -0.0147492 0.000314614 -0.00234371 -0.0193508 -0.00100632 -0.0116522 -0.0126886 -0.0041687 -0.0011322 -0.00295359 -0.00478154 -0.0116739 -0.0127061 -0.0111407 -0.0137354 -0.00613774 -0.0169524 -0.0100292 -0.0120936 -0.0153377 -0.0232659 -0.00420652 -0.0219625 -0.0154326 -0.0130909 -0.0351897 -0.0335707 0.00248094 -0.00855924 -0.0110977
internal_weight=60000 32207 22914 10418 12496 5620 4798 1665 3326 12091 5429 764 3955 460 2881 901 4879 3555 2774 2723 2538 2346 1890 363 168 1303 1111 302 267 1472 587 282 550 27793 6224 6662 844 665
internal_count=60000 32207 22914 10418 12496 5620 4798 1665 3326 12091 5429 764 3955 460 2881 901 4879 3555 2774 2723 2538 2346 1890 363 168 1303 1111 302 267 1472 587 282 550 27793 6224 6662 844 665
is_linear=0
shrinkage=0.04


Tree=11
num_leaves=39
num_cat=0
split_feature=118 32 119 14 77 135 119 12 85 14 78 122 32 102 14 14 102 119 14 14 119 12 119 119 119 119 14 102 14 14 121 14 119 124 135 120 14 102
split_gain=4750.76 4463.41 208.01 153.964 84.8746 63.736 50.2557 42.9768 43.2197 76.5081 40.001 29.3514 25.4323 23.2733 49.9544 37.4085 64.4586 23.0966 33.9447 22.5072 36.9759 23.3866 27.1862 20.8994 18.3904 17.5464 49.8939 17.4417 16.1087 15.3313 14.6923 13.8188 13.9823 13.4802 19.6284 16.5513 20.8261 12.7133
threshold=1.0000000180025095e-35 0.75000000000000011 0.59593412280082714 0.52936649322509777 -0.4711442738771438 1.0000000180025095e-35 0.3721448034048081 0.87824293971061718 0.55450478196144115 0.48630662262439733 0.25881896913051611 1.0000000180025095e-35 0.75000000000000011 0.51004752516746532 0.44344586133956915 0.47904258966445928 0.54245403409004223 0.48003464937210089 0.41325272619724279 0.50125351548194896 0.56429719924926769 0.70907047390937816 0.58128473162651073 0.4717922061681748 0.50662484765052807 0.55386900901794445 0.48630662262439733 0.37993320822715765 0.42466887831687933 0.50125351548194896 1.0000000180025095e-35 0.31647910177707678 0.38069936633110052 0.057749181985855109 1.0000000180025095e-35 1.0000000180025095e-35 0.50125351548194896 0.56428781151771557
decision_type=2 2 2 2 2 2 2 2 2 2 2 2 2 2 2 2 2 2 2 2 2 2 2 2 2 2 2 2 2 2 2 2 2 2 2 2 2 2
left_child=5 -2 3 4 6 -1 -3 8 9 13 33 25 -7 14 17 -15 -17 18 31 30 -21 -22 -23 -20 -16 26 -6 -9 -25 -27 -10 -8 -33 34 -4 36 -35 -31
right_child=1 2 10 -5 11 12 7 27 19 -11 -12 -13 -14 15 24 16 -18 -19 23 20 21 22 -24 28 -26 29 -28 -29 -30 37 -32 32 -34 35 -36 -37 -38 -39
leaf_value=0 0 0 0.00027385425532509377 0 0 0 0.27647999267578127 0 -0.017870365061413089 0 0.18381292232955054 0.18381292232955054 0 0 0 0 0.18177834910086671 2.87296288408595e-11 0 0 0.31310312832000003 0 0 -0.008243924531308568 0 0.18381292232955054 0 0 0 -0.088550206856770244 0.0010545812991105683 0 0 -0.0073445938892658016 -0.017416904332595365 0.18381292232955054 -0.0076588717637312729 0
leaf_weight=27213 9293 170 349 524 2922 154 169 24 501 419 6164 1053 426 769 216 176 158 291 149 103 180 69 96 77 87 840 282 1391 32 62 608 57 562 971 495 2525 177 246
leaf_count=27213 9293 170 349 524 2922 154 169 24 501 419 6164 1053 426 769 216 176 158 291 149 103 180 69 96 77 87 840 282 1391 32 62 608 57 562 971 495 2525 177 246
internal_value=-0.0230733 -0.0126175 -0.0031345 -0.00669566 -0.00574635 -0.0351897 -0.00889975 -0.00830518 -0.0101386 -0.0128248 0.000944106 -0.00206845 -0.022069 -0.010393 -0.0134146 -0.00590027 -0.0170778 -0.0100912 -0.0128642 -0.00468337 -0.01225 -0.00597101 -0.0168485 -0.0254574 -0.0280792 -0.00351838 -0.0050387 -0.00219081 -0.0121468 0.000724739 -0.00162669 -0.00874112 -0.0115089 -0.00191543 -0.00647393 -0.000867955 -0.00485017 -0.00690909
internal_weight=60000 32207 22914 12233 11709 27793 6304 6134 4719 3162 10681 5405 580 2743 1640 1103 334 1337 1046 1557 448 345 165 258 303 4352 3204 1415 109 1148 1109 788 619 4517 844 3673 1148 308
internal_count=60000 32207 22914 12233 11709 27793 6304 6134 4719 3162 10681 5405 580 2743 1640 1103 334 1337 1046 1557 448 345 165 258 303 4352 3204 1415 109 1148 1109 788 619 4517 844 3673 1148 308
is_linear=0
shrinkage=0.04


Tree=12
num_leaves=39
num_cat=0
split_feature=118 15 119 14 77 135 124 12 85 14 119 122 15 119 14 14 119 12 119 119 14 119 14 119 14 119 14 119 14 10 119 14 119 119 85 14 5 119
split_gain=4794.77 4503.33 217.609 154.914 85.8226 63.736 54.6231 51.2095 51.9072 66.456 35.9897 28.4879 25.4323 20.1847 49.8939 18.0562 40.6187 21.4463 21.4988 17.6243 16.9555 25.7088 36.9545 39.7675 35.0665 52.7732 17.6864 22.868 17.6299 15.7309 15.7108 15.044 23.4375 14.479 13.3226 12.1658 11.5866 14.4069
threshold=1.0000000180025095e-35 0.75000000000000011 0.59593412280082714 0.52936649322509777 -0.4711442738771438 1.0000000180025095e-35 0.057749181985855109 0.80047810077667247 0.55450478196144115 0.48630662262439733 0.3721448034048081 1.0000000180025095e-35 0.75000000000000011 0.55386900901794445 0.48630662262439733 0.50125351548194896 0.56429719924926769 0.70907047390937816 0.58128473162651073 0.38069936633110052 0.3239296823740006 0.50974160432815563 0.44344586133956915 0.48003464937210089 0.47904258966445928 0.54231527447700512 0.41325272619724279 0.4717922061681748 0.42466887831687933 0.2269546836614609 0.41975449025630956 0.35276135802268987 0.387991413474083 0.50662484765052807 0.58643448352813732 0.51995083689689647 0.11383711174130441 0.8224521577358247
decision_type=2 2 2 2 2 2 2 2 2 2 2 2 2 2 2 2 2 2 2 2 2 2 2 2 2 2 2 2 2 2 2 2 2 2 2 2 2 2
left_child=5 -2 3 4 7 -1 36 8 9 10 -3 13 -7 14 -6 34 -17 -18 -19 -9 -12 22 23 26 -23 -26 30 -28 -29 -8 31 32 -22 -24 -10 -15 -4 -38
right_child=1 2 6 -5 11 12 29 19 15 -11 20 -13 -14 35 -16 16 17 18 -20 -21 21 24 33 -25 25 -27 27 28 -30 -31 -32 -33 -34 -35 -36 -37 37 -39
leaf_value=0 0 0 -0.0070786626378569282 0 0 0 -0.0070508101336951689 0 0.0017605961097114792 0 0 0.17646040543636851 0 0.17646040543636851 0 0 0.30057900318720004 0 0.34652161523437502 0 0 0 0 6.6483197285380639e-05 0 0.17450721513683204 0 -0.007914167550056226 0 0.17646040543636851 0 0 0.3538944140625 0 -0.017155550458956562 0 -0.016720228159291552 -0.022404670152813715
leaf_weight=27213 9293 146 378 524 2922 154 3112 33 542 419 255 1053 426 1041 282 105 180 54 39 1879 64 601 200 247 163 132 148 77 32 6527 239 146 96 61 446 107 422 242
leaf_count=27213 9293 146 378 524 2922 154 3112 33 542 419 255 1053 426 1041 282 105 180 54 39 1879 64 601 200 247 163 132 148 77 32 6527 239 146 96 61 446 107 422 242
internal_value=-0.0230173 -0.0125132 -0.00298787 -0.00663026 -0.00567803 -0.0351897 0.00118378 -0.00884898 -0.0112277 -0.0141494 -0.0117729 -0.00197965 -0.022069 -0.00340809 -0.0050387 -0.00475549 -0.0121905 -0.00405861 -0.0196559 -0.00338494 -0.0106282 -0.011757 -0.0153282 -0.0119771 -0.00653571 -0.0178305 -0.0162993 -0.0249494 -0.0110459 0.00212429 -0.0122202 -0.0182222 -0.00975 -0.0287969 -0.00191093 0.00114286 -0.00751631 -0.0106988
internal_weight=60000 32207 22914 12233 11709 27793 10681 6304 4392 3026 2607 5405 580 4352 3204 1366 378 273 93 1912 2461 2206 1310 1049 896 295 802 257 109 9639 545 306 160 261 988 1148 1042 664
internal_count=60000 32207 22914 12233 11709 27793 10681 6304 4392 3026 2607 5405 580 4352 3204 1366 378 273 93 1912 2461 2206 1310 1049 896 295 802 257 109 9639 545 306 160 261 988 1148 1042 664
is_linear=0
shrinkage=0.04


Tree=13
num_leaves=39
num_cat=0
split_feature=118 15 119 14 94 135 119 22 12 85 14 122 15 14 119 12 119 102 14 14 102 119 14 119 119 119 14 14 102 52 14 14 119 121 102 5 119 10
split_gain=4797.4 4505.71 222.982 154.391 83.7575 63.736 50.9799 48.2466 42.1981 44.4766 76.3539 29.8156 25.4323 23.2402 36.2802 23.3866 27.1862 22.9802 50.7358 37.4538 64.4586 22.6825 32.082 22.9437 18.4277 17.7335 49.8619 17.6299 17.446 16.5197 14.9391 13.8188 13.9823 13.4383 11.9168 11.5038 16.0489 14.3404
threshold=1.0000000180025095e-35 0.75000000000000011 0.59593412280082714 0.52936649322509777 -0.38268354535102839 1.0000000180025095e-35 0.3721448034048081 0.12552670389413836 0.87824293971061718 0.55450478196144115 0.48630662262439733 1.0000000180025095e-35 0.75000000000000011 0.50125351548194896 0.56429719924926769 0.70907047390937816 0.58128473162651073 0.51004752516746532 0.44344586133956915 0.47904258966445928 0.54245403409004223 0.48003464937210089 0.41325272619724279 0.4717922061681748 0.50662484765052807 0.55386900901794445 0.48630662262439733 0.42466887831687933 0.37993320822715765 1.0000000180025095e-35 0.50125351548194896 0.31647910177707678 0.38069936633110052 1.0000000180025095e-35 0.56428781151771557 0.11383711174130441 0.8224521577358247 0.52778527140617382
decision_type=2 2 2 2 2 2 2 2 2 2 2 2 2 2 2 2 2 2 2 2 2 2 2 2 2 2 2 2 2 2 2 2 2 2 2 2 2 2
left_child=5 -2 3 4 6 -1 -3 35 9 10 17 25 -7 33 -15 -16 -17 18 21 -19 -21 22 31 -24 -20 26 -6 -25 -10 -9 -27 -8 -33 -11 -32 37 -37 -4
right_child=1 2 7 -5 11 12 8 29 28 13 -12 -13 -14 14 15 16 -18 19 24 20 -22 -23 23 27 -26 30 -28 -29 -30 -31 34 32 -34 -35 -36 36 -38 -39
leaf_value=0 0 0 0.00054604659062636716 0 0 0 0.26542079296874999 -0.0067687777283473626 0 -0.016469328440598303 0 0.16940198921891381 0 0 0.28855584305971199 0 0 0 0 0 0.16752692653135876 2.6431258553366587e-11 0 -0.0075976008480539772 0 0.16940198921891381 0 0 0 0.16940198921891381 -0.092066614799954177 0 0 0.0016898202736487953 0 -0.01605141903291989 -0.029896517244022341 -0.0067955161323426522
leaf_weight=27213 9293 171 326 524 2920 154 169 2202 24 502 420 1048 426 104 180 69 96 770 217 176 158 291 149 77 87 838 282 32 1392 7235 62 57 562 610 246 567 299 52
leaf_count=27213 9293 171 326 524 2920 154 169 2202 24 502 420 1048 426 104 180 69 96 770 217 176 158 291 149 77 87 838 282 32 1392 7235 62 57 562 610 246 567 299 52
internal_value=-0.023014 -0.012507 -0.00297914 -0.00666623 -0.0057156 -0.0351897 -0.00884334 0.0012437 -0.00824357 -0.0100584 -0.0127836 -0.00205634 -0.022069 -0.00453299 -0.0122138 -0.00597101 -0.0168485 -0.0103534 -0.0133553 -0.0058913 -0.0170778 -0.0100015 -0.0127495 -0.0249922 -0.0281053 -0.0035161 -0.00504435 -0.0110459 -0.00218644 0.00221977 0.000753927 -0.00874112 -0.0115089 -0.00143165 -0.00677922 -0.00616077 -0.00870208 -0.000338624
internal_weight=60000 32207 22914 12233 11709 27793 6313 10681 6142 4726 3165 5396 580 1561 449 345 165 2745 1641 1104 334 1337 1046 258 304 4348 3202 109 1416 9437 1146 788 619 1112 308 1244 866 378
internal_count=60000 32207 22914 12233 11709 27793 6313 10681 6142 4726 3165 5396 580 1561 449 345 165 2745 1641 1104 334 1337 1046 258 304 4348 3202 109 1416 9437 1146 788 619 1112 308 1244 866 378
is_linear=0
shrinkage=0.04


Tree=14
num_leaves=39
num_cat=0
split_feature=118 15 119 14 77 135 12 85 14 22 119 121 15 119 14 102 14 119 12 119 14 119 14 119 14 102 14 119 14 52 119 14 119 119 102 14 68 5
split_gain=4803.18 4510.95 220.959 154.914 85.8226 63.736 51.2095 51.9072 66.456 48.2466 35.9897 28.1013 25.4323 19.914 49.4631 18.6402 18.0562 40.6187 21.4463 21.4988 16.9555 25.7088 36.9545 39.7675 35.0665 53.6847 17.6864 22.868 17.6299 16.5197 15.7108 15.044 23.4375 14.479 14.3622 12.144 11.5266 11.5038
threshold=1.0000000180025095e-35 0.75000000000000011 0.59593412280082714 0.52936649322509777 -0.4711442738771438 1.0000000180025095e-35 0.80047810077667247 0.55450478196144115 0.48630662262439733 0.12552670389413836 0.3721448034048081 1.0000000180025095e-35 0.75000000000000011 0.55386900901794445 0.48630662262439733 0.37993320822715765 0.50125351548194896 0.56429719924926769 0.70907047390937816 0.58128473162651073 0.3239296823740006 0.50974160432815563 0.44344586133956915 0.48003464937210089 0.47904258966445928 0.54245403409004223 0.41325272619724279 0.4717922061681748 0.42466887831687933 1.0000000180025095e-35 0.41975449025630956 0.35276135802268987 0.387991413474083 0.50662484765052807 0.58683568239212047 0.51995083689689647 0.57622584700584423 0.11383711174130441
decision_type=2 2 2 2 2 2 2 2 2 2 2 2 2 2 2 2 2 2 2 2 2 2 2 2 2 2 2 2 2 2 2 2 2 2 2 2 2 2
left_child=5 -2 3 4 6 -1 7 8 10 37 -3 -6 -7 14 -13 -8 34 -18 -19 -20 -12 22 23 26 -23 -26 30 -28 -29 -11 31 32 -22 -24 -9 -15 -37 -4
right_child=1 2 9 -5 11 12 15 16 -10 29 20 13 -14 35 -16 -17 17 18 19 -21 21 24 33 -25 25 -27 27 28 -30 -31 -32 -33 -34 -35 -36 36 -38 -39
leaf_value=0 0 0 -0.0065236954870489458 0 0.16262590965015722 0 0 0.00086558159995612171 0 -0.0064980266192134683 0 0 0 0.16262590965015722 0 0 0 0.27701360933732355 0 0.332660750625 0 0 0 6.3823868336715061e-05 0 0.16082584947010439 0 -0.0072936968141318181 0 0.16262590965015722 0 0 0.3397386375 0 -0.015810555302974368 0 0.026542103422850936 -0.017106514881310757
leaf_weight=27213 9293 146 378 524 1063 154 30 755 419 2202 255 2919 426 1035 281 1882 105 180 54 39 64 601 200 247 168 127 148 77 32 7235 239 146 96 61 233 45 62 866
leaf_count=27213 9293 146 378 524 1063 154 30 755 419 2202 255 2919 426 1035 281 1882 105 180 54 39 64 601 200 247 168 127 148 77 32 7235 239 146 96 61 233 45 62 866
internal_value=-0.0230067 -0.0124933 -0.00295994 -0.00663026 -0.00567803 -0.0351897 -0.00884898 -0.0112277 -0.0141494 0.0012437 -0.0117729 -0.00197965 -0.022069 -0.00340672 -0.005025 -0.00338494 -0.00475549 -0.0121905 -0.00405861 -0.0196559 -0.0106282 -0.011757 -0.0153282 -0.0119771 -0.00653571 -0.0178305 -0.0162993 -0.0249494 -0.0110459 0.00221977 -0.0122202 -0.0182222 -0.00975 -0.0287969 -0.00191093 0.00112785 -0.0117009 -0.00616077
internal_weight=60000 32207 22914 12233 11709 27793 6304 4392 3026 10681 2607 5405 580 4342 3200 1912 1366 378 273 93 2461 2206 1310 1049 896 295 802 257 109 9437 545 306 160 261 988 1142 107 1244
internal_count=60000 32207 22914 12233 11709 27793 6304 4392 3026 10681 2607 5405 580 4342 3200 1912 1366 378 273 93 2461 2206 1310 1049 896 295 802 257 109 9437 545 306 160 261 988 1142 107 1244
is_linear=0
shrinkage=0.04


Tree=15
num_leaves=39
num_cat=0
split_feature=118 15 119 14 77 135 29 85 14 22 119 122 15 102 14 119 14 119 119 14 14 119 14 119 14 102 14 119 14 52 119 14 119 14 119 102 102 5
split_gain=4797.4 4505.71 222.982 154.391 83.8005 63.736 51.2095 51.9072 66.456 48.2466 35.9897 29.2789 25.4323 18.6402 18.0562 40.6187 21.4463 21.4988 17.7592 49.8939 16.9555 25.7088 36.9545 39.7675 35.0665 53.6847 17.6864 22.868 17.6299 16.5197 15.7108 15.044 23.4375 14.952 14.479 14.3622 11.9168 11.5038
threshold=1.0000000180025095e-35 0.75000000000000011 0.59593412280082714 0.52936649322509777 -0.4711442738771438 1.0000000180025095e-35 0.80047810077667247 0.55450478196144115 0.48630662262439733 0.12552670389413836 0.3721448034048081 1.0000000180025095e-35 0.75000000000000011 0.37993320822715765 0.50125351548194896 0.56429719924926769 0.51995083689689647 0.58128473162651073 0.55386900901794445 0.48630662262439733 0.3239296823740006 0.50974160432815563 0.44344586133956915 0.48003464937210089 0.47904258966445928 0.54245403409004223 0.41325272619724279 0.4717922061681748 0.42466887831687933 1.0000000180025095e-35 0.41975449025630956 0.35276135802268987 0.387991413474083 0.50125351548194896 0.50662484765052807 0.58683568239212047 0.56428781151771557 0.11383711174130441
decision_type=2 2 2 2 2 2 2 2 2 2 2 2 2 2 2 2 2 2 2 2 2 2 2 2 2 2 2 2 2 2 2 2 2 2 2 2 2 2
left_child=5 -2 3 4 6 -1 7 8 10 37 -3 18 -7 -8 35 -16 -17 -18 19 -6 -12 22 23 26 -23 -26 30 -28 -29 -11 31 32 -22 -20 -24 -9 -35 -4
right_child=1 2 9 -5 11 12 13 14 -10 29 20 -13 -14 -15 15 16 17 -19 33 -21 21 24 34 -25 25 -27 27 28 -30 -31 -32 -33 -34 36 -36 -37 -38 -39
leaf_value=0 0 0 -0.0062627476675669877 0 0 0 0 0.00083095833595787688 0 -0.0062381055544449291 0 0.15612087326415094 0 0 0 0.26593306496383057 0 0.31935432060000002 0.15612087326415094 0 0 0 0 6.1270913603246469e-05 0 0.15439281549130021 0 -0.0070019489415665461 0 0.15612087326415094 0 0 0.32614909200000003 -0.094888986593962305 0 -0.015178133090855394 0 -0.016422254286058324
leaf_weight=27213 9293 146 378 524 2922 154 30 755 419 2202 255 1053 426 1882 105 180 54 39 840 282 64 601 200 247 168 127 148 77 32 7235 239 146 96 62 61 233 246 866
leaf_count=27213 9293 146 378 524 2922 154 30 755 419 2202 255 1053 426 1882 105 180 54 39 840 282 64 601 200 247 168 127 148 77 32 7235 239 146 96 62 61 233 246 866
internal_value=-0.023014 -0.012507 -0.00297914 -0.00666623 -0.0057156 -0.0351897 -0.00884898 -0.0112277 -0.0141494 0.0012437 -0.0117729 -0.00206105 -0.022069 -0.00338494 -0.00475549 -0.0121905 -0.00405861 -0.0196559 -0.00350919 -0.0050387 -0.0106282 -0.011757 -0.0153282 -0.0119771 -0.00653571 -0.0178305 -0.0162993 -0.0249494 -0.0110459 0.00221977 -0.0122202 -0.0182222 -0.00975 0.000759582 -0.0287969 -0.00191093 -0.00677922 -0.00616077
internal_weight=60000 32207 22914 12233 11709 27793 6304 4392 3026 10681 2607 5405 580 1912 1366 378 273 93 4352 3204 2461 2206 1310 1049 896 295 802 257 109 9437 545 306 160 1148 261 988 308 1244
internal_count=60000 32207 22914 12233 11709 27793 6304 4392 3026 10681 2607 5405 580 1912 1366 378 273 93 4352 3204 2461 2206 1310 1049 896 295 802 257 109 9437 545 306 160 1148 261 988 308 1244
is_linear=0
shrinkage=0.04


Tree=16
num_leaves=39
num_cat=0
split_feature=135 15 119 14 101 77 73 15 101 73 12 85 14 119 122 102 14 119 12 119 119 14 10 14 119 14 119 14 102 14 119 14 119 14 119 14 119 119
split_gain=4623.83 4412.98 187.951 154.391 140.565 83.5601 70.7839 100.578 64.873 65.5162 51.1951 52.1012 66.456 35.9897 29.3158 18.6447 18.1083 40.6187 21.4463 21.4988 17.7177 50.2382 17.0252 16.9555 25.7088 36.9545 39.7675 35.0665 53.6847 17.6864 22.868 17.6299 15.7108 15.044 23.4375 14.9391 14.479 14.4551
threshold=1.0000000180025095e-35 0.75000000000000011 0.59593412280082714 0.52936649322509777 1.0000000180025095e-35 -0.4711442738771438 0.062477946281433112 0.75000000000000011 1.0000000180025095e-35 0.085450042039155974 0.80047810077667247 0.55450478196144115 0.48630662262439733 0.3721448034048081 1.0000000180025095e-35 0.37993320822715765 0.50125351548194896 0.56429719924926769 0.70907047390937816 0.58128473162651073 0.55386900901794445 0.48630662262439733 0.52778527140617382 0.3239296823740006 0.50974160432815563 0.44344586133956915 0.48003464937210089 0.47904258966445928 0.54245403409004223 0.41325272619724279 0.4717922061681748 0.42466887831687933 0.41975449025630956 0.35276135802268987 0.387991413474083 0.50125351548194896 0.50662484765052807 0.8224521577358247
decision_type=2 2 2 2 2 2 2 2 2 2 2 2 2 2 2 2 2 2 2 2 2 2 2 2 2 2 2 2 2 2 2 2 2 2 2 2 2 2
left_child=4 -2 3 5 -1 10 -6 -8 -4 37 11 12 13 -3 20 -12 -13 -18 -19 -20 21 -7 -9 -15 25 26 29 -26 -29 32 -31 -32 33 34 -25 -22 -27 -10
right_child=1 2 8 -5 6 14 7 22 9 -11 15 16 -14 23 -16 -17 17 18 19 -21 35 -23 -24 24 27 36 -28 28 -30 30 31 -33 -34 -35 -36 -37 -38 -39
leaf_value=0 0 0 0 0 0 0 0 0.0010356624531859498 -0.012574322525879396 0.1498760383335849 0 -0.014571007767221178 0 0 0.1498760383335849 0 0 0.25529574236527736 0 0.30658014777600001 0.1498760383335849 0 -0.0060122377608643083 0 0 0 5.8820077059116604e-05 0 0.14821710287164819 0 -0.0067218709839038842 0 0 0 0.31310312832000003 -0.0025432202734335606 0 -0.010491820758416067
leaf_weight=26629 9258 146 813 524 583 2922 189 351 304 9395 30 990 419 255 1053 1883 105 180 54 39 838 281 61 64 601 200 247 168 127 148 77 32 239 146 96 308 61 184
leaf_count=26629 9258 146 813 524 583 2922 189 351 304 9395 30 990 419 255 1053 1883 105 180 54 39 838 281 61 64 601 200 247 168 127 148 77 32 239 146 96 308 61 184
internal_value=-0.0230133 -0.0126912 -0.00327986 -0.00666623 -0.0349588 -0.0057156 -0.021473 -0.0118403 0.000593119 0.00148659 -0.00884287 -0.0112208 -0.0141494 -0.0117729 -0.00206442 -0.00338108 -0.00474269 -0.0121905 -0.00405861 -0.0196559 -0.00351437 -0.00504152 -0.000757281 -0.0106282 -0.011757 -0.0153282 -0.0119771 -0.00653571 -0.0178305 -0.0162993 -0.0249494 -0.0110459 -0.0122202 -0.0182222 -0.00975 0.000753927 -0.0287969 -0.0128033
internal_weight=60000 32187 22929 12233 27813 11709 1184 601 10696 9883 6307 4394 3026 2607 5402 1913 1368 378 273 93 4349 3203 412 2461 2206 1310 1049 896 295 802 257 109 545 306 160 1146 261 488
internal_count=60000 32187 22929 12233 27813 11709 1184 601 10696 9883 6307 4394 3026 2607 5402 1913 1368 378 273 93 4349 3203 412 2461 2206 1310 1049 896 295 802 257 109 545 306 160 1146 261 488
is_linear=0
shrinkage=0.04


Tree=17
num_leaves=39
num_cat=0
split_feature=118 15 60 119 14 135 29 68 14 119 14 22 119 15 120 102 14 68 14 119 14 102 14 119 14 122 14 119 14 119 51 119 14 119 119 5 119 10
split_gain=4735.53 4450.15 193.353 80.1749 102.155 63.722 51.2284 45.3159 65.4144 43.1683 58.453 48.8498 35.1071 25.4323 20.725 18.6402 15.984 21.8512 40.9455 34.0011 29.9972 49.6885 19.7935 22.1872 17.8317 15.9345 15.4393 42.1095 21.4867 21.4988 15.4789 14.2785 18.8554 21.0444 12.8395 11.1419 16.7641 14.0142
threshold=1.0000000180025095e-35 0.75000000000000011 -0.52778503298759449 0.59593412280082714 0.52936649322509777 1.0000000180025095e-35 0.80047810077667247 0.55424043536186229 0.48630662262439733 0.55386900901794445 0.48630662262439733 0.12552670389413836 0.3721448034048081 0.75000000000000011 1.0000000180025095e-35 0.37993320822715765 0.31647910177707678 0.50650358200073253 0.44344586133956915 0.48003464937210089 0.47904258966445928 0.54245403409004223 0.41325272619724279 0.4717922061681748 0.42466887831687933 1.0000000180025095e-35 0.50125351548194896 0.56429719924926769 0.51995083689689647 0.58128473162651073 0.58335405588150036 0.41975449025630956 0.35276135802268987 0.38069936633110052 0.50662484765052807 0.11383711174130441 0.8224521577358247 0.52778527140617382
decision_type=2 2 2 2 2 2 2 2 2 2 2 2 2 2 2 2 2 2 2 2 2 2 2 2 2 2 2 2 2 2 2 2 2 2 2 2 2 2
left_child=5 -2 3 4 6 -1 7 8 12 10 25 35 -3 -7 -5 -8 -14 18 19 22 -19 -22 31 -24 -25 -4 30 -28 -29 -30 -9 32 33 -18 -20 37 -37 -11
right_child=1 2 9 14 -6 13 15 26 -10 11 -12 -13 16 -15 -16 -17 17 20 34 -21 21 -23 23 24 -26 -27 27 28 29 -31 -32 -33 -34 -35 -36 36 -38 -39
leaf_value=0 0 0 0 -0.005988581332267132 0 0 0 0.25963206726800769 0 0.00099423595505851187 0 0.1438809968002415 0.25480396124999999 0 0.22147563561156183 0 0 0 0 5.6467273976751937e-05 0 0.14228841875678228 0 0.001790928386760841 0 0.15449782851899152 0 0.24508391267066626 0 0.29431694186495999 -0.01398816745653233 0 0 0 4.3063185195535426e-09 -0.013565238603873153 -0.026939832957230042 -0.0057717482504297361
leaf_weight=27213 9293 139 2925 1157 323 154 30 381 375 327 285 8360 160 426 1730 1882 55 679 186 214 150 113 141 69 31 587 118 181 54 39 788 192 137 160 21 573 299 53
leaf_count=27213 9293 139 2925 1157 323 154 30 381 375 327 285 8360 160 426 1730 1882 55 679 186 214 150 113 141 69 31 587 118 181 54 39 788 192 137 160 21 573 299 53
internal_value=-0.0230913 -0.0126523 -0.00318338 -0.00754761 -0.00997401 -0.0351883 -0.00884829 -0.0112316 -0.0142566 -8.97903e-05 -0.00370082 0.00133666 -0.0118725 -0.022069 -0.00198545 -0.00338494 -0.0106967 -0.0116052 -0.0151708 -0.0118158 -0.00704034 -0.0185095 -0.0156688 -0.0252116 -0.0108 -0.00228702 -0.00576297 -0.0126327 -0.0040292 -0.0196559 -0.00345937 -0.0114412 -0.0162273 -0.00883721 -0.0313623 -0.00603195 -0.00852294 -0.000315789
internal_weight=60000 32207 22914 9505 6618 27793 6295 4383 2822 13409 3797 9612 2447 580 2887 1912 2308 2148 1206 999 942 263 785 241 100 3512 1561 392 274 93 1169 544 352 215 207 1252 872 380
internal_count=60000 32207 22914 9505 6618 27793 6295 4383 2822 13409 3797 9612 2447 580 2887 1912 2308 2148 1206 999 942 263 785 241 100 3512 1561 392 274 93 1169 544 352 215 207 1252 872 380
is_linear=0
shrinkage=0.04


Tree=18
num_leaves=39
num_cat=0
split_feature=118 32 119 14 77 135 120 68 14 68 14 22 119 14 119 121 32 12 119 102 14 12 119 119 14 14 119 102 14 14 51 68 119 14 51 14 14 119
split_gain=4739.7 4453.93 184.757 156.442 77.1992 63.722 52.9629 52.4142 74.0804 52.8776 50.1866 46.7797 43.3469 29.6743 39.3381 28.8917 25.4323 23.1128 27.6399 22.9459 46.0025 19.9155 19.4508 17.9213 64.659 24.9717 21.4838 17.6665 43.1015 12.5902 12.1658 11.5266 10.922 24.4021 15.7276 15.2973 11.8434 26.9671
threshold=1.0000000180025095e-35 0.75000000000000011 0.59593412280082714 0.52936649322509777 -0.4711442738771438 1.0000000180025095e-35 1.0000000180025095e-35 0.55424043536186229 0.47904258966445928 0.50973063707351696 0.44344586133956915 0.12552670389413836 0.3721448034048081 0.50125351548194896 0.56429719924926769 1.0000000180025095e-35 0.75000000000000011 0.70907047390937816 0.58128473162651073 0.54245403409004223 0.488080844283104 0.9068988859653474 0.50662484765052807 0.4717922061681748 0.41022963821887976 0.42466887831687933 0.50002238154411327 0.55805155634880077 0.48630662262439733 0.51995083689689647 0.66868865489959728 0.57622584700584423 0.52266719937324535 0.44344586133956915 0.50954556465148937 0.46050065755844122 0.47904258966445928 0.54231527447700512
decision_type=2 2 2 2 2 2 2 2 2 2 2 2 2 2 2 2 2 2 2 2 2 2 2 2 2 2 2 2 2 2 2 2 2 2 2 2 2 2
left_child=5 -2 3 4 7 -1 -4 8 9 10 12 -8 -3 30 -15 -6 -7 -16 -19 -10 -21 -22 -12 24 -14 -25 -27 28 32 -29 -9 -31 33 -17 -35 -36 -34 -38
right_child=1 2 6 -5 15 16 11 13 19 -11 22 -13 23 14 17 27 -18 18 -20 20 21 -23 -24 25 -26 26 -28 29 -30 31 -32 -33 36 34 35 -37 37 -39
leaf_value=0 0 0 -0.011743821204276791 -0.0057552398720096603 0.13812575692823184 0 -0.0098273747836720247 0.0019400870114697022 0 0 0 0.13812575692823184 0 0 0.23528055616383958 0 0 0 0 0 0 0.00018034736578191425 0 0.0017857744497249731 0 -2.2064354957690437e-12 0.19145951947786494 0.13812575692823184 0 -0.0056535110610723173 -0.013428640758271038 0.019826908224864576 0.28799999237060547 0 0 0 0 0.20659939457955162
leaf_weight=27213 9293 143 1349 524 1063 154 1194 1090 275 1103 197 8138 1060 118 181 1600 426 69 95 180 247 31 78 394 153 131 76 865 372 45 683 62 650 181 204 100 92 171
leaf_count=27213 9293 143 1349 524 1063 154 1194 1090 275 1103 197 8138 1060 118 181 1600 426 69 95 180 247 31 78 394 153 131 76 865 372 45 683 62 650 181 204 100 92 171
internal_value=-0.023086 -0.0126423 -0.00316942 -0.00652563 -0.00556871 -0.0351883 0.000674469 -0.00857614 -0.0112802 -0.00874962 -0.0122903 0.00174539 -0.0100419 -0.00365653 -0.0126739 -0.00206105 -0.022069 -0.00585507 -0.0167317 -0.022794 -0.01731 -0.0275108 -0.0282909 -0.00837045 -0.011169 -0.00272213 -0.013971 -0.00350806 -0.00487834 0.0012428 -0.00130175 -0.0117009 -0.00328486 -0.00488249 -0.0127423 -0.00718421 0.000363637 -0.00679848
internal_weight=60000 32207 22914 12233 11709 27793 10681 6304 4068 3335 2232 9332 1957 2236 463 5405 580 345 164 733 458 278 275 1814 1213 601 207 4342 3370 972 1773 107 2998 2085 485 304 913 263
internal_count=60000 32207 22914 12233 11709 27793 10681 6304 4068 3335 2232 9332 1957 2236 463 5405 580 345 164 733 458 278 275 1814 1213 601 207 4342 3370 972 1773 107 2998 2085 485 304 913 263
is_linear=0
shrinkage=0.04


Tree=19
num_leaves=39
num_cat=0
split_feature=118 15 119 14 135 119 120 5 68 14 12 119 14 14 68 15 14 119 14 68 119 14 119 10 119 14 119 119 5 14 119 10 12 119 12 39 119 60
split_gain=4914.65 4612.57 173.071 114.908 63.722 61.6149 46.3342 37.9332 36.854 41.06 34.905 36.0922 85.6637 27.8608 99.4244 25.4323 24.358 36.907 53.5342 21.9709 20.4411 47.4604 30.506 24.772 20.3473 19.9198 28.8892 15.6148 14.4253 13.0299 12.4622 11.9712 11.0267 20.7508 10.9146 9.00672 8.98378 8.95353
threshold=1.0000000180025095e-35 0.75000000000000011 0.560205638408661 0.48630662262439733 1.0000000180025095e-35 0.3721448034048081 1.0000000180025095e-35 0.1294016316533089 0.55424043536186229 0.49782148003578192 0.87824293971061718 0.50974160432815563 0.44344586133956915 0.47904258966445928 0.54215258359909069 0.75000000000000011 0.3239296823740006 0.4717922061681748 0.41325272619724279 0.50650358200073253 0.59866267442703258 0.51995083689689647 0.57622584700584423 0.86602547764778148 0.41975449025630956 0.35276135802268987 0.387991413474083 0.38069936633110052 0.11383711174130441 0.52936649322509777 0.8224521577358247 0.52778527140617382 0.78291481733322155 0.45485258102416998 0.79704815149307262 0.23454821109771731 0.54425701498985302 -0.49999997019767756
decision_type=2 2 2 2 2 2 2 2 2 2 2 2 2 2 2 2 2 2 2 2 2 2 2 2 2 2 2 2 2 2 2 2 2 2 2 2 2 2
left_child=4 -2 3 5 -1 -3 -4 28 34 -10 11 12 16 -13 -15 -6 -7 18 24 35 21 -9 -23 -24 25 26 -18 -12 31 -25 -30 -8 -26 -34 37 -14 -11 -5
right_child=1 2 6 8 15 10 7 20 9 36 27 13 19 14 -16 -17 17 -19 -20 -21 -22 22 23 29 32 -27 -28 -29 30 -31 -32 -33 33 -35 -36 -37 -38 -39
leaf_value=0 0 0 -0.01127406835610572 0 0 0.14279288510110261 0.0013475615082030523 0.13260072665110256 0.00048192321780250513 -0.0024353931719369908 0 0 0 0 0.0024110425094977283 0 0 0 0 0 0.13260072665110256 -0.0054273706186294245 0 0.13260072665110256 0.21512852115892234 0 0.30057900318720004 8.8257419830761749e-14 -0.012629534068371346 -0.0055250302771292737 -0.017419951581108126 -0.0051477833290656657 0 0.44 0 0 -0.032496302693943838 0
leaf_weight=27213 9293 247 1349 368 154 522 308 2149 242 35 40 2003 22 275 485 426 107 803 237 166 8190 117 595 43 318 234 182 2150 381 153 213 50 74 71 76 323 137 249
leaf_count=27213 9293 247 1349 368 154 522 308 2149 242 35 40 2003 22 275 485 426 107 803 237 166 8190 117 595 43 318 234 182 2150 381 153 213 50 74 71 76 323 137 249
internal_value=-0.0228647 -0.01223 -0.00258986 -0.00677087 -0.0351883 -0.00514881 0.000300561 0.00107845 -0.0188726 -0.00942995 -0.00454219 -0.00616146 -0.00915463 -0.00284763 -0.00936842 -0.022069 -0.00615699 -0.00814215 -0.0125168 -0.0241018 0.00172739 -0.00106379 -0.00873128 -0.0059115 -0.00841379 -0.0138203 -0.00679585 -0.000237443 -0.00658823 -0.0182449 -0.0104108 -0.00024581 -0.0023067 -0.0114483 -0.0245137 -0.0298551 -0.0243721 -0.0262755
internal_weight=60000 32207 22914 9366 27793 8259 13548 12199 1107 414 8012 5822 3059 2763 760 580 2548 2026 1223 511 11247 3057 908 791 986 523 289 2190 952 196 594 358 463 145 693 345 172 617
internal_count=60000 32207 22914 9366 27793 8259 13548 12199 1107 414 8012 5822 3059 2763 760 580 2548 2026 1223 511 11247 3057 908 791 986 523 289 2190 952 196 594 358 463 145 693 345 172 617
is_linear=0
shrinkage=0.04


Tree=20
num_leaves=39
num_cat=0
split_feature=118 32 119 14 119 14 135 119 120 68 14 102 119 14 32 68 22 119 14 44 12 14 119 119 14 12 68 14 119 124 62 56 14 119 14 85 119 14
split_gain=5012.98 4701.69 191.693 123.392 67.9567 77.7614 63.722 61.8757 50.1602 45.3787 51.6396 44.0795 36.2312 85.1083 25.4323 25.2855 19.5203 17.6804 30.6433 27.3191 17.6609 17.5221 37.3975 17.9089 26.4218 17.2623 12.0864 11.2504 10.2967 9.30016 9.28414 8.61834 7.9765 38.9008 8.84531 8.34778 7.97203 26.9483
threshold=1.0000000180025095e-35 0.75000000000000011 0.55386900901794445 0.47904258966445928 0.51532536745071422 0.44344586133956915 1.0000000180025095e-35 0.3721448034048081 1.0000000180025095e-35 0.54439854621887218 0.488080844283104 0.50684645771980297 0.4717922061681748 0.41022963821887976 0.75000000000000011 0.57113102078437816 0.12999680638313296 0.59866267442703258 0.50125351548194896 0.88144913315773021 0.87096264958381664 0.35276135802268987 0.40923309326171881 0.38069936633110052 0.31647910177707678 0.79475393891334545 0.66420048475265514 0.53617689013481151 0.56429719924926769 0.31536567211151129 0.89874878525733959 0.22650838643312457 0.45820383727550512 0.52763688564300548 0.46802867949008947 0.52062875032424938 0.46147063374519354 0.3916513472795487
decision_type=2 2 2 2 2 2 2 2 2 2 2 2 2 2 2 2 2 2 2 2 2 2 2 2 2 2 2 2 2 2 2 2 2 2 2 2 2 2
left_child=6 -2 3 4 5 7 -1 29 -4 30 -11 31 13 21 -8 25 -10 18 26 28 -13 23 -23 24 -9 -12 -18 -21 -20 -3 -5 -7 -6 34 35 -34 37 -24
right_child=1 2 8 9 32 11 14 12 16 10 15 20 -14 -15 -16 -17 17 -19 19 27 -22 22 36 -25 -26 -27 -28 -29 -30 -31 -32 -33 33 -35 -36 -37 -38 -39
leaf_value=0 0 0 -0.010823105621861491 0 0.14279288510110261 0 0 0.23890008739595592 -0.0091723536574501684 0.00038548151742259605 0 0 8.4727123037531278e-14 0 0 -0.0033804684263671328 0.12729669758505846 0.12729669758505846 -0.0068968792267481253 -0.0075082715269809376 -3.5302967932304702e-15 0 0 0.1370811696970585 -0.0057117154040441046 0 -0.018195524193984298 -0.0053040290660441025 0 0 0 0 -0.092667070346230715 0.25529574236527736 -0.0031397042346966598 0 0.23018776714292929 -3.5302967932304702e-15
leaf_weight=27213 9293 53 1349 220 1369 22 154 88 1340 332 252 309 1689 252 426 113 2089 7806 126 270 83 115 400 1089 119 154 196 84 918 186 341 339 76 614 71 115 171 164
leaf_count=27213 9293 53 1349 220 1369 22 154 88 1340 332 252 309 1689 252 426 113 2089 7806 126 270 83 115 400 1089 119 154 196 84 918 186 341 339 76 614 71 115 171 164
internal_value=-0.022742 -0.0120015 -0.00226866 -0.00692949 -0.00484216 -0.00740382 -0.0351883 -0.00533888 0.000603188 -0.0177564 -0.0119342 -0.0192669 -0.00418204 -0.00734279 -0.022069 -0.019815 0.0013747 0.00190756 -0.000376867 -0.00504149 -0.00997959 -0.00476048 -0.00922353 -0.00183333 -0.0126184 -0.0244729 0.00247702 -0.0146441 -0.00178544 -0.0251213 -0.0265882 -0.0293518 0.00095323 -0.0020274 -0.0149313 -0.0104503 -0.00590476 -0.00819858
internal_weight=60000 32207 22914 8736 7324 5079 27793 4326 14178 1412 851 753 4087 2398 580 519 12829 11489 3683 1398 392 2146 850 1296 207 406 2285 354 1044 239 561 361 2245 876 262 191 735 564
internal_count=60000 32207 22914 8736 7324 5079 27793 4326 14178 1412 851 753 4087 2398 580 519 12829 11489 3683 1398 392 2146 850 1296 207 406 2285 354 1044 239 561 361 2245 876 262 191 735 564
is_linear=0
shrinkage=0.04


Tree=21
num_leaves=39
num_cat=0
split_feature=135 15 101 128 124 15 12 68 14 102 14 85 120 102 14 22 122 102 14 102 14 121 102 14 85 10 68 120 12 120 10 51 102 14 14 0 70 102
split_gain=4977.07 4735.35 141.24 108.842 71.3271 101.927 63.8704 76.2047 69.5041 49.4835 46.9298 43.2701 39.6648 32.2684 46.6414 30.1683 27.203 21.5915 34.3498 19.7088 44.1331 16.9374 16.6164 23.2057 41.3311 15.6668 14.7344 13.5403 13.3739 12.9745 12.8205 11.3366 9.41776 23.3426 10.7029 23.5007 9.31408 9.02246
threshold=1.0000000180025095e-35 0.75000000000000011 1.0000000180025095e-35 -0.29012919962406153 0.030841578729450706 0.75000000000000011 0.79704815149307262 0.55424043536186229 0.47904258966445928 0.51004752516746532 0.44344586133956915 0.37165585160255438 1.0000000180025095e-35 0.59573671221733104 0.50461712479591381 0.12999680638313296 1.0000000180025095e-35 0.54791679978370678 0.49318374693393713 0.55805155634880077 0.48630662262439733 1.0000000180025095e-35 0.48479545116424566 0.41325272619724279 0.47193266451358801 0.52778527140617382 0.50650358200073253 1.0000000180025095e-35 0.71469494700431835 1.0000000180025095e-35 0.91037616133689891 0.55187168717384349 0.51004752516746532 0.42466887831687933 0.47904258966445928 0.5412975847721101 1.0000000180025095e-35 0.37131667137146002
decision_type=2 2 2 2 2 2 2 2 2 2 2 2 2 2 2 2 2 2 2 2 2 2 2 2 2 2 2 2 2 2 2 2 2 2 2 2 2 2
left_child=2 -2 -1 6 -4 -6 7 8 9 10 11 -3 -9 14 16 -15 19 -10 -19 20 28 -14 23 -13 -25 -7 -12 -17 32 -8 -16 -22 33 37 -34 -36 -20 -5
right_child=1 3 4 13 5 25 29 12 17 -11 26 22 21 15 30 27 -18 18 36 -21 31 -23 -24 24 -26 -27 -28 -29 -30 -31 -32 -33 34 -35 35 -37 -38 -39
leaf_value=0 0 0 0 0 0 0.0016605531941729368 -0.0030584170307428999 -0.0043953982716866862 0 0.00012558816938786638 0 0 -0.022170222187860661 -0.018159130883164003 -0.0055250302771292737 -0.069291170577786526 0.12220482968165612 0.13648502104543417 0 0.12220482968165612 0 0.00023020959488038642 0.18372921673614129 0 -1.7222394974706156e-05 -0.0045749778496050322 0 0.12220482968165612 1.4121187172921881e-16 8.1338038116030039e-14 -0.0050918679034023381 -0.026673117571119336 0.27076827727173713 0 0 0.19322340570243218 -0.008414447179478644 0
leaf_weight=26629 9258 124 572 70 193 358 572 1094 427 549 184 762 1068 963 215 34 1388 113 24 804 238 1622 177 147 158 61 68 5860 1585 2933 195 109 388 229 96 110 103 520
leaf_count=26629 9258 124 572 70 193 358 572 1094 427 549 184 762 1068 963 215 34 1388 113 24 804 238 1622 177 147 158 61 68 5860 1585 2933 195 109 388 229 96 110 103 520
internal_value=-0.022564 -0.0118548 -0.0349573 -0.0021058 -0.0214392 -0.0119477 -0.00520494 -0.00751662 -0.0124739 -0.00900138 -0.0125185 -0.00959649 -0.00380127 0.000344892 -0.00181133 0.00221496 -0.00084739 -0.0237661 -0.0141667 -0.00246903 -0.00382063 -0.00118959 -0.00735048 -0.00923336 -0.0185574 -0.000868735 -0.028381 0.00328741 -0.0022575 -0.000838802 -0.0148293 -0.0173256 -0.00508705 -0.00786813 -0.00125253 -0.00862136 -0.0284409 -0.00366102
internal_weight=60000 32187 27813 22929 1184 612 10125 6620 2836 2169 1620 1368 3784 12804 5947 6857 5537 667 240 4149 3345 2690 1244 1067 305 419 252 5894 2998 3505 410 347 1413 819 594 206 127 590
internal_count=60000 32187 27813 22929 1184 612 10125 6620 2836 2169 1620 1368 3784 12804 5947 6857 5537 667 240 4149 3345 2690 1244 1067 305 419 252 5894 2998 3505 410 347 1413 819 594 206 127 590
is_linear=0
shrinkage=0.04


Tree=22
num_leaves=39
num_cat=0
split_feature=135 32 118 119 14 32 119 14 68 119 102 120 14 119 14 119 118 10 119 14 22 119 14 10 12 119 12 12 68 119 39 56 14 130 90 9 62 102
split_gain=5150.98 4893.61 205.532 136.419 111.652 100.991 72.8459 82.418 70.4827 69.4513 51.0388 31.8707 20.4303 52.744 65.391 41.3753 18.8463 16.4044 15.3897 35.3634 14.4273 17.1411 29.5802 34.359 12.6254 17.6948 11.7251 10.6642 9.32558 8.90809 8.61834 8.2928 7.89671 7.8257 7.68533 7.41301 7.36379 7.49557
threshold=1.0000000180025095e-35 0.75000000000000011 1.0000000180025095e-35 0.55148217082023632 0.47904258966445928 0.75000000000000011 0.51532536745071422 0.44344586133956915 0.5478598177433015 0.3721448034048081 0.50684645771980297 1.0000000180025095e-35 0.33297631144523626 0.4717922061681748 0.41022963821887976 0.41975449025630956 1.0000000180025095e-35 0.52778527140617382 0.54231527447700512 0.48477640748023992 0.12999680638313296 0.59866267442703258 0.50461712479591381 0.86602547764778148 1.0297048687934878 0.46147063374519354 0.91245013475418102 0.89765292406082164 0.66420048475265514 0.40923309326171881 0.23454821109771731 0.37122459709644323 0.53617689013481151 0.52847242355346691 0.23549758642911914 0.22695460915565493 0.5847243368625642 0.56428781151771557
decision_type=2 2 2 2 2 2 2 2 2 2 2 2 2 2 2 2 2 2 2 2 2 2 2 2 2 2 2 2 2 2 2 2 2 2 2 2 2 2
left_child=2 -2 -1 4 6 -4 7 9 18 31 30 16 -11 14 15 27 -5 -7 -6 -20 -13 22 28 -24 -17 -26 -12 29 -22 -14 -9 -3 -25 -21 -16 -18 -10 -38
right_child=1 3 5 11 8 17 -8 10 36 12 26 20 13 -15 34 24 35 -19 19 33 21 -23 23 32 25 -27 -28 -29 -30 -31 -32 -33 -34 -35 -36 -37 37 -39
leaf_value=0 0 0 0 0.00012233668122971599 0 0.0015941310664060193 0.1321929765097887 0 0 0.0002284686161617642 -3.1123096529119829e-15 -0.015629894136239234 -5.6484748691687527e-18 7.808451659138884e-14 0 1.4121187172921881e-16 -0.0045873394649224419 -0.0043919787356208311 0.13869267428836368 0 0.11731663649438989 0.11731663649438989 -0.0046889437217198394 -0.0048039298751687658 -6.642606446142452e-15 0.27879248168488152 -6.642606446142452e-15 -0.0054832467878891244 -0.016580894338710503 0 0 0 -0.0050830278549589313 -1.5419260696903842e-05 -5.6484748691687527e-18 -0.06651952375467507 0.00017313347114738417 -0.0070294738673659495
leaf_weight=27213 9258 61 189 403 435 351 2194 22 103 1362 362 955 115 1498 24 478 1283 60 107 112 2598 7826 795 180 67 99 31 97 233 119 339 178 92 154 229 41 294 43
leaf_count=27213 9258 61 189 403 435 351 2194 22 103 1362 362 955 115 1498 24 478 1283 60 107 112 2598 7826 795 180 67 99 31 97 233 119 339 178 92 154 229 41 294 43
internal_value=-0.0223493 -0.0114547 -0.0349573 -0.00154407 -0.00555532 -0.0118 -0.00365911 -0.00628931 -0.016609 -0.0041627 -0.0184934 0.000829099 -0.00293738 -0.00493617 -0.0110814 -0.00637949 -0.00426867 -0.000671533 -0.0236238 -0.0176622 0.00152346 0.00190856 -0.000258594 -0.0059344 -0.00047205 -0.0099759 -0.00851908 -0.0178731 0.00188061 -0.0224957 -0.0293518 -0.0251213 -0.0182059 -0.0254737 -0.0292016 -0.00657402 -0.00372727 -0.000866469
internal_weight=60000 32187 27813 22929 8523 600 7275 5081 1248 4327 754 14406 4088 2726 1228 975 1727 411 808 373 12679 11724 3898 1067 644 166 393 331 2831 234 361 239 272 266 253 1324 440 337
internal_count=60000 32187 27813 22929 8523 600 7275 5081 1248 4327 754 14406 4088 2726 1228 975 1727 411 808 373 12679 11724 3898 1067 644 166 393 331 2831 234 361 239 272 266 253 1324 440 337
is_linear=0
shrinkage=0.04


Tree=23
num_leaves=39
num_cat=0
split_feature=135 15 118 15 119 119 14 119 14 51 103 121 14 10 102 118 119 14 22 10 119 14 10 119 39 119 14 70 96 14 119 124 119 14 85 130 17 14
split_gain=5315.15 5042.9 205.532 100.991 88.1206 67.6218 78.5892 101.833 54.4767 102.602 28.8197 20.2449 19.6081 16.4044 15.8102 14.6049 13.2796 40.5119 12.1167 11.9136 11.5642 23.2952 40.1207 10.4411 9.3159 8.83629 8.67032 8.64345 9.08705 8.20259 8.51207 8.11945 7.22431 9.9359 7.08735 6.87891 6.86634 6.4818
threshold=1.0000000180025095e-35 0.75000000000000011 1.0000000180025095e-35 0.75000000000000011 0.560205638408661 0.3721448034048081 0.44344586133956915 0.50662484765052807 0.47904258966445928 0.54207453131675731 1.0000000180025095e-35 1.0000000180025095e-35 0.49548439681530004 0.52778527140617382 0.54978761076927196 1.0000000180025095e-35 0.52763688564300548 0.46050065755844122 0.12999680638313296 -0.32143937051296229 0.59866267442703258 0.50461712479591381 0.86602547764778148 0.55386900901794445 0.23454821109771731 0.56429719924926769 0.48477640748023992 1.0000000180025095e-35 0.45010834932327276 0.52936649322509777 0.57622584700584423 0.31536567211151129 0.50002238154411327 0.43823994696140295 0.63214924931526195 0.46661549806594854 0.59572255611419689 0.50461712479591381
decision_type=2 2 2 2 2 2 2 2 2 2 2 2 2 2 2 2 2 2 2 2 2 2 2 2 2 2 2 2 2 2 2 2 2 2 2 2 2 2
left_child=2 -2 -1 -4 5 31 19 11 16 27 15 -8 23 -5 35 -6 17 -9 -12 -7 21 34 25 26 -13 -23 -11 -10 -29 30 -24 -3 33 -21 -20 -14 -31 -16
right_child=1 4 3 13 10 6 7 8 9 12 18 24 14 -15 37 -17 -18 -19 20 32 -22 22 29 -25 -26 -27 -28 28 -30 36 -32 -33 -34 -35 -36 -37 -38 -39
leaf_value=0 0 0 0 0.0015303658237497786 0.00011744321398052736 -0.018733390809154992 -0.0034914724661461705 1.2449238611647932e-16 -3.2535213791974553e-15 0.0003539285340845814 -0.015879801148744037 0 0 -0.0042162995861959977 -0.030298858328050154 -0.0074489878205009196 0.18131392475010585 -0.0052445328204090372 0.11262397103461429 0 0.11262397103461429 -0.011318579292039797 -0.053997334394252791 0.18072550750471444 0 0.00017834936507357812 -0.003625740756930822 0 0 -0.0046848720730678882 0.14204093827468908 -5.6484748691687527e-18 0.12690525744940068 -2.1279440630480797e-12 -0.015917658565162082 6.1677042787615367e-07 -0.15965097541884388 -0.006208765540553429
leaf_weight=27213 9258 53 189 351 418 351 86 825 31 262 963 22 59 60 203 1626 897 280 1822 3310 7538 22 55 329 320 737 414 113 267 133 53 203 1131 61 170 112 24 39
leaf_count=27213 9258 53 189 351 418 351 86 825 31 262 963 22 59 60 203 1626 897 280 1822 3310 7538 22 55 329 320 737 414 113 267 133 53 203 1131 61 170 112 24 39
internal_value=-0.02215 -0.0110831 -0.0349573 -0.0118 -0.00102246 -0.00400598 -0.00343635 -0.00740174 -0.00533438 -0.0103248 0.00103857 -0.0259065 -0.00522426 -0.000671533 -0.0125617 -0.00333855 -0.000775225 -0.00371041 0.0018154 4.36845e-05 0.00220731 0.000114059 -0.00478906 -0.00220896 -0.030269 -0.000110672 -0.00505325 -0.0279221 -0.0295789 -0.0181887 -0.0097037 -0.0242812 0.000597068 -0.000331059 0.00263454 -0.00325146 -0.0240255 -0.0191405
internal_weight=60000 32187 27813 600 22929 9368 9112 4259 3831 1829 13561 428 1418 411 413 2044 2002 1105 11517 4853 10554 3016 1024 1005 342 759 676 411 380 265 108 256 4502 3371 1992 171 157 242
internal_count=60000 32187 27813 600 22929 9368 9112 4259 3831 1829 13561 428 1418 411 413 2044 2002 1105 11517 4853 10554 3016 1024 1005 342 759 676 411 380 265 108 256 4502 3371 1992 171 157 242
is_linear=0
shrinkage=0.04


Tree=24
num_leaves=39
num_cat=0
split_feature=135 15 118 15 119 14 119 121 14 68 14 14 103 119 10 71 102 119 118 22 14 119 10 123 56 96 119 14 123 58 17 85 12 84 102 119 14 10
split_gain=5486.38 5198.51 205.532 100.991 48.9889 53.2297 102.941 35.7748 34.0332 85.0241 46.4032 40.2277 29.9022 23.6734 16.4044 15.7067 15.5898 18.9562 14.6401 12.3241 9.93305 23.7238 45.4055 9.85637 9.3159 9.20121 7.94558 7.83103 7.60374 7.58121 7.56728 7.11143 6.68119 6.04668 11.1524 5.76385 11.6555 5.25894
threshold=1.0000000180025095e-35 0.75000000000000011 1.0000000180025095e-35 0.75000000000000011 0.56429719924926769 0.44344586133956915 0.50662484765052807 1.0000000180025095e-35 0.46802867949008947 0.54215258359909069 0.47904258966445928 0.49782148003578192 1.0000000180025095e-35 0.55148217082023632 0.52778527140617382 1.0000000180025095e-35 0.52797222137451183 0.51532536745071422 1.0000000180025095e-35 0.12999680638313296 0.51995083689689647 0.59866267442703258 0.86602547764778148 1.0000000180025095e-35 0.22650838643312457 0.45010834932327276 0.48508223891258245 0.42232480645179754 1.0000000180025095e-35 0.036826821044087417 0.59572255611419689 0.48024778068065649 0.83773252367973339 1.0000000180025095e-35 0.7080698311328889 0.52266719937324535 0.45142881572246557 0.93540483713150036
decision_type=2 2 2 2 2 2 2 2 2 2 2 2 2 2 2 2 2 2 2 2 2 2 2 2 2 2 2 2 2 2 2 2 2 2 2 2 2 2
left_child=2 -2 33 -4 5 23 7 -7 35 10 16 -11 18 -13 -5 25 17 -10 -6 -14 28 22 -22 26 -9 37 27 -3 -21 -29 -24 -31 -25 -1 -35 36 -8 -12
right_child=1 4 3 14 12 6 8 24 9 11 15 13 19 -15 -16 -17 -18 -19 -20 20 21 -23 30 32 -26 -27 -28 29 -30 31 -32 -33 -34 34 -36 -37 -38 -39
leaf_value=0 0 2.2593899476675012e-19 0 0.0014691511907997876 0.00011274548542130627 -0.0051163210026954802 0.18046733610207064 0 0.00020978131281648032 0.00014502963027723288 0 0 -0.015463385192560018 -0.083226260238291994 -0.0040476476027481575 -8.61278580274672e-11 0.23253861309349497 -0.0095633624397113131 -0.0071510283076808836 0.1081190121932297 0.00017121539047063497 0.1081190121932297 -0.0044974771901451719 -0.027948736448553304 0 0 0.12182904715142115 -6.518114060025973e-15 -0.011769060965200058 2.2593899476675012e-19 -0.15326493640209013 -1.653349917884129e-05 -6.3769021882967542e-15 0 0 0.17321477911206642 -0.0046997655929741583 0
leaf_weight=26061 9258 2786 189 351 418 103 308 22 43 1407 58 161 961 224 60 36 147 67 1624 6721 662 1535 200 301 320 277 1557 61 1023 117 32 51 273 49 1103 968 409 57
leaf_count=26061 9258 2786 189 351 418 103 308 22 43 1407 58 161 961 224 60 36 147 67 1624 6721 662 1535 200 301 320 277 1557 61 1023 117 32 51 273 49 1103 968 409 57
internal_value=-0.0219453 -0.0107016 -0.0349573 -0.0118 -0.000486894 -0.00263591 -0.00575906 -0.0240449 -0.00380394 -0.00678724 -0.0187737 -0.00220536 0.00110383 -0.0136623 -0.000671533 -0.0268411 -0.00533852 -0.0167273 -0.00334574 0.00191989 0.00232891 9.71595e-05 -0.00508277 0.000160125 -0.030269 -0.0291633 0.000780403 -0.00041791 0.00302893 -0.00752838 -0.0203103 -0.00314286 -0.00478049 -0.0354679 -0.0326319 0.000581603 -0.00213668 -0.0196522
internal_weight=60000 32187 27813 600 22929 9753 4607 445 4162 2477 685 1792 13176 385 411 428 257 110 2042 11134 10173 2429 894 5146 342 392 4572 3015 7744 229 232 168 574 27213 1152 1685 717 115
internal_count=60000 32187 27813 600 22929 9753 4607 445 4162 2477 685 1792 13176 385 411 428 257 110 2042 11134 10173 2429 894 5146 342 392 4572 3015 7744 229 232 168 574 27213 1152 1685 717 115
is_linear=0
shrinkage=0.04


Tree=25
num_leaves=39
num_cat=0
split_feature=135 15 101 124 15 119 14 104 120 14 119 121 101 27 51 14 119 27 14 22 128 39 113 119 14 119 68 119 123 119 123 102 79 119 14 17 14 27
split_gain=5508.89 5218.96 141.24 71.3271 101.927 53.0405 131.855 31.7164 31.5627 21.7331 143.361 18.4755 16.3852 15.6668 13.3742 11.5196 20.0981 34.5996 18.6438 11.7262 10.1755 9.3159 8.53653 8.26125 26.6228 20.978 7.75888 7.63754 7.54753 7.33086 7.23512 7.17441 6.82242 6.78004 27.455 6.63788 6.33333 5.74029
threshold=1.0000000180025095e-35 0.75000000000000011 1.0000000180025095e-35 0.030841578729450706 0.75000000000000011 0.54231527447700512 0.47904258966445928 1.0000000180025095e-35 1.0000000180025095e-35 0.44344586133956915 0.50662484765052807 1.0000000180025095e-35 1.0000000180025095e-35 0.47114434838294988 0.54207453131675731 0.49548439681530004 0.59866267442703258 0.88144913315773021 0.52936649322509777 0.12999680638313296 -0.77259662747383107 0.23454821109771731 0.51417887210845958 0.52763688564300548 0.46458241343498236 0.51773032546043407 0.65515419840812694 0.5735374689102174 1.0000000180025095e-35 0.56429719924926769 1.0000000180025095e-35 0.56034687161445629 0.72396156191825878 0.50002238154411327 0.43158185482025152 0.59572255611419689 0.50125351548194896 0.93540483713150036
decision_type=2 2 2 2 2 2 2 2 2 2 2 2 2 2 2 2 2 2 2 2 2 2 2 2 2 2 2 2 2 2 2 2 2 2 2 2 2 2
left_child=2 -2 -1 26 -5 6 9 -8 12 30 11 -11 32 -6 22 19 17 29 27 -10 -21 -13 37 24 -12 -26 -4 -19 -18 31 33 -17 -7 34 -3 -20 -33 -9
right_child=1 5 3 4 13 8 7 14 15 10 23 21 -14 -15 -16 16 28 18 35 20 -22 -23 -24 -25 25 -27 -28 -29 -30 -31 -32 36 -34 -35 -36 -37 -38 -39
leaf_value=0 0 2.1690143497608012e-19 0 0 0.0014103851431677961 -0.0037751865496610643 -0.0017165464584808986 0 -0.013750970917137503 -0.0062553705693647581 0.0001829670969435712 0 -0.0094471296504384447 -0.0038857416986382317 -0.001996595134355537 -0.003055783715059217 0.1037942517055005 -0.06463523762414923 -0.0043175781025393649 -0.0010296767542153076 0.1037942517055005 0 0 0.17795635785348421 -0.00016565494054078121 -0.013235030489562243 0 0.12334995237897428 -0.067864906709344044 0.00038146159959698652 -0.016265419675244547 0.15338427203741684 0.00016171491564220548 0.11695588526536782 -0.0048731618880996728 -0.14713433894600653 -0.02532649276607405 0
leaf_weight=26629 9258 3448 24 193 358 337 94 66 757 41 920 22 961 61 64 301 2107 184 126 1725 7052 320 248 626 77 108 548 120 174 1085 483 27 429 775 112 23 49 68
leaf_count=26629 9258 3448 24 193 358 337 94 66 757 41 920 22 961 61 64 301 2107 184 126 1725 7052 320 248 626 77 108 548 120 174 1085 483 27 429 775 112 23 49 68
internal_value=-0.0219187 -0.0106519 -0.0349573 -0.0214392 -0.0119477 -0.000417114 -0.00318415 -0.0222222 0.000920489 -0.0017011 -0.00508231 -0.0272272 -0.00417603 -0.000868735 -0.0266726 0.00156154 -0.000184938 -0.00320627 -0.0128653 0.00233019 0.00274217 -0.030269 -0.0295079 -0.000182553 -0.00226244 -0.0161081 -0.0315944 -0.00718421 0.0023516 -0.000213406 -0.000217517 -0.00501857 0.00018799 0.000299885 -0.000438202 -0.0244564 -0.016 -0.0213731
internal_weight=60000 32187 27813 1184 612 22929 7472 540 15457 6932 2114 383 1727 419 446 13730 4196 1915 453 9534 8777 342 382 1731 1105 185 572 304 2281 1462 4818 377 766 4335 3560 149 76 134
internal_count=60000 32187 27813 1184 612 22929 7472 540 15457 6932 2114 383 1727 419 446 13730 4196 1915 453 9534 8777 342 382 1731 1105 185 572 304 2281 1462 4818 377 766 4335 3560 149 76 134
is_linear=0
shrinkage=0.04


Tree=26
num_leaves=39
num_cat=0
split_feature=118 15 119 14 51 120 111 15 70 8 14 119 14 121 22 12 119 14 10 68 56 51 119 12 96 119 85 27 14 12 17 101 68 10 119 14 119 14
split_gain=5392.9 5173.32 52.673 75.4038 85.1336 48.7951 31.3446 42.2849 23.3853 21.5686 20.0307 92.4042 65.8969 17.8864 15.242 11.9073 11.3993 20.5691 40.8933 9.79341 9.3159 8.95486 8.93325 12.3885 8.92258 7.52954 8.71311 7.40425 7.14216 6.94758 6.86634 6.79257 8.29514 6.6034 7.00567 12.401 6.55604 29.1923
threshold=1.0000000180025095e-35 0.75000000000000011 0.55386900901794445 0.47904258966445928 0.54207453131675731 1.0000000180025095e-35 -0.63405361771583546 0.75000000000000011 1.0000000180025095e-35 0.28745912015438085 0.42345251142978674 0.50662484765052807 0.44344586133956915 1.0000000180025095e-35 0.12999680638313296 0.74055260419845592 0.59866267442703258 0.52936649322509777 0.86602547764778148 0.66420048475265514 0.22650838643312457 0.54421955347061168 0.50002238154411327 0.83773252367973339 0.45010834932327276 0.48508223891258245 0.48024778068065649 1.0000000180025095e-35 0.488080844283104 0.78930434584617626 0.59572255611419689 1.0000000180025095e-35 0.65515419840812694 -0.47114431858062739 0.41975449025630956 0.36030563712120062 0.52763688564300548 0.46458241343498236
decision_type=2 2 2 2 2 2 2 2 2 2 2 2 2 2 2 2 2 2 2 2 2 2 2 2 2 2 2 2 2 2 2 2 2 2 2 2 2 2
left_child=6 -2 3 10 8 -4 7 -1 -5 -9 33 12 22 -14 -7 -6 17 19 -19 -16 -15 -17 23 25 -10 26 -12 -18 -23 -30 -20 -8 -33 -3 35 -35 37 -13
right_child=1 2 5 4 15 14 31 9 24 -11 11 36 13 20 16 21 27 18 30 -21 -22 28 -24 -25 -26 -27 -28 -29 29 -31 -32 32 -34 34 -36 -37 -38 -39
leaf_value=0 0 -0.019609874320753017 -0.0090692444644209069 5.9369475308157508e-12 -0.0036828890748206258 -0.0070026690478938907 0 0 0 0 -6.251749698813165e-15 0.0001806719398410318 -0.0060571084956384177 0 0.097038650960527023 -0.024778974831271589 0.11496092168063644 -0.0050184155327953322 -0.0041448749784377906 -0.014769002713778984 0 0.00045214833467283565 0.16175244047204493 -0.0046782354125756856 0 0.1715068861806357 -1.5872159211687647e-05 0.099642481637280483 -0.0083686291957503264 -0.0040125416231538763 -0.14124896538816625 0 0 -1.771361718971321e-20 2.0822537757703692e-19 -4.748531944172389e-15 0.15916793363344436 -0.0066816452104001859
leaf_weight=2818 9293 209 1349 41 543 1340 20985 2761 112 645 99 1170 40 22 2845 57 1271 447 133 234 320 107 137 114 266 114 43 6535 93 193 24 25 559 1393 2501 44 933 185
leaf_count=2818 9293 209 1349 41 543 1340 20985 2761 112 645 99 1170 40 22 2845 57 1271 447 133 234 320 107 137 114 266 114 43 6535 93 193 24 25 559 1393 2501 44 933 185
internal_value=-0.0219667 -0.0108266 -0.000617264 -0.00306044 -0.0115241 0.000888137 -0.034876 -0.0323753 -0.0266444 -0.0293764 -0.00142873 -0.0038187 -0.0147627 -0.0273089 0.00164908 -0.00514401 0.00211994 0.000285637 -0.00646358 0.00160961 -0.030269 -0.00995556 -0.00530966 -0.00854054 -0.0297566 -0.00365625 -0.00980282 0.0029854 -0.00780662 -0.0111049 -0.0240255 -0.0355976 -0.0313425 0.000402219 0.000769934 -0.00145581 0.000433567 -0.00134317
internal_weight=60000 32207 22914 8736 1412 14178 27793 6224 419 3406 7324 3177 889 382 12829 993 11489 3683 604 3079 342 450 507 370 378 256 142 7806 393 286 157 21569 584 4147 3938 1437 2288 1355
internal_count=60000 32207 22914 8736 1412 14178 27793 6224 419 3406 7324 3177 889 382 12829 993 11489 3683 604 3079 342 450 507 370 378 256 142 7806 393 286 157 21569 584 4147 3938 1437 2288 1355
is_linear=0
shrinkage=0.04


Tree=27
num_leaves=39
num_cat=0
split_feature=135 32 118 32 60 14 68 12 87 14 130 102 14 22 12 10 85 51 14 102 14 102 102 14 17 10 14 39 120 39 84 102 127 102 118 14 14 85
split_gain=5405.64 5125.73 206.691 101.548 51.0708 27.1433 51.5796 33.3117 19.1679 20.5788 18.1607 17.4558 52.2358 18.5116 16.4249 15.4522 15.2536 13.9891 80.6554 21.7903 13.0946 38.3807 12.393 19.5365 32.0721 11.9039 7.58349 7.57188 7.44784 6.82049 6.04668 11.1524 5.85224 5.79351 9.35583 6.86951 10.8072 20.5702
threshold=1.0000000180025095e-35 0.75000000000000011 1.0000000180025095e-35 0.75000000000000011 -0.52778503298759449 0.42466887831687933 0.50650358200073253 0.53801974654197704 1.0000000180025095e-35 0.44344586133956915 0.076735634356737151 0.59573671221733104 0.51995083689689647 0.12999680638313296 0.79704815149307262 0.52778527140617382 0.50011277198791515 0.54421955347061168 0.47904258966445928 0.54245403409004223 0.44344586133956915 0.50684645771980297 0.56428781151771557 0.47904258966445928 0.54399833083152782 0.86602547764778148 0.48630662262439733 0.21582344919443133 1.0000000180025095e-35 0.23454821109771731 1.0000000180025095e-35 0.7080698311328889 -0.66300246119499195 0.61664462089538585 1.0000000180025095e-35 0.52936649322509777 0.51995083689689647 0.58078435063362133
decision_type=2 2 2 2 2 2 2 2 2 2 2 2 2 2 2 2 2 2 2 2 2 2 2 2 2 2 2 2 2 2 2 2 2 2 2 2 2 2
left_child=2 -2 30 -4 5 -3 7 -7 -9 16 28 12 20 -13 17 -5 -10 18 -8 -20 -12 29 23 -23 27 -14 -26 -25 -6 -22 -1 -32 -21 35 -35 36 -19 -38
right_child=1 4 3 15 10 6 14 8 9 -11 11 13 25 -15 -16 -17 -18 33 19 32 21 22 -24 24 26 -27 -28 -29 -30 -31 31 -33 -34 34 -36 -37 37 -39
leaf_value=0 0 -1.7005072502124682e-20 0 0.0016340764993568399 -0.014701257811144418 2.5027821333010366e-16 -0.0037781715793758848 -0.0020473485467776657 -0.004491105996072658 0 1.8992356414970585e-16 -0.013873762777655117 -0.004944975750069143 0.095656782371789262 -0.0011978098714851598 -0.0034502052687769469 0.25924390637574529 -0.0037907225041304018 0 -0.15231266468102003 0 0.00038322637506081478 0.095760935598859412 0 0.10007989490137749 -0.0039790799793002788 -0.0077303064479168652 -0.0030207658594751364 0.095656782371789262 0 0 0 0.00027013901120595481 0.00015524631901651727 -0.014178242605227825 0.00058005452706012979 -0.0037324377275531509 0.0011361667678550234
leaf_weight=26061 9258 3516 189 351 140 119 544 59 58 185 2201 926 112 3765 1911 60 45 1469 220 25 25 830 538 28 188 191 407 181 3439 116 49 1103 48 134 1025 383 48 53
leaf_count=26061 9258 3516 189 351 140 119 544 59 58 185 2201 926 112 3765 1911 60 45 1469 220 25 25 830 538 28 188 191 407 181 3439 116 49 1103 48 134 1025 383 48 53
internal_value=-0.02204 -0.0108793 -0.0349559 -0.0117333 -0.00073636 -0.00291323 -0.00447929 -0.0172876 -0.0235504 -0.0278056 0.000900741 -1.34622e-05 -0.0017048 0.0017233 -0.00346075 -0.000574209 -0.0134757 -0.00493391 -0.00952449 -0.0264437 -0.000625609 -0.00272719 -0.00141436 -0.0031481 -0.00759204 -0.0177822 -0.00285714 -0.0210718 0.00332942 -0.0229504 -0.0354679 -0.0326319 -0.00750685 -0.00369923 -0.0059396 -0.00236969 -0.0035414 -0.016198
internal_weight=60000 32187 27813 600 22929 9842 6326 466 347 288 13087 9508 4817 4691 5860 411 103 3949 837 293 4514 2313 2172 1634 804 303 595 209 3579 141 27213 1152 73 3112 1159 1953 1570 101
internal_count=60000 32187 27813 600 22929 9842 6326 466 347 288 13087 9508 4817 4691 5860 411 103 3949 837 293 4514 2313 2172 1634 804 303 595 209 3579 141 27213 1152 73 3112 1159 1953 1570 101
is_linear=0
shrinkage=0.04


Tree=28
num_leaves=39
num_cat=0
split_feature=135 15 118 15 128 31 68 12 87 31 119 31 22 10 12 85 119 122 68 31 70 10 102 31 8 12 119 102 12 101 68 31 119 56 39 119 31 31
split_gain=5435.25 5152.65 206.691 101.548 52.0055 23.5371 51.5079 31.9224 20.295 23.3061 18.8575 57.4772 23.7186 15.4522 15.2804 14.6074 11.694 9.99177 9.7416 85.6488 19.3965 9.42276 8.86413 40.4117 6.66037 6.36918 9.64445 9.25765 7.32009 6.34825 8.29514 6.15126 12.4413 5.88643 5.5654 5.23326 9.88571 5.18757
threshold=1.0000000180025095e-35 0.75000000000000011 1.0000000180025095e-35 0.75000000000000011 -0.19509035348892209 0.42466887831687933 0.50650358200073253 0.53801974654197704 1.0000000180025095e-35 0.44344586133956915 0.59593412280082714 0.51995083689689647 0.12999680638313296 0.52778527140617382 0.79704815149307262 0.50011277198791515 0.3721448034048081 1.0000000180025095e-35 0.54215258359909069 0.47904258966445928 1.0000000180025095e-35 0.86602547764778148 0.50684645771980297 0.44344586133956915 0.10799209401011468 0.71668395400047313 0.52763688564300548 0.51555371284484874 0.75127094984054577 1.0000000180025095e-35 0.65515419840812694 0.48630662262439733 0.56429719924926769 0.590694159269333 0.23454821109771731 0.56429719924926769 0.49318374693393713 0.41325272619724279
decision_type=2 2 2 2 2 2 2 2 2 2 2 2 2 2 2 2 2 2 2 2 2 2 2 2 2 2 2 2 2 2 2 2 2 2 2 2 2 2
left_child=2 -2 29 -4 5 -3 7 -7 -9 15 11 16 -12 -5 18 -10 -6 22 19 25 -21 -13 23 37 -22 -8 27 -27 -29 -1 -31 -24 -33 35 -25 36 -20 -18
right_child=1 4 3 13 10 6 14 8 9 -11 12 21 -14 -15 -16 -17 17 -19 33 20 24 -23 31 34 -26 26 -28 28 -30 30 -32 32 -34 -35 -36 -37 -38 -39
leaf_value=0 0 -1.6324869602039694e-20 0 0.0015687134393825664 -7.6139476384903589e-18 2.4026708479689947e-16 0.0012116937888228163 -0.0032567225465249079 -0.0043114617562297515 0 -0.014168746319028251 -0.0047471767200663777 0.09183051107691767 -0.0033121970580258691 -0.0013548765363779953 0.24887415012071548 1.8232662158371761e-16 0.09193466430398782 -0.003699794287634629 9.6664515752417846e-05 0 -0.0038199167801282676 0.00045995301133902719 0 0 0.0042669285153278651 0.14845222886071466 -0.0036270447162008489 -0.093928558194125919 0 0 -0.0066682086554844594 0.091930498174905048 -0.0083450436893863396 0 -0.00049304433288230374 -0.0067765223028145982 -6.0092766534266275e-15
leaf_weight=26629 9258 3770 189 351 67 122 402 60 65 190 975 82 6164 60 2058 49 854 1042 522 29 30 203 1678 22 190 37 100 33 60 25 559 452 351 1323 116 1177 349 357
leaf_count=26629 9258 3770 189 351 67 122 402 60 65 190 975 82 6164 60 2058 49 854 1042 522 29 30 203 1678 22 190 37 100 33 60 25 559 452 351 1323 116 1177 349 357
internal_value=-0.0220047 -0.0108134 -0.0349559 -0.0117333 -0.000643901 -0.00270452 -0.00411065 -0.0166584 -0.0225934 -0.0267895 0.0011172 -0.000709035 0.00245357 -0.000574209 -0.00314422 -0.0124912 0.000298846 0.000527094 -0.00451364 -0.0082588 -0.0281285 -0.0181754 -0.000417754 -0.00302743 -0.0321818 -0.00043038 -0.00573913 -0.0129231 -0.0196559 -0.0354679 -0.0313425 0.00100121 -0.00187796 -0.00353486 -0.0235362 -0.00219141 -0.00454191 -0.000690338
internal_weight=60000 32187 27813 600 22929 10566 6796 486 364 304 12363 5224 7139 411 6310 114 4939 4872 4252 881 249 285 3830 1349 220 632 230 130 93 27213 584 2481 803 3371 138 2048 871 1211
internal_count=60000 32187 27813 600 22929 10566 6796 486 364 304 12363 5224 7139 411 6310 114 4939 4872 4252 881 249 285 3830 1349 220 632 230 130 93 27213 584 2481 803 3371 138 2048 871 1211
is_linear=0
shrinkage=0.04


Tree=29
num_leaves=39
num_cat=0
split_feature=135 15 118 15 128 14 68 12 87 14 119 14 56 10 12 102 119 51 14 102 10 122 119 14 102 14 102 60 101 68 12 119 102 12 56 39 14 68
split_gain=5462.71 5177.59 206.691 101.548 56.2108 23.4669 51.5563 31.9224 20.295 23.3061 16.7508 59.2034 20.001 15.4522 15.4222 12.8441 12.0853 11.5472 85.5694 19.6284 9.42276 8.45008 7.00927 10.6859 8.27244 21.9832 24.5678 6.53945 6.34825 8.29514 5.80521 8.7532 8.07838 7.82407 5.8008 5.5654 4.68572 9.88237
threshold=1.0000000180025095e-35 0.75000000000000011 1.0000000180025095e-35 0.75000000000000011 -0.19509035348892209 0.42466887831687933 0.50650358200073253 0.53801974654197704 1.0000000180025095e-35 0.44344586133956915 0.59593412280082714 0.51995083689689647 0.11343243718147279 0.52778527140617382 0.79704815149307262 0.50004643201828014 0.3721448034048081 0.54207453131675731 0.47904258966445928 0.54245403409004223 0.86602547764778148 1.0000000180025095e-35 0.56429719924926769 0.488080844283104 0.52068921923637401 0.44344586133956915 0.50684645771980297 -0.55557009577751149 1.0000000180025095e-35 0.65515419840812694 0.71668395400047313 0.52763688564300548 0.51555371284484874 0.75127094984054577 0.590694159269333 0.23454821109771731 0.52936649322509777 0.57622584700584423
decision_type=2 2 2 2 2 2 2 2 2 2 2 2 2 2 2 2 2 2 2 2 2 2 2 2 2 2 2 2 2 2 2 2 2 2 2 2 2 2
left_child=2 -2 28 -4 5 -3 7 -7 -9 15 11 16 -12 -5 17 -10 -6 18 30 27 -13 22 23 24 25 -18 35 -20 -1 -30 -8 32 -32 -34 -19 -27 37 -22
right_child=1 4 3 13 10 6 14 8 9 -11 12 20 -14 -15 -16 -17 21 34 19 -21 36 -23 -24 -25 -26 26 -28 -29 29 -31 31 -33 33 -35 -36 -37 -38 -39
leaf_value=0 0 -1.5671874817958104e-20 0 0.0015059649018072639 -7.3093897329507442e-18 2.3065640140502349e-16 0.0041322085781872568 -0.0031264536446639112 -0.0041390032859805618 0 -0.01321043521372239 -0.0045572896512637226 0.088157290633840979 -0.0031797091757048345 -0.0013006814749228755 0.23891918411588683 1.7503367282218177e-16 -0.0033463236203905562 0 0.00057459076977701029 -0.010677904821489156 0.088257277731828301 0.088257444376991609 -0.0082406575947545947 0.00085620745856507534 0 -0.003698354475922136 0 0 0 0.0040556370483346626 0.14251413970628607 -0.0034819629275528153 -0.090171415866360877 -0.008011241941810885 0 -0.0036671201089231364 0.23929933244136237
leaf_weight=26629 9258 3770 189 351 67 122 368 60 63 190 1137 82 6002 60 2058 51 1351 2078 197 29 33 1042 610 404 1068 22 259 24 25 559 34 95 32 57 1338 116 135 35
leaf_count=26629 9258 3770 189 351 67 122 368 60 63 190 1137 82 6002 60 2058 51 1351 2078 197 29 33 1042 610 404 1068 22 259 24 25 559 34 95 32 57 1338 116 135 35
internal_value=-0.021972 -0.0107525 -0.0349559 -0.0117333 -0.000558419 -0.00270074 -0.00410477 -0.0166584 -0.0225934 -0.0267895 0.00127251 -0.000448698 0.00253201 -0.000574209 -0.00313788 -0.0124912 0.000574205 -0.00451364 -0.00872727 -0.02832 -0.0181754 0.00080624 -6.2663e-05 -0.000807453 6.53411e-05 -0.00162929 -0.00990428 -0.0323801 -0.0354679 -0.0313425 -0.000368601 -0.00554128 -0.0125854 -0.0189213 -0.00348244 -0.0235362 -0.022798 -0.0142353
internal_weight=60000 32187 27813 600 22929 10566 6796 486 364 304 12363 5224 7139 411 6310 114 4939 4252 836 250 285 4872 3830 3220 2816 1748 397 221 27213 584 586 218 123 89 3416 138 203 68
internal_count=60000 32187 27813 600 22929 10566 6796 486 364 304 12363 5224 7139 411 6310 114 4939 4252 836 250 285 4872 3830 3220 2816 1748 397 221 27213 584 586 218 123 89 3416 138 203 68
is_linear=0
shrinkage=0.04


Tree=30
num_leaves=39
num_cat=0
split_feature=135 15 118 15 94 14 85 12 87 14 119 14 56 10 85 12 119 14 17 14 119 102 10 122 119 14 102 14 102 60 120 14 119 17 101 102 39 102
split_gain=5492.48 5204.64 206.691 101.548 50.5109 20.0099 49.5193 31.5305 23.1814 21.2178 16.3403 59.2546 19.4117 15.4522 14.8743 13.1982 12.2271 27.3989 46.6957 14.3798 12.0969 11.0901 9.42276 8.40669 6.97208 10.3839 8.27244 21.9832 24.5678 6.5987 6.56289 6.52493 7.36007 6.41269 6.34825 7.70748 5.5654 5.3929
threshold=1.0000000180025095e-35 0.75000000000000011 1.0000000180025095e-35 0.75000000000000011 -0.35206140577793116 0.42466887831687933 0.50678190588951122 0.53801974654197704 1.0000000180025095e-35 0.44344586133956915 0.59593412280082714 0.51995083689689647 0.11343243718147279 0.52778527140617382 0.50011277198791515 0.79704815149307262 0.560205638408661 0.46802867949008947 0.54184892773628246 0.47904258966445928 0.3721448034048081 0.54245403409004223 0.86602547764778148 1.0000000180025095e-35 0.56429719924926769 0.488080844283104 0.52068921923637401 0.44344586133956915 0.50684645771980297 -0.55557009577751149 1.0000000180025095e-35 0.488080844283104 0.54607123136520397 0.71085366606712352 1.0000000180025095e-35 0.71251049637794506 0.23454821109771731 0.54791679978370678
decision_type=2 2 2 2 2 2 2 2 2 2 2 2 2 2 2 2 2 2 2 2 2 2 2 2 2 2 2 2 2 2 2 2 2 2 2 2 2 2
left_child=2 -2 34 -4 5 -3 7 -7 -9 14 11 20 -12 -5 -10 16 17 37 19 -19 -6 29 -13 24 25 26 27 -22 36 -21 -14 32 -20 -18 -1 -36 -29 -8
right_child=1 4 3 13 10 6 15 8 9 -11 12 22 30 -15 -16 -17 33 18 31 21 23 -23 -24 -25 -26 -27 -28 28 -30 -31 -32 -33 -34 -35 35 -37 -38 -39
leaf_value=0 0 -1.5044999825239781e-20 0 0.0014457263057349732 -7.0170141436327135e-18 2.2143014534882256e-16 0.00011081583074233425 -0.0041538850065539982 -0.003973443154541339 0 -0.012682017805173494 -0.004374998065213174 -0.027752797816673624 -0.0030525208086766417 0.22936241675125138 -0.0010436751561737187 0.00071042706410863899 -0.0033426844104507028 -0.0034450130039451847 0 1.6803232590929452e-16 -0.0017879137122349326 -0.0035204353045662114 0.084726986622555178 0.08472714660191194 -0.0079110312909644112 0.00082195916022247226 0 -0.0035504202968852506 0 0.08463099900848732 -0.0034179495713136214 0.12692875794217529 -0.0078066968928848816 0 0 0 -0.051689581449923881
leaf_weight=26629 9258 3755 189 351 67 134 629 74 66 195 1137 82 62 60 49 2032 920 82 172 171 1351 21 203 1042 610 404 1068 22 259 24 5993 490 214 1410 35 549 116 75
leaf_count=26629 9258 3755 189 351 67 134 629 74 66 195 1137 82 62 60 49 2032 920 82 172 171 1351 21 203 1042 610 404 1068 22 259 24 5993 490 214 1410 35 549 116 75
internal_value=-0.0219367 -0.0106867 -0.0349559 -0.0117333 -0.00046596 -0.00250623 -0.00380704 -0.0156911 -0.0215208 -0.0263226 0.0012616 -0.000441041 0.00249833 -0.000574209 -0.0126957 -0.00282051 -0.00409886 -0.00650053 -0.0102419 -0.0239195 0.000582304 -0.0293333 -0.0181754 0.00081445 -5.22192e-05 -0.000795031 6.53411e-05 -0.00162929 -0.00990428 -0.0323077 0.00339884 -0.00558904 -0.00169948 -0.00216309 -0.0354679 -0.0313425 -0.0235362 -0.000261363
internal_weight=60000 32187 27813 600 22929 10513 6758 518 384 310 12416 5224 7192 411 115 6240 4208 1878 1174 298 4939 216 285 4872 3830 3220 2816 1748 397 195 6055 876 386 2330 27213 584 138 704
internal_count=60000 32187 27813 600 22929 10513 6758 518 384 310 12416 5224 7192 411 115 6240 4208 1878 1174 298 4939 216 285 4872 3830 3220 2816 1748 397 195 6055 876 386 2330 27213 584 138 704
is_linear=0
shrinkage=0.04


Tree=31
num_leaves=39
num_cat=0
split_feature=135 15 101 73 15 128 14 68 12 87 14 119 14 56 10 85 119 17 14 102 14 26 10 14 34 68 17 122 119 14 102 14 102 28 56 12 14 14
split_gain=5517.82 5227.67 141.917 71.7504 101.689 46.7455 17.2716 56.2513 31.9224 20.295 23.3061 16.6418 59.3058 19.7585 15.1306 14.6074 12.1085 10.0332 40.11 36.9882 21.8232 11.2255 9.42276 9.2585 8.61852 8.5627 10.6902 8.36341 6.93499 10.0862 8.27244 21.9832 24.5678 6.39883 5.5654 4.89752 4.89458 4.68572
threshold=1.0000000180025095e-35 0.75000000000000011 1.0000000180025095e-35 0.062477946281433112 0.75000000000000011 -0.19509035348892209 0.42466887831687933 0.50650358200073253 0.53801974654197704 1.0000000180025095e-35 0.44344586133956915 0.59593412280082714 0.51995083689689647 0.11343243718147279 0.52778527140617382 0.50011277198791515 0.3721448034048081 0.5602087974548341 0.46802867949008947 0.54245403409004223 0.47904258966445928 -0.63405361771583546 0.86602547764778148 0.48630662262439733 0.61718398332595836 0.5278851091861726 0.51533141732215892 1.0000000180025095e-35 0.56429719924926769 0.488080844283104 0.52068921923637401 0.44344586133956915 0.50684645771980297 0.36016522347927099 0.22650838643312457 0.79597324132919323 0.50461712479591381 0.52936649322509777
decision_type=2 2 2 2 2 2 2 2 2 2 2 2 2 2 2 2 2 2 2 2 2 2 2 2 2 2 2 2 2 2 2 2 2 2 2 2 2 2
left_child=2 -2 -1 24 -5 6 -3 8 -8 -10 15 12 16 -13 -6 -11 -7 18 -9 20 25 35 -14 -21 -4 26 -20 28 29 30 31 -18 34 -19 -33 -22 -25 -24
right_child=1 5 3 4 14 11 7 17 9 10 -12 13 22 -15 -16 -17 27 33 19 23 21 -23 37 36 -26 -27 -28 -29 -30 -31 -32 32 -34 -35 -36 -37 -38 -39
leaf_value=0 0 -1.444319983223019e-20 0 0 0.0013878972535055743 -6.7363335778874049e-18 2.1257293953486967e-16 0.00057910809661595672 -0.0029058038388314568 -0.0038145054283596851 0 -0.012174737092966554 -0.0041999981426046468 0.081245759048147834 -0.0029304199763295759 0.22018792008120133 1.6131103287292272e-16 -0.0079456102385475173 0.0042833180877054605 0.12185720087859632 0 0.00010526765457251828 -0.010109971216446943 -0.0035685888654039938 0 0.19839827640719104 -0.0035772663310452341 0.081337907157652975 0.081338060737835463 -0.0075945900393258351 0.00078908079381357341 0 -0.0034084034850098404 -0.0026151760180480616 0 0 0.00068200998154429346 -0.003379617892383563
leaf_weight=26629 9258 3770 27 189 351 67 122 732 60 65 190 1137 82 6002 61 49 1351 768 22 200 180 20 68 357 556 63 39 1042 610 404 1068 22 259 3855 116 21 53 135
leaf_count=26629 9258 3770 27 189 351 67 122 732 60 65 190 1137 82 6002 61 49 1351 768 22 200 180 20 68 357 556 63 39 1042 610 404 1068 22 259 3855 116 21 53 135
internal_value=-0.0219067 -0.0106308 -0.0349559 -0.0214054 -0.0117072 -0.000387457 -0.00234109 -0.00354561 -0.0166584 -0.0225934 -0.0267895 0.00128221 -0.000433384 0.00253761 -0.000563107 -0.0124912 0.000590403 -0.00253566 -0.00517605 -0.0105759 -0.0210435 -0.0285792 -0.0181754 -0.00465574 -0.0314031 -0.0076129 -0.0182951 0.00082266 -4.17753e-05 -0.000782609 6.53411e-05 -0.00162929 -0.00990428 -0.00157214 -0.0235362 -0.0314229 -0.00809756 -0.022798
internal_weight=60000 32187 27813 1184 601 22929 10566 6796 486 364 304 12363 5224 7139 412 114 4939 6310 1687 955 345 221 285 610 583 124 61 4872 3830 3220 2816 1748 397 4623 138 201 410 203
internal_count=60000 32187 27813 1184 601 22929 10566 6796 486 364 304 12363 5224 7139 412 114 4939 6310 1687 955 345 221 285 610 583 124 61 4872 3830 3220 2816 1748 397 4623 138 201 410 203
is_linear=0
shrinkage=0.04


Tree=32
num_leaves=39
num_cat=0
split_feature=135 15 118 15 128 14 68 87 14 119 14 56 10 85 119 17 14 119 14 9 10 14 122 68 17 119 14 119 14 119 28 101 34 56 12 14 68 128
split_gain=5535.31 5243.55 206.691 101.548 45.8952 16.4588 81.3296 26.9688 23.3061 16.3564 59.6646 18.5683 15.4522 14.6074 12.1899 10.8448 39.5719 35.2212 22.8275 9.76201 9.42276 9.1404 8.0636 7.45303 12.4703 6.67812 9.7107 7.91747 13.9038 32.9272 6.55323 6.34825 8.57052 5.04493 4.85936 4.68572 9.88237 4.67508
threshold=1.0000000180025095e-35 0.75000000000000011 1.0000000180025095e-35 0.75000000000000011 -0.19509035348892209 0.43158185482025152 0.50650358200073253 1.0000000180025095e-35 0.44344586133956915 0.59593412280082714 0.51995083689689647 0.11343243718147279 0.52778527140617382 0.50011277198791515 0.3721448034048081 0.5602087974548341 0.46802867949008947 0.54231527447700512 0.47904258966445928 -0.68322628736495961 0.86602547764778148 0.48477640748023992 1.0000000180025095e-35 0.5278851091861726 0.51776739954948436 0.56429719924926769 0.488080844283104 0.52763688564300548 0.44344586133956915 0.50662484765052807 0.36016522347927099 1.0000000180025095e-35 0.61718398332595836 0.22650838643312457 0.79597324132919323 0.52936649322509777 0.57622584700584423 -0.70710662007331837
decision_type=2 2 2 2 2 2 2 2 2 2 2 2 2 2 2 2 2 2 2 2 2 2 2 2 2 2 2 2 2 2 2 2 2 2 2 2 2 2
left_child=2 -2 31 -4 5 -3 7 -7 13 10 14 -11 -5 -9 -6 16 -8 18 23 34 -12 -19 25 24 -18 26 27 28 -16 33 -17 37 -33 -30 -20 36 -22 -1
right_child=1 4 3 12 9 6 15 8 -10 11 20 -13 -14 -15 22 30 17 21 19 -21 35 -23 -24 -25 -26 -27 -28 -29 29 -31 -32 32 -34 -35 -36 -37 -38 -39
leaf_value=0 0 -7.385549245960509e-18 0 0.0013323813633653511 -6.4668802347719091e-18 -0.0013297777189417706 0.00055594377275131849 -0.0036619252112252976 0 -0.011687747609247892 -0.0040319982169004613 0.077995928686221919 -0.0028132031772763926 0.21138040327795327 2.1257299967460814e-16 -0.0072889007076223523 0.00027246652834122241 0.12218662054278868 0 -4.2107049907569114e-07 -0.0097055723677890657 -0.0031660108591698879 0.078084390871346873 0.19046234535090339 -0.0034341756778034252 0.07808453830832203 -0.0072908064377528014 0.095959611088364774 0 -0.00099405296342680843 -0.0022952468673264085 0 0 0 0 -0.0032444331766882206 0.2302725754045484 0
leaf_weight=5570 9258 3941 189 351 67 79 732 65 190 1137 82 6002 60 49 1390 745 26 165 176 20 33 450 1042 62 35 610 404 856 23 432 3810 27 557 115 21 135 35 21059
leaf_count=5570 9258 3941 189 351 67 79 732 65 190 1137 82 6002 60 49 1390 745 26 165 176 20 33 450 1042 62 35 610 404 856 23 432 3810 27 557 115 21 135 35 21059
internal_value=-0.021886 -0.0105922 -0.0349559 -0.0117333 -0.000333377 -0.00226917 -0.00348679 -0.0213786 -0.0267895 0.00132104 -0.000379785 0.00256563 -0.000574209 -0.0124912 0.000647095 -0.00238898 -0.00512863 -0.0104921 -0.0208235 -0.0286267 -0.0181754 -0.00478049 0.000880131 -0.00705691 -0.0169836 3.13317e-05 -0.000695652 0.000136364 -0.00126531 -0.00652632 -0.00137431 -0.0354679 -0.0313425 -0.0235362 -0.0313299 -0.022798 -0.0142353 -0.0355584
internal_weight=60000 32187 27813 600 22929 10566 6625 383 304 12363 5224 7139 411 114 4939 6242 1687 955 340 217 285 615 4872 123 61 3830 3220 2816 1960 570 4555 27213 584 138 197 203 68 26629
internal_count=60000 32187 27813 600 22929 10566 6625 383 304 12363 5224 7139 411 114 4939 6242 1687 955 340 217 285 615 4872 123 61 3830 3220 2816 1960 570 4555 27213 584 138 197 203 68 26629
is_linear=0
shrinkage=0.04


Tree=33
num_leaves=39
num_cat=0
split_feature=135 32 118 32 119 48 119 121 48 17 48 85 10 120 48 119 60 119 48 10 107 48 102 17 119 48 79 73 119 48 39 85 48 17 27 48 17 101
split_gain=5514.44 5224.59 206.691 101.548 48.1609 41.1614 103.963 38.5018 26.4577 39.311 23.2534 26.7704 25.7218 22.5099 22.4021 24.4539 19.8259 19.2877 18.9597 15.4522 14.5616 11.7662 10.6353 14.9299 9.84403 11.39 9.3348 8.72222 9.20519 26.2393 8.63636 7.82627 7.65929 9.8127 7.22279 7.13858 6.68128 6.4364
threshold=1.0000000180025095e-35 0.75000000000000011 1.0000000180025095e-35 0.75000000000000011 0.59866267442703258 0.44344586133956915 0.50662484765052807 1.0000000180025095e-35 0.46802867949008947 0.54184892773628246 0.51995083689689647 0.57582581043243419 0.86602547764778148 1.0000000180025095e-35 0.47904258966445928 0.54231527447700512 -0.52778503298759449 0.56429719924926769 0.49318374693393713 0.52778527140617382 0.077653735876083388 0.52936649322509777 0.52797222137451183 0.51776739954948436 0.54954457283020031 0.48477640748023992 0.72396156191825878 0.58279848098754894 0.50002238154411327 0.43158185482025152 0.23454821109771731 0.61369976401329052 0.488080844283104 0.53005662560462963 1.0000000180025095e-35 0.52936649322509777 0.59572255611419689 1.0000000180025095e-35
decision_type=2 2 2 2 2 2 2 2 2 2 2 2 2 2 2 2 2 2 2 2 2 2 2 2 2 2 2 2 2 2 2 2 2 2 2 2 2 2
left_child=2 -2 -1 -4 5 27 7 -7 31 14 17 35 -13 26 22 16 -16 18 24 -5 -15 -14 23 -10 25 -11 -6 28 29 -3 -9 -8 33 -18 -22 -12 -23 -28
right_child=1 4 3 19 13 6 8 30 9 10 11 12 21 20 15 -17 32 -19 -20 -21 34 36 -24 -25 -26 -27 37 -29 -30 -31 -32 -33 -34 -35 -36 -37 -38 -39
leaf_value=0 0 4.9845793297555955e-19 0 0.001279086108830737 -0.0082563985355634893 -0.003082676116234502 0.00079953918159418309 0 0.00026156786720757353 0.00033421743557278616 -0.0075481471647684479 -0.0033309307067878207 0.031801347570680975 -0.011271823887558471 0 0.00062962660027613001 -4.8275113112699816e-06 0.074961015236493012 -0.0076476307431260927 -0.0027006750501853373 0.089581793980394772 -0.0031146558496206915 0.17096103812467661 -0.015385802700847565 0.10444871489338897 -0.0082543212626479106 0.00015524631901651755 -0.014178242605227825 0.078832733959446705 -0.0044911059939545589 0 -0.040440918635692429 0.00067393705402818405 -0.0038346418261131915 0.074876091538773046 -0.0030415564567148191 -0.15637969760565576 -0.0010601740370914164
leaf_weight=27213 9258 3421 189 351 610 103 1807 22 46 347 94 590 45 943 196 74 37 976 805 60 1290 129 143 49 530 182 429 537 1605 100 320 107 34 84 6541 21 24 688
leaf_count=27213 9258 3421 189 351 610 103 1807 22 46 347 94 590 45 943 196 74 37 976 805 60 1290 129 143 49 530 182 429 537 1605 100 320 107 34 84 6541 21 24 688
internal_value=-0.0219107 -0.0106382 -0.0349559 -0.0117333 -0.000397924 -0.00208304 -0.00418921 -0.0228764 -0.00287342 -0.00457921 -0.00298905 -0.00858029 -0.00594924 0.00159642 -0.0135566 -0.0190588 -0.0234644 -0.00121127 -0.00359657 -0.000574209 0.00241805 -0.0184242 -0.00373109 -0.0141053 -7.932e-05 -0.00393951 -0.00257788 0.000432986 0.000941085 -0.000203351 -0.0293333 0.00105329 -0.0127742 -0.0174876 0.00298353 -0.0266087 -0.0237124 -0.000404655
internal_weight=60000 32187 27813 600 22929 12428 6765 445 6320 4406 3743 903 788 10501 663 425 351 2840 1864 411 8774 198 238 95 1059 529 1727 5663 5126 3521 342 1914 155 121 7831 115 153 1117
internal_count=60000 32187 27813 600 22929 12428 6765 445 6320 4406 3743 903 788 10501 663 425 351 2840 1864 411 8774 198 238 95 1059 529 1727 5663 5126 3521 342 1914 155 121 7831 115 153 1117
is_linear=0
shrinkage=0.04


Tree=34
num_leaves=39
num_cat=0
split_feature=135 15 118 15 119 14 119 121 14 17 14 85 10 14 119 10 60 119 14 10 124 14 102 17 10 119 14 39 85 14 17 14 102 68 14 27 14 17
split_gain=5517.82 5227.67 206.691 101.548 47.6567 41.6867 104.029 38.5018 26.3725 39.3906 23.3423 26.7704 25.7218 22.4021 24.4539 21.9142 19.8259 19.1686 18.7438 15.4522 11.8299 11.7662 10.6353 14.9299 9.09668 9.12459 27.8183 8.63636 7.82627 7.65929 9.8127 7.16383 37.5085 16.6868 15.4289 8.58617 7.13858 6.68128
threshold=1.0000000180025095e-35 0.75000000000000011 1.0000000180025095e-35 0.75000000000000011 0.59866267442703258 0.44344586133956915 0.50662484765052807 1.0000000180025095e-35 0.46802867949008947 0.54184892773628246 0.51995083689689647 0.57582581043243419 0.86602547764778148 0.47904258966445928 0.54231527447700512 0.25881896913051611 -0.52778503298759449 0.56429719924926769 0.488080844283104 0.52778527140617382 0.069991968572139754 0.52936649322509777 0.52797222137451183 0.51776739954948436 -0.35206128656864161 0.50002238154411327 0.43158185482025152 0.23454821109771731 0.61369976401329052 0.488080844283104 0.53005662560462963 0.50125351548194896 0.5541210174560548 0.55424043536186229 0.49548439681530004 0.29012914001941686 0.52936649322509777 0.59572255611419689
decision_type=2 2 2 2 2 2 2 2 2 2 2 2 2 2 2 2 2 2 2 2 2 2 2 2 2 2 2 2 2 2 2 2 2 2 2 2 2 2
left_child=2 -2 -1 -4 5 24 7 -7 28 13 17 36 -13 22 16 -6 -15 18 -11 -5 -17 -14 23 -10 -3 26 -26 -9 -8 30 -18 33 -33 34 35 -20 -12 -23
right_child=1 4 3 19 15 6 8 27 9 10 11 12 21 14 -16 20 29 -19 31 -21 -22 37 -24 -25 25 -27 -28 -29 -30 -31 -32 32 -34 -35 -36 -37 -38 -39
leaf_value=0 0 -0.015825187636705436 0 0.0012279226644775075 -0.0010177670756077598 -0.0029593690715851218 0.00076755761433041584 0 0.00025110515251927054 0.0004545740423192937 -0.0072462212781777089 -0.0031976934785163079 0.030529293667853744 0 0.00060444153626508469 -0.011160926001920368 -4.6344108588191811e-06 0.071962574627033288 -0.0094285681598402348 -0.0025926480481779234 0.071881047877222146 -0.002990069615635864 0.16412259659968953 -0.014770370592813662 4.7851961565653716e-19 0.075718751057515229 -0.0043114617541963763 0 -0.038823281890264731 0.00064697957186705664 -0.003681256153068664 0.0013686649959819895 -0.080487129056557291 0.0020318591309472171 0.0012142862300681971 -0.0051802079638816837 -0.0029198941984462262 -0.15012450970142954
leaf_weight=27213 9258 436 189 351 3912 103 1807 22 46 834 94 590 45 196 74 597 37 976 65 60 5992 129 143 49 3485 1632 110 320 107 34 84 137 157 372 109 190 21 24
leaf_count=27213 9258 436 189 351 3912 103 1807 22 46 834 94 590 45 196 74 597 37 976 65 60 5992 129 143 49 3485 1632 110 320 107 34 84 137 157 372 109 190 21 24
internal_value=-0.0219067 -0.0106308 -0.0349559 -0.0117333 -0.000387457 -0.00206373 -0.0041833 -0.0228764 -0.00286709 -0.00457013 -0.00297836 -0.00858029 -0.00594924 -0.0135566 -0.0190588 0.00159642 -0.0234644 -0.00119718 -0.00357511 -0.000574209 0.0030044 -0.0184242 -0.00373109 -0.0141053 0.000468303 0.000931318 -0.000194715 -0.0293333 0.00105329 -0.0127742 -0.0174876 -0.00718447 -0.0124626 -0.00507609 -0.0111648 -0.016549 -0.0266087 -0.0237124
internal_weight=60000 32187 27813 600 22929 12428 6765 445 6320 4406 3743 903 788 663 425 10501 351 2840 1864 411 6589 198 238 95 5663 5227 3595 342 1914 155 121 1030 294 736 364 255 115 153
internal_count=60000 32187 27813 600 22929 12428 6765 445 6320 4406 3743 903 788 663 425 10501 351 2840 1864 411 6589 198 238 95 5663 5227 3595 342 1914 155 121 1030 294 736 364 255 115 153
is_linear=0
shrinkage=0.04


Tree=35
num_leaves=39
num_cat=0
split_feature=135 15 118 15 119 14 119 17 14 10 119 14 17 10 85 9 10 14 124 36 14 14 0 119 14 119 14 10 119 14 39 14 34 102 14 17 102 85
split_gain=5534.75 5243.04 206.691 101.548 44.8198 38.3644 106.145 30.7624 22.1904 27.109 24.0237 35.0468 60.2222 21.7736 21.2312 16.8526 15.4522 12.4986 11.7764 11.4096 10.677 11.2866 12.5152 9.24542 16.8623 14.764 12.0161 9.09668 9.12459 27.8183 8.42641 8.41008 8.29853 8.07725 7.91711 10.2063 7.70641 7.50692
threshold=1.0000000180025095e-35 0.75000000000000011 1.0000000180025095e-35 0.75000000000000011 0.59866267442703258 0.44344586133956915 0.50662484765052807 0.64414232969284069 0.51995083689689647 0.86602547764778148 0.55587741732597362 0.47904258966445928 0.54184892773628246 0.25881896913051611 0.57582581043243419 -0.68322628736495961 0.52778527140617382 0.52936649322509777 0.069991968572139754 1.0000000180025095e-35 0.48477640748023992 0.49548439681530004 0.54914090037345897 0.52763688564300548 0.45820383727550512 0.51532536745071422 0.46802867949008947 -0.35206128656864161 0.50002238154411327 0.43158185482025152 0.23454821109771731 0.49318374693393713 0.5538635551929475 0.51298531889915477 0.488080844283104 0.53005662560462963 0.55181074142456066 0.52062875032424938
decision_type=2 2 2 2 2 2 2 2 2 2 2 2 2 2 2 2 2 2 2 2 2 2 2 2 2 2 2 2 2 2 2 2 2 2 2 2 2 2
left_child=2 -2 -1 -4 5 27 7 30 10 14 11 23 15 -6 17 19 -5 -10 -15 -13 -14 22 -22 24 33 -26 37 -3 29 -29 -7 -24 -33 -8 35 -17 -23 -27
right_child=1 4 3 16 13 6 8 -9 9 -11 -12 12 20 18 -16 34 -18 -19 -20 -21 21 36 31 -25 25 26 -28 28 -30 -31 -32 32 -34 -35 -36 -37 -38 -39
leaf_value=0 0 -0.015192180131237219 0 0.0011788057578984072 -0.00097705639258344949 0 -0.007202404973401585 -0.0033491130006685892 -0.0059447435163520633 -0.0030826279936521945 0.069080047052365326 -3.8665774223301531e-06 0.00051203468743927778 -0.010714488961843554 -0.0030697857393756555 -4.1938604973206561e-06 -0.0024889421262508067 0.00057318736606495945 0.069005805962133238 0 -0.0069297891679473934 0.0011732568901392407 0.00024836662115779878 0.15617823500152375 0.00071284114019395158 -0.08667707781154782 -0.0053058331518164581 4.5937883103027572e-19 0.072690001015214639 -0.0041390032840285217 0 -0.012651387213674271 -0.0021504432764955289 0.17305894928516971 0.00013778477704695167 -0.0035340059069459175 -0.013559266100981545 -0.004074082544580678
leaf_weight=27213 9258 436 189 351 3912 22 197 113 63 233 1931 33 347 597 595 41 60 23 5992 177 168 211 186 864 92 76 71 3485 1632 110 310 62 72 554 36 85 88 115
leaf_count=27213 9258 436 189 351 3912 22 197 113 63 233 1931 33 347 597 595 41 60 23 5992 177 168 211 186 864 92 76 71 3485 1632 110 310 62 72 554 36 85 88 115
internal_value=-0.0218867 -0.0105935 -0.0349559 -0.0117333 -0.000335121 -0.00196073 -0.00399409 -0.0228764 -0.00266456 -0.00842888 -0.00168997 -0.0036777 -0.00827092 0.0015888 -0.00439941 -0.0222366 -0.000574209 -0.0229767 0.00299226 -0.0297143 -0.00368959 -0.00626684 -0.0100164 -0.00016455 -0.00258824 -0.00978531 -0.014626 0.000468303 0.000931318 -0.000194715 -0.029012 -0.005375 -0.0130149 0.000804261 -0.0125432 -0.0172698 -0.000147157 -0.00940314
internal_weight=60000 32187 27813 600 22929 12428 6765 445 6320 914 5406 3475 1506 10501 681 372 411 86 6589 210 1134 787 488 1969 1105 354 262 5663 5227 3595 332 320 134 751 162 126 299 191
internal_count=60000 32187 27813 600 22929 12428 6765 445 6320 914 5406 3475 1506 10501 681 372 411 86 6589 210 1134 787 488 1969 1105 354 262 5663 5227 3595 332 320 134 751 162 126 299 191
is_linear=0
shrinkage=0.04


Tree=36
num_leaves=39
num_cat=0
split_feature=135 15 118 15 119 14 119 17 14 17 14 85 10 10 14 119 26 119 14 10 14 102 17 20 39 10 119 14 39 85 119 14 17 14 17 101 34 119
split_gain=5540.96 5248.69 206.691 101.548 47.8807 39.7176 98.4195 37.4584 24.188 38.1096 24.4233 26.7704 25.7218 21.2486 21.0476 23.3649 18.0362 17.7684 16.6407 15.4522 11.7662 10.6353 14.9299 9.59135 9.37163 8.83797 9.25376 27.6038 7.75828 7.70229 8.33685 7.66941 9.01973 7.13858 6.68128 6.34825 8.57052 5.76728
threshold=1.0000000180025095e-35 0.75000000000000011 1.0000000180025095e-35 0.75000000000000011 0.59866267442703258 0.44344586133956915 0.50662484765052807 0.70597830414772045 0.46802867949008947 0.54184892773628246 0.51995083689689647 0.57582581043243419 0.86602547764778148 0.25881896913051611 0.47904258966445928 0.54231527447700512 -0.63405361771583546 0.56429719924926769 0.488080844283104 0.52778527140617382 0.52936649322509777 0.52797222137451183 0.51776739954948436 1.0000000180025095e-35 0.13240957260131839 -0.25881905853748316 0.50002238154411327 0.43158185482025152 0.23454821109771731 0.61369976401329052 0.51773032546043407 0.488080844283104 0.53005662560462963 0.52936649322509777 0.59572255611419689 1.0000000180025095e-35 0.61718398332595836 0.54607123136520397
decision_type=2 2 2 2 2 2 2 2 2 2 2 2 2 2 2 2 2 2 2 2 2 2 2 2 2 2 2 2 2 2 2 2 2 2 2 2 2 2
left_child=2 -2 35 -4 5 25 7 28 29 14 17 33 -13 -6 21 16 23 18 37 -5 -14 22 -10 -16 -15 -3 27 -27 -7 30 -8 32 -18 -12 -22 -1 -37 -11
right_child=1 4 3 19 13 6 8 -9 9 10 11 12 20 24 15 -17 31 -19 -20 -21 34 -23 -24 -25 -26 26 -28 -29 -30 -31 -32 -33 -34 -35 -36 36 -38 -39
leaf_value=0 0 -0.013216986294954649 0 0.0011316535275824708 -0.00093797413688011147 0 -0.0066611171342154845 -0.0031956225119358183 0.00045329427249115803 -0.0038205043914738591 -0.0067185826863965185 -0.0029469943098006297 0.029431427040885669 -0.0084830378917716016 0 0.00061539976829393908 -2.585217238306633e-05 0.066320869759857362 -0.0033291801853179677 -0.0023893844412007743 -0.0027471617112643423 0.15479449085360736 -0.013967322443028457 -3.7119142148132796e-06 0.066245573723647908 4.4100367778906461e-19 0.070055732006327462 -0.0039734431526673806 0 -0.041134412963862499 0.07594607172243055 0.00061558899791049634 -0.0033926456706680807 -0.0026797933107622898 -0.14399622419362629 0 0 0.10870493666304797
leaf_weight=26629 9258 524 189 351 3912 23 428 109 46 284 94 590 45 892 173 74 38 976 1030 60 129 143 49 21 5697 3428 1603 108 313 107 1379 34 85 21 24 27 557 550
leaf_count=26629 9258 524 189 351 3912 23 428 109 46 284 94 590 45 892 173 74 38 976 1030 60 129 143 49 21 5697 3428 1603 108 313 107 1379 34 85 21 24 27 557 550
internal_value=-0.0218793 -0.0105798 -0.0349559 -0.0117333 -0.000315932 -0.00199614 -0.00406504 -0.0222472 -0.00278481 -0.0044158 -0.00285012 -0.00858029 -0.00594924 0.0016726 -0.0132549 -0.0185882 -0.0228946 -0.00102817 -0.0033176 -0.000574209 -0.0184242 -0.00373109 -0.0141053 -0.0310515 0.00305904 0.000475367 0.000979957 -0.000162896 -0.0288571 0.000969697 0.00158716 -0.0128153 -0.0174634 -0.0266087 -0.0237124 -0.0354679 -0.0313425 0.000882494
internal_weight=60000 32187 27813 600 22929 12428 6765 445 6320 4406 3743 903 788 10501 663 425 351 2840 1864 411 198 238 95 194 6589 5663 5139 3536 336 1914 1807 157 123 115 153 27213 584 834
internal_count=60000 32187 27813 600 22929 12428 6765 445 6320 4406 3743 903 788 10501 663 425 351 2840 1864 411 198 238 95 194 6589 5663 5139 3536 336 1914 1807 157 123 115 153 27213 584 834
is_linear=0
shrinkage=0.04


Tree=37
num_leaves=39
num_cat=0
split_feature=135 15 118 15 119 14 119 17 120 14 17 14 27 85 14 119 119 14 27 26 22 119 17 79 14 51 27 119 14 56 27 85 119 19 17 101 34 119
split_gain=5535.31 5243.55 206.691 101.548 48.9097 41.0942 94.7666 40.5771 21.1457 20.4517 37.4457 25.8811 26.4392 22.9108 19.1562 19.4212 15.585 17.4617 15.4522 15.015 12.0173 10.8771 14.2503 10.3384 8.93993 9.51102 8.79952 9.06274 27.8496 7.75828 7.26463 7.12686 8.36617 6.96274 6.85759 6.34825 8.57052 5.87139
threshold=1.0000000180025095e-35 0.75000000000000011 1.0000000180025095e-35 0.75000000000000011 0.59866267442703258 0.44344586133956915 0.50662484765052807 0.70597830414772045 1.0000000180025095e-35 0.46802867949008947 0.54399833083152782 0.51995083689689647 0.88144913315773021 0.57582581043243419 0.47904258966445928 0.54231527447700512 0.56429719924926769 0.48630662262439733 0.47114434838294988 -0.63405361771583546 0.12999680638313296 0.52763688564300548 0.51776739954948436 0.72396156191825878 0.488080844283104 0.53026172518730175 -0.25881905853748316 0.50002238154411327 0.43158185482025152 0.22650838643312457 1.0000000180025095e-35 0.61369976401329052 0.5205402970314027 1.0000000180025095e-35 0.59572255611419689 1.0000000180025095e-35 0.61718398332595836 0.52763688564300548
decision_type=2 2 2 2 2 2 2 2 2 2 2 2 2 2 2 2 2 2 2 2 2 2 2 2 2 2 2 2 2 2 2 2 2 2 2 2 2 2
left_child=2 -2 35 -4 5 26 7 29 23 31 14 16 13 -13 21 19 17 37 -5 33 -10 22 -11 -6 25 -21 -3 28 -28 -7 -22 32 -8 -16 -14 -1 -37 -12
right_child=1 4 3 18 8 6 9 -9 20 10 11 12 34 -15 15 -17 -18 -19 -20 24 30 -23 -24 -25 -26 -27 27 -29 -30 -31 -32 -33 -34 -35 -36 36 -38 -39
leaf_value=0 0 -0.013786896256357092 0 0.0010863873864791721 -0.0078088306899380981 0 -0.0062080846009993701 -0.0030677976114583854 -0.0099465878876989471 0.00043516250159151171 -0.0030473475730143263 -0.0024522784490131617 -0.0026372752428137688 -0.0028291145374086048 0 -0.0041349286201313607 0.063668034969463078 -0.0037201709125353013 -0.0022938090635527433 -1.5330256727203156e-05 0.086115834125381804 0.14618235810087687 -0.013408629545307318 -0.00046295013610294543 0.001273183596857538 -0.0032569398438413626 4.2336353067750205e-19 0.066980172358243772 -0.0038145054265606849 0 0.063595750774702003 -0.039489036445307997 0.072908228853533319 0 -0.13823637522588123 0 0 0.083297221645645583
leaf_weight=26629 9258 437 189 351 610 23 575 109 948 44 46 79 194 599 31 152 969 1095 60 36 1288 160 48 1117 39 92 3485 1631 110 313 6538 107 1232 173 30 27 557 619
leaf_count=26629 9258 437 189 351 610 23 575 109 948 44 46 79 194 599 31 152 969 1095 60 36 1288 160 48 1117 39 92 3485 1631 110 313 6538 107 1232 173 30 27 557 619
internal_value=-0.021886 -0.0105922 -0.0349559 -0.0117333 -0.000333377 -0.00203154 -0.00413599 -0.0219775 0.00167641 -0.00287975 -0.00437948 -0.00267585 -0.00854989 -0.00461357 -0.0123613 -0.0167266 -0.000734335 -0.00297727 -0.000574209 -0.0216604 0.00247276 -0.00330159 -0.0142609 -0.00236943 -0.0127665 -0.017875 0.00048243 0.000938385 -0.000183588 -0.0288571 0.00298799 0.000572623 0.00116657 -0.0289412 -0.0204643 -0.0354679 -0.0313425 0.00213534
internal_weight=60000 32187 27813 600 22929 12428 6765 445 10501 6320 4406 3631 902 678 775 523 2729 1760 411 371 8774 252 92 1727 167 128 5663 5226 3595 336 7826 1914 1807 204 224 27213 584 665
internal_count=60000 32187 27813 600 22929 12428 6765 445 10501 6320 4406 3631 902 678 775 523 2729 1760 411 371 8774 252 92 1727 167 128 5663 5226 3595 336 7826 1914 1807 204 224 27213 584 665
is_linear=0
shrinkage=0.04


Tree=38
num_leaves=39
num_cat=0
split_feature=135 15 118 15 119 31 119 17 31 119 31 10 31 120 102 119 31 10 119 119 31 22 128 96 17 10 119 31 39 17 27 85 119 17 31 101 34 119
split_gain=5515 5225.1 206.691 101.548 52.0142 45.4539 92.3947 40.5771 22.0949 50.532 24.6554 27.1006 22.4018 21.1457 21.078 18.223 20.9258 15.4522 15.374 19.074 13.3453 12.0173 11.4573 8.86648 13.0932 8.30521 9.06838 27.8496 7.75828 7.47497 7.26463 6.97915 8.99836 6.66219 6.59096 6.34825 8.57052 5.54827
threshold=1.0000000180025095e-35 0.75000000000000011 1.0000000180025095e-35 0.75000000000000011 0.59866267442703258 0.44344586133956915 0.50662484765052807 0.70597830414772045 0.46802867949008947 0.54231527447700512 0.51995083689689647 0.86602547764778148 0.47904258966445928 1.0000000180025095e-35 0.57617363333702099 0.56429719924926769 0.48630662262439733 0.52778527140617382 0.52763688564300548 0.51773032546043407 0.49434550106525427 0.12999680638313296 -0.91037607192993153 0.45010834932327276 0.54184892773628246 -0.35206128656864161 0.50002238154411327 0.43158185482025152 0.23454821109771731 0.59572255611419689 1.0000000180025095e-35 0.61369976401329052 0.52266719937324535 0.52273300290107738 0.45591865479946142 1.0000000180025095e-35 0.61718398332595836 0.401892900466919
decision_type=2 2 2 2 2 2 2 2 2 2 2 2 2 2 2 2 2 2 2 2 2 2 2 2 2 2 2 2 2 2 2 2 2 2 2 2 2 2
left_child=2 -2 35 -4 5 25 7 28 31 12 15 14 18 22 -12 16 -11 -5 19 -10 23 -15 -6 -14 33 -3 27 37 -7 -13 -23 32 34 -25 -8 -1 -37 -27
right_child=1 4 3 17 13 6 8 -9 9 10 11 29 20 21 -16 -17 -18 -19 -20 -21 -22 30 -24 24 -26 26 -28 -29 -30 -31 -32 -33 -34 -35 -36 36 -38 -39
leaf_value=0 0 -0.013504337623935259 0 0.0010429318910200052 5.8316403001378337e-05 0 0.00079613799247010885 -0.0029450857070000501 0.00041775600152785123 0.10102485033070022 -0.0019174369582543275 -0.002531784233101218 -0.0031266622500877033 -0.0095487243721909896 -0.0027159499559122604 0.061121313570684566 -0.0040195134256814161 -0.0022020567010106336 0.15115430278965228 -0.0050423298853024432 0 0.082671200760366548 -0.0084911251868646787 0 -0.002896884301207337 -4.9099578570926511e-17 0.064328298567493447 -0.0036619252094982576 0 -0.13270692021684599 0.061051920743713912 -0.037909474987495681 0.069991899699391985 -0.0031266622500877033 -0.00987331423283834 0 0 4.0642898945040197e-19
leaf_weight=26629 9258 436 189 351 1030 23 480 109 50 613 84 201 101 948 593 1026 1104 60 160 65 56 1288 697 23 96 1020 1632 110 313 32 6538 107 1103 202 224 27 557 2465
leaf_count=26629 9258 436 189 351 1030 23 480 109 50 613 84 201 101 948 593 1026 1104 60 160 65 56 1288 697 23 96 1020 1632 110 313 32 6538 107 1103 202 224 27 557 2465
internal_value=-0.02191 -0.010637 -0.0349559 -0.0117333 -0.000396179 -0.00214741 -0.00436068 -0.0219775 -0.00312025 -0.00467907 -0.00273419 -0.00843956 -0.0141142 0.00167641 -0.00438996 -0.000841414 -0.00336168 -0.000574209 -0.00501818 -0.0161739 -0.0193473 0.00247276 -0.00236943 -0.021782 -0.0250343 0.000496557 0.000938971 -0.000183588 -0.0288571 -0.020206 0.00298799 0.00046813 0.00105589 -0.0303111 -0.00247727 -0.0354679 -0.0313425 0.000441894
internal_weight=60000 32187 27813 600 22929 12428 6765 445 6320 4406 3653 910 753 10501 677 2743 1717 411 275 115 478 8774 1727 422 321 5663 5227 3595 336 233 7826 1914 1807 225 704 27213 584 3485
internal_count=60000 32187 27813 600 22929 12428 6765 445 6320 4406 3653 910 753 10501 677 2743 1717 411 275 115 478 8774 1727 422 321 5663 5227 3595 336 233 7826 1914 1807 225 704 27213 584 3485
is_linear=0
shrinkage=0.04


Tree=39
num_leaves=39
num_cat=0
split_feature=135 15 118 15 119 48 119 17 48 10 85 10 119 48 48 10 39 102 119 48 10 119 48 39 17 101 102 119 48 119 112 119 48 48 119 27 119 51
split_gain=5618.84 5321.81 211.362 103.792 39.475 28.7978 103.239 40.5771 26.8508 27.3109 20.3125 19.3101 14.9443 16.3649 12.0422 11.9281 9.37163 9.02042 8.37511 15.3438 7.78377 8.24364 27.4497 7.75828 7.47497 6.34825 7.70748 5.97718 5.27531 5.22824 9.78961 5.11816 16.4405 14.2611 20.0023 13.0159 10.235 7.10908
threshold=1.0000000180025095e-35 0.75000000000000011 1.0000000180025095e-35 0.75000000000000011 0.59866267442703258 0.44344586133956915 0.50662484765052807 0.70597830414772045 0.51995083689689647 0.86602547764778148 0.57582581043243419 0.25881896913051611 0.56429719924926769 0.49318374693393713 0.52936649322509777 0.52778527140617382 0.13240957260131839 0.60099583864212047 0.54954457283020031 0.46802867949008947 -0.47114431858062739 0.50002238154411327 0.43158185482025152 0.23454821109771731 0.59572255611419689 1.0000000180025095e-35 0.71251049637794506 0.52266719937324535 0.45428046584129339 0.3721448034048081 0.93540483713150036 0.55148217082023632 0.49548439681530004 0.50125351548194896 0.55386900901794445 0.29012914001941686 0.55386900901794445 0.54207453131675731
decision_type=2 2 2 2 2 2 2 2 2 2 2 2 2 2 2 2 2 2 2 2 2 2 2 2 2 2 2 2 2 2 2 2 2 2 2 2 2 2
left_child=2 -2 25 -4 5 20 7 23 12 10 14 -6 13 18 -10 -5 -13 -14 19 27 -3 22 29 -7 -11 -1 -27 28 -8 30 -22 32 35 34 -33 -15 -35 -37
right_child=1 4 3 15 11 6 8 -9 9 24 -12 16 17 31 -16 -17 -18 -19 -20 -21 21 -23 -24 -25 -26 26 -28 -29 -30 -31 -32 33 -34 36 -36 37 -38 -39
leaf_value=0 0 -0.014442298258849254 0 0.0010012146153792049 -0.00088426982208084429 0 0.00076931599954681924 -0.0028272822787200479 -0.0052570337450192611 -0.0024305128637771693 -0.0026073119576757696 -0.0073639038857051409 0.062331258244813163 0.0001250664979012976 0.00079967902373234841 -0.0021139744329702085 0.05860984391396535 -0.029148231697320216 0.085720817632958773 -0.0030015957600841954 -4.3362508260691294e-18 0.061643058972794977 -0.0035154482011183269 0 -0.12739864340817214 0 0 0.1552678435627885 -0.0061781945845056944 3.901718298723859e-19 -5.2181730768101851e-18 -0.012272991246144416 0.001554899544747344 0.0026533926454477652 0.099801502483359353 3.7272718592107345e-12 -0.079588091195448213 -0.0014814752800274705
leaf_weight=26629 9258 305 189 351 3912 23 408 109 63 201 595 892 1153 51 23 60 5697 102 678 1060 166 1677 111 313 32 35 549 838 309 3341 63 46 240 31 231 21 159 79
leaf_count=26629 9258 305 189 351 3912 23 408 109 63 201 595 892 1153 51 23 60 5697 102 678 1060 166 1677 111 313 32 35 549 838 309 3341 63 46 240 31 231 21 159 79
internal_value=-0.021782 -0.0104033 -0.0349501 -0.0114667 -6.82104e-05 -0.00159382 -0.00335551 -0.0219775 -0.0020443 -0.00838512 -0.00434068 0.00173736 -0.000972253 -0.00212864 -0.0225116 -0.000184915 0.00305904 0.00285259 -0.000846644 -0.0018738 0.000510684 0.000864502 -0.000194512 -0.0288571 -0.020206 -0.0354679 -0.0313425 0.000655949 -0.0020251 0.000414566 -0.00543231 -0.00704895 -0.00367263 -0.0098758 -0.00408664 -0.0140132 -0.0183158 -0.0224
internal_weight=60000 32187 27813 600 22929 12428 6765 445 6320 914 681 10501 5406 4151 86 411 6589 1255 3293 2615 5663 5358 3681 336 233 27213 584 1555 717 3570 229 858 391 467 277 151 190 100
internal_count=60000 32187 27813 600 22929 12428 6765 445 6320 914 681 10501 5406 4151 86 411 6589 1255 3293 2615 5663 5358 3681 336 233 27213 584 1555 717 3570 229 858 391 467 277 151 190 100
is_linear=0
shrinkage=0.04


Tree=40
num_leaves=39
num_cat=0
split_feature=135 15 118 15 107 130 10 31 68 31 87 22 102 31 39 85 29 101 34 120 122 7 128 15 102 31 102 31 29 123 85 31 31 68 9 102 31 102
split_gain=5665.59 5364.27 211.362 103.792 28.0881 13.0371 11.9281 10.6225 77.4142 34.7997 40.8992 8.89044 9.54735 32.8324 9.90773 6.4213 15.6872 6.34825 8.57052 5.62238 5.27257 5.08714 4.67508 6.2655 3.91793 5.61436 3.51143 3.41233 3.34081 3.89416 5.41017 13.6409 19.3482 14.6797 9.67243 8.05312 6.27839 5.20824
threshold=1.0000000180025095e-35 0.75000000000000011 1.0000000180025095e-35 0.75000000000000011 0.29108694195747381 0.054766761139035232 0.52778527140617382 0.42466887831687933 0.50650358200073253 0.44344586133956915 1.0000000180025095e-35 0.12999680638313296 0.59573671221733104 0.51995083689689647 0.22773969173431399 0.50011277198791515 0.83773252367973339 1.0000000180025095e-35 0.61718398332595836 1.0000000180025095e-35 1.0000000180025095e-35 0.17366223782300952 -0.70710662007331837 0.75000000000000011 0.56428781151771557 0.4682223796844483 0.54245403409004223 0.48630662262439733 0.91245013475418102 1.0000000180025095e-35 0.58898150920867931 0.51995083689689647 0.52936649322509777 0.58124107122421276 -0.68322628736495961 0.5541210174560548 0.45591865479946142 0.52797222137451183
decision_type=2 2 2 2 2 2 2 2 2 2 2 2 2 2 2 2 2 2 2 2 2 2 2 2 2 2 2 2 2 2 2 2 2 2 2 2 2 2
left_child=2 -2 17 -4 11 19 -5 -7 9 15 -11 -3 13 20 -15 16 -9 22 -19 -6 24 -10 23 -1 25 -13 -27 -28 29 30 31 35 33 -33 -34 36 -23 -38
right_child=1 4 3 6 5 7 -8 8 21 10 -12 12 -14 14 -16 -17 -18 18 -20 -21 -22 28 -24 -25 -26 26 27 -29 -30 -31 -32 32 34 -35 -36 -37 37 -39
leaf_value=0 0 -0.0088722192418751438 0 0.00096116603076403667 -0.011575442408264061 1.5766352170141029e-19 -0.0020294154556514004 2.042415509470152e-16 -0.0028815319296808272 0.00070990847329442045 0 2.0417212570609245e-16 0.056265450157406749 -0.00051013581444508147 -0.0028421717814707498 0.163055454489555 -0.0033748302730735942 0 0 0.056265450157406749 0.056265450157406749 0.0012287942641765071 0 0 0.059010028665050389 -0.0028815319296808272 0.072495506061273404 -0.016845386346353977 0.0023932360276408549 -0.047806645661891793 0.00088116689138976524 -0.0038436264986927661 0.0017038529253620982 -0.0025030194793687387 -0.0031880997376484361 0.056179186108477989 -0.0053022015944600735 -0.0014222162688263718
leaf_weight=2527 9258 982 189 351 148 4402 60 121 1809 73 249 1317 5051 55 127 76 95 27 557 1173 930 583 21059 3043 410 90 98 212 492 638 1220 67 165 59 31 906 306 1044
leaf_count=2527 9258 982 189 351 148 4402 60 121 1809 73 249 1317 5051 55 127 76 95 27 557 1173 930 583 21059 3043 410 90 98 212 492 638 1220 67 165 59 31 906 306 1044
internal_value=-0.0217273 -0.0103014 -0.0349501 -0.0114667 7.48399e-05 -0.00107871 -0.000184915 -0.00148314 -0.00235745 -0.016 -0.0250683 0.00177394 0.00220024 0.000505094 -0.016 -0.006 -0.00951852 -0.0354679 -0.0313425 0.00269796 0.00148773 -0.00121311 -0.0355584 -0.0345278 0.000389281 -0.000449621 -0.0046 -0.00258064 -0.000608964 -0.000917314 -0.000492125 -0.00136539 -0.0091677 -0.0213968 -0.00130612 -0.000480451 -0.00193895 -0.00343704
internal_weight=60000 32187 27813 600 22929 13657 411 12336 7934 614 322 9272 8290 3239 182 292 216 27213 584 1321 3057 7320 26629 5570 2127 1717 400 310 5511 5019 4381 3161 322 126 196 2839 1933 1350
internal_count=60000 32187 27813 600 22929 13657 411 12336 7934 614 322 9272 8290 3239 182 292 216 27213 584 1321 3057 7320 26629 5570 2127 1717 400 310 5511 5019 4381 3161 322 126 196 2839 1933 1350
is_linear=0
shrinkage=0.04


Tree=41
num_leaves=39
num_cat=0
split_feature=135 15 118 15 107 122 10 14 102 14 85 56 102 14 39 0 101 34 0 128 15 122 7 102 129 12 123 85 14 102 9 102 14 102 34 14 13 12
split_gain=5695.34 5391.28 211.362 103.792 28.9464 12.373 11.9281 9.88592 125.23 25.6475 18.6735 8.16565 8.51882 29.6134 8.83897 7.09066 6.34825 8.57052 5.83953 4.67508 6.2655 4.28566 4.21798 3.33333 3.33117 3.29303 3.38911 4.29489 7.62551 25.0569 6.84908 6.05533 5.21486 3.94016 5.1571 5.02978 3.84601 3.38214
threshold=1.0000000180025095e-35 0.75000000000000011 1.0000000180025095e-35 0.75000000000000011 0.29108694195747381 1.0000000180025095e-35 0.52778527140617382 0.43158185482025152 0.50684645771980297 0.44344586133956915 0.50011277198791515 0.11343243718147279 0.59790590405464183 0.51995083689689647 0.22773969173431399 0.64408436417579662 1.0000000180025095e-35 0.61718398332595836 0.59288045763969432 -0.70710662007331837 0.75000000000000011 1.0000000180025095e-35 0.14811336249113086 0.82208412885665905 0.95642799139022838 0.91245013475418102 1.0000000180025095e-35 0.59827139973640453 0.51995083689689647 0.57617363333702099 -0.49999997019767756 0.56428781151771557 0.49318374693393713 0.54978761076927196 0.54188522696495067 0.48437708616256719 0.76363638043403637 0.67058354616165172
decision_type=2 2 2 2 2 2 2 2 2 2 2 2 2 2 2 2 2 2 2 2 2 2 2 2 2 2 2 2 2 2 2 2 2 2 2 2 2 2
left_child=2 -2 16 -4 11 7 -5 -6 9 10 -9 -3 13 21 -15 24 19 -18 -16 20 -1 -13 -10 -8 -11 26 27 28 31 -30 -31 32 33 34 -24 -36 37 -28
right_child=1 4 3 6 5 -7 23 8 22 15 -12 12 -14 14 18 -17 17 -19 -20 -21 -22 -23 25 -25 -26 -27 36 -29 29 30 -32 -33 -34 -35 35 -37 -38 -39
leaf_value=0 0 -0.0083455039626889865 0 0.00092271938953347526 1.5135698083335386e-19 0.0074897013481781032 -0.0019482388374253443 -0.0032398370621506503 -0.0032431854723989594 0 0.17679301904977152 1.6590661398230843e-05 0.054014832151110463 -0.00048973038186727821 -0.0029291201895465303 0 0 0 -0.0024071668004002535 0 0 0.054014832151110463 0.00011884407326767852 -0.0019482388374253443 0 0.0034181679969201889 -0.074716898893520109 0.00084592021573417456 -0.0014767130701756734 -0.0023423378678393289 -0.0023685390248816729 0.1825851386445316 -0.0015527572229105044 0.097287949156993958 -0.0019318370142032426 -0.022309164860130785 -0.058625114213975732 0.16996553794792088
leaf_weight=2527 9258 1146 189 351 4659 1128 40 96 1921 172 80 2146 4815 63 114 36 27 557 36 21059 3043 952 1070 20 67 492 49 945 55 462 39 468 528 344 309 154 256 327
leaf_count=2527 9258 1146 189 351 4659 1128 40 96 1921 172 80 2146 4815 63 114 36 27 557 36 21059 3043 952 1070 20 67 492 49 945 55 462 39 468 528 344 309 154 256 327
internal_value=-0.0216927 -0.0102368 -0.0349501 -0.0114667 0.000165555 -0.00100549 -0.000184915 -0.00136675 -0.00223126 -0.0226962 -0.0107727 0.00189042 0.0023362 0.000774389 -0.0136526 -0.0303273 -0.0354679 -0.0313425 -0.0189333 -0.0355584 -0.0345278 0.0017663 -0.000987195 -0.0166667 -0.0328201 -0.000423427 -0.000730323 -0.000334705 -0.000992709 -0.00528058 -0.00246707 -0.000162896 -0.000972973 1.49176e-05 -0.000853229 -0.00438013 -0.00346835 -0.000893617
internal_weight=60000 32187 27813 600 22929 13657 411 12529 7870 451 176 9272 8126 3311 213 275 27213 584 150 26629 5570 3098 7419 60 239 5498 5006 4374 3429 556 501 2873 2405 1877 1533 463 632 376
internal_count=60000 32187 27813 600 22929 13657 411 12529 7870 451 176 9272 8126 3311 213 275 27213 584 150 26629 5570 3098 7419 60 239 5498 5006 4374 3429 556 501 2873 2405 1877 1533 463 632 376
is_linear=0
shrinkage=0.04


Tree=42
num_leaves=39
num_cat=0
split_feature=135 32 118 32 119 14 10 85 27 119 14 68 68 10 14 39 17 14 119 17 84 102 14 85 73 120 111 14 68 111 32 119 14 27 85 14 119 14
split_gain=5678.17 5375.69 211.362 103.792 34.2273 29.9217 27.9337 19.3709 19.1421 18.0002 94.1796 49.4864 14.5296 11.9281 11.7822 8.78296 8.38618 10.2797 12.5651 7.47497 6.04668 11.1524 5.70645 22.9989 5.60502 5.23158 6.98591 5.00719 9.88237 5.00514 6.64501 4.8996 6.12373 5.79167 5.68855 4.81228 7.78148 10.9097
threshold=1.0000000180025095e-35 0.75000000000000011 1.0000000180025095e-35 0.75000000000000011 0.59866267442703258 0.51995083689689647 0.86602547764778148 0.57582581043243419 0.44228871166706091 0.50974160432815563 0.44344586133956915 0.50650358200073253 0.48565131425857549 0.52778527140617382 0.52936649322509777 0.23454821109771731 0.71706736087799083 0.45142881572246557 0.56429719924926769 0.59572255611419689 1.0000000180025095e-35 0.7080698311328889 0.43158185482025152 0.50011277198791515 0.10881865024566652 1.0000000180025095e-35 -0.92387953400611866 0.52936649322509777 0.57622584700584423 -0.63405361771583546 0.75000000000000011 0.48508223891258245 0.42345251142978674 0.92387953400611889 0.48024778068065649 0.48630662262439733 0.54425701498985302 0.48437708616256719
decision_type=2 2 2 2 2 2 2 2 2 2 2 2 2 2 2 2 2 2 2 2 2 2 2 2 2 2 2 2 2 2 2 2 2 2 2 2 2 2
left_child=2 -2 20 -4 5 9 7 14 25 10 22 12 -12 -5 -7 -14 17 -11 35 27 29 -22 31 -24 -10 26 -6 28 -8 30 -1 32 -3 34 -34 36 37 -19
right_child=1 4 3 13 8 6 19 -9 24 16 11 -13 15 -15 -16 -17 -18 18 -20 -21 21 -23 23 -25 -26 -27 -28 -29 -30 -31 -32 -33 33 -35 -36 -37 -38 -39
leaf_value=0 0 -9.5624205975001149e-18 0 0.00088581061395213631 0.00024266647255670844 -0.00406529866806149 -0.007795864331606726 -0.0023092051854804161 -0.016232703380178425 0.058950501532667482 0.0006653044261457074 -0.0058997240368662785 -6.6362645593740059e-07 -0.0018703092839283306 0.0007932312604821437 -6.6362645593740059e-07 -0.0099564819034934377 -0.0017037935932383403 0.056424174804561175 -0.1222246533968626 0 0 -0.003110243579664624 0.16972129828998356 0.05185423886506605 0.0091308346544927109 -0.0072373818035060258 -0.0022564709689373284 0.21803339055559831 0 0 0.11288016064025831 1.9606583462990128e-16 -6.6362646173736753e-07 -0.00059924370802917886 -0.0021695526592023983 0.088596834738621871 -0.046706731744757597
leaf_weight=2688 9258 3101 189 351 943 65 33 604 408 1671 27 202 22 60 24 304 851 1404 1039 32 49 1103 111 154 5121 3279 750 133 35 20323 3050 654 79 27 36 1140 630 50
leaf_count=2688 9258 3101 189 351 943 65 33 604 408 1671 27 202 22 60 24 304 851 1404 1039 32 49 1103 111 154 5121 3279 750 133 35 20323 3050 654 79 27 36 1140 630 50
internal_value=-0.0217127 -0.0102741 -0.0349501 -0.0114667 0.000113219 -0.00130737 -0.00822462 -0.00419625 0.0017945 -0.000750478 -0.00264829 -0.0181261 -0.0271615 -0.000184915 -0.021618 -0.0294969 0.000568902 0.00110145 5.91134e-05 -0.020206 -0.0354679 -0.0326319 -0.000584334 -0.00626415 0.003414 -6.43589e-06 -0.00181217 -0.0230647 -0.0142353 -0.0355933 -0.03455 -0.000198101 -0.000835029 -0.00895775 -0.00504348 -0.0011737 -3.071e-05 -0.00163961
internal_weight=60000 32187 27813 600 22929 12428 926 693 10501 11502 4717 555 353 411 89 326 6785 5934 4263 233 27213 1152 4162 265 5529 4972 1693 201 68 26061 5738 3897 3243 142 115 3224 2084 1454
internal_count=60000 32187 27813 600 22929 12428 926 693 10501 11502 4717 555 353 411 89 326 6785 5934 4263 233 27213 1152 4162 265 5529 4972 1693 201 68 26061 5738 3897 3243 142 115 3224 2084 1454
is_linear=0
shrinkage=0.04


Tree=43
num_leaves=39
num_cat=0
split_feature=135 32 118 32 130 124 10 7 119 12 120 56 119 14 8 101 34 128 32 5 102 14 123 14 17 14 73 85 14 119 74 14 10 17 12 85 85 127
split_gain=5837.7 5520.52 211.362 103.792 19.3451 14.1411 11.9281 8.66012 10.0649 8.54607 7.98229 7.2645 6.36073 19.1373 17.4696 6.34825 8.57052 4.67508 6.2655 4.63106 3.33333 3.03983 3.21426 4.21691 2.4927 4.6107 5.77326 8.68466 7.65569 5.283 3.7999 3.38865 3.51258 3.43764 3.47711 3.37396 3.21746 2.98225
threshold=1.0000000180025095e-35 0.75000000000000011 1.0000000180025095e-35 0.75000000000000011 0.14245159924030307 0.22334606200456622 0.52778527140617382 0.29008470475673681 0.3721448034048081 0.87824293971061718 1.0000000180025095e-35 0.11343243718147279 0.59593412280082714 0.52936649322509777 -0.35460510849952692 1.0000000180025095e-35 0.61718398332595836 -0.70710662007331837 0.75000000000000011 0.63413965702056896 0.82208412885665905 0.3239296823740006 1.0000000180025095e-35 0.45820383727550512 0.54959270358085643 0.47904258966445928 0.31057482957839971 0.50678190588951122 0.42466887831687933 0.54231527447700512 0.86456844210624706 0.50125351548194896 -0.63405355811119068 0.56430265307426464 0.70907047390937816 0.58078435063362133 0.47193266451358801 -0.8142152428627013
decision_type=2 2 2 2 2 2 2 2 2 2 2 2 2 2 2 2 2 2 2 2 2 2 2 2 2 2 2 2 2 2 2 2 2 2 2 2 2 2
left_child=2 -2 15 -4 10 11 -5 8 -7 12 -3 -6 13 21 -15 17 -17 18 -1 -14 -8 -10 24 -24 25 26 27 28 30 37 36 32 -26 -33 -35 -36 -23 -27
right_child=1 4 3 6 5 7 20 -9 9 -11 -12 -13 19 14 -16 16 -18 -19 -20 -21 -22 22 23 -25 31 29 -28 -29 -30 -31 -32 33 -34 34 35 -37 -38 -39
leaf_value=0 0 -0.010520130498941065 0 0.00085037818939405084 -0.0072077862952905827 -0.0026355852341249488 -0.0017954969125711974 5.2779952550002433e-19 0.11079897809816387 0.0018898430180156905 0.049780069310463415 0.049780069310463415 0.049780069310463415 -0.0026385763570048533 0.0016439927624338402 0 0 0 0 -0.0048940244010207091 -0.0017954969125711974 -6.6362645598626253e-07 -0.060479302751124231 0.00035440742010873659 -0.020650660374030485 -0.002568391489868102 5.2779952550002433e-19 0.0013701530171203072 -6.3708140326561332e-07 -0.00078773884153629265 -6.6362645578198105e-07 -0.11237497343938298 0.0054074241345542316 0.0036093589109878537 -0.0074727201452225609 -3.969350522429804e-05 -2.1950350538260317e-09 -0.0026987825352199897
leaf_weight=2527 9258 172 189 351 1084 58 40 8923 111 982 4417 4226 410 75 40 27 557 21059 3043 878 20 46 99 41 81 42 370 120 37 107 59 36 331 65 31 33 20 35
leaf_count=2527 9258 172 189 351 1084 58 40 8923 111 982 4417 4226 410 75 40 27 557 21059 3043 878 20 46 99 41 81 42 370 120 37 107 59 36 331 65 31 33 20 35
internal_value=-0.021528 -0.00992985 -0.0349501 -0.0114667 0.00059645 1.52673e-05 -0.000184915 -0.000693783 -0.00221378 -0.00197678 0.00291915 0.00175518 -0.00301663 -0.00456661 -0.0203478 -0.0354679 -0.0313425 -0.0355584 -0.0345278 -0.000875776 -0.0166667 -0.00347596 -0.00393303 -0.00971429 -0.00336023 -0.00475598 -0.00317791 -0.00748936 -0.0135309 -0.0103478 -0.0088 -0.00133795 0.000601942 -0.00618182 -0.00313178 -0.00975 -0.0153939 -0.0183377
internal_weight=60000 32187 27813 600 22929 18340 411 13030 4107 4049 4589 5310 3067 1779 115 27213 584 26629 5570 1288 60 1664 1553 140 1413 836 652 282 162 184 125 577 412 165 129 64 66 77
internal_count=60000 32187 27813 600 22929 18340 411 13030 4107 4049 4589 5310 3067 1779 115 27213 584 26629 5570 1288 60 1664 1553 140 1413 836 652 282 162 184 125 577 412 165 129 64 66 77
is_linear=0
shrinkage=0.04


Tree=44
num_leaves=39
num_cat=0
split_feature=135 15 118 15 122 119 14 10 102 120 14 10 95 119 85 14 128 17 101 34 51 119 14 58 119 119 17 109 14 14 128 15 5 107 17 59 51 102
split_gain=5815.1 5500.01 211.362 103.792 20.0683 12.5709 29.5066 18.7284 27.1774 17.0913 12.3011 11.9281 8.10009 7.97501 7.84317 7.57267 6.86851 6.86634 6.34825 8.57052 5.53021 7.08485 11.4914 8.2657 7.45582 7.22328 5.44595 5.04432 6.00777 4.81091 4.67508 6.2655 3.70922 3.69541 3.6509 3.46783 3.34751 3.33333
threshold=1.0000000180025095e-35 0.75000000000000011 1.0000000180025095e-35 0.75000000000000011 1.0000000180025095e-35 0.59866267442703258 0.51995083689689647 0.86602547764778148 0.57617363333702099 1.0000000180025095e-35 0.52936649322509777 0.52778527140617382 0.2269546836614609 0.56429719924926769 0.63214924931526195 0.49318374693393713 -0.91037607192993153 0.59572255611419689 1.0000000180025095e-35 0.61718398332595836 0.67380130290985119 0.54954457283020031 0.4682223796844483 0.10889089480042459 0.52266719937324535 0.54231527447700512 0.74088394641876232 -0.59638574719429005 0.44344586133956915 0.48477640748023992 -0.70710662007331837 0.75000000000000011 0.38238121569156652 0.077653735876083388 0.54184892773628246 0.070687420666217818 0.58105432987213146 0.82208412885665905
decision_type=2 2 2 2 2 2 2 2 2 2 2 2 2 2 2 2 2 2 2 2 2 2 2 2 2 2 2 2 2 2 2 2 2 2 2 2 2 2
left_child=2 -2 18 -4 5 6 13 8 -8 16 -9 -5 -11 15 -15 20 -7 -12 30 -20 21 22 24 25 27 -24 33 28 -3 -27 31 -1 -31 -6 -25 -22 -29 -13
right_child=1 4 3 11 26 9 7 10 -10 12 17 37 -14 14 -16 -17 -18 -19 19 -21 35 -23 23 34 -26 29 -28 36 -30 32 -32 -33 -34 -35 -36 -37 -38 -39
leaf_value=0 0 -6.37081399405996e-07 0 0.00081636306181828884 -0.0018125438574999059 -0.00028997796715408492 -0.0032447154568960856 -0.0071808798464549741 -0.0022168369780611995 0.0086072527810899489 -0.0040033846040464349 -0.0017236770360683493 0.047788866538044879 0.055003679184398066 -0.023134510194743187 -0.0049126150053393743 -0.0078637267422153809 -0.12083944955132941 0 0 -0.066742948249840575 0.083014434005225457 -0.0046899853076385264 0.00036541695195875735 0.14905020624503282 0.21804313190196747 -0.0035924016486409624 5.0668754448002335e-19 -0.0056423770377754838 -0.0019746314890254132 0 0 -0.014820815212380519 0.047788866538044879 -0.0025406584672037942 -0.012384267657004741 -0.012442042170603742 -0.0017236770360683493
leaf_weight=2527 9258 298 189 351 426 1030 70 76 589 2044 133 40 3429 1165 193 838 697 24 27 557 55 686 132 248 1135 60 379 4384 109 28 21059 3043 22 3786 291 367 235 20
leaf_count=2527 9258 298 189 351 426 1030 70 76 589 2044 133 40 3429 1165 193 838 697 24 27 557 55 686 132 248 1135 60 379 4384 109 28 21059 3043 22 3786 291 367 235 20
internal_value=-0.021554 -0.00997831 -0.0349501 -0.0114667 0.000528414 -6.36927e-05 -0.000905728 -0.00788341 -0.00443703 0.00123889 -0.0176309 -0.000184915 0.00233364 -0.000298263 0.0025567 -0.000734473 -0.00223046 -0.0240255 -0.0354679 -0.0313425 -0.000357764 -0.000111169 -0.000494382 -0.0050653 8.50513e-05 -0.0112066 0.00289349 -0.000576204 -0.00484521 -0.00363636 -0.0355584 -0.0345278 -0.0128 0.00330674 -0.00230798 -0.00481517 -0.000200043 -0.0166667
internal_weight=60000 32187 27813 600 22929 18338 11138 892 659 7200 233 411 5473 10246 1358 8888 1727 157 27213 584 8050 7628 6942 781 6161 242 4591 5026 407 110 26629 5570 50 4212 539 422 4619 60
internal_count=60000 32187 27813 600 22929 18338 11138 892 659 7200 233 411 5473 10246 1358 8888 1727 157 27213 584 8050 7628 6942 781 6161 242 4591 5026 407 110 26629 5570 50 4212 539 422 4619 60
is_linear=0
shrinkage=0.04


Tree=45
num_leaves=39
num_cat=0
split_feature=135 15 118 15 130 22 10 14 119 43 14 51 14 56 120 101 34 119 18 14 102 119 14 128 15 126 119 69 0 58 102 14 34 102 11 46 14 101
split_gain=5833.06 5516.31 211.362 103.792 18.6436 12.1793 11.9281 9.65628 30.51 12.9081 22.7879 16.0615 10.2312 7.69007 6.82105 6.34825 8.57052 5.72879 10.762 5.43843 6.33639 5.99455 9.30015 4.67508 6.2655 3.90456 3.87692 3.8651 5.20018 7.20271 6.83451 3.45052 3.42783 3.33333 3.18829 4.98026 3.09921 2.71214
threshold=1.0000000180025095e-35 0.75000000000000011 1.0000000180025095e-35 0.75000000000000011 0.076735634356737151 0.24687403440475467 0.52778527140617382 0.51995083689689647 0.58930832147598278 -0.44228866696357721 0.52936649322509777 0.58105432987213146 0.52936649322509777 0.11343243718147279 1.0000000180025095e-35 1.0000000180025095e-35 0.61718398332595836 0.56429719924926769 1.0000000180025095e-35 0.49318374693393713 0.58683568239212047 0.54954457283020031 0.48437708616256719 -0.70710662007331837 0.75000000000000011 -0.40795467793941492 0.58679655194282543 1.0000000180025095e-35 0.59811928868293773 0.017390768975019458 0.59573671221733104 0.53617689013481151 0.75457113981246959 0.82208412885665905 0.75341346859931957 0.83773252367973339 0.3239296823740006 1.0000000180025095e-35
decision_type=2 2 2 2 2 2 2 2 2 2 2 2 2 2 2 2 2 2 2 2 2 2 2 2 2 2 2 2 2 2 2 2 2 2 2 2 2 2
left_child=2 -2 15 -4 14 13 -5 17 9 10 11 -9 -11 -6 -3 23 -17 19 -19 20 21 22 34 24 -1 -24 -13 37 29 30 31 -29 -21 -8 35 36 -7 -10
right_child=1 4 3 6 5 7 33 8 27 12 -12 26 -14 -15 -16 16 -18 18 -20 32 -22 -23 25 -25 -26 -27 -28 28 -30 -31 -32 -33 -34 -35 -36 -37 -38 -39
leaf_value=0 0 -0.0099946006425682618 0 0.0007837085393455573 -0.0069070275947540564 0.00010542340936499417 -0.0016547299546256153 -0.0020467931958232876 0.0010827426945341819 -0.0090148749327009919 0.00095956268666247196 -0.0021281634989387512 -0.0038432492198845775 0.045877311876523094 0.045877311876523094 0 0 -0.00084700656941371537 0.045877311876523094 -0.0047161104051257991 -0.029750216732480364 0.072348227850231803 -0.0052207187896892186 0 0 -0.0050670848826649753 0.26256651773742112 -0.0016903728200141474 0.045877311876523094 0.0019458266499780017 -0.082285605702571374 -0.003864127355450428 0.0017319505968921823 -0.0016547299546256153 7.0332147767690255e-19 0.0020422074938443945 -0.0019918663988742697 -0.046985376267889574
leaf_weight=2527 9258 156 189 351 1100 171 40 65 80 53 227 52 86 3664 3483 27 557 2548 1766 711 136 649 48 21059 3043 283 28 22 677 165 43 28 89 20 4964 481 932 222
leaf_count=2527 9258 156 189 351 1100 171 40 65 80 53 227 52 86 3664 3483 27 557 2548 1766 711 136 649 48 21059 3043 283 28 22 677 165 43 28 89 20 4964 481 932 222
internal_value=-0.0215333 -0.00993979 -0.0349501 -0.0114667 0.000582494 8.70919e-05 -0.000184915 -0.000488503 -0.00327689 -0.011499 -0.0076129 -0.02 -0.0218993 0.00184215 0.00320857 -0.0354679 -0.0313425 -0.000107059 0.00107928 -0.00071172 -0.000384133 -0.000229543 -0.000576246 -0.0355584 -0.0345278 -0.00711782 -0.008 0.000119644 0.00139037 -0.00344186 -0.0123441 -0.0224 -0.00385 -0.0166667 -0.000245571 -0.00180808 -0.00328921 -0.00381457
internal_weight=60000 32187 27813 600 22929 19290 411 14526 1748 511 372 145 139 4764 3639 27213 584 12778 4314 8464 7664 7528 6879 26629 5570 331 80 1237 935 258 93 50 800 60 6548 1584 1103 302
internal_count=60000 32187 27813 600 22929 19290 411 14526 1748 511 372 145 139 4764 3639 27213 584 12778 4314 8464 7664 7528 6879 26629 5570 331 80 1237 935 258 93 50 800 60 6548 1584 1103 302
is_linear=0
shrinkage=0.04


Tree=46
num_leaves=39
num_cat=0
split_feature=135 32 118 32 130 10 26 120 14 51 14 62 119 10 14 56 84 102 119 14 5 128 32 96 14 119 10 119 121 119 14 18 102 109 121 79 102 130
split_gain=5876.03 5555.31 211.362 103.792 16.5602 11.9281 11.338 6.78445 6.67727 29.3067 9.57024 8.15196 7.95407 13.1429 7.31286 6.05865 6.04668 11.1524 5.165 21.3512 7.38994 5.02593 6.2655 4.19741 3.89628 8.84739 3.48045 3.76323 3.74319 3.64736 5.14236 4.11939 3.33333 3.14165 3.12448 3.3395 6.20636 3.55378
threshold=1.0000000180025095e-35 0.75000000000000011 1.0000000180025095e-35 0.75000000000000011 0.076735634356737151 0.52778527140617382 0.065403021872043623 1.0000000180025095e-35 0.51995083689689647 0.57849067449569713 0.52936649322509777 0.83121621608734142 0.58930832147598278 0.86602547764778148 0.53320875763893139 0.11343243718147279 1.0000000180025095e-35 0.7080698311328889 0.59593412280082714 0.52936649322509777 0.24747119098901751 -0.70710662007331837 0.75000000000000011 0.79924157261848461 0.46802867949008947 0.54231527447700512 -0.32143937051296229 0.62711676955223095 1.0000000180025095e-35 0.56429719924926769 0.48477640748023992 1.0000000180025095e-35 0.82208412885665905 0.22377129644155505 1.0000000180025095e-35 0.74519962072372448 0.59573671221733104 0.50151628255844127
decision_type=2 2 2 2 2 2 2 2 2 2 2 2 2 2 2 2 2 2 2 2 2 2 2 2 2 2 2 2 2 2 2 2 2 2 2 2 2 2
left_child=2 -2 16 -4 7 -5 8 -3 26 10 23 -12 13 14 -11 -8 21 -18 19 24 -21 22 -1 -10 -17 -26 27 28 33 30 -28 -31 -7 -6 -14 36 -36 -38
right_child=1 4 3 5 6 32 15 -9 9 12 11 -13 34 -15 -16 18 17 -19 -20 20 -22 -23 -24 -25 25 -27 29 -29 -30 31 -32 -33 -34 -35 35 -37 37 -39
leaf_value=0 0 -0.0095948166168655299 0 0.00075236019777173496 -0.064020748576288575 -0.0015885407564405908 -0.0066307464909638935 0.044042219401462183 -0.01103965364750438 -0.0035563051566664923 -0.0036333944288265431 0.00024888804464000286 -0.055304992295425306 -0.0036010747795554073 0.0018745367011526093 0.046670255351234577 0 0 0.044042219401462183 -0.0066480659738906624 -0.004068650535678597 0 0 -0.0019233024510145152 -0.0044227112393780141 0.00065659939941563523 6.7518861856982648e-19 -0.00037102270588436223 -0.0014752690272833218 5.8043778040043037e-05 -0.0010187158112073813 0.048698419389886068 -0.0015885407564405908 -0.025492552236887418 -0.0029519872845839208 0.0018679935839788816 0.044042219401462183 -0.091926995732763944
leaf_weight=2527 9258 156 189 351 31 40 1100 3483 20 132 22 43 135 46 150 1325 49 1103 3295 27 49 20491 3043 57 91 564 5742 1501 496 992 1082 941 20 508 37 665 177 62
leaf_count=2527 9258 156 189 351 31 40 1100 3483 20 132 22 43 135 46 150 1325 49 1103 3295 27 49 20491 3043 57 91 564 5742 1501 496 992 1082 941 20 508 37 665 177 62
internal_value=-0.021484 -0.00984783 -0.0349501 -0.0114667 0.000711588 -0.000184915 0.000244687 0.00318659 -0.000442713 -0.00290815 -0.0202254 -0.00892308 -0.00115669 -0.00660976 -0.00337589 0.00161277 -0.0354679 -0.0326319 0.00216857 0.000595331 -0.0202105 -0.0355933 -0.0345278 -0.0297662 0.00139394 -0.00112977 -0.000105198 -0.00141009 -0.0032657 0.000272696 -0.000161782 0.00180652 -0.0166667 -0.00557328 0.000505576 0.001322 -0.00237681 -1.67363e-05
internal_weight=60000 32187 27813 600 22929 411 19290 3639 12839 1546 142 65 1404 328 282 6451 27213 1152 5351 2056 76 26061 5570 77 1980 655 11293 2536 1035 8757 6824 1933 60 539 1076 941 276 239
internal_count=60000 32187 27813 600 22929 411 19290 3639 12839 1546 142 65 1404 328 282 6451 27213 1152 5351 2056 76 26061 5570 77 1980 655 11293 2536 1035 8757 6824 1933 60 539 1076 941 276 239
is_linear=0
shrinkage=0.04


Tree=47
num_leaves=39
num_cat=0
split_feature=135 15 118 15 122 10 119 14 10 102 27 14 119 85 102 7 101 34 127 14 128 15 124 95 119 14 119 14 119 126 119 121 29 51 51 102 102 14
split_gain=5855.69 5536.84 211.362 103.792 16.945 11.9281 11.56 31.2633 18.7284 24.605 14.9665 12.3011 7.08712 7.11409 6.86634 6.63474 6.34825 8.57052 5.61817 5.5834 4.67508 6.2655 4.35863 3.75017 3.731 7.31742 5.59743 6.01322 7.93389 4.97178 5.91129 3.91496 3.7576 3.50198 3.34137 3.33333 3.26849 6.28702
threshold=1.0000000180025095e-35 0.75000000000000011 1.0000000180025095e-35 0.75000000000000011 1.0000000180025095e-35 0.52778527140617382 0.59866267442703258 0.51995083689689647 0.86602547764778148 0.57617363333702099 0.44228871166706091 0.52936649322509777 0.56429719924926769 0.63214924931526195 0.59573671221733104 -0.62638238072395314 1.0000000180025095e-35 0.61718398332595836 -0.063106566667556749 0.49318374693393713 -0.70710662007331837 0.75000000000000011 0.077364247292280211 -0.9807852804660796 0.54954457283020031 0.4682223796844483 0.52763688564300548 0.46458241343498236 0.52266719937324535 -0.26582731306552881 0.54231527447700512 1.0000000180025095e-35 0.83773252367973339 0.67380130290985119 0.43176424503326422 0.82208412885665905 0.51809874176979076 0.43158185482025152
decision_type=2 2 2 2 2 2 2 2 2 2 2 2 2 2 2 2 2 2 2 2 2 2 2 2 2 2 2 2 2 2 2 2 2 2 2 2 2 2
left_child=2 -2 16 -4 6 -5 7 12 9 -9 23 -10 15 -14 -13 -3 20 -18 22 24 21 -1 -6 -8 25 26 27 31 -29 30 -27 32 -17 -26 -20 -7 37 -33
right_child=1 4 3 5 18 35 10 8 11 -11 -12 14 13 -15 -16 19 17 -19 34 -21 -22 -23 -24 -25 33 29 -28 28 -30 -31 -32 36 -34 -35 -36 -37 -38 -39
leaf_value=0 0 -0.00543523562611183 0 0.00072226578986086555 0.00032014683807351162 -0.001524999126182967 -0.022484247478855295 -0.0030782130380750008 -0.0065593136312653609 -0.0019007847527145413 0.042280530625403684 -0.0035624928594764843 0.05014283593510651 -0.021340380317457254 -0.11188477750153684 -0.041879883136316076 0 0 -0.0022111426513194573 -0.0036990427433512504 0 0 0.042280530625403684 -0.00059187525406584102 0.079653634595282533 -0.0044096721152187476 0.13938647289022016 -0.001569358700864436 -0.031897696836413893 -0.0011185137575575744 -0.0032456893726474745 6.4818107382703346e-19 0.00074262970358672607 -0.03037248136303277 -0.00049202729139055136 -0.001524999126182967 0.15826901663047779 -0.0020101760452997663
leaf_weight=2527 9258 428 189 351 569 40 24 70 76 589 3110 133 1165 193 24 264 27 557 41 790 21059 3043 3635 4066 640 102 846 121 37 609 76 3117 180 79 346 20 530 1069
leaf_count=2527 9258 428 189 351 569 40 24 70 76 589 3110 133 1165 193 24 264 27 557 41 790 21059 3043 3635 4066 640 102 846 121 37 609 76 3117 180 79 346 20 530 1069
internal_value=-0.0215073 -0.00989132 -0.0349501 -0.0114667 0.00065053 -0.000184915 0.000106446 -0.000701023 -0.00788341 -0.00443703 0.00135556 -0.0176309 -7.57367e-05 0.00261561 -0.0240255 -0.000486949 -0.0354679 -0.0313425 0.00282379 -0.000241135 -0.0355584 -0.0345278 0.00324833 -0.000234719 8.86573e-05 -0.00019508 0.000268657 -0.00021211 -0.00789873 -0.00382719 -0.00970786 2.3256e-05 -0.00356757 0.00283171 -0.00178811 -0.0166667 0.000361323 -1.33778e-05
internal_weight=60000 32187 27813 600 22929 411 18338 11138 892 659 7200 233 10246 1358 157 8888 27213 584 4591 8460 26629 5570 4204 4090 7670 6951 6164 5318 158 787 178 5160 444 719 387 60 4716 4186
internal_count=60000 32187 27813 600 22929 411 18338 11138 892 659 7200 233 10246 1358 157 8888 27213 584 4591 8460 26629 5570 4204 4090 7670 6951 6164 5318 158 787 178 5160 444 719 387 60 4716 4186
is_linear=0
shrinkage=0.04


Tree=48
num_leaves=39
num_cat=0
split_feature=135 15 118 15 130 10 119 14 10 17 14 68 119 14 85 17 127 101 34 24 128 15 127 107 14 127 14 102 119 119 14 119 14 123 119 14 119 14
split_gain=5853.95 5535.26 211.362 103.792 17.4592 11.9281 11.1843 30.6286 21.5165 19.8283 13.3405 10.5363 8.45105 6.84911 6.81279 6.8024 6.49451 6.34825 8.57052 5.03688 4.67508 6.2655 4.19722 5.98012 4.09915 4.00794 3.78005 6.10967 3.72312 3.71526 6.2396 5.49024 6.72631 4.20178 3.97818 5.83496 9.40167 12.7037
threshold=1.0000000180025095e-35 0.75000000000000011 1.0000000180025095e-35 0.75000000000000011 0.076735634356737151 0.52778527140617382 0.59866267442703258 0.51995083689689647 0.86602547764778148 0.5757979452610017 0.52936649322509777 0.66878944635391246 0.56429719924926769 0.52936649322509777 0.63214924931526195 0.59572255611419689 -0.27780131995677942 1.0000000180025095e-35 0.61718398332595836 -0.57320716977119435 -0.70710662007331837 0.75000000000000011 -0.6158381700515746 0.096302114427089705 0.49318374693393713 1.6084219813346865 0.46050065755844122 0.53283676505088817 0.50662484765052807 0.54954457283020031 0.4682223796844483 0.52763688564300548 0.45591865479946142 1.0000000180025095e-35 0.51532536745071422 0.43158185482025152 0.50002238154411327 0.44344586133956915
decision_type=2 2 2 2 2 2 2 2 2 2 2 2 2 2 2 2 2 2 2 2 2 2 2 2 2 2 2 2 2 2 2 2 2 2 2 2 2 2
left_child=2 -2 17 -4 16 -5 7 12 9 13 -10 -8 19 -9 -14 -12 -3 20 -19 25 21 -1 23 -13 29 26 28 -28 -6 30 31 32 33 34 35 -21 37 -37
right_child=1 4 3 5 6 -7 11 8 10 -11 15 22 14 -15 -16 -17 -18 18 -20 24 -22 -23 -24 -25 -26 -27 27 -29 -30 -31 -32 -33 -34 -35 -36 36 -38 -39
leaf_value=0 0 0.040589309400387526 0 0.00069337515826643108 -0.0017877726394921593 -0.0014639991611356486 0.040589309400387526 -0.0046495204397797828 -0.0062898725301728606 -0.0018247533626059597 -0.0034043165254262074 -0.014216820233445624 0.045277640322037731 -0.0012262076903021538 -0.020479335434522544 -0.10801727612553474 -0.010163831607122347 0 0 6.2225383087395211e-19 0 0 -0.00079177304759613489 0.040589309400387526 -0.0023456542217866264 -0.060815586872546797 -0.0063280039550975622 -0.0023928319350501569 0.055844815538886802 0.064569597300905543 -0.002019908614507588 0.11989115636799479 -0.0065599012917946396 -0.010931948551453928 0.16043240722025234 -0.0029054267947511664 7.9795443670421288e-05 -0.0017073401144239908
leaf_weight=2527 9258 3440 189 351 251 60 2460 53 71 617 124 729 1295 20 195 22 199 27 557 3080 21059 3043 3293 1398 787 34 51 162 185 712 795 819 416 439 495 108 535 144
leaf_count=2527 9258 3440 189 351 251 60 2460 53 71 617 124 729 1295 20 195 22 199 27 557 3080 21059 3043 3293 1398 787 34 51 162 185 712 795 819 416 439 495 108 535 144
internal_value=-0.0215093 -0.00989505 -0.0349501 -0.0114667 0.000645296 -0.000184915 0.000165889 -0.000634531 -0.00768688 -0.00423188 -0.0186728 0.00132487 -2.55164e-05 -0.0239452 0.0027651 -0.025589 0.00318659 -0.0354679 -0.0313425 -0.000486852 -0.0355584 -0.0345278 0.000339484 0.00172449 -0.000216086 -0.00378917 -0.00308783 -0.0074554 -0.000954128 7.05291e-05 -0.000216074 0.000222664 -0.000255319 0.000167465 0.00054287 0.00011068 -0.00296315 -0.00933333
internal_weight=60000 32187 27813 600 22929 411 19290 11410 907 690 217 7880 10503 73 1490 146 3639 27213 584 9013 26629 5570 5420 2127 8330 683 649 213 436 7543 6831 6036 5217 4801 4362 3867 787 252
internal_count=60000 32187 27813 600 22929 411 19290 11410 907 690 217 7880 10503 73 1490 146 3639 27213 584 9013 26629 5570 5420 2127 8330 683 649 213 436 7543 6831 6036 5217 4801 4362 3867 787 252
is_linear=0
shrinkage=0.04


Tree=49
num_leaves=39
num_cat=0
split_feature=135 15 118 15 122 10 119 14 10 102 27 14 119 24 17 101 34 127 85 128 15 124 95 56 17 127 14 119 14 119 14 126 123 119 14 119 12 107
split_gain=5866.15 5546.34 211.362 103.792 16.4589 11.9281 10.7454 29.9202 19.5999 21.6059 14.6792 12.3011 7.58331 7.16092 6.86634 6.34825 8.57052 5.61817 5.44696 4.67508 6.2655 4.35863 3.75482 3.56911 3.47619 3.40782 3.40238 3.57886 5.77301 5.56493 6.27057 4.51663 4.17707 4.1179 6.00022 10.477 11.6628 5.79598
threshold=1.0000000180025095e-35 0.75000000000000011 1.0000000180025095e-35 0.75000000000000011 1.0000000180025095e-35 0.52778527140617382 0.59866267442703258 0.51995083689689647 0.86602547764778148 0.57617363333702099 0.44228871166706091 0.52936649322509777 0.56429719924926769 -0.60350599884986866 0.59572255611419689 1.0000000180025095e-35 0.61718398332595836 -0.063106566667556749 0.63214924931526195 -0.70710662007331837 0.75000000000000011 0.077364247292280211 -0.9807852804660796 0.11343243718147279 0.43200151622295385 1.6084219813346865 0.49318374693393713 0.54954457283020031 0.4682223796844483 0.52763688564300548 0.45591865479946142 -0.46176002919673914 1.0000000180025095e-35 0.51532536745071422 0.43158185482025152 0.50002238154411327 0.83773252367973339 0.33125761151313787
decision_type=2 2 2 2 2 2 2 2 2 2 2 2 2 2 2 2 2 2 2 2 2 2 2 2 2 2 2 2 2 2 2 2 2 2 2 2 2 2
left_child=2 -2 15 -4 6 -5 7 12 9 -9 22 -10 13 25 -13 19 -17 21 -14 20 -1 -6 -8 -12 -19 -3 27 28 29 30 32 -30 33 34 -15 36 37 -36
right_child=1 4 3 5 17 -7 10 8 11 -11 23 14 18 26 -16 16 -18 24 -20 -21 -22 -23 -24 -25 -26 -27 -28 -29 31 -31 -32 -33 -34 -35 35 -37 -38 -39
leaf_value=0 0 -0.0031550847652523166 0 0.00066564015193577386 0.00035106348164655655 -0.0014054391946902226 -0.021178324315416192 -0.0028923429720211324 -0.0060453461848078332 -0.0017517632281017215 -0.020106825164974411 -0.0032838204840803763 0.046358467650152821 5.97363677638994e-19 -0.10308869535645399 0 0 -0.001897979465437483 -0.019667591687378066 0 0 0.038965737024372019 -0.00053652932199936196 0.038965737024372019 -0.00066612861179203152 -0.065254522570002957 -0.0036177500095843709 0.066067134048511361 -0.0041655280101889607 0.12901536771989153 -0.0065201845455956746 -0.0016299018025756821 -0.010486703143681551 0.15783992638168826 -0.0036302747655216987 2.9609337613352663e-05 -0.0027892097229270723 0.00014872719144718769
leaf_weight=2527 9258 505 189 351 569 60 24 70 76 589 153 133 1165 3081 24 27 557 23 193 21059 3043 3635 4066 2957 364 21 786 706 84 830 440 691 440 510 33 558 105 98
leaf_count=2527 9258 505 189 351 569 60 24 70 76 589 153 133 1165 3081 24 27 557 23 193 21059 3043 3635 4066 2957 364 21 786 706 84 830 440 691 440 510 33 558 105 98
internal_value=-0.0214953 -0.00986895 -0.0349501 -0.0114667 0.000681931 -0.000184915 0.000145709 -0.000632788 -0.00765919 -0.00413354 0.00135 -0.0176309 -2.10812e-05 -0.000446444 -0.0240255 -0.0354679 -0.0313425 0.00282379 0.00276289 -0.0355584 -0.0345278 0.00324833 -0.000224939 0.00342122 -0.00178811 -0.00497338 -0.000161684 9.8205e-05 -0.000180495 0.000232978 -0.000246913 -0.00343226 0.000169948 0.00054276 9.80647e-05 -0.00300252 -0.0100678 -0.00210687
internal_weight=60000 32187 27813 600 22929 411 18338 11138 892 659 7200 233 10246 8888 157 27213 584 4591 1358 26629 5570 4204 4090 3110 387 526 8362 7576 6870 6095 5265 775 4825 4385 3875 794 236 131
internal_count=60000 32187 27813 600 22929 411 18338 11138 892 659 7200 233 10246 8888 157 27213 584 4591 1358 26629 5570 4204 4090 3110 387 526 8362 7576 6870 6095 5265 775 4825 4385 3875 794 236 131
is_linear=0
shrinkage=0.04


Tree=50
num_leaves=39
num_cat=0
split_feature=118 15 111 15 8 130 22 73 14 68 9 14 68 14 120 101 68 129 85 18 14 102 14 126 102 14 102 14 85 12 107 14 9 85 102 14 85 12
split_gain=5822.62 5556.37 30.3547 40.7987 19.9328 17.5447 9.79202 8.07921 8.00188 31.2185 12.542 20.2817 14.6454 10.2235 6.89621 6.83408 8.29514 4.64896 6.28281 5.46552 3.28195 5.12282 4.98848 9.3625 5.06117 7.89933 4.60265 4.92454 11.5642 13.8917 6.02339 5.25638 4.0681 3.0708 2.99478 3.20203 8.79197 11.9959
threshold=1.0000000180025095e-35 0.75000000000000011 -0.63405361771583546 0.75000000000000011 0.28745912015438085 0.063749678432941451 0.2596364319324494 0.10881865024566652 0.51995083689689647 0.58945831656456005 -0.55557009577751149 0.52936649322509777 0.58124107122421276 0.52936649322509777 1.0000000180025095e-35 1.0000000180025095e-35 0.65515419840812694 0.097964808344841017 0.56428876519203197 1.0000000180025095e-35 0.48477640748023992 0.54448121786117565 0.4682223796844483 -0.26582731306552881 0.52797222137451183 0.45591865479946142 0.51555371284484874 0.43158185482025152 0.50011277198791515 0.83773252367973339 0.33125761151313787 0.44763240218162542 -0.13052600622177121 0.58643448352813732 0.47612912952899938 0.39659819006919866 0.46157070994377142 0.76287078857421886
decision_type=2 2 2 2 2 2 2 2 2 2 2 2 2 2 2 2 2 2 2 2 2 2 2 2 2 2 2 2 2 2 2 2 2 2 2 2 2 2
left_child=2 -2 3 -1 -5 14 7 -7 17 10 11 12 -10 -12 -3 -4 -17 -8 20 -20 21 22 24 -24 25 26 27 34 29 30 -29 -30 -27 -14 35 -19 37 -37
right_child=1 5 15 4 -6 6 8 -9 9 -11 13 -13 33 -15 -16 16 -18 18 19 -21 -22 -23 23 -25 -26 32 -28 28 31 -31 -32 -33 -34 -35 -36 36 -38 -39
leaf_value=0 0 -0.0097358171699574794 0 0 0 -0.0013492216269026136 -0.0022182717670858575 0.037407107543397128 -0.001627278299237046 0.00035824113616099998 -0.0076501651027953482 0.00036870212441786522 -0.0016816926989776527 -0.0031341582791768099 0.037407107543397128 0 0 5.8250669032410422e-19 -0.00027468685170652546 0.037407107543397128 -0.0012499658832152501 0.050413078173126666 -0.0039989068897814022 -0.00059344872906417318 0.10993489540447932 -0.0057622517652164253 0.13902031569506298 -0.0031502114497329219 7.6057395618877089e-05 -0.0027562696016167061 0.00014277810378930019 -0.0058407897403330612 -0.017670655786726504 0.25312423953499985 0.0017150323675284504 -3.2640906196117419e-05 -6.1378146828480993e-16 -0.0018858912982813447
leaf_weight=2818 9293 96 20985 2761 645 1725 2288 3800 69 1222 54 199 28 81 3309 25 559 1855 1135 1555 1148 502 84 270 536 345 467 30 319 106 97 235 43 29 796 63 370 58
leaf_count=2818 9293 96 20985 2761 645 1725 2288 3800 69 1222 54 199 28 81 3309 25 559 1855 1135 1555 1148 502 84 270 536 345 467 30 319 106 97 235 43 29 796 63 370 58
internal_value=-0.0214867 -0.00991126 -0.0349004 -0.0324396 -0.0294938 0.000669285 0.000206879 0.00163258 -0.000356407 -0.00294411 -0.0118261 -0.00756923 -0.020127 -0.0220741 0.00331865 -0.0356106 -0.0313425 -2.60105e-06 0.000369083 0.0020223 -0.000238121 0.000126943 -0.000215721 -0.00481356 9.02257e-05 -0.000322742 0.000160146 -0.000286078 -0.00311563 -0.0105923 -0.00166929 2.8881e-05 -0.00579381 -0.00512281 0.000422661 -0.000296675 -0.00316904 -0.0125289
internal_weight=60000 32207 27793 6224 3406 22914 19509 5525 13984 1682 460 325 126 135 3405 21569 584 12302 10014 2690 7324 6176 5674 354 5320 4784 4396 3929 787 233 127 554 388 57 3142 2346 491 121
internal_count=60000 32207 27793 6224 3406 22914 19509 5525 13984 1682 460 325 126 135 3405 21569 584 12302 10014 2690 7324 6176 5674 354 5320 4784 4396 3929 787 233 127 554 388 57 3142 2346 491 121
is_linear=0
shrinkage=0.04


Tree=51
num_leaves=39
num_cat=0
split_feature=135 15 118 15 130 26 119 31 10 68 31 68 119 31 17 120 101 34 102 31 119 12 31 68 45 85 111 15 119 31 85 31 102 109 126 0 12 123
split_gain=5883.63 5554.25 196.373 96.5885 16.5688 12.4486 10.1311 30.3796 21.6101 17.0408 14.4632 10.6039 9.41008 7.33364 6.84123 6.75755 6.34825 8.57052 4.89969 4.87277 12.0521 15.0634 5.98086 5.30428 5.4882 5.46444 4.648 6.64501 4.31901 9.65797 5.24975 9.84599 7.7184 5.18642 5.12144 6.91383 6.28302 4.23766
threshold=1.0000000180025095e-35 0.75000000000000011 1.0000000180025095e-35 0.75000000000000011 0.063749678432941451 0.88144910335540783 0.59866267442703258 0.51995083689689647 0.86602547764778148 0.57622584700584423 0.52936649322509777 0.66878944635391246 0.56429719924926769 0.52936649322509777 0.59572255611419689 1.0000000180025095e-35 1.0000000180025095e-35 0.61718398332595836 0.58407148718833934 0.42345251142978674 0.50002238154411327 0.75789234042167675 0.44886726140975958 0.48565131425857549 0.64541643857955944 0.47632676362991339 -0.63405361771583546 0.75000000000000011 0.52763688564300548 0.47904258966445928 0.54806599020957958 0.49782148003578192 0.5541210174560548 0.093547888100147261 -0.0074094550218433133 0.5412975847721101 0.75789234042167675 1.0000000180025095e-35
decision_type=2 2 2 2 2 2 2 2 2 2 2 2 2 2 2 2 2 2 2 2 2 2 2 2 2 2 2 2 2 2 2 2 2 2 2 2 2 2
left_child=2 -2 16 -4 15 -5 7 12 9 13 -10 -8 18 -9 -12 -3 26 -18 19 37 21 23 -22 25 -25 -21 27 -1 -24 -30 34 -32 -33 -34 35 36 -31 -6
right_child=1 4 3 5 6 -7 11 8 10 -11 14 -13 -14 -15 -16 -17 17 -19 -20 20 22 -23 28 24 -26 -27 -28 -29 29 30 31 32 33 -35 -36 -37 -38 -39
leaf_value=0 0 -0.0084617841032039245 0 -0.0012952527618265092 2.7285036313638766e-18 0.00069298341093444737 0.035910823241661234 -0.0031145094536660081 -0.0054436721645769884 -0.0016144249910185465 -0.0035178921164026457 0.00044532524840827778 0.038341005894377854 -0.00085151076522577574 -0.099587366911701655 0.035910823241661234 0 0 -0.028537901362892425 -0.00066979699655341895 0.00030968898523219956 -0.0026429638840737108 -0.0054665325804160707 -0.0032006041987354935 0.00013706697963772818 -6.860129470695116e-05 0 0 0.11217884529232627 -0.0038389506141901465 0.0025675183136333662 0.0027989720035526164 -0.10745013512645187 -0.009897294077450108 -0.00054147066444158612 -0.0017045974498750627 0.00028539189091542858 -0.0072256833855816917
leaf_weight=2688 9258 151 189 72 3317 339 2508 63 72 600 125 5468 1512 28 22 3289 27 557 174 80 892 119 923 68 233 74 20891 3050 802 96 910 105 66 103 440 188 31 470
leaf_count=2688 9258 151 189 72 3317 339 2508 63 72 600 125 5468 1512 28 22 3289 27 557 174 80 892 119 923 68 233 74 20891 3050 802 96 910 105 66 103 440 188 31 470
internal_value=-0.021494 -0.00985031 -0.0349688 -0.0123333 0.000708099 -0.00145012 0.00025635 -0.000502736 -0.00751648 -0.00404631 -0.0184658 0.00135206 9.92173e-05 -0.0201758 -0.0256599 0.00326744 -0.0354679 -0.0313425 -0.000386756 -0.000257037 -0.00106043 -0.00652265 -0.000372256 -0.00320879 -0.000119601 -0.00924675 -0.0355584 -0.03455 -0.00108734 -0.000290405 -0.00181743 -0.000155405 -0.00680292 -0.0120947 -0.00442384 -0.00831746 -0.0155276 0.000831265
internal_weight=60000 32187 27813 600 22929 411 19489 11513 910 691 219 7976 10603 91 147 3440 27213 584 9091 8917 5130 574 4556 455 301 154 26629 5738 3664 2741 1939 1184 274 169 755 315 127 3787
internal_count=60000 32187 27813 600 22929 411 19489 11513 910 691 219 7976 10603 91 147 3440 27213 584 9091 8917 5130 574 4556 455 301 154 26629 5738 3664 2741 1939 1184 274 169 755 315 127 3787
is_linear=0
shrinkage=0.04


Tree=52
num_leaves=39
num_cat=0
split_feature=135 15 101 124 15 122 26 119 31 10 102 27 31 34 17 119 85 7 124 128 15 111 85 95 56 121 31 119 46 31 102 85 107 119 31 46 31 7
split_gain=5894.69 5564.29 135.885 67.581 97.5432 16.2177 11.8444 9.74034 28.5023 19.309 18.6853 14.6006 13.6576 8.05203 6.86634 6.66372 6.42057 5.80421 4.99184 4.67508 6.2655 4.02736 4.00861 3.75948 3.56911 3.40397 4.74071 11.8746 15.6422 6.20454 5.63664 6.88189 5.55105 4.88884 7.54185 4.69116 3.79259 3.33633
threshold=1.0000000180025095e-35 0.75000000000000011 1.0000000180025095e-35 0.030841578729450706 0.75000000000000011 1.0000000180025095e-35 0.88144910335540783 0.59866267442703258 0.51995083689689647 0.86602547764778148 0.57617363333702099 0.44228871166706091 0.52936649322509777 0.61718398332595836 0.59572255611419689 0.56429719924926769 0.63214924931526195 -0.62638238072395314 0.077364247292280211 -0.70710662007331837 0.75000000000000011 -0.52778503298759449 0.81963697075843822 -0.9807852804660796 0.11343243718147279 1.0000000180025095e-35 0.42345251142978674 0.50002238154411327 0.83773252367973339 0.44763240218162542 0.48479545116424566 0.47632676362991339 0.33125761151313787 0.39440976083278662 0.3269487619400025 0.79475393891334545 0.4468092024326325 0.87243652343750011
decision_type=2 2 2 2 2 2 2 2 2 2 2 2 2 2 2 2 2 2 2 2 2 2 2 2 2 2 2 2 2 2 2 2 2 2 2 2 2 2
left_child=2 -2 19 13 -5 7 22 8 15 10 37 23 -11 -4 -14 17 -17 -3 -7 20 -1 -20 -6 -9 -13 35 33 28 30 -29 31 -28 36 34 -27 -19 -32 -10
right_child=1 5 3 4 6 18 -8 11 9 12 -12 24 14 -15 -16 16 -18 25 21 -21 -22 -23 -24 -25 -26 26 27 29 -30 -31 32 -33 -34 -35 -36 -37 -38 -39
leaf_value=0 0 -0.0048996346821162705 0 0 -0.0012434426513534488 -0.0024156114542534064 0.00052833708762027327 -0.019992719978671386 -0.0041256705907914719 -0.0052797788467206256 -0.0015498479913778045 -0.019266396303235657 -0.003381352058610823 0 -0.094995982511174207 0.041474204406635684 -0.020365703090903513 -0.034395035125028284 -0.00064958714907317977 0 0 0.034474390311994799 -0.0012434426513534488 -0.00045479945666740721 0.034474390311994799 2.6193634861093214e-18 2.6791879859844293e-05 0.12392136949320025 -0.0024616719946164204 -0.00057449521866271224 -0.0012521783294565162 -6.5857242918672119e-05 0.00013158430045221906 2.5015587716671276e-17 -0.005492385532528842 0.0020106165953938573 -0.0032420843577265525 -0.00035196558838567247
leaf_weight=2527 9258 428 26 193 51 696 346 24 33 76 589 153 133 546 24 1165 193 398 219 21059 3043 3676 22 4066 2957 643 57 649 106 3547 30 68 204 2247 144 343 24 37
leaf_count=2527 9258 428 26 193 51 696 346 24 33 76 589 153 133 546 24 1165 193 398 219 21059 3043 3676 22 4066 2957 643 57 649 106 3547 30 68 204 2247 144 343 24 37
internal_value=-0.0214813 -0.0098267 -0.0349688 -0.0217095 -0.0124706 0.000741245 -0.00163246 0.000208965 -0.000532232 -0.00739013 -0.00389074 0.00135556 -0.0172876 -0.0315944 -0.0240255 6.48059e-05 0.00267452 -0.000333933 0.00286735 -0.0355584 -0.0345278 0.0034249 -0.016274 -0.000215159 0.00342122 -0.000104019 0.000144578 -0.000653148 -0.00655215 3.43185e-05 -0.00278851 -0.00976 0.000589147 0.0013764 -0.00133672 -0.00269366 -0.0108148 -0.0234286
internal_weight=60000 32187 27813 1184 612 22929 419 18338 11138 892 659 7200 233 572 157 10246 1358 8888 4591 26629 5570 3895 73 4090 3110 8460 7719 4685 489 4196 383 125 258 3034 787 741 54 70
internal_count=60000 32187 27813 1184 612 22929 419 18338 11138 892 659 7200 233 572 157 10246 1358 8888 4591 26629 5570 3895 73 4090 3110 8460 7719 4685 489 4196 383 125 258 3034 787 741 54 70
is_linear=0
shrinkage=0.04


Tree=53
num_leaves=39
num_cat=0
split_feature=118 32 128 32 8 130 119 14 10 17 14 120 119 112 22 101 68 17 12 10 12 102 14 102 128 14 47 119 102 24 24 5 102 68 11 5 96 119
split_gain=5778.72 5516.24 31.072 39.0822 19.3555 17.2834 11.3993 26.012 21.8008 16.5045 14.8006 11.4264 10.3528 10.0519 7.83738 6.81879 8.29514 6.8024 6.69452 6.36463 6.21171 10.1683 5.42652 5.2147 5.1674 4.30977 5.46473 4.82244 4.46682 4.29346 4.21845 3.56814 3.43873 3.24924 3.11321 2.75639 2.68221 2.62524
threshold=1.0000000180025095e-35 0.75000000000000011 -0.70710662007331837 0.75000000000000011 0.28745912015438085 0.076735634356737151 0.59866267442703258 0.51995083689689647 0.86602547764778148 0.5757979452610017 0.52936649322509777 1.0000000180025095e-35 0.56429719924926769 -0.55557018518447865 0.12999680638313296 1.0000000180025095e-35 0.65515419840812694 0.59572255611419689 0.78291481733322155 -0.0979645401239395 0.77695241570472728 0.41940245032310491 0.52936649322509777 0.60099583864212047 -0.91037607192993153 0.44344586133956915 0.76363638043403637 0.7259977161884309 0.63957908749580394 0.8916907310485841 -0.60350599884986866 0.11776563525199892 0.69072249531745922 0.53756350278854381 1.3942781686782839 0.13339266926050189 1.0513491034507754 0.52763688564300548
decision_type=2 2 2 2 2 2 2 2 2 2 2 2 2 2 2 2 2 2 2 2 2 2 2 2 2 2 2 2 2 2 2 2 2 2 2 2 2 2
left_child=2 -2 3 -1 36 13 7 12 9 22 -10 24 18 31 -13 -4 -17 -12 20 25 30 29 34 -14 -8 -16 -27 28 -28 -22 -7 -3 -30 -23 -9 -15 -5 -20
right_child=1 5 15 4 -6 6 11 8 10 -11 17 14 23 35 19 16 -18 -19 37 -21 21 33 -24 -25 -26 26 27 -29 32 -31 -32 -33 -34 -35 -36 -37 -38 -39
leaf_value=0 0 -0.00090612257581973107 0 0 0 -0.0044508430830258999 -0.00043660747840071091 -0.0054971968036463138 -0.0050615191370099143 -0.0014878540717226923 -0.0031877371911120662 -0.0011937049452993109 0.03696901891694606 -0.087529377696370453 0.18459997188131128 0 0 -0.091804032934786617 -4.3036354197426143e-15 0.033095414699515012 -0.0011130407147349889 0.15339169671455799 -0.0010380625897468455 -0.019542955957344156 -0.007257725254086844 0.16873711352295742 0.16191081624833151 0.27162260915442887 -0.094711133060635166 -7.7649622597701633e-19 -0.0005245944709166198 -0.008812800859446723 -0.073921835758513604 -0.061892123129538422 -0.00033788696485024557 0.033095414699515012 0 0.0014272604962132067
leaf_weight=2657 9293 20 21155 2133 636 394 805 20 71 617 124 1273 1287 22 405 25 559 22 1998 4283 54 85 20 205 443 372 62 69 83 50 5224 163 104 24 33 3400 628 1182
leaf_count=2657 9293 20 21155 2133 636 394 805 20 71 617 124 1273 1287 22 405 25 559 22 1998 4283 54 85 20 205 443 372 62 69 83 50 5224 163 104 24 33 3400 628 1182
internal_value=-0.0215373 -0.0100057 -0.0349004 -0.032366 -0.0295237 0.000536615 6.19402e-05 -0.000746713 -0.00724587 -0.00376812 -0.0183041 0.00123003 -0.000185471 0.00307906 0.00188904 -0.0356062 -0.0313425 -0.025589 -0.000696482 0.00255708 -0.00150163 -0.00820657 -0.0217534 0.0029008 -0.00228205 -0.000164383 -0.00208696 -0.00593711 -0.00853012 -0.0171538 -0.00124742 -0.00605464 -0.011615 0.000330275 -0.0284528 0.0035675 -0.0309728 0.000779874
internal_weight=60000 32207 27793 6054 3397 22914 19309 11410 907 690 217 7899 10503 3605 6651 21739 584 146 9011 5378 5831 213 73 1492 1248 1095 690 318 249 104 5618 183 187 109 53 3422 2761 3180
internal_count=60000 32207 27793 6054 3397 22914 19309 11410 907 690 217 7899 10503 3605 6651 21739 584 146 9011 5378 5831 213 73 1492 1248 1095 690 318 249 104 5618 183 187 109 53 3422 2761 3180
is_linear=0
shrinkage=0.04


Tree=54
num_leaves=39
num_cat=0
split_feature=135 15 118 15 122 119 14 10 17 27 14 43 119 17 101 34 14 102 23 124 34 128 15 13 85 12 11 14 102 14 58 0 12 14 119 28 85 106
split_gain=5874.71 5547.39 198.643 97.6799 17.3545 11.5493 25.2031 20.3731 14.9604 14.7538 13.6576 11.4913 8.92979 6.86634 6.34825 8.57052 5.39593 15.0959 5.66735 5.04775 4.69924 4.67508 6.2655 4.45247 8.89522 10.5861 4.43703 4.40707 6.07334 6.24272 4.86526 12.6299 8.71119 5.86961 5.8907 4.23775 4.17155 4.0772
threshold=1.0000000180025095e-35 0.75000000000000011 1.0000000180025095e-35 0.75000000000000011 1.0000000180025095e-35 0.59866267442703258 0.51995083689689647 0.86602547764778148 0.5757979452610017 0.44228871166706091 0.52936649322509777 0.91037613153457653 0.56429719924926769 0.59572255611419689 1.0000000180025095e-35 0.61718398332595836 0.42345251142978674 0.50684645771980297 0.85851535201072704 0.077364247292280211 0.74467635154724132 -0.70710662007331837 0.75000000000000011 0.76363638043403637 0.50011277198791515 0.59895822405815136 1.3942781686782839 0.45428046584129339 0.52526098489761364 0.4682223796844483 -0.035653343424201005 0.5412975847721101 0.75789234042167675 0.50125351548194896 0.55780240893363964 0.8999604880809785 0.57840755581855785 1.0000000180025095e-35
decision_type=2 2 2 2 2 2 2 2 2 2 2 2 2 2 2 2 2 2 2 2 2 2 2 2 2 2 2 2 2 2 2 2 2 2 2 2 2 2
left_child=2 -2 14 -4 5 6 12 8 26 -7 -9 20 16 -12 21 -16 37 18 23 -6 -5 22 -1 -18 35 -26 -8 36 -29 -30 31 32 -31 -33 -35 -25 -19 -3
right_child=1 4 3 11 19 9 7 10 -10 -11 13 -13 -14 -15 15 -17 17 27 -20 -21 -22 -23 -24 24 25 -27 -28 28 29 30 -32 33 -34 34 -36 -37 -38 -39
leaf_value=0 0 2.0983778836667307e-05 0 -0.0011459567474873386 -0.0022712387982712977 -0.00041914317926468244 -0.0042527541911993195 -0.0048661269273714038 -0.0014283399088537846 0.031771598111534412 -0.0031185884886219075 0.00069187878880423107 0.036128923202218138 -0.087523981893335781 0 0 -0.0013875473213652951 0.10941033168296134 -0.0010535061473818785 0.031771598111534412 -0.0011459567474873386 0 0 -0.0046876240264344454 -0.0048752434605065119 0.0010967519817743137 -0.00032437148625623574 -0.0053655170387564158 0.11501416697080682 -0.0036414289930410447 -9.2852036200171046e-05 0.00051845343476898838 0.00037380854620877618 -0.0094483033714136255 -0.10350260461673727 -0.00065585176290961248 -0.061615265928135009 -0.0052617081939149513
leaf_weight=2527 9258 3077 189 45 696 4090 26 76 591 3110 133 322 1358 24 27 557 312 921 305 3895 44 21059 3043 44 70 21 42 504 720 81 1559 376 34 62 30 74 75 623
leaf_count=2527 9258 3077 189 45 696 4090 26 76 591 3110 133 322 1358 24 27 557 312 921 305 3895 44 21059 3043 44 70 21 42 504 720 81 1559 376 34 62 30 74 75 623
internal_value=-0.0215013 -0.00986647 -0.034966 -0.0122 0.00068542 0.000134802 -0.000672293 -0.00712108 -0.00352656 0.00138333 -0.0172876 -0.00125547 -0.000110872 -0.0240255 -0.0354679 -0.0313425 -0.000572457 -0.00140478 -0.0063632 0.00288477 -0.0139775 -0.0355584 -0.0345278 -0.00889827 -0.0134163 -0.0228132 -0.0212941 -0.000465841 -0.00115746 -0.000444444 -0.00152754 -0.00464494 -0.0165217 -0.0017265 -0.0107826 -0.00616949 0.00187149 0.000594595
internal_weight=60000 32187 27813 600 22929 18338 11138 892 659 7200 233 411 10246 157 27213 584 8888 5188 826 4591 89 26629 5570 521 209 91 68 4362 3366 2862 2142 583 115 468 92 118 996 3700
internal_count=60000 32187 27813 600 22929 18338 11138 892 659 7200 233 411 10246 157 27213 584 8888 5188 826 4591 89 26629 5570 521 209 91 68 4362 3366 2862 2142 583 115 468 92 118 996 3700
is_linear=0
shrinkage=0.04


Tree=55
num_leaves=39
num_cat=0
split_feature=118 32 128 32 42 130 119 14 10 68 14 120 129 119 22 17 101 34 12 10 102 128 112 123 14 102 119 14 30 119 102 0 12 6 68 7 12 14
split_gain=5776.99 5514.66 31.072 39.0822 19.123 17.6599 11.8147 26.445 21.757 16.2483 15.2069 11.0005 10.5532 10.3038 8.47444 6.84123 6.81879 8.57052 6.50664 6.40333 5.84173 5.45853 5.26316 4.52889 4.9246 6.7667 4.52525 4.3201 5.46473 4.82244 4.46682 4.3056 4.70626 4.14342 8.89081 10.6791 9.20852 6.19909
threshold=1.0000000180025095e-35 0.75000000000000011 -0.70710662007331837 0.75000000000000011 1.4441967606544497 0.063749678432941451 0.59866267442703258 0.51995083689689647 0.86602547764778148 0.57364675402641307 0.52936649322509777 1.0000000180025095e-35 -0.58216592669486988 0.56429719924926769 0.12999680638313296 0.59572255611419689 1.0000000180025095e-35 0.61718398332595836 0.90145155787467968 -0.0979645401239395 0.60099583864212047 -0.91037607192993153 0.47114434838294988 1.0000000180025095e-35 0.3269487619400025 0.39428536593914038 0.38069936633110052 0.44344586133956915 0.76363638043403637 0.7259977161884309 0.63957908749580394 0.38910460472106939 0.87824293971061718 0.86727058887481701 0.45372331142425543 0.79379755258560192 0.77695241570472728 0.43823994696140295
decision_type=2 2 2 2 2 2 2 2 2 2 2 2 2 2 2 2 2 2 2 2 2 2 2 2 2 2 2 2 2 2 2 2 2 2 2 2 2 2
left_child=2 -2 3 -1 -5 12 7 13 9 22 -10 21 -3 18 -13 -12 -4 -18 23 27 -15 -8 -9 24 -7 26 -26 -16 -29 30 -30 -28 -33 34 35 -27 -37 -36
right_child=1 5 16 4 -6 6 11 8 10 -11 15 14 -14 20 19 -17 17 -19 -20 -21 -22 -23 -24 -25 25 33 31 28 29 -31 -32 32 -34 -35 37 36 -38 -39
leaf_value=0 0 -0.0077174665367562428 0 0 0 2.0144427683200618e-05 -0.00040237745209409511 -0.0010145651393914205 -0.0046176282815498307 -0.0013712063124996332 -0.0029896693222127473 -0.0011613687865279923 0.030500734187073029 0.03399938560460708 0.17698416979388382 -0.084630912341661715 0 0 0.00062019848064518292 0.030500734187073029 -0.020206394647139116 -0.0065213510255064276 -0.0038847710769508129 -0.028864411204999652 -0.00044908975987818236 -8.3935115320928406e-07 -0.022735587313124753 0.16200439470920977 0.15416351967393685 0.26077447051542235 -0.082399387371627275 0.0031617609775960089 -0.0050450608462256985 1.9812616853356263e-05 2.0144427683222115e-05 -0.00088295190134392678 -8.3935115346743768e-07 -0.002330656467906863
leaf_weight=2657 9293 172 21155 2493 904 827 805 38 72 615 125 1276 3233 1309 406 22 27 557 1638 4371 205 448 38 535 56 163 32 372 62 69 187 34 22 2426 872 45 113 2326
leaf_count=2657 9293 172 21155 2493 904 827 805 38 72 615 125 1276 3233 1309 406 22 27 557 1638 4371 205 448 38 535 56 163 32 372 62 69 187 34 22 2426 872 45 113 2326
internal_value=-0.0215393 -0.0100094 -0.0349004 -0.032366 -0.0295237 0.000531378 6.74562e-05 -0.000752888 -0.0072967 -0.00381476 -0.0182831 0.00124862 0.00318943 -0.000191266 0.00188818 -0.0256599 -0.0356062 -0.0313425 -0.000700187 0.00257326 0.00286394 -0.00219314 -0.0212632 -0.00120199 -0.000927704 -0.00132107 -0.00988889 -0.000160584 -0.00208696 -0.00593711 -0.00853012 -0.0155455 -0.00885714 -0.00111354 -0.00199034 -0.00833645 -0.0157468 -0.00135335
internal_weight=60000 32207 27793 6054 3397 22914 19509 11513 910 691 219 7996 3405 10603 6743 147 21739 584 9089 5467 1514 1253 76 7451 6916 6089 144 1096 690 318 249 88 56 5945 3519 321 158 3198
internal_count=60000 32207 27793 6054 3397 22914 19509 11513 910 691 219 7996 3405 10603 6743 147 21739 584 9089 5467 1514 1253 76 7451 6916 6089 144 1096 690 318 249 88 56 5945 3519 321 158 3198
is_linear=0
shrinkage=0.04


Tree=56
num_leaves=39
num_cat=0
split_feature=135 15 118 15 119 48 10 27 68 48 43 119 17 5 101 34 48 119 48 119 51 119 112 34 48 85 102 94 15 119 48 48 58 119 12 48 119 95
split_gain=5860.36 5533.16 196.373 96.5885 17.9376 28.5313 20.0186 17.0762 15.4227 13.6576 12.7987 11.6926 6.86634 6.60499 6.34825 8.57052 6.23057 19.6244 6.99384 7.93361 5.58654 7.1581 4.75 4.70957 4.70701 4.63535 4.51325 4.50431 6.79063 4.17428 4.52466 3.92838 4.07257 8.06175 10.7162 5.67765 6.34429 3.62521
threshold=1.0000000180025095e-35 0.75000000000000011 1.0000000180025095e-35 0.75000000000000011 0.59866267442703258 0.51995083689689647 0.86602547764778148 0.44228871166706091 0.57364675402641307 0.52936649322509777 0.91037613153457653 0.56429719924926769 0.59572255611419689 0.14874587953090671 1.0000000180025095e-35 0.61718398332595836 0.43158185482025152 0.50974160432815563 0.45142881572246557 0.5205402970314027 0.71083256602287304 0.47632130980491644 0.47114434838294988 0.74467635154724132 0.45428046584129339 0.65449142456054699 0.60099583864212047 -0.58216583728790272 0.75000000000000011 0.62711676955223095 0.41325272619724279 0.46802867949008947 -0.035653343424201005 0.54231527447700512 0.71668395400047313 0.50125351548194896 0.55780240893363964 -0.9807852804660796
decision_type=2 2 2 2 2 2 2 2 2 2 2 2 2 2 2 2 2 2 2 2 2 2 2 2 2 2 2 2 2 2 2 2 2 2 2 2 2 2
left_child=2 -2 14 -4 5 11 8 25 22 -8 23 16 -11 -9 27 -16 20 24 -19 -20 21 -3 -7 -5 -18 -6 -13 28 -1 30 -27 -21 33 34 -33 -35 -37 -31
right_child=1 4 3 10 7 6 9 13 -10 12 -12 26 -14 -15 15 -17 17 18 19 31 -22 -23 -24 -25 -26 29 -28 -29 -30 37 -32 32 -34 35 -36 36 -38 -39
leaf_value=0 0 -8.0577710702107147e-07 0 -0.0010536637261267252 0.043143243011351577 -0.0009739825338157637 -0.004486776719014555 -0.017353252168251173 -0.0013163580599996479 -0.002874258176188521 0.00071065838871318151 0.031223988562998316 -0.080637786123935878 0.029280704819590112 0 0 -0.0045870074633699767 0.12889517599465788 -0.0051516888618802926 0.080673977663437355 -0.018291239722551457 0.045816149728250356 -0.0037293802338727801 -0.0010536637261267252 -0.00076539517413079798 0.17777418955315408 -0.01939813886125355 0 0 -0.019163272710271042 -0.090239273885502985 -0.0034200799595531929 -0.00010359039189705826 0.00065299404224057969 0.00044231892431084361 -0.0090502225002661394 -0.099400599679221227 0.00019013724286884274
leaf_weight=2801 9258 2756 189 45 645 38 76 391 617 133 322 1567 24 5138 27 557 644 704 357 827 223 1658 38 44 176 61 205 20778 3050 25 181 99 1729 398 66 63 30 4060
leaf_count=2801 9258 2756 189 45 645 38 76 391 617 133 322 1567 24 5138 27 557 644 704 357 827 223 1658 38 44 176 61 205 20778 3050 25 181 99 1729 398 66 63 30 4060
internal_value=-0.0215207 -0.00990002 -0.0349688 -0.0123333 0.000638318 -0.000390087 -0.00714471 0.00185544 -0.00373449 -0.0172876 -0.00145012 0.000153713 -0.0240255 0.00338506 -0.0354679 -0.0313425 -0.000390545 -0.00135637 -0.000268664 -0.000987391 0.000670261 0.000982329 -0.0207368 -0.0148764 -0.00702439 0.000154465 0.00314221 -0.0355584 -0.034578 -0.000317079 -0.00542149 -0.000358655 -0.00118239 -0.00386585 -0.0115152 -0.00129532 -0.0101935 -1.46877e-05
internal_weight=60000 32187 27813 600 22929 12428 926 10501 693 233 411 11502 157 5529 27213 584 9730 5093 4273 3569 4637 4414 76 89 820 4972 1772 26629 5851 4327 242 3212 2385 656 165 491 93 4085
internal_count=60000 32187 27813 600 22929 12428 926 10501 693 233 411 11502 157 5529 27213 584 9730 5093 4273 3569 4637 4414 76 89 820 4972 1772 26629 5851 4327 242 3212 2385 656 165 491 93 4085
is_linear=0
shrinkage=0.04


Tree=57
num_leaves=39
num_cat=0
split_feature=135 15 118 15 119 14 10 27 14 119 43 29 17 84 102 5 119 14 14 85 29 119 41 51 68 106 68 119 68 128 15 14 102 34 85 85 14 14
split_gain=5841.78 5516.31 196.373 96.5885 19.9746 22.1449 22.8397 17.3065 13.6576 13.3094 12.7987 7.50335 6.86634 6.04668 11.1524 5.87463 5.74199 15.9068 8.49468 6.9377 5.85915 11.4911 8.04521 5.65376 6.52084 5.64176 5.36837 5.34936 5.10108 5.02593 6.2655 4.7349 8.54715 4.70957 4.65041 4.63535 4.55301 4.53544
threshold=1.0000000180025095e-35 0.75000000000000011 1.0000000180025095e-35 0.75000000000000011 0.59866267442703258 0.51995083689689647 0.86602547764778148 0.44228871166706091 0.52936649322509777 0.56429719924926769 0.91037613153457653 0.90145155787467968 0.59572255611419689 1.0000000180025095e-35 0.7080698311328889 0.14874587953090671 0.51532536745071422 0.42345251142978674 0.45820383727550512 0.58643448352813732 0.76287078857421886 0.45485258102416998 0.70049461722373974 0.48568895459175115 0.47625610232353216 1.0000000180025095e-35 0.57364675402641307 0.52763688564300548 0.45372331142425543 -0.70710662007331837 0.75000000000000011 0.3916513472795487 0.40952850878238684 0.74467635154724132 0.56275790929794323 0.65449142456054699 0.47904258966445928 0.47904258966445928
decision_type=2 2 2 2 2 2 2 2 2 2 2 2 2 2 2 2 2 2 2 2 2 2 2 2 2 2 2 2 2 2 2 2 2 2 2 2 2 2
left_child=2 -2 13 -4 5 9 26 35 -8 11 33 16 -10 29 -15 -9 17 20 19 -18 25 22 -22 24 -19 -3 -7 36 31 30 -1 32 -24 -5 -23 -6 -20 -29
right_child=1 4 3 10 7 6 8 15 12 -11 -12 -13 -14 14 -16 -17 18 23 27 -21 21 34 28 -25 -26 -27 -28 37 -30 -31 -32 -33 -34 -35 -36 -37 -38 -39
leaf_value=0 0 1.9370881660153436e-05 0 -0.0010115171770816562 0.041417513290897531 -0.0023107951804567598 -0.0043073056502539722 -0.016659122081521129 -0.0027592878491409802 0.029615544830866477 0.00068223205316465417 0.0014850385556726211 -0.077412274678978446 0 0 0.028109476626806504 0.046181032661571954 -0.0018902087539979587 -0.02501003315879256 -0.03864170766736208 -1.4673265645881159e-06 8.5867362340132978e-05 -0.004843226181292389 -0.0043238525088802066 -0.0018255138731064469 -0.0076820533161791318 -0.001263703737599662 0.09874689392753036 0.00020969478173354949 0 0 -7.7354602274022872e-07 -7.7354602304789735e-07 -0.0010115171770816562 -0.066036621458795686 -0.00058964881976591337 0.00099016068630352694 -0.0010677295379072044
leaf_weight=2527 9258 1663 189 45 645 76 76 391 133 1772 322 1797 24 49 1103 5138 1126 94 191 147 188 501 72 1130 90 209 617 407 32 20491 3043 32 52 44 23 4327 84 1892
leaf_count=2527 9258 1663 189 45 645 76 76 391 133 1772 322 1797 24 49 1103 5138 1126 94 191 147 188 501 72 1130 90 209 617 407 32 20491 3043 32 52 44 23 4327 84 1892
internal_value=-0.021542 -0.00993979 -0.0349688 -0.0123333 0.000582494 -0.000502736 -0.00645356 0.00186687 -0.0172876 -2.36479e-05 -0.00145012 -0.000604316 -0.0240255 -0.0354679 -0.0326319 0.00340676 -0.00113299 -0.00217719 -2.39146e-05 0.00264886 -0.000458874 -0.00311111 -0.00844681 -0.00580213 -0.0123043 0.000816239 -0.00281097 -0.00134577 -0.0142979 -0.0355933 -0.0345278 -0.0172821 -0.0137419 -0.0148764 0.000717557 0.000154465 -0.00661818 -0.000715093
internal_weight=60000 32187 27813 600 22929 12428 926 10501 233 11502 411 9730 157 27213 1152 5529 7933 4086 3847 1273 2772 900 376 1314 184 1872 693 2574 188 26061 5570 156 124 89 524 4972 275 2299
internal_count=60000 32187 27813 600 22929 12428 926 10501 233 11502 411 9730 157 27213 1152 5529 7933 4086 3847 1273 2772 900 376 1314 184 1872 693 2574 188 26061 5570 156 124 89 524 4972 275 2299
is_linear=0
shrinkage=0.04


Tree=58
num_leaves=39
num_cat=0
split_feature=135 15 118 15 119 27 14 10 14 43 119 14 51 119 14 11 14 14 101 34 119 14 85 85 60 14 14 102 5 17 12 51 102 14 34 128 15 85
split_gain=5861.52 5534.21 196.373 96.5885 18.2855 17.3835 16.0333 16.658 16.124 12.7987 12.1053 7.44679 16.7759 8.18537 11.519 7.42045 7.85739 6.81938 6.34825 8.57052 6.02604 6.77323 5.99355 5.83675 9.99199 6.51197 6.26563 5.69852 5.64069 5.22902 5.22414 5.06727 7.65958 4.80038 4.70957 4.67508 6.2655 4.63535
threshold=1.0000000180025095e-35 0.75000000000000011 1.0000000180025095e-35 0.75000000000000011 0.59866267442703258 0.44228871166706091 0.51995083689689647 0.86602547764778148 0.53617689013481151 0.91037613153457653 0.56429719924926769 0.3916513472795487 0.45540711283683782 0.51532536745071422 0.42345251142978674 1.050026059150696 0.41325272619724279 0.45591865479946142 1.0000000180025095e-35 0.61718398332595836 0.52763688564300548 0.47904258966445928 0.58332985639572155 0.54450696706771862 -0.44228866696357721 0.488080844283104 0.48913984000682836 0.60099583864212047 0.14874587953090671 0.54184892773628246 0.71668395400047313 0.48568895459175115 0.47612912952899938 0.48630662262439733 0.74467635154724132 -0.70710662007331837 0.75000000000000011 0.65449142456054699
decision_type=2 2 2 2 2 2 2 2 2 2 2 2 2 2 2 2 2 2 2 2 2 2 2 2 2 2 2 2 2 2 2 2 2 2 2 2 2 2
left_child=2 -2 18 -4 6 37 10 -8 -9 34 11 -3 15 14 -14 -13 -17 22 35 -20 30 -22 -15 24 29 -26 -25 -12 -7 -23 -19 32 -16 -31 -5 36 -1 -6
right_child=1 4 3 9 5 28 7 8 -10 -11 27 12 13 17 31 16 -18 20 19 -21 21 23 -24 26 25 -27 -28 -29 -30 33 -32 -33 -34 -35 -36 -37 -38 -39
leaf_value=0 0 1.8596046393747299e-05 0 -0.00097105648999839004 0.039760812759261618 -0.015992757198260283 -0.0012131555880956755 -0.0031016213217523562 -0.0037599239386902411 0.00065494277103806797 0.028790407227243728 -0.0017979817667372153 1.5936187166568754e-05 0.048862070987955558 0.00016367903353682017 -9.5809495968497443e-06 -0.0018257258415285591 0.0010421194278020618 0 0 0.10656109440926549 0.00068066797815548752 -0.05515742074472265 0.048629287917686337 -0.004195561344658507 -0.00028290237700140971 -0.0043939859003076414 -0.019806835100038066 0.026985097561734256 -0.041694728510718218 -0.018570122933442575 -0.0036219312383261319 -0.0017517976642993113 0.00201394262522626 -0.00097105648999839004 0 0 -0.00056606286697527682
leaf_weight=2527 9258 2739 189 45 645 391 693 141 92 322 1567 69 1180 979 52 52 49 128 27 557 730 177 107 648 126 55 861 205 5138 76 262 1282 94 64 44 21059 3043 4327
leaf_count=2527 9258 2739 189 45 645 391 693 141 92 322 1567 69 1180 979 52 52 49 128 27 557 730 177 107 648 126 55 861 205 5138 76 262 1282 94 64 44 21059 3043 4327
internal_value=-0.0215193 -0.00989754 -0.0349688 -0.0123333 0.000641807 0.00187068 -0.000396524 -0.00546004 -0.0147124 -0.00145012 1.11286e-05 -0.000542651 -0.0012353 -0.000925964 -0.00268712 -0.0136471 -0.0205545 0.000164254 -0.0354679 -0.0313425 -0.000784138 -0.000121301 0.00289503 -0.00132138 -0.0050763 -0.0125746 -8.21735e-05 0.00305192 0.003414 -0.000794953 -0.0054359 -0.00510364 -0.0121644 -0.00657143 -0.0148764 -0.0355584 -0.0345278 0.000154465
internal_weight=60000 32187 27813 600 22929 10501 12428 926 233 411 11502 9730 6991 6821 2608 170 101 4213 27213 584 3127 2737 1086 2007 498 181 1509 1772 5529 317 390 1428 146 140 89 26629 5570 4972
internal_count=60000 32187 27813 600 22929 10501 12428 926 233 411 11502 9730 6991 6821 2608 170 101 4213 27213 584 3127 2737 1086 2007 498 181 1509 1772 5529 317 390 1428 146 140 89 26629 5570 4972
is_linear=0
shrinkage=0.04


Tree=59
num_leaves=39
num_cat=0
split_feature=135 15 118 15 119 48 43 39 96 101 68 48 119 119 51 119 48 10 119 48 41 0 128 15 48 85 17 48 95 48 85 51 119 48 119 28 125 119
split_gain=5897.61 5566.93 196.373 96.5885 17.211 18.2102 12.7987 11.3004 8.80427 6.34825 8.29514 5.82705 7.23378 6.75568 5.06696 4.95021 8.84525 7.4743 6.11545 6.86829 6.6456 13.187 4.67508 6.2655 4.41103 4.38046 4.24044 4.16369 4.04884 4.0462 4.0373 3.65485 3.80576 6.16059 18.9506 7.84131 3.61385 3.59903
threshold=1.0000000180025095e-35 0.75000000000000011 1.0000000180025095e-35 0.75000000000000011 0.51532536745071422 0.42345251142978674 0.91037613153457653 0.60249200463294994 0.082365725189447417 1.0000000180025095e-35 0.65515419840812694 0.45820383727550512 0.52763688564300548 0.74709975719451915 0.48568895459175115 0.59866267442703258 0.51995083689689647 0.7294733226299287 0.56429719924926769 0.47904258966445928 1.0000000180025095e-35 0.5412975847721101 -0.70710662007331837 0.75000000000000011 0.48630662262439733 0.47632676362991339 0.73366934061050426 0.53617689013481151 0.99892947077751171 0.488080844283104 0.71251320838928234 0.58335405588150036 0.48003464937210089 0.3916513472795487 0.45485258102416998 0.84392288327217113 0.78406673669815075 0.39440976083278662
decision_type=2 2 2 2 2 2 2 2 2 2 2 2 2 2 2 2 2 2 2 2 2 2 2 2 2 2 2 2 2 2 2 2 2 2 2 2 2 2
left_child=2 -2 9 -4 5 31 26 8 -6 22 -11 13 -13 -10 25 16 18 -18 19 -14 21 29 23 -1 -23 -7 -5 -19 36 -21 -17 32 33 37 35 -35 -16 -3
right_child=1 4 3 6 7 14 -8 -9 11 10 -12 12 15 -15 28 30 17 27 -20 20 -22 24 -24 -25 -26 -27 -28 -29 -30 -31 -32 -33 -34 34 -36 -37 -38 -39
leaf_value=0 0 -0.0019733454711977562 0 -0.00093221423039845444 0.025905693659264876 -0.0018048813409205517 0.00062874506019654523 -0.0011646293645718485 0.025905693659264876 0 0 -0.0099808157652124321 0.10229865063289488 -0.00066950571903204759 -0.0040856958149469245 0.025905693659264876 -7.0306869220556671e-05 -0.0033976205760901717 0.029738593225100765 -0.0030552107461227704 5.8219200486107106e-05 0.048204299522569473 0 0 -0.013082610118348418 -0.0016865953404014964 -0.00093221423039845444 -0.0036479505778614953 -0.0071338705546032267 -0.00030919379204087855 0.001037128251552467 -0.012402236661565272 0.095151734332301022 -0.0017592924755177573 -1.0218397083512492e-05 -9.1977116129757534e-06 -0.0022889612416635181 0.00015055855809012868
leaf_weight=2527 9258 833 189 46 3239 93 322 2895 3052 25 559 306 584 1044 196 1751 467 203 944 71 1247 133 21059 3043 285 94 43 119 20 21 1414 265 600 32 694 56 1076 1195
leaf_count=2527 9258 833 189 46 3239 93 322 2895 3052 25 559 306 584 1044 196 1751 467 203 944 71 1247 133 21059 3043 285 94 43 119 20 21 1414 265 600 32 694 56 1076 1195
internal_value=-0.021478 -0.00982049 -0.0349688 -0.0123333 0.000749967 -0.00128522 -0.00145012 0.00134008 0.00178495 -0.0354679 -0.0313425 0.00127171 0.000612326 0.00248633 -0.00503313 0.000866971 -5.49827e-05 -0.00385805 0.000858448 -0.000237505 -0.00148662 -0.00533333 -0.0355584 -0.0345278 -0.00231579 -0.0111872 -0.0148764 -0.00854658 -0.00414241 -0.0190435 0.00205371 0.000223129 0.00057478 -4.27045e-05 -0.00305882 -0.0205455 -0.00386163 0.00112032
internal_weight=60000 32187 27813 600 22929 5154 411 17775 14880 27213 584 11641 7545 4096 1479 7239 4074 789 3285 2341 1757 510 26629 5570 418 187 89 322 1292 92 3165 3675 3410 2810 782 88 1272 2028
internal_count=60000 32187 27813 600 22929 5154 411 17775 14880 27213 584 11641 7545 4096 1479 7239 4074 789 3285 2341 1757 510 26629 5570 418 187 89 322 1292 92 3165 3675 3410 2810 782 88 1272 2028
is_linear=0
shrinkage=0.04


Tree=60
num_leaves=39
num_cat=0
split_feature=135 15 118 15 107 43 119 73 14 101 34 119 14 119 75 128 15 14 102 119 14 34 34 74 7 34 14 119 62 96 9 92 119 57 70 7 119 14
split_gain=5926.51 5594.98 199.783 98.2279 15.192 10.864 10.1342 11.4256 7.38389 6.34825 8.57052 6.28185 8.48442 7.00795 6.77092 4.67508 6.2655 4.58569 5.70695 4.33341 7.78983 4.99395 4.24597 4.18948 3.84872 3.81414 3.68823 13.918 5.05353 3.56875 3.14014 3.11956 3.11405 3.99282 3.94584 3.074 3.01973 3.01307
threshold=1.0000000180025095e-35 0.75000000000000011 1.0000000180025095e-35 0.75000000000000011 0.38978694379329687 0.91037613153457653 0.56429719924926769 0.10881865024566652 0.41325272619724279 1.0000000180025095e-35 0.61718398332595836 0.50974160432815563 0.47904258966445928 0.54231527447700512 -0.19036845862865445 -0.70710662007331837 0.75000000000000011 0.49782148003578192 0.5541210174560548 0.52266719937324535 0.42232480645179754 0.50944256782531749 0.74467635154724132 0.8539130985736848 0.22677318751811984 0.69612982869148265 0.51995083689689647 0.59866267442703258 0.13653441518545154 0.38252201676368719 0.16280831396579745 -0.097659248858690248 0.72977426648139965 0.8277280628681184 1.0000000180025095e-35 1.7876941561698916 0.387991413474083 0.44344586133956915
decision_type=2 2 2 2 2 2 2 2 2 2 2 2 2 2 2 2 2 2 2 2 2 2 2 2 2 2 2 2 2 2 2 2 2 2 2 2 2 2
left_child=2 -2 9 -4 6 22 8 32 36 15 -11 24 -13 14 29 16 -1 -15 -19 20 -6 23 -5 35 37 -21 -9 28 -28 -14 -27 -20 -8 34 -34 -22 -3 -10
right_child=1 4 3 5 19 -7 7 26 11 10 -12 12 13 17 -16 -17 -18 18 31 25 21 -23 -24 -25 -26 30 27 -29 -30 -31 -32 -33 33 -35 -36 -37 -38 -39
leaf_value=0 0 -0.0017067958018823957 0 -0.00089492566118251626 8.542266562400436e-09 0.00060359525778868348 0.053853125532876515 0.024869465912894278 -0.0018916199890477098 0 0 0.019888517507944938 -0.0028692522506891609 0.00044655650478397181 -0.00057951749938591824 0 0 0.00098701012312742468 -0.10221276825929558 0.00069794192356627369 -0.0039222679823490468 -0.0023313714004178964 -0.00089492566118251626 -0.0010097005592734649 -0.0006326110400600146 -0.00061154617950713358 -0.0054794083286015217 0.024869465912894278 -0.0032298177993777643 -0.0060755429789112712 -0.018290955417724773 -0.015767872548789703 -0.20051291504668189 -0.0080282627575442595 -0.017832753347112606 -0.0039941373652803832 0.043613768612367335 -0.0055945063729681346
leaf_weight=2527 9258 265 189 45 1871 322 391 5679 273 27 557 1206 68 554 77 21059 3043 71 53 2882 227 734 44 188 295 3776 31 1068 364 31 26 33 62 797 143 89 1544 131
leaf_count=2527 9258 265 189 45 1871 322 391 5679 273 27 557 1206 68 554 77 21059 3043 71 53 2882 227 734 44 188 295 3776 31 1068 364 31 26 33 62 797 143 89 1544 131
internal_value=-0.0214407 -0.00975462 -0.0349645 -0.0121333 0.000842427 -0.00115815 0.00173143 0.00254716 0.000218214 -0.0354679 -0.0313425 -0.00107163 2.48449e-05 -0.00294476 -0.0100909 -0.0355584 -0.0345278 -0.00117581 -0.00721019 -0.000350046 -0.00158379 -0.00404523 -0.0135281 -0.00711111 -0.00435479 0.000223818 0.0031935 0.0014026 -0.00501266 -0.0170101 -0.000608101 -0.0141395 -0.00076669 -0.0019481 -0.00692683 -0.00992405 0.00220896 -0.00689109
internal_weight=60000 32187 27813 600 22929 411 13136 8535 4601 27213 584 2792 2093 887 176 26629 5570 711 157 9793 3109 1238 89 504 699 6684 7142 1463 395 99 3802 86 1393 1002 205 316 1809 404
internal_count=60000 32187 27813 600 22929 411 13136 8535 4601 27213 584 2792 2093 887 176 26629 5570 711 157 9793 3109 1238 89 504 699 6684 7142 1463 395 99 3802 86 1393 1002 205 316 1809 404
is_linear=0
shrinkage=0.04


Tree=61
num_leaves=39
num_cat=0
split_feature=135 15 84 73 15 130 102 14 102 43 18 120 14 102 102 14 102 113 14 41 102 73 12 128 15 17 39 14 17 14 17 25 14 0 17 70 14 41
split_gain=5894.42 5565.87 102.221 104.286 98.3737 16.0756 13.6621 13.613 11.1909 10.6907 7.13168 6.75755 5.63114 7.99224 5.73624 7.45422 5.90642 5.84339 5.57878 5.84579 11.8249 5.49663 5.04412 5.02593 6.2655 4.9912 4.86081 4.62822 3.90703 3.69447 5.87372 3.64909 3.64185 4.60467 3.58135 3.83391 3.28217 3.30222
threshold=1.0000000180025095e-35 0.75000000000000011 1.0000000180025095e-35 0.062477946281433112 0.75000000000000011 0.063749678432941451 0.51555371284484874 0.42345251142978674 0.7080698311328889 0.91037613153457653 1.0000000180025095e-35 1.0000000180025095e-35 0.45820383727550512 0.52526098489761364 0.59790590405464183 0.51995083689689647 0.56428781151771557 0.14017961174249652 0.47904258966445928 1.0000000180025095e-35 0.54245403409004223 0.10491276904940607 0.76587370038032543 -0.70710662007331837 0.75000000000000011 0.48513673245906835 0.13240957260131839 0.488080844283104 0.73366934061050426 0.50125351548194896 0.55388385057449352 -0.70013734698295582 0.43158185482025152 0.50898274779319774 0.47617696225643164 1.0000000180025095e-35 0.45428046584129339 1.6999663710594179
decision_type=2 2 2 2 2 2 2 2 2 2 2 2 2 2 2 2 2 2 2 2 2 2 2 2 2 2 2 2 2 2 2 2 2 2 2 2 2 2
left_child=2 -2 23 8 -5 11 7 -7 -4 28 -8 -3 21 22 15 16 18 -17 -15 20 27 -12 -14 24 -1 34 -16 31 -6 -22 -31 -20 -27 36 35 -9 37 -34
right_child=1 5 3 4 9 6 10 25 -10 -11 12 -13 13 14 26 17 -18 -19 19 -21 29 -23 -24 -25 -26 32 -28 -29 -30 30 -32 -33 33 -35 -36 -37 -38 -39
leaf_value=0 0 -0.007317474338272313 0 0 -0.00085912863473521558 -7.509130052143517e-06 -0.00061182132694431789 -0.0043361369804416358 0 0.00057945144747713611 -0.0067595379386425226 0.023874687276378523 -0.0052169723731258257 0.065114835321169587 -0.0047635208104203405 -0.0031251970435327851 0.027072470046864753 -0.0017129414106166173 -0.0027149148327465849 8.5744917553843598e-05 0.00047448807474547821 0.023874687276378523 -0.022895511961437305 0 0 0.0011389328048441838 0.023874687276378523 -0.00031617916121402453 -0.00085912863473521558 0.0021891079150462909 -0.089889405984687587 -0.002903041841166615 -0.0037653772630550854 -0.0021825520416291449 -0.0015889442300756837 0.00025463156743457004 0.0002753659386136509 -0.0038343718706691683
leaf_weight=2527 9258 151 49 189 47 3314 3631 35 1102 322 587 3289 140 646 716 26 925 746 65 1265 352 3214 85 20491 3043 171 2227 30 43 38 42 20 385 571 70 55 74 59
leaf_count=2527 9258 151 49 189 47 3314 3631 35 1102 322 587 3289 140 646 716 26 925 746 65 1265 352 3214 85 20491 3043 171 2227 30 43 38 42 20 385 571 70 55 74 59
internal_value=-0.0214773 -0.00982297 -0.0349645 -0.0256119 -0.0121065 0.000746478 0.000301504 -0.00156823 -0.0326638 -0.00114563 0.000901389 0.00326744 0.00140381 0.000755428 0.000990702 3.36945e-05 0.000843039 -0.00351295 -0.000182262 -0.00132009 -0.00477514 0.00265299 -0.00666667 -0.0355933 -0.0345278 -0.00484507 0.00234183 -0.0161739 -0.0133333 -0.00174074 -0.0095 -0.0209412 -0.004 -0.00485216 -0.0115 -0.00622222 -0.00758301 -0.00888288
internal_weight=60000 32187 27813 1752 601 22929 19489 4734 1151 412 14755 3440 11124 7323 7098 4155 3383 772 2458 1812 547 3801 225 26061 5570 1420 2943 115 90 432 80 85 1260 1089 160 90 518 444
internal_count=60000 32187 27813 1752 601 22929 19489 4734 1151 412 14755 3440 11124 7323 7098 4155 3383 772 2458 1812 547 3801 225 26061 5570 1420 2943 115 90 432 80 85 1260 1089 160 90 518 444
is_linear=0
shrinkage=0.04


Tree=62
num_leaves=39
num_cat=0
split_feature=135 15 118 15 119 14 39 43 79 101 34 111 15 51 85 119 14 119 126 14 0 34 68 119 14 12 85 68 107 13 119 68 56 90 119 14 14 51
split_gain=5897.91 5569.04 199.783 98.2279 20.0637 15.2557 11.8702 10.864 7.25351 6.34825 8.57052 4.648 6.64501 4.63913 5.01757 4.59021 6.71862 8.30318 4.32079 6.33638 4.8473 4.24597 4.01322 3.79676 7.6135 6.39373 8.78107 7.50955 4.52136 5.37794 8.22943 7.34694 4.12048 3.65307 3.64023 5.94007 3.47449 4.3614
threshold=1.0000000180025095e-35 0.75000000000000011 1.0000000180025095e-35 0.75000000000000011 0.51532536745071422 0.42345251142978674 0.54360640048980724 0.91037613153457653 0.19268713146448138 1.0000000180025095e-35 0.61718398332595836 -0.63405361771583546 0.75000000000000011 0.48568895459175115 0.47632676362991339 0.77130869030952465 0.45820383727550512 0.54773756861686718 -0.30159093439579004 0.47904258966445928 0.54346486926078807 0.74467635154724132 0.52509722113609325 0.46714878082275396 0.33297631144523626 1.0297048687934878 0.46157070994377142 0.40256966650485998 0.38978694379329687 0.93636366724967968 0.41975449025630956 0.45372331142425543 0.38656140863895422 0.096937041729688658 0.59866267442703258 0.51995083689689647 0.43158185482025152 0.50622645020484935
decision_type=2 2 2 2 2 2 2 2 2 2 2 2 2 2 2 2 2 2 2 2 2 2 2 2 2 2 2 2 2 2 2 2 2 2 2 2 2 2
left_child=2 -2 9 -4 5 23 8 21 33 11 -11 12 -1 14 -7 16 -10 18 19 22 -21 -5 -18 24 -3 27 -27 -26 29 30 32 -31 -29 -6 35 -19 -15 -38
right_child=1 4 3 7 6 13 -8 -9 15 10 -12 -13 -14 36 -16 -17 17 34 -20 20 -22 -23 -24 -25 25 26 -28 28 -30 31 -32 -33 -34 -35 -36 -37 37 -39
leaf_value=0 0 9.7086046897330893e-05 0 -0.00082476348934580699 -0.080652267360078356 -0.0016772786289150415 -0.00044790047745533372 0.00055627338957805062 0.023030784351611117 0 0 0 0 0.00691126230683626 -0.0016035579040808521 -0.0094769565705464295 -0.016791878282183533 0.0036855433045328827 -0.00025786391542462499 -0.0027103521207318838 -0.00088150210979541868 -0.00082476348934580699 0.15792097352097265 0.0016665277709384948 -0.0045710071335371104 -0.0034379181537993403 -0.0049850109065564096 -0.0017328717831017924 3.0856577798564512e-07 -0.0031570488640811269 4.527777784275215e-05 9.3326292584122316e-05 -0.0017324072446449662 0.022919699785323395 0.022919699785323395 -0.0018853805929544521 -0.003609127612911065 -0.0026695460994769636
leaf_weight=2688 9258 1375 189 45 200 93 4364 322 2492 27 557 20891 3050 167 94 1239 40 1650 887 108 70 44 118 1251 93 61 60 64 478 34 209 25 25 4334 1659 614 465 660
leaf_count=2688 9258 1375 189 45 200 93 4364 322 2492 27 557 20891 3050 167 94 1239 40 1650 887 108 70 44 118 1251 93 61 60 64 478 34 209 25 25 4334 1659 614 465 660
internal_value=-0.0214733 -0.00981552 -0.0349645 -0.0121333 0.000756945 -0.00144043 0.00139409 -0.00115815 0.00198374 -0.0354679 -0.0313425 -0.0355584 -0.03455 -0.00487086 -0.0107594 0.00131891 0.00168526 0.000859697 -0.00201799 -0.00588095 -0.0110562 -0.0135281 -5.06328e-05 -5.98638e-05 -0.000983498 -0.00355005 -0.0121983 -0.00242241 -0.00122156 -0.00462745 -0.00244295 -0.015661 -0.0126292 0.0032854 0.00175682 0.000713781 -0.00401858 -0.00481778
internal_weight=60000 32187 27813 600 22929 5154 17775 411 13411 27213 584 26629 5738 1479 187 8877 7638 5146 1223 336 178 89 158 3675 2424 1049 121 928 835 357 298 59 89 4534 3923 2264 1292 1125
internal_count=60000 32187 27813 600 22929 5154 17775 411 13411 27213 584 26629 5738 1479 187 8877 7638 5146 1223 336 178 89 158 3675 2424 1049 121 928 835 357 298 59 89 4534 3923 2264 1292 1125
is_linear=0
shrinkage=0.04


Tree=63
num_leaves=39
num_cat=0
split_feature=135 15 118 15 119 18 43 14 119 56 119 14 14 119 14 101 34 14 119 14 62 75 41 14 128 15 119 14 109 34 119 7 119 14 119 107 119 14
split_gain=5895.58 5566.93 199.783 98.2279 19.5469 12.253 10.864 9.48324 7.28179 7.16275 11.5215 12.9958 7.04718 8.31349 13.121 6.34825 8.57052 6.2146 5.82177 8.95963 8.36805 5.95623 5.22836 4.7358 4.67508 6.2655 4.6072 7.79343 4.5317 4.24597 4.15116 3.99244 3.8108 4.97525 8.04976 6.13552 4.95908 9.8485
threshold=1.0000000180025095e-35 0.75000000000000011 1.0000000180025095e-35 0.75000000000000011 0.52763688564300548 1.0000000180025095e-35 0.91037613153457653 0.41325272619724279 0.48508223891258245 0.11343243718147279 0.59866267442703258 0.47904258966445928 0.43158185482025152 0.50974160432815563 0.45142881572246557 1.0000000180025095e-35 0.61718398332595836 0.45428046584129339 0.54773756861686718 0.51995083689689647 0.286897823214531 0.3884244859218598 -0.27523687481880182 0.48913984000682836 -0.70710662007331837 0.75000000000000011 0.56429719924926769 0.49318374693393713 -0.55886277556419361 0.74467635154724132 0.46714878082275396 -0.15777298063039777 0.46714878082275396 0.33297631144523626 0.401892900466919 0.38978694379329687 0.41975449025630956 0.3916513472795487
decision_type=2 2 2 2 2 2 2 2 2 2 2 2 2 2 2 2 2 2 2 2 2 2 2 2 2 2 2 2 2 2 2 2 2 2 2 2 2 2
left_child=2 -2 15 -4 7 -6 29 32 22 -7 11 -11 -10 17 -15 24 -17 -14 21 26 28 23 -9 -13 25 -1 27 -20 -21 -5 -24 -30 33 -3 -35 36 -36 -38
right_child=1 4 3 6 5 9 -8 8 12 10 -12 18 13 14 -16 16 -18 -19 19 20 -22 -23 30 -25 -26 -27 -28 -29 31 -31 -32 -33 -34 34 35 -37 37 -39
leaf_value=0 0 9.320260502143766e-05 0 -0.00079177294977197477 -0.00060137039481421978 -0.0069952760189656961 0.00053402245399492866 -0.005308391401119824 0.11815750319094935 0.025632411235247017 0.022002911793910444 -0.0035434151132255056 -0.0034776315738528369 0.18751440976208034 -0.0050020784399375092 0 0 0.00091592082979672826 0.069341500220034755 -0.006189119448960694 -0.0010831150554876155 -9.5445660149101188e-05 -0.00021522905591219769 -0.00014585489173114306 0 0 0.025703315764508152 -0.009886537536067835 0.00040909525264380773 -0.00079177294977197477 -0.0014461645456645736 -0.0030063289530148987 0.06327494867758858 -0.0045753465651073447 -0.001663110954859226 3.2397436848752196e-07 0.17996644206650753 -0.0032141073021838377
leaf_weight=2527 9258 1375 189 45 3584 1146 322 98 405 1964 6496 221 617 540 709 27 557 136 565 48 686 368 180 113 21059 3043 884 559 38 44 318 27 946 97 95 448 158 108
leaf_count=2527 9258 1375 189 45 3584 1146 322 98 405 1964 6496 221 617 540 709 27 557 136 565 48 686 368 180 113 21059 3043 884 559 38 44 318 27 946 97 95 448 158 108
internal_value=-0.021476 -0.00982049 -0.0349645 -0.0121333 0.000749967 0.00146332 -0.00115815 -0.00116212 -0.00277989 0.00202974 0.00231899 0.000966929 -0.00179975 -0.00277323 -0.000771817 -0.0354679 -0.0313425 -0.00609296 -0.000491308 0.000323477 -0.00325907 -0.00374929 -0.00673825 -0.00761677 -0.0355584 -0.0345278 0.001749 4.98222e-05 -0.0133451 -0.0135281 -0.0050763 -0.00646154 0.000343353 -0.000541867 -0.00284327 -0.0015377 -0.00541828 -0.00261654
internal_weight=60000 32187 27813 600 22929 16699 411 6230 3003 13115 11969 5473 2407 2002 1249 27213 584 753 3509 2807 799 702 596 334 26629 5570 2008 1124 113 89 498 65 3227 2281 906 809 361 266
internal_count=60000 32187 27813 600 22929 16699 411 6230 3003 13115 11969 5473 2407 2002 1249 27213 584 753 3509 2807 799 702 596 334 26629 5570 2008 1124 113 89 498 65 3227 2281 906 809 361 266
is_linear=0
shrinkage=0.04


Tree=64
num_leaves=39
num_cat=0
split_feature=135 32 101 124 32 119 18 26 14 51 34 56 119 14 85 119 14 109 75 119 128 32 14 119 14 113 123 119 14 102 56 119 14 119 57 14 34 9
split_gain=5918.33 5587.56 137.881 68.974 99.1757 16.9602 12.4806 9.74997 8.80394 8.47422 8.05203 6.94904 11.1195 12.562 6.32917 5.66006 9.24701 7.19155 5.57576 5.55787 4.67508 6.2655 4.40134 4.27363 7.10285 4.13914 4.11384 5.54076 4.85569 8.08024 5.06585 5.80018 6.31888 11.7189 3.38477 3.35417 3.1984 3.14087
threshold=1.0000000180025095e-35 0.75000000000000011 1.0000000180025095e-35 0.030841578729450706 0.75000000000000011 0.52763688564300548 1.0000000180025095e-35 0.88144910335540783 0.42232480645179754 0.48568895459175115 0.61718398332595836 0.11343243718147279 0.59866267442703258 0.47904258966445928 0.47632676362991339 0.54773756861686718 0.51995083689689647 -0.55217802524566639 0.3884244859218598 0.48508223891258245 -0.70710662007331837 0.75000000000000011 0.48913984000682836 0.56429719924926769 0.48913984000682836 0.14017961174249652 1.0000000180025095e-35 0.47632130980491644 0.33297631144523626 0.40184815227985388 0.42150203883647924 0.41975449025630956 0.3916513472795487 0.45485258102416998 0.86666017770767223 0.53617689013481151 0.68659627437591564 0.16280831396579745
decision_type=2 2 2 2 2 2 2 2 2 2 2 2 2 2 2 2 2 2 2 2 2 2 2 2 2 2 2 2 2 2 2 2 2 2 2 2 2 2
left_child=2 -2 20 10 -5 8 37 36 26 14 -4 -8 13 -13 -10 18 23 25 22 -16 21 -1 -15 24 -17 -18 27 28 -3 -30 31 34 -33 -34 -31 -27 -6 -7
right_child=1 5 3 4 7 6 11 -9 9 -11 -12 12 -14 15 19 16 17 -19 -20 -21 -22 -23 -24 -25 -26 35 -28 -29 29 30 -32 32 33 -35 -36 -37 -38 -39
leaf_value=0 0 8.9474500820580161e-05 0 0 -0.00055348492182302365 -0.00052064064435829334 -0.0067154649782070683 0.00037573456895833532 -0.0012822274128872107 -0.0018602543613187366 0 0.024607114785837152 0.021122795322154032 -0.0034016785086964851 -0.0029640280208964366 0.066663107131728017 -0.0074347157063166533 -0.0010637588944011989 -9.1627833743137147e-05 -0.00062807588931664796 0 0 -0.00014002069606189733 0.024675183133927834 -0.0087581848745234957 -0.0014790943097891581 -0.0076337772090990528 0.081621398691250402 -0.0043880056135639353 -0.0015965679350767885 9.8528292909120894e-06 0.16968239552072639 -0.0031645899522455508 -0.001487979022250536 -0.0015965865166648568 -0.074614851145745537 -0.00076010203178109568 -0.017224647392594106
leaf_weight=2527 9258 1286 26 193 24 3558 1146 346 135 2305 546 1964 6496 221 108 486 20 710 368 36 21059 3043 113 884 638 48 376 728 100 41 608 179 43 230 55 21 49 26
leaf_count=2527 9258 1286 26 193 24 3558 1146 346 135 2305 546 1964 6496 221 108 486 20 710 368 36 21059 3043 113 884 638 48 376 728 100 41 608 179 43 230 55 21 49 26
internal_value=-0.02145 -0.00977202 -0.0349645 -0.0216081 -0.0122745 0.000818004 0.00148248 -0.00134606 -0.000963082 -0.00274923 -0.0315944 0.00205414 0.00233904 0.00101078 -0.00933333 -0.000422912 0.000380478 -0.00325907 -0.00363533 -0.0151667 -0.0355584 -0.0345278 -0.00737725 0.00182869 0.000192171 -0.0139775 0.000302798 0.00075841 -0.000122738 -0.00189172 -0.000948097 -0.00373723 -0.00184071 -0.00567033 -0.0126667 -0.00933333 -0.0146301 -0.000609375
internal_weight=60000 32187 27813 1184 612 22929 16699 419 6230 2584 572 13115 11969 5473 279 3509 2807 799 702 144 26629 5570 334 2008 1124 89 3646 3270 2542 1256 1156 548 452 273 96 69 73 3584
internal_count=60000 32187 27813 1184 612 22929 16699 419 6230 2584 572 13115 11969 5473 279 3509 2807 799 702 144 26629 5570 334 2008 1124 89 3646 3270 2542 1256 1156 548 452 273 96 69 73 3584
is_linear=0
shrinkage=0.04


Tree=65
num_leaves=39
num_cat=0
split_feature=135 15 118 15 119 18 43 14 96 101 34 51 85 14 119 56 128 15 34 119 14 62 119 14 39 41 119 14 123 119 14 119 13 119 6 119 107 56
split_gain=5934.11 5601.87 199.783 98.2279 18.3904 12.5871 10.864 10.715 6.9545 6.34825 8.57052 5.90905 5.01757 5.00645 8.74865 5.38671 4.67508 6.2655 4.24597 3.71691 5.25526 5.54241 5.06131 6.10478 4.50462 3.98189 6.47814 5.7536 3.69093 4.25406 5.80891 7.5811 4.98063 15.4478 4.14852 4.0398 7.13656 4.24569
threshold=1.0000000180025095e-35 0.75000000000000011 1.0000000180025095e-35 0.75000000000000011 0.51532536745071422 1.0000000180025095e-35 0.91037613153457653 0.42345251142978674 0.082365725189447417 1.0000000180025095e-35 0.61718398332595836 0.48568895459175115 0.47632676362991339 0.45591865479946142 0.52763688564300548 0.11343243718147279 -0.70710662007331837 0.75000000000000011 0.74467635154724132 0.59866267442703258 0.51995083689689647 0.13653441518545154 0.56429719924926769 0.47904258966445928 0.13240957260131839 1.0000000180025095e-35 0.54231527447700512 0.48477640748023992 1.0000000180025095e-35 0.48508223891258245 0.33297631144523626 0.401892900466919 0.93636366724967968 0.45485258102416998 0.87801828980445873 0.41975449025630956 0.38978694379329687 0.38656140863895422
decision_type=2 2 2 2 2 2 2 2 2 2 2 2 2 2 2 2 2 2 2 2 2 2 2 2 2 2 2 2 2 2 2 2 2 2 2 2 2 2
left_child=2 -2 9 -4 7 -6 18 28 -7 16 -11 12 -9 15 -15 -10 17 -1 -5 20 22 -22 23 -16 -21 26 27 -25 29 30 -3 -32 35 -34 -35 36 37 -33
right_child=1 4 3 6 5 8 -8 11 13 10 -12 -13 -14 14 19 -17 -18 -19 -20 24 21 -23 -24 25 -26 -27 -28 -29 -30 -31 31 32 33 34 -36 -37 -38 -39
leaf_value=0 0 8.5895520787756944e-05 0 -0.00072969795050985178 -0.00055475665643775094 0.020277883509267874 0.00049763217307679803 -0.001492352866162598 -0.0054637313311184125 0 0 -0.0027898836944666534 -0.0013630078852551774 -0.010459071467411048 0.093574927033563293 0.020277883509267874 0 0 -0.00072969795050985178 -0.0039059147036088833 -0.0058836599552590388 -0.0010174260875064432 0.024308810369587625 -0.0032807080753933537 0.020277883509267874 0.00012218161290027831 -0.0013752202293169148 -0.0002201413190635996 -0.0077121088750081923 0.081824414064999476 -0.0042124853890213787 -0.001839045342221759 -0.0013635699094547802 0.0001162870882352313 -0.0051267508055370982 2.6883337168795565e-05 1.1723743381510804e-05 -0.0015327230559981895
leaf_weight=2527 9258 1327 189 45 3705 3252 322 93 512 27 557 1292 94 345 641 2952 21059 3043 44 726 26 761 944 59 2113 1279 418 42 337 474 102 68 84 245 23 854 135 26
leaf_count=2527 9258 1327 189 45 3705 3252 322 93 512 27 557 1292 94 345 641 2952 21059 3043 44 726 26 761 944 59 2113 1279 418 42 337 474 102 68 84 245 23 854 135 26
internal_value=-0.021432 -0.00973847 -0.0349645 -0.0121333 0.000865105 0.00147511 -0.00115815 -0.00123865 0.00202132 -0.0354679 -0.0313425 -0.00411359 -0.0107594 0.00153374 0.00094316 0.00278753 -0.0355584 -0.0345278 -0.0135281 0.00124925 0.000489209 -0.00245489 0.00117411 0.000211562 0.00236562 -0.000983315 -0.00393834 -0.0130297 -8.16325e-05 0.000321151 -0.000259776 -0.00193364 -0.00118467 -0.00531818 -0.000626866 0.000158818 -0.00455895 -0.0130213
internal_weight=60000 32187 27813 600 22929 17775 411 5154 14070 27213 584 1479 187 10818 7354 3464 26629 5570 89 7009 4170 787 3383 2439 2839 1798 519 101 3675 3338 2864 1537 1435 352 268 1083 229 94
internal_count=60000 32187 27813 600 22929 17775 411 5154 14070 27213 584 1479 187 10818 7354 3464 26629 5570 89 7009 4170 787 3383 2439 2839 1798 519 101 3675 3338 2864 1537 1435 352 268 1083 229 94
is_linear=0
shrinkage=0.04


Tree=66
num_leaves=39
num_cat=0
split_feature=135 15 118 15 119 18 48 43 96 51 101 34 85 128 15 48 119 39 34 51 119 48 119 107 119 48 119 90 29 119 48 62 119 48 39 48 102 6
split_gain=5963.96 5628.94 199.783 98.2279 14.8438 12.9169 10.9566 10.864 6.66502 6.39978 6.34825 8.57052 5.01757 4.67508 6.2655 4.65837 7.97168 5.14587 4.24597 4.12679 4.35665 3.79212 9.66149 5.96019 5.83293 5.89054 12.3238 3.63789 3.49569 3.38276 5.20071 5.60463 4.73002 5.69373 4.50462 3.31796 5.31466 6.99012
threshold=1.0000000180025095e-35 0.75000000000000011 1.0000000180025095e-35 0.75000000000000011 0.51532536745071422 1.0000000180025095e-35 0.42345251142978674 0.91037613153457653 0.082365725189447417 0.48568895459175115 1.0000000180025095e-35 0.61718398332595836 0.47632676362991339 -0.70710662007331837 0.75000000000000011 0.45591865479946142 0.52763688564300548 0.12500885874032977 0.74467635154724132 0.58662408590316784 0.47632130980491644 0.33297631144523626 0.401892900466919 0.38978694379329687 0.41975449025630956 0.3916513472795487 0.45485258102416998 0.3784636408090592 0.71668395400047313 0.59866267442703258 0.51995083689689647 0.13653441518545154 0.56429719924926769 0.47904258966445928 0.13240957260131839 0.44344586133956915 0.50004643201828014 0.8420844078063966
decision_type=2 2 2 2 2 2 2 2 2 2 2 2 2 2 2 2 2 2 2 2 2 2 2 2 2 2 2 2 2 2 2 2 2 2 2 2 2 2
left_child=2 -2 10 -4 6 -6 19 18 -7 12 13 -12 -8 14 -1 17 28 -10 -5 20 21 -3 -23 24 27 -26 -27 -24 -17 30 32 -32 33 -18 -31 -11 -37 -38
right_child=1 4 3 7 5 8 9 -9 15 35 11 -13 -14 -15 -16 16 29 -19 -20 -21 -22 22 23 -25 25 26 -28 -29 -30 34 31 -33 -34 -35 -36 36 37 -39
leaf_value=0 0 8.2459699956246668e-05 0 -0.00070051003248945774 -0.00053256639018024092 0.019466768168897169 -0.001432658751516094 0.00047772688615372618 -0.0041530150776245608 -4.1055547337895899e-05 0 0 -0.0013084875698449706 0 0 0.0019799253660666726 0.089831929952220765 0.019466768168897169 -0.00070051003248945774 -0.013905669392319693 0.082482710169221735 -0.0040439859734605231 -0.001471414133758335 1.12547936463642e-05 0.1640085319602991 -0.002987087220220193 -0.001433111344891868 -0.0014714141337581891 -0.021223831080896569 -0.0037496781154645275 -0.0056483135570486766 -0.00097672904400618538 0.023336457954804112 -0.00052112734581481084 0.019466768168897169 0.00042138288502398692 -0.0032171556657622467 -0.0038628040663604107
leaf_weight=2527 9258 1356 189 45 3705 3252 93 322 543 496 27 557 94 21059 3043 108 641 2921 44 253 762 89 75 657 177 42 244 20 237 726 26 761 944 1798 2113 200 252 344
leaf_count=2527 9258 1356 189 45 3705 3252 93 322 543 496 27 557 94 21059 3043 108 641 2921 44 253 762 89 75 657 177 42 244 20 237 726 26 761 944 1798 2113 200 252 344
internal_value=-0.021398 -0.00967509 -0.0349645 -0.0121333 0.000954076 0.00150211 -0.000935972 -0.00115815 0.00205544 -0.00384314 -0.0354679 -0.0313425 -0.0107594 -0.0355584 -0.0345278 0.00157811 0.00100843 0.00278753 -0.0135281 0.000234014 0.000598481 -0.000165413 -0.00170552 -0.000773662 -0.00381362 -0.00196112 -0.00551049 -0.0128421 -0.00492754 0.00130061 0.00057554 -0.00235324 0.00125687 0.000326363 0.00236562 -0.00284211 -0.00444221 -0.00633557
internal_weight=60000 32187 27813 600 22929 17775 5154 411 14070 1479 27213 584 187 26629 5570 10818 7354 3464 89 3675 3422 2660 1304 1215 558 463 286 95 345 7009 4170 787 3383 2439 2839 1292 796 596
internal_count=60000 32187 27813 600 22929 17775 5154 411 14070 1479 27213 584 187 26629 5570 10818 7354 3464 89 3675 3422 2660 1304 1215 558 463 286 95 345 7009 4170 787 3383 2439 2839 1292 796 596
is_linear=0
shrinkage=0.04


Tree=67
num_leaves=39
num_cat=0
split_feature=101 15 124 128 15 9 120 130 119 120 14 120 34 34 5 27 5 56 119 14 119 14 113 102 119 14 128 128 15 14 102 6 0 13 102 119 12 119
split_gain=5545.27 5471.62 230.578 80.6835 92.6413 31.4626 20.8996 14.9174 11.5074 9.33856 8.98901 8.21662 6.85064 6.28461 5.59651 5.53477 5.22464 5.09395 7.33974 7.92952 5.49071 5.94891 7.46209 5.08057 3.67583 4.7248 3.67328 3.40964 3.31362 3.29477 5.60794 6.84842 11.0632 6.41157 5.18652 3.45286 6.42442 4.37684
threshold=1.0000000180025095e-35 0.75000000000000011 0.030841578729450706 -0.7294732630252837 0.75000000000000011 -0.81241136789321888 1.0000000180025095e-35 0.063749678432941451 0.51532536745071422 1.0000000180025095e-35 0.42345251142978674 1.0000000180025095e-35 0.61718398332595836 0.48541738092899328 0.13339266926050189 -0.22695471346378324 0.59538620710372936 0.1095455400645733 0.59866267442703258 0.45820383727550512 0.52763688564300548 0.51995083689689647 0.14017961174249652 0.47612912952899938 0.56429719924926769 0.47904258966445928 -0.49999997019767756 -0.91037607192993153 0.75000000000000011 0.44344586133956915 0.50004643201828014 0.8420844078063966 0.50898274779319774 0.76363638043403637 0.51298531889915477 0.50002238154411327 0.83773252367973339 0.49626159667968756
decision_type=2 2 2 2 2 2 2 2 2 2 2 2 2 2 2 2 2 2 2 2 2 2 2 2 2 2 2 2 2 2 2 2 2 2 2 2 2 2
left_child=3 -2 12 4 -1 11 -7 14 10 27 -9 16 -3 23 -4 -11 -6 -17 19 -19 -21 24 -23 -12 25 -22 28 -10 -5 35 -31 32 -32 34 -34 36 -15 -38
right_child=1 2 7 26 5 6 -8 8 9 15 13 -13 -14 29 -16 17 -18 18 -20 20 21 22 -24 -25 -26 -27 -28 -29 -30 30 31 -33 33 -35 -36 -37 37 -39
leaf_value=0 0 0 -0.013160328098076574 0 0 0 0.0041344927624814868 -8.5473211086681872e-06 -0.00014712725873816662 -0.0052357608419584933 -0.00097293790233041687 0.20762699573291141 0 0.0056616564386844353 0.018688097442141293 -0.00067248963118987941 0 0.026311482659208574 0.018688097442141293 -0.0093497374616533166 0.08623865275413195 -0.0046302026433985826 -0.0013355638288170377 -0.0011779859145443728 0.022402999636611937 -0.00035139890960678789 0 -0.0064905581570910108 0 0.00047000808470766 -0.0030884694391317569 -0.0037082919037059944 -0.012662037812384827 0.00033334485502133348 -0.0087104570922753796 0.12006717028379596 -0.0014544158738234389 -0.00049054634781836495
leaf_weight=2627 9281 26 48 1203 206 2435 34 3389 594 1683 76 23 374 126 3318 1229 676 1556 4569 299 590 26 753 94 928 1771 18627 335 1966 196 92 332 21 108 23 265 43 58
leaf_count=2627 9281 26 48 1203 206 2435 34 3389 594 1683 76 23 374 126 3318 1229 676 1556 4569 299 590 26 753 94 928 1771 18627 335 1966 196 92 332 21 108 23 265 43 58
internal_value=-0.021386 -0.0100881 0.000403455 -0.0344747 -0.0303676 -0.0259822 -0.0283208 0.000938105 0.000506578 0.00107528 -0.0011835 -0.0196022 -0.0297 -0.00383821 0.00339394 0.00134408 -0.0202177 0.00165208 0.00193748 0.00100827 0.000134646 0.000519174 -0.00262388 -0.0110588 0.00126361 0.000425244 -0.0356054 -0.00280301 -0.0343465 -0.00286709 -0.00449741 -0.00648611 -0.0115738 -0.00494737 -0.0178182 -0.000308943 -0.00392952 -0.0114455
internal_weight=60000 32203 22922 27797 6001 3374 2469 22522 19156 14333 4823 905 400 1434 3366 13404 882 11721 10492 5923 4367 4068 779 170 3289 2361 21796 929 3169 1264 772 576 244 152 44 492 227 101
internal_count=60000 32203 22922 27797 6001 3374 2469 22522 19156 14333 4823 905 400 1434 3366 13404 882 11721 10492 5923 4367 4068 779 170 3289 2361 21796 929 3169 1264 772 576 244 152 44 492 227 101
is_linear=0
shrinkage=0.04


Tree=68
num_leaves=39
num_cat=0
split_feature=135 15 118 15 119 18 14 10 73 119 14 51 101 34 119 14 45 85 119 128 15 14 68 119 14 14 119 40 102 12 51 7 7 75 9 119 12 119
split_gain=5969.31 5641.17 213.717 104.923 14.7428 12.4622 9.71408 7.81767 6.76078 10.7964 9.62906 6.40433 6.34825 8.57052 6.21121 5.88845 6.59473 5.35234 5.19727 4.67508 6.2655 4.48577 3.47982 3.99618 3.38345 4.93454 6.64362 7.71094 6.65568 9.75894 6.17775 4.35268 3.34257 3.53161 3.17913 3.1392 5.94897 3.67371
threshold=1.0000000180025095e-35 0.75000000000000011 1.0000000180025095e-35 0.75000000000000011 0.51532536745071422 1.0000000180025095e-35 0.42345251142978674 0.52778527140617382 0.10881865024566652 0.59866267442703258 0.45820383727550512 0.48568895459175115 1.0000000180025095e-35 0.61718398332595836 0.52763688564300548 0.51995083689689647 0.15900854021310809 0.47632676362991339 0.56429719924926769 -0.70710662007331837 0.75000000000000011 0.47904258966445928 0.54983130097389232 0.48508223891258245 0.44344586133956915 0.45591865479946142 0.50002238154411327 0.85394814610481273 0.50684645771980297 0.62969112396240245 0.51238465309143078 1.0794612169265749 1.5513013601303103 -0.042733572423458092 0.16280831396579745 0.50002238154411327 0.83773252367973339 0.49626159667968756
decision_type=2 2 2 2 2 2 2 2 2 2 2 2 2 2 2 2 2 2 2 2 2 2 2 2 2 2 2 2 2 2 2 2 2 2 2 2 2 2
left_child=2 -2 12 -4 6 34 22 -5 -7 10 -10 17 19 -14 -12 18 -17 -8 21 20 -1 -16 23 -3 35 26 -26 28 31 -30 -31 -28 33 -19 -6 36 -13 -38
right_child=1 4 3 7 5 8 11 -9 9 -11 14 24 13 -15 15 16 -18 32 -20 -21 -22 -23 -24 -25 25 -27 27 -29 29 30 -32 -33 -34 -35 -36 -37 37 -39
leaf_value=0 0 8.2750837310098655e-06 0 0.00048551739595517233 -0.00043459294116852308 -0.0037197060497760922 -0.0013364348853622335 -0.00064559004594228419 0.02335597609596321 0.017940573544455631 -0.0094083843216233049 0.1536293102884525 0 0 0.082789106643966659 -0.0053465713996255935 -0.00095480943483838875 -0.0026914876482808069 0.020479518110228263 0 0 -0.00042462614005565565 -0.012195691868479207 0.075374588208067736 0.00035329769552266916 0.00040666410867051182 -0.0029649306615664867 -0.0041626068541691565 0.34084390435657957 -0.01213692866699919 -0.0082025799155105265 -0.0030734243167972581 -0.0012979494876352851 -0.00098833560847912832 -0.016492168575025622 0.11544763836056342 -0.0014107511358331382 -0.00047092449390563038
leaf_weight=2527 9258 2963 189 351 3679 1395 93 60 1854 6250 313 122 27 557 621 45 754 28 1012 21059 3043 1826 249 463 162 236 52 195 58 31 30 32 28 38 26 274 42 58
leaf_count=2527 9258 2963 189 351 3679 1395 93 60 1854 6250 313 122 27 557 621 45 754 28 1012 21059 3043 1826 249 463 162 236 52 195 58 31 30 32 28 38 26 274 42 58
internal_value=-0.0213747 -0.0096465 -0.0349473 -0.0113333 0.0009942 0.00154037 -0.000889406 9.73251e-06 0.00208387 0.00237475 0.00122335 -0.00362677 -0.0354679 -0.0313425 0.000237147 0.000636919 -0.00245807 -0.0105455 0.00135184 -0.0355584 -0.0345278 0.00035472 0.000212245 0.000544075 -0.00262539 -0.00424121 -0.00628571 -0.00906533 -0.0145222 -0.00843697 -0.0196066 -0.0231429 -0.0172766 -0.0123636 -0.000523617 -3.22579e-05 -0.00356757 -0.0108
internal_weight=60000 32187 27813 600 22929 17775 5154 411 14070 12675 6425 1479 27213 584 4571 4258 799 187 3459 26629 5570 2447 3675 3426 1292 796 560 398 203 119 61 84 94 66 3705 496 222 100
internal_count=60000 32187 27813 600 22929 17775 5154 411 14070 12675 6425 1479 27213 584 4571 4258 799 187 3459 26629 5570 2447 3675 3426 1292 796 560 398 203 119 61 84 94 66 3705 496 222 100
is_linear=0
shrinkage=0.04


Tree=69
num_leaves=39
num_cat=0
split_feature=135 15 118 15 119 18 14 10 119 119 56 119 14 101 34 119 14 45 119 128 15 14 14 119 40 119 12 51 7 14 27 123 119 14 119 107 119 13
split_gain=5970.48 5642.23 213.717 104.923 15.0419 12.5712 9.98975 7.81767 7.50621 7.26661 6.93296 9.85002 9.42958 6.34825 8.57052 5.44423 5.74001 5.87194 5.20596 4.67508 6.2655 4.32116 5.30521 6.4366 7.86415 6.65746 10.2083 5.89722 4.72803 3.91487 3.3922 3.36381 3.61223 4.04344 8.46688 4.9284 6.76854 5.59889
threshold=1.0000000180025095e-35 0.75000000000000011 1.0000000180025095e-35 0.75000000000000011 0.51532536745071422 1.0000000180025095e-35 0.42345251142978674 0.52778527140617382 0.48508223891258245 0.47632130980491644 0.11343243718147279 0.59866267442703258 0.45820383727550512 1.0000000180025095e-35 0.61718398332595836 0.52763688564300548 0.51995083689689647 0.15900854021310809 0.56429719924926769 -0.70710662007331837 0.75000000000000011 0.44344586133956915 0.45591865479946142 0.50002238154411327 0.85394814610481273 0.50662484765052807 0.62969112396240245 0.51238465309143078 1.0794612169265749 0.47904258966445928 0.93540483713150036 1.0000000180025095e-35 0.48508223891258245 0.33297631144523626 0.401892900466919 0.38978694379329687 0.41975449025630956 0.93636366724967968
decision_type=2 2 2 2 2 2 2 2 2 2 2 2 2 2 2 2 2 2 2 2 2 2 2 2 2 2 2 2 2 2 2 2 2 2 2 2 2 2
left_child=2 -2 13 -4 6 -6 31 -5 9 -8 -7 12 -12 19 -15 -14 18 -18 29 20 -1 -10 23 -23 25 28 -27 -28 -25 -17 -24 32 33 -3 -35 36 -36 -38
right_child=1 4 3 7 5 10 8 -9 21 -11 11 -13 15 14 -16 16 17 -19 -20 -21 -22 22 30 24 -26 26 27 -29 -30 -31 -32 -33 -34 34 35 -37 37 -39
leaf_value=0 0 7.9172201453103135e-05 0 0.00046609670011696537 -0.00046973657876557123 -0.0059071188516794729 -0.0014665526350387315 -0.00061976644410459284 4.4169240410020881e-05 -0.0021620080340726865 0.022422181390396437 0.017222950602677402 -0.0090320489487583731 0 0 0.079477542378207991 -0.0051327085436405706 -0.00091661705744485323 0.019717669767461407 0 0 0.00033916578770176237 0.0012987376976786283 -0.0028774804039686463 -0.0039939493299715745 0.32929454181739765 -0.011651451520319224 -0.0078972565607577962 -0.002945067703714156 -0.00040764109445342943 -0.0094698412113977358 -0.0092714651223783778 0.072237487460152267 -0.0038822156450269963 -0.0014125466789128532 1.0815491395691848e-05 0.00016654936341176048 -0.002856721848108697
leaf_weight=2527 9258 1327 189 351 3705 1146 124 60 500 97 1855 6496 313 27 557 621 45 754 1014 21059 3043 147 183 55 197 60 31 29 33 1826 23 337 474 102 94 774 402 165
leaf_count=2527 9258 1327 189 351 3705 1146 124 60 500 97 1855 6496 313 27 557 621 45 754 1014 21059 3043 147 183 55 197 60 31 29 33 1826 23 337 474 102 94 774 402 165
internal_value=-0.0213733 -0.00964402 -0.0349473 -0.0113333 0.000997689 0.00154937 -0.000904928 9.73251e-06 -0.00368087 -0.0104796 0.00209524 0.00235964 0.00124953 -0.0354679 -0.0313425 0.000273781 0.000647887 -0.00240801 0.00135337 -0.0355584 -0.0345278 -0.00248649 -0.0043905 -0.00643478 -0.00903704 -0.0144615 -0.00833333 -0.02 -0.0228182 0.00035472 0.00108738 0.000212245 0.000596765 6.14527e-05 -0.00133507 -0.000543554 -0.00308018 -0.0014321
internal_weight=60000 32187 27813 600 22929 17775 5154 411 1479 221 14070 12924 6428 27213 584 4573 4260 799 3461 26629 5570 1258 758 552 405 208 120 60 88 2447 206 3675 3338 2864 1537 1435 661 567
internal_count=60000 32187 27813 600 22929 17775 5154 411 1479 221 14070 12924 6428 27213 584 4573 4260 799 3461 26629 5570 1258 758 552 405 208 120 60 88 2447 206 3675 3338 2864 1537 1435 661 567
is_linear=0
shrinkage=0.04


Tree=70
num_leaves=39
num_cat=0
split_feature=135 15 118 15 119 18 14 10 119 119 56 119 14 101 34 85 14 128 15 14 119 62 14 102 14 102 9 101 8 68 119 14 119 107 119 13 119 56
split_gain=5977.52 5648.62 213.717 104.923 14.3982 12.4189 9.66075 7.81767 6.95623 7.92228 6.79776 9.79459 9.38086 6.34825 8.57052 5.04316 7.36474 4.67508 6.2655 4.65982 6.15536 5.7984 4.13286 4.59861 6.49354 23.2451 3.18898 2.97524 2.95168 2.84364 3.96923 2.92323 9.2928 5.54787 6.56467 5.49892 11.1284 3.85506
threshold=1.0000000180025095e-35 0.75000000000000011 1.0000000180025095e-35 0.75000000000000011 0.51532536745071422 1.0000000180025095e-35 0.42345251142978674 0.52778527140617382 0.48508223891258245 0.47632130980491644 0.11343243718147279 0.59866267442703258 0.45820383727550512 1.0000000180025095e-35 0.61718398332595836 0.52062875032424938 0.46458241343498236 -0.70710662007331837 0.75000000000000011 0.51995083689689647 0.56429719924926769 0.13653441518545154 0.44344586133956915 0.50004643201828014 0.44763240218162542 0.50684645771980297 0.16280831396579745 1.0000000180025095e-35 -0.62962222099304188 0.54983130097389232 0.48508223891258245 0.33297631144523626 0.401892900466919 0.38978694379329687 0.41975449025630956 0.93636366724967968 0.45485258102416998 0.38656140863895422
decision_type=2 2 2 2 2 2 2 2 2 2 2 2 2 2 2 2 2 2 2 2 2 2 2 2 2 2 2 2 2 2 2 2 2 2 2 2 2 2
left_child=2 -2 13 -4 6 26 29 -5 9 -8 -7 12 -12 17 -15 16 -14 18 -1 20 -17 -21 -10 -24 25 -25 27 -6 -23 30 31 -3 -33 34 37 -36 -37 -34
right_child=1 4 3 7 5 10 8 -9 22 -11 11 -13 15 14 -16 19 -18 -19 -20 21 -22 28 23 24 -26 -27 -28 -29 -30 -31 -32 32 33 -35 35 36 -38 -39
leaf_value=0 0 7.600531339497901e-05 0 0.00044745283211228677 0.00071927041401066152 -0.0056708340976122937 -0.0014078905296371824 -0.0005949757863404091 4.240247079362005e-05 -0.002075527712709779 0.021525294134780572 0.016534032578570289 -0.078451922169101684 0 0 4.7483670234989327e-05 0.0019898270074533105 0 0 -0.0046663658311827706 0.018842964404299545 -0.0029926215730189578 0.00050988888652468928 -0.0029422455973031961 -0.0032336979801921256 0.30898981100553036 -0.015813692368873974 -0.0016404976522333267 0.00033371742820265246 -0.011337005588844904 0.069470105181338906 -0.0037269270192259165 -0.001650114206530935 1.0382871739864175e-05 0.00015988738887529007 -0.0027243346689906473 -0.0023665342324662025 -0.0013560448117562974
leaf_weight=2527 9258 1411 189 351 801 1146 124 60 500 97 1855 6496 58 27 557 2641 65 21059 3043 31 1011 326 179 72 440 67 26 2878 441 249 463 91 68 797 404 40 125 27
leaf_count=2527 9258 1411 189 351 801 1146 124 60 500 97 1855 6496 58 27 557 2641 65 21059 3043 31 1011 326 179 72 440 67 26 2878 441 249 463 91 68 797 404 40 125 27
internal_value=-0.0213653 -0.0096291 -0.0349473 -0.0113333 0.00101862 0.00155837 -0.00084284 9.73251e-06 -0.00357268 -0.0101176 0.00210092 0.00236274 0.00125576 -0.0354679 -0.0313425 0.000282528 -0.00770732 -0.0355584 -0.0345278 0.000503371 0.00110843 -0.00226566 -0.00242289 -0.00428496 -0.00601727 -0.013554 -0.000502024 -0.00040337 -0.00158018 0.000255782 0.00055575 1.75499e-05 -0.00118041 -0.00040794 -0.00310843 -0.0014833 -0.00763636 -0.0128421
internal_weight=60000 32187 27813 600 22929 17775 5154 411 1479 221 14070 12924 6428 27213 584 4573 123 26629 5570 4450 3652 798 1258 758 579 139 3705 3679 767 3675 3426 2963 1552 1461 664 569 165 95
internal_count=60000 32187 27813 600 22929 17775 5154 411 1479 221 14070 12924 6428 27213 584 4573 123 26629 5570 4450 3652 798 1258 758 579 139 3705 3679 767 3675 3426 2963 1552 1461 664 569 165 95
is_linear=0
shrinkage=0.04


Tree=71
num_leaves=39
num_cat=0
split_feature=135 15 101 73 15 119 18 14 68 119 119 10 73 119 14 128 15 14 119 62 14 14 119 119 43 119 14 0 68 119 14 119 107 119 30 119 90 101
split_gain=5990.93 5661.4 146.699 75.185 105.627 13.9686 12.8292 8.47137 8.34046 7.48326 7.92228 7.00343 6.6268 9.785 8.76193 4.67508 6.2655 4.56565 6.70968 5.7403 3.3374 4.29531 7.62698 22.3028 3.18898 2.91344 3.83349 2.99939 2.84364 3.96923 2.92323 9.2928 5.54787 6.56467 5.49892 11.1284 3.63789 2.83902
threshold=1.0000000180025095e-35 0.75000000000000011 1.0000000180025095e-35 0.062477946281433112 0.75000000000000011 0.51532536745071422 1.0000000180025095e-35 0.42345251142978674 0.65515419840812694 0.48508223891258245 0.47632130980491644 0.52778527140617382 0.10881865024566652 0.59866267442703258 0.45820383727550512 -0.70710662007331837 0.75000000000000011 0.51995083689689647 0.56429719924926769 0.13653441518545154 0.44344586133956915 0.44763240218162542 0.50662484765052807 0.50002238154411327 1.0000000180025095e-35 0.50662484765052807 0.45591865479946142 0.50898274779319774 0.54983130097389232 0.48508223891258245 0.33297631144523626 0.401892900466919 0.38978694379329687 0.41975449025630956 0.93636366724967968 0.45485258102416998 0.3784636408090592 1.0000000180025095e-35
decision_type=2 2 2 2 2 2 2 2 2 2 2 2 2 2 2 2 2 2 2 2 2 2 2 2 2 2 2 2 2 2 2 2 2 2 2 2 2 2
left_child=2 -2 15 8 -5 7 24 28 -4 10 -9 -6 -8 14 -14 16 -1 18 -16 -19 -11 22 23 -22 37 -23 27 -27 29 30 -3 -32 33 36 -35 -36 -33 -7
right_child=1 5 3 4 11 6 12 9 -10 20 -12 -13 13 -15 17 -17 -18 19 -20 -21 21 25 -24 -25 -26 26 -28 -29 -30 -31 31 32 -34 34 35 -37 -38 -39
leaf_value=0 0 7.2965100859179844e-05 0 0 0.00042955471882779532 0.00069049959745023514 -0.0031077996898133779 -0.0013515749084516949 0 4.0706371961875247e-05 -0.0019925066042013879 -0.00057117675488679279 0.02066383803111756 0.015872671275427484 -3.243366477950709e-05 0 0 -0.0044797111979354596 0.018117912018948693 -0.00088046599546721797 0.0003135835005641814 0.00099431518250193735 0.30449282145845996 -0.0028984202105074527 -0.015181144674119016 -0.0084493686428461726 0.00052615181041272389 -0.0054900218038605522 -0.010883525365291106 0.066691300974085335 -0.0035778499384568796 -0.0013018030192861296 9.9675568702696077e-06 0.00015349189332027847 -0.0026153612822310212 -0.0022718728631675547 -0.0013018030192859895 -0.0015748777461439937
leaf_weight=2527 9258 1411 25 189 351 801 1395 124 558 500 97 61 1854 6250 2759 21059 3043 31 1012 769 89 214 63 73 26 43 142 134 249 463 91 75 797 404 40 125 20 2878
leaf_count=2527 9258 1411 25 189 351 801 1395 124 558 500 97 61 1854 6250 2759 21059 3043 31 1012 769 89 214 63 73 26 43 142 134 249 463 91 75 797 404 40 125 20 2878
internal_value=-0.0213487 -0.00959928 -0.0349458 -0.0211689 -0.0112413 0.00106049 0.00159212 -0.000772992 -0.0314031 -0.00332928 -0.0101176 0.000116505 0.00214357 0.00243156 0.00133541 -0.0355584 -0.0345278 0.000394662 0.000976929 -0.00235 -0.00213672 -0.00381003 -0.00844444 -0.013037 -0.000502024 -0.00185366 -0.00427586 -0.00820339 0.000255782 0.00055575 1.75499e-05 -0.00118041 -0.00040794 -0.00310843 -0.0014833 -0.00763636 -0.0128421 -0.00040337
internal_weight=60000 32187 27813 1184 601 22929 17775 5154 583 1479 221 412 14070 12675 6425 26629 5570 4571 3771 800 1258 758 225 162 3705 533 319 177 3675 3426 2963 1552 1461 664 569 165 95 3679
internal_count=60000 32187 27813 1184 601 22929 17775 5154 583 1479 221 412 14070 12675 6425 26629 5570 4571 3771 800 1258 758 225 162 3705 533 319 177 3675 3426 2963 1552 1461 664 569 165 95 3679
is_linear=0
shrinkage=0.04


Tree=72
num_leaves=39
num_cat=0
split_feature=135 15 101 73 15 119 18 34 14 119 119 10 56 119 14 128 15 14 119 113 14 12 119 119 119 14 119 56 119 14 119 85 119 12 0 123 57 41
split_gain=6005.63 5674.74 146.699 75.185 105.627 13.3396 11.6559 8.61852 7.50714 9.35493 10.8702 7.00343 6.22912 9.14166 8.80601 4.67508 6.2655 4.37702 6.44543 5.28978 4.09273 5.22944 7.67867 23.307 3.70406 3.90392 7.46172 6.14554 4.71436 7.66203 9.54355 3.52875 3.50381 6.6881 3.31922 3.28836 3.26871 3.04682
threshold=1.0000000180025095e-35 0.75000000000000011 1.0000000180025095e-35 0.062477946281433112 0.75000000000000011 0.51532536745071422 1.0000000180025095e-35 0.61718398332595836 0.42232480645179754 0.48508223891258245 0.47632130980491644 0.52778527140617382 0.11343243718147279 0.59866267442703258 0.45820383727550512 -0.70710662007331837 0.75000000000000011 0.51995083689689647 0.56429719924926769 0.11197908967733385 0.43158185482025152 0.58777821063995372 0.50662484765052807 0.50002238154411327 0.4717922061681748 0.33297631144523626 0.401892900466919 0.42150203883647924 0.41975449025630956 0.3916513472795487 0.45485258102416998 0.56063726544380199 0.49626159667968756 1.0321779251098635 0.570764720439911 1.0000000180025095e-35 0.86666017770767223 0.41636765003204351
decision_type=2 2 2 2 2 2 2 2 2 2 2 2 2 2 2 2 2 2 2 2 2 2 2 2 2 2 2 2 2 2 2 2 2 2 2 2 2 2
left_child=2 -2 15 7 -5 8 -7 -4 24 10 37 -6 -8 14 -14 16 -1 18 -16 -19 -11 22 23 -22 25 35 34 28 36 -30 -31 -26 33 -23 -27 -3 -28 -10
right_child=1 5 3 4 11 6 12 -9 9 20 -12 -13 13 -15 17 -17 -18 19 -20 -21 21 32 -24 -25 31 26 27 -29 29 30 -32 -33 -34 -35 -36 -37 -38 -39
leaf_value=0 0 7.0046496824812654e-05 0 0 0.00041237253007468357 -0.00032226869341221178 -0.005319688746115268 0 -0.003396124698288744 0.11056532940565092 -0.0068831333645645795 -0.00054832968469132107 0.019837728848144637 0.0152377644244104 -3.113631818832681e-05 0 0 -0.0041655435208518641 0.017450527919833033 -0.0010523607122017908 0.00024573428067466293 -0.00013363069427792617 0.29047712417727534 -0.002782483402087154 0.07215119112121339 -0.0034412265754556544 -0.0012465618097052956 9.5688545952691088e-06 0.15575238269890787 -0.0025324888050577516 -0.0014511835698604561 -0.060364348165147359 -8.5061769939323429e-05 -0.0028996696364411625 -2.1251318503411955e-05 -0.013340680024648223 -0.001249730898514617 0.00011900923629900413
leaf_weight=2527 9258 1279 27 189 351 3705 1146 556 49 256 137 61 1855 6496 2759 21059 3043 27 1014 773 95 54 69 73 867 75 42 585 172 44 166 72 771 30 27 120 56 115
leaf_count=2527 9258 1279 27 189 351 3705 1146 556 49 256 137 61 1855 6496 2759 21059 3043 27 1014 773 95 54 69 73 867 75 42 585 172 44 166 72 771 30 27 120 56 115
internal_value=-0.021332 -0.00956821 -0.0349458 -0.0211689 -0.0112413 0.0011041 0.00162363 -0.0314031 -0.000687621 -0.00291328 -0.00928904 0.000116505 0.00214925 0.00239988 0.00133043 -0.0355584 -0.0345278 0.000387492 0.000957329 -0.0023 -0.00148961 -0.00255678 -0.00781435 -0.0124286 0.000359487 -0.000427124 -0.00213539 -0.00114554 -0.0045 -0.00249215 -0.00761905 0.00250905 -0.00109942 -0.00885714 -0.0124706 0.000997856 -0.0123265 -0.00234146
internal_weight=60000 32187 27813 1184 601 22929 17775 583 5154 1649 301 412 14070 12924 6428 26629 5570 4573 3773 800 1348 1092 237 168 3505 2566 1167 1065 480 382 210 939 855 84 102 1399 98 164
internal_count=60000 32187 27813 1184 601 22929 17775 583 5154 1649 301 412 14070 12924 6428 26629 5570 4573 3773 800 1348 1092 237 168 3505 2566 1167 1065 480 382 210 939 855 84 102 1399 98 164
is_linear=0
shrinkage=0.04


Tree=73
num_leaves=39
num_cat=0
split_feature=118 15 128 15 8 119 18 73 119 48 84 102 48 119 119 48 119 62 48 12 119 119 119 12 5 119 34 48 119 56 119 48 119 0 74 24 102 6
split_gain=5955.05 5679.25 31.1282 39.2244 19.2831 13.4708 12.0746 7.2186 9.83988 8.80903 6.70921 11.1524 6.49581 7.97171 9.4405 4.37228 6.43398 5.77436 4.09273 5.22944 7.67867 23.307 3.50381 6.6881 3.44892 3.35719 4.94854 4.06451 7.57325 5.01162 5.23099 6.57264 10.7793 3.31922 3.26871 3.01935 2.90228 9.5758
threshold=1.0000000180025095e-35 0.75000000000000011 -0.70710662007331837 0.75000000000000011 0.28745912015438085 0.51532536745071422 1.0000000180025095e-35 0.10881865024566652 0.59866267442703258 0.45820383727550512 1.0000000180025095e-35 0.7080698311328889 0.42232480645179754 0.48508223891258245 0.47632130980491644 0.51995083689689647 0.56429719924926769 0.13653441518545154 0.43158185482025152 0.58777821063995372 0.50662484765052807 0.50002238154411327 0.49626159667968756 1.0321779251098635 0.61489704251289379 0.47632130980491644 0.65004700422286998 0.33297631144523626 0.401892900466919 0.42150203883647924 0.41975449025630956 0.3916513472795487 0.45485258102416998 0.570764720439911 0.86666017770767223 0.092631496489048018 0.77969098091125499 0.85285279154777538
decision_type=2 2 2 2 2 2 2 2 2 2 2 2 2 2 2 2 2 2 2 2 2 2 2 2 2 2 2 2 2 2 2 2 2 2 2 2 2 2
left_child=2 -2 3 -1 -5 12 -7 -8 9 -9 -4 -12 25 14 35 16 -11 -17 -15 20 21 -20 23 -21 -16 27 -27 -3 33 30 34 -32 -33 -29 -30 -14 37 -13
right_child=1 5 10 4 -6 6 7 8 -10 15 11 36 13 18 24 17 -18 -19 19 22 -22 -23 -24 -25 -26 26 -28 28 29 -31 31 32 -34 -35 -36 -37 -38 -39
leaf_value=0 0 6.724463695182014e-05 0 0 0 -0.00085594232641159496 -0.00052639649730366824 0.01904377535594709 0.014628253847433968 -2.9890865460793739e-05 0 0 -0.0074237852736305631 0.10614271622942489 -0.0072314474789176887 -0.0041339010091839667 0.016695174421397421 -0.00078585969277754613 0.00023590490944767637 -0.00012828546650680913 0.27885803921018432 -0.0026711840660036679 -8.1659299141750513e-05 -0.0027836828509835159 -0.0027144290132387044 0.077899999192621416 -0.054079106393794936 -0.0033035775124374278 -0.0011966993373170836 9.1861004114581194e-06 0.14933653573318315 -0.0024311892528554417 -0.0014089433698891687 -2.0401265763275444e-05 -0.0011997416625740324 0.0001017017208224632 0 0
leaf_weight=2657 9293 1413 20587 2761 636 3281 1806 1854 6250 2759 49 144 33 256 113 31 1012 769 95 54 69 73 771 30 24 675 90 75 42 671 181 44 231 27 56 129 926 33
leaf_count=2657 9293 1413 20587 2761 636 3281 1806 1854 6250 2759 49 144 33 256 113 31 1012 769 95 54 69 73 771 30 24 675 90 75 42 671 181 44 231 27 56 129 926 33
internal_value=-0.0213307 -0.00962437 -0.0348961 -0.0323594 -0.0295119 0.00107253 0.00159487 0.00209129 0.0024284 0.00132918 -0.0356026 -0.0326319 -0.000728261 -0.00280024 -0.00870903 0.000385911 0.000955715 -0.0023 -0.00148961 -0.00255678 -0.00781435 -0.0124286 -0.00109942 -0.00885714 -0.016438 0.000245364 0.00258824 -0.000408759 -0.00199849 -0.00112653 -0.00394224 -0.00214035 -0.00603636 -0.0124706 -0.0123265 -0.00217284 -0.0334615 -0.0287684
internal_weight=60000 32207 27793 6054 3397 22914 17762 14481 12675 6425 21739 1152 5152 1647 299 4571 3771 800 1348 1092 237 168 855 84 137 3505 765 2740 1327 1225 554 456 275 102 98 162 1103 177
internal_count=60000 32207 27793 6054 3397 22914 17762 14481 12675 6425 21739 1152 5152 1647 299 4571 3771 800 1348 1092 237 168 855 84 137 3505 765 2740 1327 1225 554 456 275 102 98 162 1103 177
is_linear=0
shrinkage=0.04


Tree=74
num_leaves=39
num_cat=0
split_feature=135 15 118 15 119 18 27 56 119 48 48 119 119 121 119 128 15 48 119 62 48 48 119 119 119 85 48 119 56 119 48 119 91 0 24 27 5 96
split_gain=6012.1 5680.61 214.899 105.491 13.1637 10.9678 7.16475 6.22912 9.14166 8.80601 5.85538 6.55729 7.74009 5.19317 8.55351 4.53783 6.15009 4.37702 6.44543 5.77436 4.14795 5.1135 7.62698 22.3028 3.44216 4.48142 3.98541 7.05869 5.01162 5.23099 6.57264 10.7793 3.26871 3.10627 2.8845 2.83722 2.75645 3.2358
threshold=1.0000000180025095e-35 0.75000000000000011 1.0000000180025095e-35 0.75000000000000011 0.51532536745071422 1.0000000180025095e-35 0.47114434838294988 0.11343243718147279 0.59866267442703258 0.45820383727550512 0.42232480645179754 0.48508223891258245 0.47632130980491644 1.0000000180025095e-35 0.7215886414051057 -0.70710662007331837 0.75000000000000011 0.51995083689689647 0.56429719924926769 0.13653441518545154 0.44344586133956915 0.44763240218162542 0.50662484765052807 0.50002238154411327 0.47632130980491644 0.53274607658386242 0.33297631144523626 0.401892900466919 0.42150203883647924 0.41975449025630956 0.3916513472795487 0.45485258102416998 0.86663827300071727 0.570764720439911 0.092631496489048018 0.91037616133689891 0.61489704251289379 0.52192804217338573
decision_type=2 2 2 2 2 2 2 2 2 2 2 2 2 2 2 2 2 2 2 2 2 2 2 2 2 2 2 2 2 2 2 2 2 2 2 2 2 2
left_child=2 -2 13 -4 10 -6 -5 -7 9 -9 24 12 34 14 -1 16 -15 18 -11 -19 -13 22 23 -22 26 -26 -3 33 29 32 -31 -32 -29 -28 -12 -23 37 -14
right_child=1 4 3 6 5 7 -8 8 -10 17 11 20 36 15 -16 -17 -18 19 -20 -21 21 35 -24 -25 25 -27 27 28 -30 30 31 -33 -34 -35 -36 -37 -38 -39
leaf_value=0 0 6.4554851473747337e-05 0 0.00041693348876384296 -0.00027514025261925949 -0.0050858453363785095 -0.00050534063741152142 0.018282468679980967 0.014043123693536615 -2.8695230842361989e-05 -0.0066651270984515619 0.00017271140060951389 -0.0037891566362427205 0 0 0 0 -0.0039685449688166077 0.016084699826183792 -0.0007544253050664443 0.0002817745929367206 0.00014226715286447904 0.26953970206462313 -0.002564336703363521 0.092336849893959544 -0.025385512151999572 -0.0031714344119399308 -0.0011488313638244004 8.8186563949997936e-06 0.14336307430385581 -0.0023339416827412242 -0.001352585635093602 -0.001151751996071071 -1.9585215132744416e-05 9.9374786877142113e-05 -0.0068011519109434961 -0.0026058518527091569 -0.0070266611811752771
leaf_weight=34 9258 1413 189 351 3705 1146 60 1855 6496 2759 34 590 37 2527 651 20960 3041 31 1014 769 89 424 63 73 639 126 75 42 671 181 44 231 56 27 130 109 24 76
leaf_count=34 9258 1413 189 351 3705 1146 60 1855 6496 2759 34 590 37 2527 651 20960 3041 31 1014 769 89 424 63 73 639 126 75 42 671 181 44 231 56 27 130 109 24 76
internal_value=-0.0213247 -0.00955454 -0.0349458 -0.0112667 0.00112329 0.00163938 0.000107056 0.00214925 0.00239988 0.00133043 -0.000656577 -0.0026222 -0.00796013 -0.0354679 -0.0320292 -0.0355567 -0.0345417 0.000387492 0.000957329 -0.0023 -0.00143027 -0.00338786 -0.00844444 -0.013037 0.000268188 0.00264052 -0.00039416 -0.00196835 -0.00112653 -0.00394224 -0.00214035 -0.00603636 -0.0123265 -0.0120784 -0.00209756 -0.00125328 -0.0149781 -0.0175929
internal_weight=60000 32187 27813 600 22929 17775 411 14070 12924 6428 5154 1649 301 27213 685 26528 5568 4573 3773 800 1348 758 225 162 3505 765 2740 1327 1225 554 456 275 98 102 164 533 137 113
internal_count=60000 32187 27813 600 22929 17775 411 14070 12924 6428 5154 1649 301 27213 685 26528 5568 4573 3773 800 1348 758 225 162 3505 765 2740 1327 1225 554 456 275 98 102 164 533 137 113
is_linear=0
shrinkage=0.04


Tree=75
num_leaves=39
num_cat=0
split_feature=135 32 118 32 130 119 10 101 34 120 1 128 32 14 14 119 119 120 14 119 73 56 14 113 119 102 10 119 14 119 14 119 56 119 14 102 14 5
split_gain=6033.89 5700.38 214.899 105.491 10.5755 7.94104 7.16475 6.34825 8.57052 5.86665 5.71086 4.67508 6.2655 4.27488 4.48991 7.81806 22.9514 4.15217 4.23914 5.31475 4.55832 4.45698 4.334 5.58741 5.23947 3.17093 3.086 2.92736 4.86399 3.74024 3.27446 5.78237 6.29827 7.39765 5.0332 12.529 3.88001 4.33929
threshold=1.0000000180025095e-35 0.75000000000000011 1.0000000180025095e-35 0.75000000000000011 0.063749678432941451 0.51532536745071422 0.52778527140617382 1.0000000180025095e-35 0.61718398332595836 1.0000000180025095e-35 1.0000000180025095e-35 -0.70710662007331837 0.75000000000000011 0.44344586133956915 0.44763240218162542 0.50002238154411327 0.50662484765052807 1.0000000180025095e-35 0.45591865479946142 0.59866267442703258 0.10881865024566652 0.1095455400645733 0.51995083689689647 0.14017961174249652 0.56429719924926769 0.53283676505088817 0.93540483713150036 0.50002238154411327 0.43158185482025152 0.48508223891258245 0.33297631144523626 0.39440976083278662 0.42150203883647924 0.41975449025630956 0.3916513472795487 0.45443418622016912 0.35276135802268987 0.40262793004512792
decision_type=2 2 2 2 2 2 2 2 2 2 2 2 2 2 2 2 2 2 2 2 2 2 2 2 2 2 2 2 2 2 2 2 2 2 2 2 2 2
left_child=2 -2 7 -4 9 13 -5 11 -9 -3 -7 12 -1 25 15 -15 -17 -12 21 22 -21 -19 24 -24 -20 27 -16 28 29 30 -6 -32 33 36 -35 -36 -33 -38
right_child=1 4 3 6 5 10 -8 8 -10 -11 17 -13 -14 14 26 16 -18 18 19 20 -22 -23 23 -25 -26 -27 -28 -29 -30 -31 31 32 -34 34 35 -37 37 -39
leaf_value=0 0 -0.0072593230794401834 0 0.00040025614921328922 6.1972657414797441e-05 -0.00011280375694579429 -0.00048512701191506059 0 0 0.013481398745795162 -0.11320722468115733 0 0 0.00037240919844495733 -0.00020861056115186857 -0.0023956477155470529 0.25875811398203818 -0.0061199949527022488 3.4273583960195523e-05 -0.002538278142655271 0.013481398745795162 0.013481398745795162 -0.003488068401823312 -0.0009555791034649068 0.017047361308076683 -0.056961820829648582 -0.0064048764884507142 0.1018900991637537 -0.00089358618947905477 0.12562638161776196 -0.0030413317181938087 0.15642857386439971 8.4659101391998686e-06 0.15241098287853944 -0.0021794629245133908 -0.0013028570587031163 -0.0023898619505273951 -0.0011056819162281611
leaf_weight=2527 9258 151 189 351 1343 3772 60 27 557 3289 35 21059 3043 97 502 71 63 438 2688 671 2309 3098 26 731 891 91 74 361 113 430 38 29 944 162 36 380 54 42
leaf_count=2527 9258 151 189 351 1343 3772 60 27 557 3289 35 21059 3043 97 502 71 63 438 2688 671 2309 3098 26 731 891 91 74 361 113 430 38 29 944 162 36 380 54 42
internal_value=-0.0213 -0.00950856 -0.0349458 -0.0112667 0.00118784 0.000826928 0.000107056 -0.0354679 -0.0313425 0.00323256 0.0012904 -0.0355584 -0.0345278 -0.00057971 -0.00323668 -0.00794805 -0.014209 0.00175512 0.00179948 0.00124986 0.00255034 0.00293665 0.000356089 -0.00239366 0.000937692 -4.67311e-05 -0.00134722 0.00012411 -0.000222907 4.39562e-05 -0.000451783 -0.00162611 -0.00127019 -0.00413656 -0.00222837 -0.00455769 -0.01296 -0.0168333
internal_weight=60000 32187 27813 600 22929 19489 411 27213 584 3440 14659 26629 5570 4830 807 231 134 10887 10852 7316 2980 3536 4336 757 3579 4023 576 3932 3571 3458 3028 1685 1647 703 578 416 125 96
internal_count=60000 32187 27813 600 22929 19489 411 27213 584 3440 14659 26629 5570 4830 807 231 134 10887 10852 7316 2980 3536 4336 757 3579 4023 576 3932 3571 3458 3028 1685 1647 703 578 416 125 96
is_linear=0
shrinkage=0.04


Tree=76
num_leaves=39
num_cat=0
split_feature=135 32 118 32 130 10 119 101 34 18 127 128 32 14 14 119 119 14 119 56 39 14 113 119 123 5 10 101 128 119 24 14 22 14 102 119 14 58
split_gain=6047.46 5712.69 214.899 105.491 10.2828 7.16475 6.89797 6.34825 8.57052 6.2172 5.85343 4.67508 6.2655 4.40996 4.34993 7.50815 22.1784 4.13539 4.96162 4.57987 4.36101 4.03175 5.45478 5.23773 3.18992 3.05026 2.71649 2.67867 2.74845 2.65564 3.85543 4.54905 3.53939 2.62287 2.61404 2.58792 2.78807 2.52083
threshold=1.0000000180025095e-35 0.75000000000000011 1.0000000180025095e-35 0.75000000000000011 0.063749678432941451 0.52778527140617382 0.51532536745071422 1.0000000180025095e-35 0.61718398332595836 1.0000000180025095e-35 -0.191734604537487 -0.70710662007331837 0.75000000000000011 0.44344586133956915 0.44763240218162542 0.50002238154411327 0.50662484765052807 0.45591865479946142 0.59866267442703258 0.11343243718147279 0.13240957260131839 0.51995083689689647 0.13498093187808993 0.56429719924926769 1.0000000180025095e-35 0.38633030652999883 0.93540483713150036 1.0000000180025095e-35 -0.7294732630252837 0.48508223891258245 -0.3076197206974029 0.41325272619724279 0.30281279981136328 0.31647910177707678 0.58932635188102733 0.387991413474083 0.33297631144523626 -0.57703381776809681
decision_type=2 2 2 2 2 2 2 2 2 2 2 2 2 2 2 2 2 2 2 2 2 2 2 2 2 2 2 2 2 2 2 2 2 2 2 2 2 2
left_child=2 -2 7 -4 10 -5 13 11 -9 27 -3 12 -1 24 15 -15 25 19 21 -11 -20 23 -23 -19 29 -17 -16 28 -8 30 31 32 -6 -32 -24 37 -37 -34
right_child=1 4 3 5 6 -7 9 8 -10 17 -12 -13 -14 14 26 16 -18 18 20 -21 -22 22 34 -25 -26 -27 -28 -29 -30 -31 33 -33 35 -35 -36 36 -38 -39
leaf_value=0 0 0.012942142795963356 0 0.00038424590324475771 0.094057466004809159 -0.00046572193143845815 0.00090685404353373631 0 0 -0.0053802429315126547 -0.0080721031617134436 0 0 0.00035751283050715907 -0.00020026613870579378 -0.0037476335888694179 0.24840778942275665 3.5801277784248584e-05 -0.0022977647008610028 0.012942142795963356 0.012942142795963356 -0.0033872534210907814 -0.0013950479008501358 0.016453712549490448 -0.016923919248041965 -0.0021994596944692074 -0.0061486814289126862 -0.001093929890488487 -0.0037871917237876332 0.039597903793467316 5.9493751118205544e-05 -0.003457683139734968 -0.005285574388109753 -1.1037058181835202e-05 0.00089057851412453455 0.09634507782440295 -0.0024173133319578162 -0.0035245748507680597
leaf_weight=2527 9258 3260 189 351 175 60 664 27 557 522 180 21059 3043 97 502 20 63 2767 746 3126 2296 24 448 913 357 51 74 2783 58 840 339 75 24 2042 312 65 82 24
leaf_count=2527 9258 3260 189 351 175 60 664 27 557 522 180 21059 3043 97 502 20 63 2767 746 3126 2296 24 448 913 357 51 74 2783 58 840 339 75 24 2042 312 65 82 24
internal_value=-0.0212847 -0.00947998 -0.0349458 -0.0112667 0.00122796 0.000107056 0.000872082 -0.0354679 -0.0313425 0.00130405 0.00324419 -0.0355584 -0.0345278 -0.000438923 -0.00313755 -0.00777489 -0.0139104 0.00176582 0.00122888 0.00287061 0.00247469 0.000379928 -0.00222449 0.000934783 0.000102411 -0.0292394 -0.00127778 -0.000165478 0.00200554 0.000453901 -0.00013305 -0.00355056 -0.00172973 0.00050567 -0.00163158 -0.0054359 -0.00280272 -0.0135
internal_weight=60000 32187 27813 600 22929 411 19489 27213 584 14659 3440 26629 5570 4830 807 231 134 11154 7506 3648 3042 4464 784 3680 4023 71 576 3505 722 3666 2826 445 370 2381 760 195 147 48
internal_count=60000 32187 27813 600 22929 411 19489 27213 584 14659 3440 26629 5570 4830 807 231 134 11154 7506 3648 3042 4464 784 3680 4023 71 576 3505 722 3666 2826 445 370 2381 760 195 147 48
is_linear=0
shrinkage=0.04


Tree=77
num_leaves=39
num_cat=0
split_feature=135 15 118 15 119 18 14 10 51 14 73 119 14 121 119 128 15 14 119 62 24 68 119 24 14 90 119 90 119 14 11 102 119 6 93 25 34 12
split_gain=6028 5695.03 214.899 105.491 11.613 10.9017 7.83855 7.16475 6.04979 10.9274 5.6082 9.83988 8.80903 5.19317 8.55351 4.53783 6.15009 3.89756 6.03127 5.02251 3.60246 3.18761 5.1611 3.41418 4.63859 3.14283 2.71219 4.69818 2.67053 3.42691 2.6307 2.58193 2.54532 9.94551 2.46051 2.53941 2.43743 4.79157
threshold=1.0000000180025095e-35 0.75000000000000011 1.0000000180025095e-35 0.75000000000000011 0.51532536745071422 1.0000000180025095e-35 0.43158185482025152 0.52778527140617382 0.50622645020484935 0.44763240218162542 0.10881865024566652 0.59866267442703258 0.45820383727550512 1.0000000180025095e-35 0.7215886414051057 -0.70710662007331837 0.75000000000000011 0.51995083689689647 0.56429719924926769 0.13653441518545154 1.7907189130783083 0.54983130097389232 0.48508223891258245 -0.31549310684204096 0.41325272619724279 0.24677592515945437 0.77350604534149181 0.069688767194747939 0.387991413474083 0.35276135802268987 0.25326456129550939 0.58932635188102733 0.79898613691329967 0.85285279154777538 -0.97803080081939686 -0.80963057279586781 0.49594986438751226 0.83773252367973339
decision_type=2 2 2 2 2 2 2 2 2 2 2 2 2 2 2 2 2 2 2 2 2 2 2 2 2 2 2 2 2 2 2 2 2 2 2 2 2 2
left_child=2 -2 13 -4 6 -6 21 -5 9 20 26 12 -12 14 -1 16 -15 18 -14 -19 34 22 23 24 25 -3 -7 -28 -27 -30 -11 -21 33 -16 -8 -36 -37 -38
right_child=1 4 3 7 5 10 8 -9 -10 30 11 -13 17 15 32 -17 -18 19 -20 31 -22 -23 -24 -25 -26 28 27 -29 29 -31 -32 -33 -34 -35 35 36 37 -39
leaf_value=0 0 0.13234161563370153 0 0.00036887606711496742 -0.00019744197360421572 0.015880208930076752 -0.002775205182860055 -0.00044709305418091981 -0.0015481451980423578 -0.0042405851471081562 0.016493783932839613 0.012424457084124825 -3.0350416078445273e-05 0 0 0 0 -0.0035347902971473799 0.014165778400174328 -0.0013392459830909728 -0.0019804053255529637 -0.017833646271778816 0.089857267026761542 8.5687560610951529e-06 -0.0033364291386382069 -0.0041619320630494503 0.0084715816910732687 -0.086944220394837318 0.091785517429385469 -0.0024412559868959459 0.0013222519745695732 0.00087759087219692572 0 0 -0.00010105010638524266 -0.0015655348597308043 -0.002045451965966563 -0.0016062528584412331
leaf_weight=34 9258 155 189 351 3705 657 49 60 660 23 1854 6250 2759 2527 155 20960 3041 31 1012 458 58 270 614 2637 73 51 177 561 101 82 165 311 466 30 58 62 35 61
leaf_count=34 9258 155 189 351 3705 657 49 60 660 23 1854 6250 2759 2527 155 20960 3041 31 1012 458 58 270 614 2637 73 51 177 561 101 82 165 311 466 30 58 62 35 61
internal_value=-0.0213067 -0.00952099 -0.0349458 -0.0112667 0.0011704 0.00165513 -0.000501358 0.000107056 -0.00337831 -0.00664579 0.00216347 0.0024284 0.00132918 -0.0354679 -0.0320292 -0.0355567 -0.0345417 0.000385911 0.000923893 -0.00215 -0.0111084 0.000344464 0.00064961 -1.4198e-05 -0.00318615 -0.00144987 -0.000243727 -0.00190786 -0.00437607 -0.00212022 0.00102128 -0.00151365 -0.0330507 -0.0290811 -0.00913208 -0.0072963 -0.00992405 -0.0139167
internal_weight=60000 32187 27813 600 22929 17775 5154 411 1171 511 14070 12675 6425 27213 685 26528 5568 4571 3771 800 323 3983 3713 3099 462 389 1395 738 234 183 188 769 651 185 265 216 158 96
internal_count=60000 32187 27813 600 22929 17775 5154 411 1171 511 14070 12675 6425 27213 685 26528 5568 4571 3771 800 323 3983 3713 3099 462 389 1395 738 234 183 188 769 651 185 265 216 158 96
is_linear=0
shrinkage=0.04


Tree=78
num_leaves=39
num_cat=0
split_feature=135 32 101 124 32 119 18 34 14 10 51 14 79 128 32 14 119 56 107 24 14 119 22 123 119 14 119 14 107 119 14 119 119 85 14 24 42 90
split_gain=6032.12 5698.77 146.699 75.1742 106.406 11.2465 10.9526 8.05203 7.86389 6.73804 6.17695 10.9274 5.61895 4.67508 6.2655 4.23206 4.68676 4.10546 3.94008 3.60246 3.56948 5.51114 3.63372 3.18604 4.52507 3.7962 5.55997 4.40974 5.72935 6.67985 5.18363 11.8205 3.87619 5.76241 5.1522 3.23182 3.22763 3.13507
threshold=1.0000000180025095e-35 0.75000000000000011 1.0000000180025095e-35 0.030841578729450706 0.75000000000000011 0.51532536745071422 1.0000000180025095e-35 0.61718398332595836 0.43158185482025152 0.52778527140617382 0.50622645020484935 0.44763240218162542 0.066965416073799147 -0.70710662007331837 0.75000000000000011 0.45591865479946142 0.59866267442703258 0.11343243718147279 0.088804036378860488 1.7907189130783083 0.51995083689689647 0.56429719924926769 0.28315648436546331 1.0000000180025095e-35 0.48508223891258245 0.3239296823740006 0.39440976083278662 0.35276135802268987 0.38978694379329687 0.41975449025630956 0.3916513472795487 0.45485258102416998 0.38069936633110052 0.3885036855936051 0.33297631144523626 -0.035512650385498994 1.5879284739494326 0.19612502306699756
decision_type=2 2 2 2 2 2 2 2 2 2 2 2 2 2 2 2 2 2 2 2 2 2 2 2 2 2 2 2 2 2 2 2 2 2 2 2 2 2
left_child=2 -2 13 7 -5 8 -7 -4 23 -6 11 19 -8 14 -1 17 20 -14 -18 -10 21 -17 37 24 25 -3 32 -28 29 -29 -31 -32 35 36 -35 -27 -34 -22
right_child=1 5 3 4 9 6 12 -9 10 -11 -12 -13 15 -15 -16 16 18 -19 -20 -21 22 -23 -24 -25 -26 26 27 28 -30 30 31 -33 33 34 -36 -37 -38 -39
leaf_value=0 0 5.6771250831033524e-05 0 0 0.00032672405094350947 -0.00018954429466004708 0.011927478800759844 0 -0.0020442565352737307 -0.00042920933201368304 -0.0014862193901206634 0.00022669967427554013 -0.0025626816455230272 0 0 1.7582661079074541e-05 -0.0013493916640614806 0.011927478800759844 0.011927478800759844 -0.0019011891125308451 -0.00079445210216379908 0.014211323164174847 -0.00047871041991411095 -0.016447467204304404 0.086193678658876047 -0.012487869426109901 0.17270735331941872 -0.0013724357939959918 8.226005818461634e-06 0.12736867010192421 -0.0027543348645091238 -0.001096367149028865 -0.005372855809531357 0.28093873169185457 -0.0029271521260068167 5.9592483203035149e-05 -0.0054327930493257752 -0.0034390610009205382
leaf_weight=2527 9258 735 26 193 358 3705 3120 546 265 61 660 188 503 21059 3043 2814 676 2994 2199 58 50 976 692 346 632 20 456 96 844 161 42 391 58 80 21 79 22 46
leaf_count=2527 9258 735 26 193 358 3705 3120 546 265 61 660 188 503 21059 3043 2814 676 2994 2199 58 50 976 692 346 632 20 456 96 844 161 42 391 58 80 21 79 22 46
internal_value=-0.021302 -0.00951229 -0.0349458 -0.0211689 -0.0114248 0.00118261 0.00165963 -0.0315944 -0.000462553 -0.000105012 -0.00334415 -0.00664579 0.00216915 -0.0355584 -0.0345278 0.00174247 0.00120381 0.00289048 0.00246957 -0.0111084 0.000408912 0.000918206 -0.00204061 0.000384635 0.000733572 8.65226e-05 -0.000722467 2.01007e-05 -0.00100652 -0.00371014 -0.00212795 -0.00440647 -0.006 -0.00948066 -0.00312871 0.000363637 -0.0175 -0.00933333
internal_weight=60000 32187 27813 1184 612 22929 17775 572 5154 419 1171 511 14070 26629 5570 10950 7453 3497 2875 323 4578 3790 788 3983 3637 3005 2270 1990 1534 690 594 433 280 181 101 99 80 96
internal_count=60000 32187 27813 1184 612 22929 17775 572 5154 419 1171 511 14070 26629 5570 10950 7453 3497 2875 323 4578 3790 788 3983 3637 3005 2270 1990 1534 690 594 433 280 181 101 99 80 96
is_linear=0
shrinkage=0.04


Tree=79
num_leaves=39
num_cat=0
split_feature=135 15 118 15 119 18 14 10 101 34 51 14 96 128 15 14 119 73 39 24 14 119 62 123 119 14 102 107 119 14 119 11 91 7 119 14 119 22
split_gain=6035.07 5701.45 214.899 105.491 10.8389 10.9526 8.07711 7.16475 6.34825 8.57052 6.17695 10.9274 5.64909 4.67508 6.2655 4.12916 4.46321 3.97825 3.85069 3.60246 3.15695 5.4885 4.96484 2.87935 4.42853 3.86338 5.41889 4.69902 5.18179 5.45435 9.9893 4.45581 3.17549 3.12078 2.9806 4.88666 8.32499 2.56275
threshold=1.0000000180025095e-35 0.75000000000000011 1.0000000180025095e-35 0.75000000000000011 0.51532536745071422 1.0000000180025095e-35 0.43158185482025152 0.52778527140617382 1.0000000180025095e-35 0.61718398332595836 0.50622645020484935 0.44763240218162542 0.082365725189447417 -0.70710662007331837 0.75000000000000011 0.45591865479946142 0.59866267442703258 0.10491276904940607 0.13240957260131839 1.7907189130783083 0.51995083689689647 0.56429719924926769 0.13653441518545154 1.0000000180025095e-35 0.48508223891258245 0.33297631144523626 0.39428536593914038 0.38978694379329687 0.41975449025630956 0.3916513472795487 0.45485258102416998 1.493138372898102 0.86663827300071727 -0.6426405906677245 0.387991413474083 0.3239296823740006 0.38069936633110052 0.37079821527004247
decision_type=2 2 2 2 2 2 2 2 2 2 2 2 2 2 2 2 2 2 2 2 2 2 2 2 2 2 2 2 2 2 2 2 2 2 2 2 2 2
left_child=2 -2 8 -4 6 -6 23 -5 13 -10 11 19 -7 14 -1 17 20 -14 -18 -8 21 -17 -22 24 25 34 31 28 32 -30 -31 -27 -28 -32 35 -3 -37 -38
right_child=1 4 3 7 5 12 10 -9 9 -11 -12 -13 15 -15 -16 16 18 -19 -20 -21 22 -23 -24 -25 -26 26 27 -29 29 30 33 -33 -34 -35 -36 36 37 -39
leaf_value=0 0 5.4500400797792175e-05 0 0.00034105206239262834 -0.00018196252287364521 0.011450379648729445 -0.0019624862738627817 -0.00041204095873313571 0 0 -0.0014267706145158368 0.00021763168730451851 -0.0010820118488503209 0 0 4.586702127247671e-06 -0.00035312984684681781 0.011450379648729445 0.011450379648729445 -0.0018251415480296112 -0.0039334532568194632 0.01393621397553666 -0.00046823535815577853 -0.015789568516132228 0.082745931512520979 -0.0028630005636122923 -0.0021820558037768216 7.8969655857231679e-06 0.12836044527320942 -0.0026441614699287586 -0.0055389053472483301 -0.0027992483150724289 -0.0010064584757345 -0.00094638816409400568 0.15530914265145809 5.7208783874913749e-05 -0.0045581300159074495 -0.0052154813273527431
leaf_weight=2527 9258 461 189 351 3705 3252 265 60 27 557 660 188 559 21059 3043 2783 726 2905 2113 58 26 944 762 346 632 20 50 891 190 42 27 21 73 364 714 86 23 43
leaf_count=2527 9258 461 189 351 3705 3252 265 60 27 557 660 188 559 21059 3043 2783 726 2905 2113 58 26 944 762 346 632 20 50 891 190 42 27 21 73 364 714 86 23 43
internal_value=-0.0212987 -0.00950607 -0.0349458 -0.0112667 0.00119133 0.00165963 -0.000423748 0.000107056 -0.0354679 -0.0313425 -0.00334415 -0.00664579 0.00216915 -0.0355584 -0.0345278 0.00172971 0.00119336 0.00286836 0.00243607 -0.0111084 0.00041196 0.00089831 -0.00188832 0.000434848 0.000766566 0.000126456 -0.00114899 -0.000789248 -0.00313137 -0.00165008 -0.00412933 -0.0155122 -0.0106341 -0.00213811 0.00173926 -0.000306688 -0.00652632 -0.0172121
internal_weight=60000 32187 27813 600 22929 17775 5154 411 27213 584 1171 511 14070 26629 5570 10818 7354 3464 2839 323 4515 3727 788 3983 3637 3005 1678 1637 746 623 433 41 123 391 1327 613 152 66
internal_count=60000 32187 27813 600 22929 17775 5154 411 27213 584 1171 511 14070 26629 5570 10818 7354 3464 2839 323 4515 3727 788 3983 3637 3005 1678 1637 746 623 433 41 123 391 1327 613 152 66
is_linear=0
shrinkage=0.04


Tree=80
num_leaves=39
num_cat=0
split_feature=135 15 118 15 90 10 79 101 34 128 15 120 102 73 14 102 23 12 123 13 22 12 0 122 102 14 51 14 102 24 12 85 120 128 12 101 128 6
split_gain=6038.61 5704.66 214.899 105.491 10.2698 7.16475 6.4609 6.34825 8.57052 4.67508 6.2655 3.34862 3.36971 4.18765 3.59385 7.33549 3.43363 3.12401 4.95918 3.63314 3.09556 3.08767 3.19606 3.07951 2.89329 4.36775 4.90142 9.87827 7.41247 4.72238 4.04904 11.4711 3.93162 4.73711 3.72059 3.05423 3.03764 2.97851
threshold=1.0000000180025095e-35 0.75000000000000011 1.0000000180025095e-35 0.75000000000000011 0.3553417325019837 0.52778527140617382 0.061853587627410896 1.0000000180025095e-35 0.61718398332595836 -0.70710662007331837 0.75000000000000011 1.0000000180025095e-35 0.54978761076927196 0.10881865024566652 0.50125351548194896 0.59790590405464183 0.78536367416381847 0.91245013475418102 1.0000000180025095e-35 0.76363638043403637 0.5993909239768983 0.75789234042167675 0.77784287929534923 1.0000000180025095e-35 0.51809874176979076 0.43823994696140295 0.50622645020484935 0.44763240218162542 0.49622537195682531 -0.53495800495147694 0.83773252367973339 0.50011277198791515 1.0000000180025095e-35 -0.91037607192993153 0.83773252367973339 1.0000000180025095e-35 -0.75183990597724903 0.89043766260147106
decision_type=2 2 2 2 2 2 2 2 2 2 2 2 2 2 2 2 2 2 2 2 2 2 2 2 2 2 2 2 2 2 2 2 2 2 2 2 2 2
left_child=2 -2 7 -4 6 -5 -3 9 -9 10 -1 -8 23 -14 -15 16 -16 18 24 21 -21 22 -20 -13 25 29 27 28 34 -6 -30 -32 33 -26 -27 36 -35 -37
right_child=1 4 3 5 17 -7 11 8 -10 -11 -12 12 13 14 15 -17 -18 -19 19 20 -22 -23 -24 -25 32 26 -28 -29 30 -31 31 -33 -34 35 -36 37 -38 -39
leaf_value=0 0 0.010992364462780273 0 0.00032740997989692317 -0.046493952091009629 -0.00039555932038381033 -0.11062871402709414 0 0 0 0 -0.00028067885550152365 0.00071122565552931205 0.010987921080128764 -0.085593822909730971 0.010992364462780273 -0.0022855411142231291 0.0020819978174728433 -0.045197566199242187 -0.011775116029126708 -0.060636244018652759 0.16197912209251808 -0.031637996761922929 0.012930347915589646 0.00062561380865456238 0.0015826092123334915 -0.0014433162839916855 0.00058415726193513523 -0.0017724121550334708 7.5810869624839549e-06 -0.0026323417529807293 0.14446474891506236 0.000961512555310327 0.0020629082074349585 -0.0020300796603420312 -0.0061278986507007837 -0.0035262735421828467 0.0022958630780150861
leaf_weight=2527 9258 2962 189 351 25 60 35 27 557 21059 3043 2211 1266 3212 24 626 468 1750 94 255 424 428 331 555 886 46 501 140 54 1832 29 33 4180 145 22 203 124 68
leaf_count=2527 9258 2962 189 351 25 60 35 27 557 21059 3043 2211 1266 3212 24 626 468 1750 94 255 424 428 331 555 886 46 501 140 54 1832 29 33 4180 145 22 203 124 68
internal_value=-0.0212947 -0.00949862 -0.0349458 -0.0112667 0.0012018 0.000107056 0.00205617 -0.0354679 -0.0313425 -0.0355584 -0.0345278 0.00148958 0.00154126 0.00210579 0.00269746 0.000744186 -0.00291057 0.000363008 8.55399e-05 -0.00200522 -0.00418851 -0.000267292 -0.00268235 0.000399132 0.000472008 -0.000608501 -0.0030303 -0.0068642 -0.0129565 0.000467421 -0.0191034 -0.012129 0.000988941 -0.000824684 -0.00247059 -0.00377778 -0.000758364 -0.00677491
internal_weight=60000 32187 27813 600 22929 411 11359 27213 584 26629 5570 8397 8362 5596 4330 1118 492 11570 9820 1532 679 853 425 2766 8288 2682 825 324 184 1857 116 62 5606 1426 68 540 269 271
internal_count=60000 32187 27813 600 22929 411 11359 27213 584 26629 5570 8397 8362 5596 4330 1118 492 11570 9820 1532 679 853 425 2766 8288 2682 825 324 184 1857 116 62 5606 1426 68 540 269 271
is_linear=0
shrinkage=0.04


Tree=81
num_leaves=39
num_cat=0
split_feature=135 32 118 32 111 44 119 73 101 34 14 102 128 32 12 106 44 119 14 14 102 119 12 119 12 24 12 102 6 25 13 102 88 119 6 44 17 119
split_gain=6042.15 5707.87 214.899 105.491 10.1478 7.16475 6.61184 8.97756 6.34825 8.57052 5.47702 4.8599 4.67508 6.2655 2.86 2.89972 2.79296 3.69412 6.49386 6.99512 6.13991 7.61876 5.23935 14.1228 4.22222 3.48783 3.70992 6.00669 3.31156 4.46157 2.58043 2.40833 2.19769 2.16741 6.23046 2.10103 2.07713 2.04673
threshold=1.0000000180025095e-35 0.75000000000000011 1.0000000180025095e-35 0.75000000000000011 0.065403021872043623 0.4124861359596253 0.56429719924926769 0.10881865024566652 1.0000000180025095e-35 0.61718398332595836 0.50125351548194896 0.55805155634880077 -0.70710662007331837 0.75000000000000011 0.90145155787467968 1.0000000180025095e-35 -0.63405355811119068 0.50974160432815563 0.43823994696140295 0.44763240218162542 0.50684645771980297 0.49626159667968756 0.83773252367973339 0.50002238154411327 0.83773252367973339 -0.24063676595687863 0.76287078857421886 0.39428536593914038 0.7914513647556306 -0.15484131872653958 0.76363638043403637 0.82208412885665905 1.0000000180025095e-35 0.81176975369453441 0.85285279154777538 0.065403342247009291 0.48513673245906835 0.77350604534149181
decision_type=2 2 2 2 2 2 2 2 2 2 2 2 2 2 2 2 2 2 2 2 2 2 2 2 2 2 2 2 2 2 2 2 2 2 2 2 2 2
left_child=2 -2 8 -4 14 -5 10 37 12 -10 32 -12 13 -1 15 16 28 18 25 20 21 24 -23 -24 -20 -18 -27 -28 29 -3 -16 -7 -6 34 -11 -15 -29 -8
right_child=1 4 3 5 6 31 7 -9 9 33 11 -13 -14 35 30 -17 17 -19 19 -21 -22 22 23 -25 -26 26 27 36 -30 -31 -32 -33 -34 -35 -36 -37 -38 -39
leaf_value=0 0 -0.056771094689248937 0 0.00031431358070104626 0.00011855667401188116 -0.00037973694756845793 0.014539994957295993 0.010552669884269079 0 0 -0.0044464177349165628 -0.092177743432376363 0 0 0.028490382665898584 -0.018948122735134944 -0.0058904879028585091 0.00076468650790313176 0.0015570284203647834 4.2108651783426646e-05 0.21652662017950647 -0.0018123153800585108 -0.0019295033464140886 0.13868257212995727 -0.0018329960283157165 2.3123417334213769e-05 -0.0026875816259480313 -0.00064985723449228821 -0.0012474734182732579 -0.0016151001120933276 7.7578356917586789e-05 -0.00037973694756845793 0.021053188311999874 0 0 0 0.0014869915986263824 -0.06516656864971157
leaf_weight=2527 9258 22 189 351 2110 40 655 6407 27 121 53 23 21059 2984 947 1422 39 5571 57 267 48 61 33 51 24 1345 23 369 738 45 1382 20 345 406 30 59 154 738
leaf_count=2527 9258 22 189 351 2110 40 655 6407 27 121 53 23 21059 2984 947 1422 39 5571 57 267 48 61 33 51 24 1345 23 369 738 45 1382 20 345 406 30 59 154 738
internal_value=-0.0212907 -0.00949116 -0.0349458 -0.0112667 0.00121226 0.000107056 0.00214152 0.00271795 -0.0354679 -0.0313425 0.000365073 -0.0102105 -0.0355584 -0.0345278 0.00045023 0.00016321 0.000432689 0.000657548 -0.000629704 -0.00450277 -0.0089927 -0.0117522 -0.0172414 -0.0107619 -0.00192593 0.000455959 0.000700159 -0.00208059 -0.00181366 -0.0103284 0.00171576 -0.0126667 0.000692464 -0.0324093 -0.0283179 -0.0333053 -0.00120076 -0.00019239
internal_weight=60000 32187 27813 600 22929 411 10331 7800 27213 584 2531 76 26629 5570 12598 10269 8847 8042 2471 541 274 226 145 84 81 1930 1891 546 805 67 2329 60 2455 557 151 3043 523 1393
internal_count=60000 32187 27813 600 22929 411 10331 7800 27213 584 2531 76 26629 5570 12598 10269 8847 8042 2471 541 274 226 145 84 81 1930 1891 546 805 67 2329 60 2455 557 151 3043 523 1393
is_linear=0
shrinkage=0.04


Tree=82
num_leaves=39
num_cat=0
split_feature=135 15 118 15 130 10 119 14 101 34 34 14 18 111 15 14 119 56 127 39 14 113 119 41 10 93 102 102 41 102 14 17 68 14 119 6 102 119
split_gain=6049.23 5714.29 214.899 105.491 9.99424 7.16475 6.74537 7.707 6.34825 8.57052 5.787 11.0089 5.69542 4.648 6.64501 4.32703 5.39229 4.4081 4.15172 4.09936 3.83989 6.67555 5.36722 3.35631 2.82203 2.53977 2.42305 2.40833 2.21466 3.63762 2.80508 6.27713 2.65603 3.57226 2.16741 6.23046 2.14458 3.22435
threshold=1.0000000180025095e-35 0.75000000000000011 1.0000000180025095e-35 0.75000000000000011 0.063749678432941451 0.52778527140617382 0.51532536745071422 0.43158185482025152 1.0000000180025095e-35 0.61718398332595836 0.50594109296798717 0.44763240218162542 1.0000000180025095e-35 -0.63405361771583546 0.75000000000000011 0.45591865479946142 0.59866267442703258 0.11343243718147279 -0.26802964508533472 0.13240957260131839 0.51995083689689647 0.14017961174249652 0.56429719924926769 1.6184288859367373 -0.065403074026107774 -0.97803080081939686 0.58932635188102733 0.82208412885665905 1.0000000180025095e-35 0.51809874176979076 0.50125351548194896 0.5579735040664674 0.5478598177433015 0.4682223796844483 0.81176975369453441 0.85285279154777538 0.53283676505088817 0.48508223891258245
decision_type=2 2 2 2 2 2 2 2 2 2 2 2 2 2 2 2 2 2 2 2 2 2 2 2 2 2 2 2 2 2 2 2 2 2 2 2 2 2
left_child=2 -2 8 -4 18 -5 7 36 13 -10 11 23 -8 14 -1 17 20 -14 -3 -18 22 -22 28 25 -16 -9 -23 -7 30 -30 32 -32 33 -17 35 -11 37 -6
right_child=1 4 3 5 6 27 12 10 9 34 -12 -13 15 -15 24 16 19 -19 -20 -21 21 26 -24 -25 -26 -27 -28 -29 29 -31 31 -33 -34 -35 -36 -37 -38 -39
leaf_value=0 0 0.010130563088898299 0 0.00030174103747300436 3.4814957766997462e-06 -0.00036454746966571957 -0.00010707728119855053 -0.0024974423759206066 0 0 -0.0012120892161494538 0.00044109925989573501 -0.003291056756376498 0 0 0.0033562869280886675 -0.00038722094736026643 0.010130740824204345 -0.0074303530801905398 0.010130740824204345 -0.0040029976192053566 -0.0012872236250845931 0.013321637619718236 -0.0016087467847047477 0 -0.0016087364165931839 0.00056199161507402694 -0.00036454746966571957 -0.075478924483219606 0.00072634893368732746 -0.0029892660275002 -0.082432841980558627 0.004145212201518032 -0.0020532315125574973 0 0 -0.049128088629693548 0.085899582701439756
leaf_weight=2688 9258 3250 189 351 3028 40 3505 49 27 121 670 171 522 20891 2984 210 746 3126 190 2296 26 447 913 63 66 189 311 20 39 1918 57 24 275 244 406 30 86 574
leaf_count=2688 9258 3250 189 351 3028 40 3505 49 27 121 670 171 522 20891 2984 210 746 3126 190 2296 26 447 913 63 66 189 311 20 39 1918 57 24 275 244 406 30 86 574
internal_value=-0.0212827 -0.00947625 -0.0349458 -0.0112667 0.0012332 0.000107056 0.000882344 -0.000414079 -0.0354679 -0.0313425 -0.00328546 -0.00667797 0.0013095 -0.0355584 -0.03455 0.00175148 0.00120224 0.00288158 0.00322093 0.00250099 0.000317204 -0.00222449 0.000858696 -0.0112824 -0.0332721 -0.00910924 -0.0015409 -0.0126667 -1.87928e-05 0.000709249 -0.00177778 -0.00883951 -0.000993141 -0.00287225 -0.0324093 -0.0283179 0.000475054 0.000624098
internal_weight=60000 32187 27813 600 22929 411 19489 4830 27213 584 1142 472 14659 26629 5738 11154 7506 3648 3440 3042 4464 784 3680 301 3050 238 758 60 2767 1957 810 81 729 454 557 151 3688 3602
internal_count=60000 32187 27813 600 22929 411 19489 4830 27213 584 1142 472 14659 26629 5738 11154 7506 3648 3440 3042 4464 784 3680 301 3050 238 758 60 2767 1957 810 81 729 454 557 151 3688 3602
is_linear=0
shrinkage=0.04


Tree=83
num_leaves=39
num_cat=0
split_feature=135 15 118 15 130 10 119 14 101 34 51 14 18 128 15 14 119 56 73 24 14 113 119 127 93 119 14 119 122 119 6 25 93 10 34 51 12 108
split_gain=6049.82 5714.83 214.899 105.491 10.2117 7.16475 6.89721 7.61834 6.34825 8.57052 6.12898 11.3068 5.71754 4.67508 6.2655 4.38372 5.39229 4.23961 4.0441 3.55495 3.53776 6.74408 5.27849 3.31935 2.44754 2.21034 2.16817 3.17095 2.47903 2.16741 6.23046 2.13374 2.29222 2.10103 2.01667 2.01434 3.09361 2.01158
threshold=1.0000000180025095e-35 0.75000000000000011 1.0000000180025095e-35 0.75000000000000011 0.063749678432941451 0.52778527140617382 0.51532536745071422 0.43158185482025152 1.0000000180025095e-35 0.61718398332595836 0.50622645020484935 0.44763240218162542 1.0000000180025095e-35 -0.70710662007331837 0.75000000000000011 0.45591865479946142 0.59866267442703258 0.11343243718147279 0.10881865024566652 1.7907189130783083 0.51995083689689647 0.14017961174249652 0.56429719924926769 -0.26802964508533472 -0.97803080081939686 0.58930832147598278 0.48477640748023992 0.52763688564300548 1.0000000180025095e-35 0.81176975369453441 0.85285279154777538 -0.80963057279586781 -0.77968052029609669 -0.065403074026107774 0.74467635154724132 0.49607093632221227 0.88894206285476696 0.80630862712860119
decision_type=2 2 2 2 2 2 2 2 2 2 2 2 2 2 2 2 2 2 2 2 2 2 2 2 2 2 2 2 2 2 2 2 2 2 2 2 2 2
left_child=2 -2 8 -4 23 -5 7 -6 13 -10 11 19 -8 14 -1 17 20 -14 37 24 22 -22 26 -3 -9 -23 27 -17 -29 30 -11 -26 -33 -16 -7 -34 -37 -18
right_child=1 4 3 5 6 34 12 10 9 29 -12 -13 15 -15 33 16 18 -19 -20 -21 21 25 -24 -25 31 -27 -28 28 -30 -31 -32 32 35 -35 -36 36 -38 -39
leaf_value=0 0 0.0097253405653423639 0 0.00028967139597408422 1.3780950023354435e-05 -0.00034996557087909079 -0.0001027941899506085 -0.0023975446808837822 0 0 -0.0010933910078626393 0.00036112626369563848 -0.003159414486121438 0 0 -0.009611299379566814 -0.043349576721260483 0.0097255111912361875 0.0097255111912361875 -0.0015443969133165578 -0.003842877714437142 -0.0012344573577357273 0.012788772114929505 -0.0071331389569829172 -0.00030918361944861419 0.00053828077994945477 -0.0013642966576096881 0.00069729497633983439 -0.0069880010723668649 0 0 -0.0016325215319560017 -0.0010947885731933036 0 -0.00034996557087909079 -0.0015466473356466573 -0.0014512557639084029 0.0057386860650022013
leaf_weight=2527 9258 3250 189 351 3688 30 3505 49 27 121 645 181 522 21059 2984 335 90 3126 2357 58 26 448 913 190 54 310 1254 1158 20 406 30 33 53 59 30 35 34 595
leaf_count=2527 9258 3250 189 351 3688 30 3505 49 27 121 645 181 522 21059 2984 335 90 3126 2357 58 26 448 913 190 54 310 1254 1158 20 406 30 33 53 59 30 35 34 595
internal_value=-0.021282 -0.00947501 -0.0349458 -0.0112667 0.00123494 0.000107056 0.000880292 -0.000430642 -0.0354679 -0.0313425 -0.00328546 -0.00662374 0.00131223 -0.0355584 -0.0345278 0.00175507 0.00120224 0.00289254 0.00250099 -0.0111899 0.000317204 -0.00212245 0.000836957 0.00324419 -0.00917829 -0.00143536 -3.32489e-05 0.00098612 0.00196265 -0.0324093 -0.0283179 -0.00729187 -0.00967742 -0.0333053 -0.0126667 -0.00714754 -0.0116522 -0.000204379
internal_weight=60000 32187 27813 600 22929 411 19489 4830 27213 584 1142 497 14659 26629 5570 11154 7506 3648 3042 316 4464 784 3680 3440 258 758 2767 1513 1178 557 151 209 155 3043 60 122 69 685
internal_count=60000 32187 27813 600 22929 411 19489 4830 27213 584 1142 497 14659 26629 5570 11154 7506 3648 3042 316 4464 784 3680 3440 258 758 2767 1513 1178 557 151 209 155 3043 60 122 69 685
is_linear=0
shrinkage=0.04


Tree=84
num_leaves=39
num_cat=0
split_feature=135 15 118 15 130 119 14 10 101 34 51 14 18 94 15 14 119 56 39 24 14 119 96 127 10 93 102 102 119 6 9 14 25 93 45 14 85 102
split_gain=6058.09 5722.33 214.899 105.491 10.0821 7.18083 7.61834 7.16475 6.34825 8.57052 6.12898 11.3068 6.009 4.50431 6.79063 4.03175 5.25467 4.23961 3.60034 3.55495 3.33086 5.02066 4.76278 3.06737 2.82203 2.44754 2.40833 2.25675 2.16741 6.23046 2.15718 3.23984 2.13374 2.29222 2.03163 3.47886 6.78794 2.79772
threshold=1.0000000180025095e-35 0.75000000000000011 1.0000000180025095e-35 0.75000000000000011 0.063749678432941451 0.51532536745071422 0.43158185482025152 0.52778527140617382 1.0000000180025095e-35 0.61718398332595836 0.50622645020484935 0.44763240218162542 1.0000000180025095e-35 -0.58216583728790272 0.75000000000000011 0.45591865479946142 0.59866267442703258 0.11343243718147279 0.13240957260131839 1.7907189130783083 0.51995083689689647 0.56429719924926769 0.12007657065987588 -0.26802964508533472 -0.065403074026107774 -0.97803080081939686 0.82208412885665905 0.58932635188102733 0.81176975369453441 0.85285279154777538 0.097964666783809676 0.53320875763893139 -0.80963057279586781 -0.77968052029609669 0.56042793393135082 0.50125351548194896 0.55858969688415538 0.51809874176979076
decision_type=2 2 2 2 2 2 2 2 2 2 2 2 2 2 2 2 2 2 2 2 2 2 2 2 2 2 2 2 2 2 2 2 2 2 2 2 2 2
left_child=2 -2 8 -4 23 6 -6 -5 13 -10 11 19 -7 14 -1 17 20 -14 -18 25 21 34 -22 -3 -16 -8 -9 30 29 -11 31 -24 -27 -34 35 -17 -37 -36
right_child=1 4 3 7 5 12 10 26 9 28 -12 -13 15 -15 24 16 18 -19 -20 -21 22 -23 27 -25 -26 32 -28 -29 -30 -31 -32 -33 33 -35 37 36 -38 -39
leaf_value=0 0 0.0093363269427286615 0 0.00027808454013512082 1.3229712022420257e-05 -9.8682422352584169e-05 -0.0023016428936484309 -0.00033596694804392715 0 0 -0.0010496553675481339 0.00034668121314781293 -0.0030330379066765807 0 0 -0.00076086088610843655 0.0013622509593845635 0.0093364907435867298 0.0093364907435867298 -0.0014826210367838955 -0.003730009852097288 0.012277221230332314 -0.0014684983884800302 -0.0068478133987036009 0 -0.00029681627467066955 -0.00033596694804392715 0.00049815350732241074 0 0 -0.0030937132100514585 0.0010372305847368936 -0.0015672206706777614 -0.0014743476426773844 -0.071888818795763143 -0.0028410735747448328 -0.080152531727794823 0.00057538441389583207
leaf_weight=2801 9258 3250 189 351 3688 3505 49 40 27 121 645 181 522 20778 2984 637 746 3126 2296 58 21 913 212 190 66 54 20 311 406 30 66 174 33 122 41 46 20 2023
leaf_count=2801 9258 3250 189 351 3688 3505 49 40 27 121 645 181 522 20778 2984 637 746 3126 2296 58 21 913 212 190 66 54 20 311 406 30 66 174 33 122 41 46 20 2023
internal_value=-0.0212727 -0.00945761 -0.0349458 -0.0112667 0.00125937 0.000906973 -0.000430642 0.000107056 -0.0354679 -0.0313425 -0.00328546 -0.00662374 0.0013477 -0.0355584 -0.034578 0.00180169 0.00127152 0.00289254 0.00255358 -0.0111899 0.00039785 0.000902174 -0.00196939 0.00325581 -0.0332721 -0.00917829 -0.0126667 -0.00145216 -0.0324093 -0.0283179 -0.00325664 -0.00211399 -0.00729187 -0.00967742 5.34877e-05 -0.0018037 -0.0105455 0.000686047
internal_weight=60000 32187 27813 600 22929 19489 4830 411 27213 584 1142 497 14659 26629 5851 11154 7506 3648 3042 316 4464 3680 784 3440 3050 258 60 763 557 151 452 386 209 155 2767 703 66 2064
internal_count=60000 32187 27813 600 22929 19489 4830 411 27213 584 1142 497 14659 26629 5851 11154 7506 3648 3042 316 4464 3680 784 3440 3050 258 60 763 557 151 452 386 209 155 2767 703 66 2064
is_linear=0
shrinkage=0.04


Tree=85
num_leaves=39
num_cat=0
split_feature=135 15 118 15 130 101 34 10 102 14 18 51 14 128 15 41 14 102 5 14 102 62 39 127 93 102 85 102 14 8 68 10 15 123 101 113 14 28
split_gain=6063.75 5721.26 203.223 99.8811 10 6.34825 8.57052 6.11457 5.92278 8.55461 6.35521 6.22662 10.2083 4.67508 6.2655 3.6343 3.38942 4.33766 3.81408 3.50293 4.65888 4.09081 3.41161 3.05295 2.69154 2.64853 2.95679 2.40833 2.28828 2.25389 2.22222 2.10103 2.07335 2.03532 2.03487 1.95881 1.95132 2.46482
threshold=1.0000000180025095e-35 0.75000000000000011 1.0000000180025095e-35 0.75000000000000011 0.063749678432941451 1.0000000180025095e-35 0.61718398332595836 0.52778527140617382 0.51555371284484874 0.43158185482025152 1.0000000180025095e-35 0.50622645020484935 0.44763240218162542 -0.70710662007331837 0.75000000000000011 1.6184288859367373 0.45591865479946142 0.59790590405464183 0.14874587953090671 0.51995083689689647 0.56428781151771557 0.13653441518545154 0.13240957260131839 -0.26802964508533472 -0.97803080081939686 0.48479545116424566 0.53035646677017223 0.82208412885665905 0.42232480645179754 -0.62962222099304188 0.46141564846038824 -0.065403074026107774 0.75000000000000011 1.0000000180025095e-35 1.0000000180025095e-35 0.34234426915645605 0.41325272619724279 0.28644485771656042
decision_type=2 2 2 2 2 2 2 2 2 2 2 2 2 2 2 2 2 2 2 2 2 2 2 2 2 2 2 2 2 2 2 2 2 2 2 2 2 2
left_child=2 -2 5 -4 23 13 -7 -5 9 25 34 12 15 14 -1 24 18 19 -12 20 -18 -21 -19 -3 -11 28 -27 -9 -6 -23 -14 -16 -8 -24 -10 -34 -36 -38
right_child=1 4 3 7 8 6 32 27 10 11 16 -13 30 -15 31 -17 17 22 -20 21 -22 29 33 -25 -26 26 -28 -29 -30 -31 -32 -33 35 -35 36 -37 37 -39
leaf_value=0 0 0.0089628738650195314 0 0.00026696115852971601 5.1332204776411835e-06 0 0 -0.00032252827012217011 0.00064572568933775624 -0.0022095771779024938 -0.00050142439616310123 -0.0010166351434784493 -0.00069703279393339254 0 0 -0.0014233161953125396 6.7467407348617914e-05 0.0010001947246248927 0.0089628533785372257 -0.0036536755388545316 0.010600903504627914 -0.0026022885428194564 0.0089630311138432714 -0.0065739008627554562 -0.0014203040015790909 0.082440412003297006 -0.014698512610687909 -0.00032252827012217011 -0.0023819490720916069 0.00058669436911786856 0.0011831478700693257 0 0 -0.0391038893990606 0.006117299381289406 0 -0.005180287019338722 -0.0016432199217616017
leaf_weight=2527 9258 3250 189 351 2777 27 176 40 726 49 616 618 30 21059 2984 67 2767 738 3015 29 938 318 2124 190 204 554 59 20 214 426 162 59 66 153 801 315 363 1741
leaf_count=2527 9258 3250 189 351 2777 27 176 40 726 49 616 618 30 21059 2984 67 2767 738 3015 29 938 318 2124 190 204 554 59 20 214 426 162 59 66 153 801 315 363 1741
internal_value=-0.0212807 -0.00946009 -0.0349602 -0.0119333 0.00125588 -0.0354679 -0.0313425 -0.00086618 0.000904921 -0.000326151 0.0012999 -0.00336283 -0.006625 -0.0355584 -0.0345278 -0.011 0.00177418 0.00128814 0.0027772 0.000498437 0.00100945 -0.00195084 0.00246103 0.00324419 -0.00880632 0.000625971 0.00302121 -0.0126667 0.000135072 -0.00137634 0.000666667 -0.0333053 -0.0324093 0.00322705 -0.000153126 -0.0307507 -0.000626506 -0.00126616
internal_weight=60000 32187 27813 600 22929 27213 584 411 19489 4734 14755 1130 512 26629 5570 320 11124 7493 3631 4478 3705 773 3015 3440 253 3604 613 60 2991 744 192 3043 557 2277 3631 381 2905 2104
internal_count=60000 32187 27813 600 22929 27213 584 411 19489 4734 14755 1130 512 26629 5570 320 11124 7493 3631 4478 3705 773 3015 3440 253 3604 613 60 2991 744 192 3043 557 2277 3631 381 2905 2104
is_linear=0
shrinkage=0.04


Tree=86
num_leaves=39
num_cat=0
split_feature=135 15 118 15 96 101 34 119 14 51 14 18 10 128 15 14 119 56 24 127 102 93 119 6 10 68 119 119 24 14 101 12 14 102 14 119 5 14
split_gain=6063.16 5720.72 203.223 99.8811 9.97188 6.34825 8.57052 6.26255 7.22813 6.76971 11.3993 6.1296 6.11457 4.67508 6.2655 3.66206 4.09933 3.68038 3.40376 2.92875 2.40833 2.25004 2.16741 6.23046 2.10103 2.08738 3.59749 3.01381 2.33857 4.51241 2.0716 2.07977 2.05776 3.3972 4.76202 8.00048 2.32934 2.10032
threshold=1.0000000180025095e-35 0.75000000000000011 1.0000000180025095e-35 0.75000000000000011 0.12860078364610675 1.0000000180025095e-35 0.61718398332595836 0.51532536745071422 0.43158185482025152 0.50622645020484935 0.44763240218162542 1.0000000180025095e-35 0.52778527140617382 -0.70710662007331837 0.75000000000000011 0.45591865479946142 0.56429719924926769 0.11343243718147279 1.7907189130783083 -0.27780131995677942 0.82208412885665905 -0.97803080081939686 0.81176975369453441 0.85285279154777538 -0.065403074026107774 0.58383488655090343 0.50662484765052807 0.48508223891258245 -0.23461705446243283 0.41325272619724279 1.0000000180025095e-35 0.93004098534584057 0.48630662262439733 0.54448121786117565 0.48437708616256719 0.54231527447700512 0.35066485404968267 0.4682223796844483
decision_type=2 2 2 2 2 2 2 2 2 2 2 2 2 2 2 2 2 2 2 2 2 2 2 2 2 2 2 2 2 2 2 2 2 2 2 2 2 2
left_child=2 -2 5 -4 19 13 -7 8 25 10 18 30 -5 14 -1 17 32 -13 21 -3 -14 -10 23 -8 -16 27 -27 28 29 -6 -9 -32 33 34 36 -36 37 -17
right_child=1 4 3 12 7 6 22 11 9 -11 -12 15 20 -15 24 16 -18 -19 -20 -21 -22 -23 -24 -25 -26 26 -28 -29 -30 -31 31 -33 -34 -35 35 -37 -38 -39
leaf_value=0 0 0.0086043589104187398 0 0.00025628271218852737 -0.0010227632850507385 0 0 0.00062847797290132635 -0.0019596052178038953 -0.00080032979380061336 0.00032911837710844786 -0.0014611536133249631 -0.00030962713931728328 0 0 -0.004182495234283835 0.0031443538827239936 0.0086000932630732763 -0.001366383547500038 -0.0022837517880956218 -0.00030962713931728328 -0.0013634918415159273 0 0 0 -0.0038952250515925471 -0.090872236677862997 0.079217719065930323 1.0472852502223537e-05 -0.0035249022823221178 -0.0022925748361098224 0.17210225400609155 -0.0013343762366904929 0.068498821635050305 1.7656080108228965e-05 -0.14861624676714155 0.00054967034104605396 -0.0050000480213248143
leaf_weight=2527 9258 4106 189 351 355 27 121 657 47 633 178 504 40 21059 2984 134 4327 2796 58 337 20 204 406 30 59 148 26 543 2498 79 2315 385 1111 535 32 20 836 65
leaf_count=2527 9258 4106 189 351 355 27 121 657 47 633 178 504 40 21059 2984 134 4327 2796 58 337 20 204 406 30 59 148 26 543 2498 79 2315 385 1111 535 32 20 836 65
internal_value=-0.0212813 -0.00946133 -0.0349602 -0.0119333 0.00125413 -0.0354679 -0.0313425 0.00084518 -0.000403439 -0.00321429 -0.00675975 0.00127929 -0.00086618 -0.0355584 -0.0345278 0.00176062 0.00124646 0.00286061 -0.0114045 0.00295566 -0.0126667 -0.00938645 -0.0324093 -0.0283179 -0.0333053 0.000459304 -0.00381609 0.000673381 0.000166439 -0.00254378 -0.000206136 -0.000696296 3.36628e-05 0.000942047 -0.000342226 -0.0121538 0.000251208 -0.00363819
internal_weight=60000 32187 27813 600 22929 27213 584 18486 4769 1120 487 13717 411 26629 5570 10360 7060 3300 309 4443 60 251 557 151 3043 3649 174 3475 2932 434 3357 2700 2733 1622 1087 52 1035 199
internal_count=60000 32187 27813 600 22929 27213 584 18486 4769 1120 487 13717 411 26629 5570 10360 7060 3300 309 4443 60 251 557 151 3043 3649 174 3475 2932 434 3357 2700 2733 1622 1087 52 1035 199
is_linear=0
shrinkage=0.04


Tree=87
num_leaves=39
num_cat=0
split_feature=135 15 118 15 119 18 14 10 84 102 85 14 119 39 14 128 15 14 119 113 130 119 102 6 14 44 109 12 102 14 102 62 68 14 119 85 14 14
split_gain=6051.34 5710.01 203.223 99.8811 10.2834 10.8866 8.08558 6.11457 6.04668 11.1524 5.78064 12.4713 5.50566 9.1507 8.87511 5.02593 6.2655 3.86639 5.46023 4.51938 3.75643 3.11667 2.90228 9.5758 2.88319 3.00587 2.81622 2.6375 2.40833 2.2489 7.24447 3.92952 3.61489 2.60402 3.06126 2.46914 3.98572 3.31526
threshold=1.0000000180025095e-35 0.75000000000000011 1.0000000180025095e-35 0.75000000000000011 0.51532536745071422 1.0000000180025095e-35 0.43158185482025152 0.52778527140617382 1.0000000180025095e-35 0.7080698311328889 0.50678190588951122 0.44763240218162542 0.59866267442703258 0.13240957260131839 0.45820383727550512 -0.70710662007331837 0.75000000000000011 0.51995083689689647 0.56429719924926769 0.14017961174249652 0.20514114946126941 0.48816111683845526 0.77969098091125499 0.85285279154777538 0.44763240218162542 0.97335553169250499 1.5796348452568056 0.65512958168983471 0.82208412885665905 0.49782148003578192 0.55805155634880077 0.35265798866748815 0.55424043536186229 0.48437708616256719 0.54231527447700512 0.54806599020957958 0.48913984000682836 0.48913984000682836
decision_type=2 2 2 2 2 2 2 2 2 2 2 2 2 2 2 2 2 2 2 2 2 2 2 2 2 2 2 2 2 2 2 2 2 2 2 2 2 2
left_child=2 -2 8 -4 6 -6 -3 -5 15 27 11 20 14 -14 -7 16 -1 18 29 -19 -8 -22 23 -11 -12 -26 -23 -10 -9 32 -31 -32 33 -16 -35 36 -36 -37
right_child=1 4 3 7 5 12 10 28 9 22 24 -13 13 -15 17 -17 -18 19 -20 -21 21 26 -24 -25 25 -27 -28 -29 -30 30 31 -33 -34 34 35 37 -38 -39
leaf_value=0 0 1.4771720318433194e-05 0 0.00024603140370098629 -0.00010793247619354886 0.012187912093421894 0.00028859515144821063 -0.00029724205374459197 0 0 0.20825557342219111 0.00034332754311113683 0.0010265654470924168 0.0082601845540019887 0.00052768352740421181 0 0 -0.0038977979862230738 0.0097702301162691536 -0.00054797773985184304 0.0013904733974385724 -0.0016170234447924954 0 0 -0.0024549413438827799 -0.0065533568543686832 -0.0015628371012522033 0 -0.00029724205374459197 0.0011212238912019614 -0.08574652675385569 -0.050953007386822007 0.039418221723434822 0.00034093599461483413 -0.014723341963426971 0.068473099013026728 -0.00017181165556344442 -0.0090712314342665783
leaf_weight=2527 9258 3983 189 351 3705 1856 43 40 23 144 223 228 1502 6131 1154 20491 3043 36 1020 764 26 242 926 33 333 33 43 26 20 226 20 79 651 158 114 112 110 137
leaf_count=2527 9258 3983 189 351 3705 1856 43 40 23 144 223 228 1502 6131 1154 20491 3043 36 1020 764 26 242 926 33 333 33 43 26 20 226 20 79 651 158 114 112 110 137
internal_value=-0.0212947 -0.00948619 -0.0349602 -0.0119333 0.00121924 0.00167539 -0.0003539 -0.00086618 -0.0354679 -0.0326319 -0.00327583 -0.00610309 0.00218337 0.00291 0.00132173 -0.0355933 -0.0345278 0.000376337 0.00091087 -0.00215 -0.0108023 -0.0123344 -0.0334615 -0.0287684 -0.000482173 -0.00266667 -0.0135439 -0.0139592 -0.0126667 -1.30386e-05 -0.00313846 -0.0121616 0.000403941 -0.00052661 -0.00259271 -0.00420296 -0.00725 -0.00146185
internal_weight=60000 32187 27813 600 22929 17775 5154 411 27213 1152 1171 582 14070 7633 6437 26061 5570 4581 3781 800 354 311 1103 177 589 366 285 49 60 2761 325 99 2436 1785 631 473 224 249
internal_count=60000 32187 27813 600 22929 17775 5154 411 27213 1152 1171 582 14070 7633 6437 26061 5570 4581 3781 800 354 311 1103 177 589 366 285 49 60 2761 325 99 2436 1785 631 473 224 249
is_linear=0
shrinkage=0.04


Tree=88
num_leaves=39
num_cat=0
split_feature=135 15 118 15 128 119 73 101 34 10 31 102 128 15 119 31 31 0 68 31 31 119 24 102 125 58 102 119 6 10 31 119 39 0 23 119 12 85
split_gain=6044.85 5704.12 203.223 99.8811 10.6461 7.66151 8.09259 6.34825 8.57052 6.11457 4.74893 5.36989 4.67508 6.2655 2.6635 4.37228 3.93441 2.63996 3.22023 9.46224 5.18777 7.28166 3.43842 2.40833 2.39291 2.29237 2.26154 2.16741 6.23046 2.10103 1.94236 1.92926 5.06214 2.74843 2.37323 2.48166 3.09844 2.65191
threshold=1.0000000180025095e-35 0.75000000000000011 1.0000000180025095e-35 0.75000000000000011 0.065403021872043623 0.56429719924926769 0.10881865024566652 1.0000000180025095e-35 0.61718398332595836 0.52778527140617382 0.50125351548194896 0.55805155634880077 -0.70710662007331837 0.75000000000000011 0.51532536745071422 0.44344586133956915 0.45820383727550512 0.69589367508888256 0.50973063707351696 0.43158185482025152 0.44763240218162542 0.50662484765052807 1.7907189130783083 0.82208412885665905 0.82440185546875011 -0.44565078616142267 0.54791679978370678 0.81176975369453441 0.85285279154777538 -0.065403074026107774 0.4682223796844483 0.77130869030952465 0.10550270602107049 0.62732407450675975 0.81677615642547619 0.69606900215148937 0.78930434584617626 0.69910541176795971
decision_type=2 2 2 2 2 2 2 2 2 2 2 2 2 2 2 2 2 2 2 2 2 2 2 2 2 2 2 2 2 2 2 2 2 2 2 2 2 2
left_child=2 -2 7 -4 17 10 31 12 -9 -5 14 -12 13 -1 15 -6 -16 18 19 25 21 22 24 -11 -21 -3 30 28 -10 -15 -18 34 -33 -34 35 -7 37 -37
right_child=1 4 3 9 5 6 -8 8 27 23 11 -13 -14 29 16 -17 26 -19 -20 20 -22 -23 -24 -25 -26 -27 -28 -29 -30 -31 -32 32 33 -35 -36 36 -38 -39
leaf_value=0 0 -0.0034211241947379452 0 0.00023619014755294683 0.00015351394986511371 0.035988259159104953 0.007929777171841899 0 0 -0.00028535237159480831 -0.004442791819548788 -0.078528832020483177 0 0 0.018757826635451266 -0.0037688149870603572 0.0026343318071986692 -0.00023371799908458615 0.00097215745228916106 -0.0011651428521618624 5.5783965683447342e-05 0.12911871345915099 -0.0012492147215499485 -0.00028535237159480831 -0.0013227139845155196 1.9763682596014333e-05 0.0074603747744835872 0 0 0 -0.0018561339214114066 0.0098352082329815384 -0.14192280972098334 -0.090000442027896491 0.052593665862208906 -0.11634494315190202 0.0018435916005260374 -0.031776298048962891
leaf_weight=2527 9258 23 189 351 1151 129 6570 27 121 40 59 23 21059 2984 698 185 183 5060 4268 109 197 66 56 20 76 2323 278 406 30 59 211 273 28 457 384 29 66 27
leaf_count=2527 9258 23 189 351 1151 129 6570 27 121 40 59 23 21059 2984 698 185 183 5060 4268 109 197 66 56 20 76 2323 278 406 30 59 211 273 28 457 384 29 66 27
internal_value=-0.021302 -0.00949986 -0.0349602 -0.0119333 0.00120005 0.00211738 0.00274922 -0.0354679 -0.0313425 -0.00086618 0.000312769 -0.00917073 -0.0355584 -0.0345278 0.000600148 -0.000670659 0.00183942 0.000390212 0.000886766 -0.000154386 -0.00512698 -0.00837785 -0.0116017 -0.0126667 -0.00897297 0.000913896 -0.000345238 -0.0324093 -0.0283179 -0.0333053 -0.00229442 -2.01004e-05 -0.00138259 -0.00383505 0.0016063 -0.00141833 -0.0055082 -0.0124286
internal_weight=60000 32187 27813 600 22929 10751 7963 27213 584 411 2788 82 26629 5570 2706 1336 1370 12178 7118 2850 504 307 241 60 185 2346 672 557 151 3043 394 1393 758 485 635 251 122 56
internal_count=60000 32187 27813 600 22929 10751 7963 27213 584 411 2788 82 26629 5570 2706 1336 1370 12178 7118 2850 504 307 241 60 185 2346 672 557 151 3043 394 1393 758 485 635 251 122 56
is_linear=0
shrinkage=0.04


Tree=89
num_leaves=39
num_cat=0
split_feature=135 15 118 15 111 119 22 31 101 34 27 111 15 119 31 113 102 107 31 102 27 5 0 119 31 119 31 24 125 125 24 102 110 31 119 119 6 22
split_gain=6043.08 5702.52 203.223 99.8811 10.7054 6.80355 8.4278 6.94323 6.34825 8.57052 6.11457 4.648 6.64501 4.58428 4.8989 3.92031 3.13999 2.96783 2.89203 3.55515 2.82203 2.69852 2.68774 3.63111 5.85803 6.68212 10.4601 3.5824 2.87905 2.71082 2.54814 2.40833 2.37576 2.24304 2.42498 2.16741 6.23046 2.00758
threshold=1.0000000180025095e-35 0.75000000000000011 1.0000000180025095e-35 0.75000000000000011 0.065403021872043623 0.59866267442703258 0.1528776362538338 0.50125351548194896 1.0000000180025095e-35 0.61718398332595836 0.47114434838294988 -0.63405361771583546 0.75000000000000011 0.51532536745071422 0.44344586133956915 0.10458071902394296 0.72975030541419994 0.061761170625686652 0.45820383727550512 0.54791679978370678 1.0000000180025095e-35 0.35457153618335729 0.69589367508888256 0.51773032546043407 0.43158185482025152 0.50662484765052807 0.44763240218162542 1.7907189130783083 0.88583171367645275 0.82440185546875011 -0.24063676595687863 0.82208412885665905 -0.86295092105865467 0.45820383727550512 0.59866267442703258 0.81176975369453441 0.85285279154777538 0.12999680638313296
decision_type=2 2 2 2 2 2 2 2 2 2 2 2 2 2 2 2 2 2 2 2 2 2 2 2 2 2 2 2 2 2 2 2 2 2 2 2 2 2
left_child=2 -2 8 -4 22 7 16 13 11 -10 -5 12 -1 14 -6 -9 -7 -18 -15 -20 -14 -16 23 24 30 26 27 29 -27 -26 32 -12 -3 -25 -35 36 -11 -19
right_child=1 4 3 10 5 6 -8 15 9 35 31 -13 20 18 21 -17 17 37 19 -21 -22 -23 -24 33 25 28 -28 -29 -30 -31 -32 -33 -34 34 -36 -37 -38 -39
leaf_value=0 0 -0.0033334247528996374 0 0.00022674254165082894 0.00024299123365096814 0.011434742691365152 0.0076125860849682071 -0.01649668203988636 0 0 -0.00027393827673101597 0 0 0.0070903953889387243 -0.0018620981616211064 -0.0032736422665926236 0.0096631197324126283 -0.079266240957362524 -0.0016270369389947573 0.0067589984952285444 0 -0.0057226793884622342 -0.00022436927912120272 0.015286158199493511 -0.0010862964314104159 0.0014829611520099572 0.0011176870832371154 -0.001203882318941755 -0.0076551527383475352 -0.0015093929589662281 1.8973135292173761e-05 -0.00027393827673101597 -0.0043517167205952738 0.00056170865160688592 0.011973941775275649 0 0 -0.026825324269559043
leaf_weight=2688 9258 22 189 351 1038 725 4861 31 27 121 40 20891 2984 1035 126 360 271 386 385 590 66 37 5070 667 117 346 131 58 113 88 2536 20 33 2936 481 406 30 486
leaf_count=2688 9258 22 189 351 1038 725 4861 31 27 121 40 20891 2984 1035 126 360 271 386 385 590 66 37 5070 667 117 346 131 58 113 88 2536 20 33 2936 481 406 30 486
internal_value=-0.021304 -0.00950359 -0.0349602 -0.0119333 0.00119482 0.00214926 0.00290028 0.000746252 -0.0354679 -0.0313425 -0.00086618 -0.0355584 -0.03455 0.00135908 -0.00059617 -0.00428644 0.000616702 -0.000689414 0.00252736 0.000964103 -0.0332721 -0.00704294 0.000412129 0.000891605 -6.50405e-05 -0.00294021 -0.00676142 -0.0113612 0.000339869 -0.00887805 0.000881513 -0.0126667 -0.00763636 0.00169834 0.00128417 -0.0324093 -0.0283179 -0.00182569
internal_weight=60000 32187 27813 600 22929 10331 6729 3602 27213 584 411 26629 5738 3211 1201 391 1868 1143 2010 975 3050 163 12598 7528 3444 853 394 263 459 205 2591 60 55 4084 3417 557 151 872
internal_count=60000 32187 27813 600 22929 10331 6729 3602 27213 584 411 26629 5738 3211 1201 391 1868 1143 2010 975 3050 163 12598 7528 3444 853 394 263 459 205 2591 60 55 4084 3417 557 151 872
is_linear=0
shrinkage=0.04


Tree=90
num_leaves=39
num_cat=0
split_feature=118 32 128 32 8 119 1 14 101 34 51 14 73 119 14 24 14 119 8 90 96 11 14 85 119 119 14 14 79 14 119 122 119 14 119 9 130 7
split_gain=5979.94 5700.13 30.2673 38.3748 18.1879 11.3296 11.374 7.81335 6.7894 8.57052 6.32343 9.38934 5.89071 9.89384 9.19841 3.8028 3.20241 5.56868 2.83981 2.61172 2.56856 2.37238 2.32804 4.47199 3.17932 3.25502 8.1099 6.45206 4.37503 3.03763 5.01301 2.23283 2.29341 2.70119 3.24607 5.17718 2.17708 2.16919
threshold=1.0000000180025095e-35 0.75000000000000011 -0.70710662007331837 0.75000000000000011 0.28745912015438085 0.51532536745071422 1.0000000180025095e-35 0.43158185482025152 1.0000000180025095e-35 0.61718398332595836 0.50622645020484935 0.44763240218162542 0.10881865024566652 0.59866267442703258 0.45820383727550512 1.7907189130783083 0.51995083689689647 0.56429719924926769 -0.62962222099304188 0.51205608248710643 1.0513491034507754 0.25326456129550939 0.49318374693393713 0.55009561777114879 0.55148217082023632 0.55386900901794445 0.49548439681530004 0.49782148003578192 0.34085208177566534 0.48437708616256719 0.54231527447700512 1.0000000180025095e-35 0.52763688564300548 0.47904258966445928 0.54231527447700512 -0.7294732630252837 0.20514114946126941 -0.49949190020561213
decision_type=2 2 2 2 2 2 2 2 2 2 2 2 2 2 2 2 2 2 2 2 2 2 2 2 2 2 2 2 2 2 2 2 2 2 2 2 2 2
left_child=2 -2 3 -1 20 7 -7 -3 -4 -10 11 15 -8 14 -14 36 17 22 -18 -6 -5 -13 23 29 -24 26 -26 -27 -29 31 -31 32 -16 -34 35 -35 -9 -22
right_child=1 5 8 4 19 6 12 10 9 -11 -12 21 13 -15 16 -17 18 -19 -20 -21 37 -23 24 -25 25 27 -28 28 -30 30 -32 -33 33 34 -36 -37 -38 -39
leaf_value=0 0 1.6908573632666664e-05 0 0 0 -0.00023519945377794662 1.1393884558381145e-05 0.0003002949883671713 0 0 -0.00095863652395462861 -0.0039771936035613107 0.010196565915234154 0.0073080826415694846 -0.0099316389067948662 -0.0011510908399302803 -0.0031124183420354417 0.0090365171314032277 0.00018875187926738291 0 0 0.0010679028538260096 0.00035822597080012442 0.060313126004022173 -0.010870094692351413 0.09927040166650368 0.00032597693303661884 -0.077113166994215832 -0.036197274900211948 0.00036143063281336712 -0.011221931230028749 -0.0069400693076661904 0.076050396698894143 0.00044522154215220148 0.11638574000737295 -0.0030625690564980539 -0.001373860041012467 0
leaf_weight=2657 9293 3982 21155 2133 76 3550 1806 39 27 557 659 23 1792 6169 291 58 351 990 422 560 132 165 332 556 28 183 37 28 128 124 181 31 496 86 107 74 226 496
leaf_count=2657 9293 3982 21155 2133 76 3550 1806 39 27 557 659 23 1792 6169 291 58 351 990 422 560 132 165 332 556 28 183 37 28 128 124 181 31 496 86 107 74 226 496
internal_value=-0.0213067 -0.00957593 -0.0349004 -0.0323991 -0.0295826 0.00114061 0.00161964 -0.000510869 -0.035597 -0.0313425 -0.00338462 -0.00672407 0.00212553 0.00243624 0.00131281 -0.0108607 0.000337458 0.000830065 -0.00200259 -0.0234843 -0.0309873 0.000382979 -0.000116331 0.000608428 -0.00203261 -0.00441584 -0.0126154 -0.00284366 -0.00882051 -0.000604316 -0.00413115 0.000387097 0.000698292 0.00185059 -0.00139326 -0.005 -0.00883019 -0.0287389
internal_weight=60000 32207 27793 6054 3397 22914 17762 5152 21739 584 1170 511 14212 12406 6237 323 4445 3672 773 636 2761 188 2682 1946 736 404 65 339 156 1390 305 1085 1054 763 267 160 265 628
internal_count=60000 32207 27793 6054 3397 22914 17762 5152 21739 584 1170 511 14212 12406 6237 323 4445 3672 773 636 2761 188 2682 1946 736 404 65 339 156 1390 305 1085 1054 763 267 160 265 628
is_linear=0
shrinkage=0.04


Tree=91
num_leaves=39
num_cat=0
split_feature=135 15 118 15 119 1 31 102 31 101 34 10 119 31 22 111 15 130 31 119 28 119 73 10 125 78 85 109 102 102 22 119 6 51 11 119 6 31
split_gain=6052.52 5711.08 203.223 99.8811 12.2405 10.7969 7.51204 6.35337 11.9678 6.34825 8.57052 6.11457 5.29134 8.64176 8.07023 4.648 6.64501 3.61215 3.21046 4.69382 3.6104 2.89315 3.70497 2.82203 2.68346 3.03753 2.4755 2.98503 2.40833 2.29254 2.16925 2.16741 6.23046 2.16149 2.11989 3.45897 2.98619 2.10015
threshold=1.0000000180025095e-35 0.75000000000000011 1.0000000180025095e-35 0.75000000000000011 0.51532536745071422 1.0000000180025095e-35 0.43158185482025152 0.50684645771980297 0.44763240218162542 1.0000000180025095e-35 0.61718398332595836 0.52778527140617382 0.59866267442703258 0.45820383727550512 0.1528776362538338 -0.63405361771583546 0.75000000000000011 0.20514114946126941 0.51995083689689647 0.56429719924926769 0.14525706321001056 0.74709975719451915 0.085450042039155974 -0.065403074026107774 0.88486388325691234 0.96592578291893016 0.48816111683845526 1.5796348452568056 0.82208412885665905 0.58932635188102733 0.12999680638313296 0.81176975369453441 0.85285279154777538 0.48816111683845526 0.37368631362915045 0.86423808336257946 0.83711913228034984 0.49318374693393713
decision_type=2 2 2 2 2 2 2 2 2 2 2 2 2 2 2 2 2 2 2 2 2 2 2 2 2 2 2 2 2 2 2 2 2 2 2 2 2 2
left_child=2 -2 9 -4 6 -6 -3 8 17 15 -11 -5 13 -7 21 16 -1 -8 19 37 -20 -14 -23 -18 -9 -26 -19 -28 -13 -22 -24 32 -12 -10 -32 36 -36 -15
right_child=1 4 3 11 5 12 7 24 33 10 31 28 14 18 -16 -17 23 26 20 -21 29 22 30 -25 25 -27 27 -29 -30 -31 34 -33 -34 -35 35 -37 -38 -39
leaf_value=0 0 1.6232230687359999e-05 0 0.00021721708460246053 -1.0261397460029567e-05 0.0098154353081856133 0.00046610031977993528 0.00080121364531868624 -0.00057257470459323755 0 0 -0.00026343650104411058 0.01068502967804779 0.00042741268046611348 0.0070157593359067155 0 0 0.00066855262347563288 -0.0034908380867402057 0.008648499334564675 -0.0012177921568816798 0.008929914503813547 -0.080305042586724246 0 -0.0020510784177269485 -0.0074412951086763662 -0.0014078004953761681 -0.0016030730302412982 -0.00026343650104411058 0.00047743983650526324 0.010861543754772763 0 0 0.0010302634857545904 -0.2384997890525769 -0.21918907750974628 0.020981780610918998 -0.002528455050439049
leaf_weight=2688 9258 3983 189 351 3974 1794 43 402 25 27 121 40 734 1947 5684 20891 2984 27 28 998 445 348 313 66 130 21 253 49 20 300 339 406 30 221 20 20 94 737
leaf_count=2688 9258 3983 189 351 3974 1794 43 402 25 27 121 40 734 1947 5684 20891 2984 27 28 998 445 348 313 66 130 21 253 49 20 300 339 406 30 221 20 20 94 737
internal_value=-0.0212933 -0.0094837 -0.0349602 -0.0119333 0.00122273 0.00172039 -0.000493597 -0.00330999 -0.00609709 -0.0354679 -0.0313425 -0.00086618 0.0022494 0.00138838 0.00296186 -0.0355584 -0.03455 -0.0106237 0.000444445 0.000936448 -0.00189909 0.000680942 -0.000585538 -0.0332721 -0.000195298 -0.00474172 -0.0120486 -0.0130861 -0.0126667 -0.00136913 -0.00210687 -0.0324093 -0.0283179 0.000747968 -0.000397463 -0.00465672 -0.00196491 6.55739e-05
internal_weight=60000 32187 27813 600 22929 17775 5154 1171 618 27213 584 411 13801 6249 7552 26629 5738 372 4455 3682 773 1868 1134 3050 553 151 329 302 60 745 786 557 151 246 473 134 114 2684
internal_count=60000 32187 27813 600 22929 17775 5154 1171 618 27213 584 411 13801 6249 7552 26629 5738 372 4455 3682 773 1868 1134 3050 553 151 329 302 60 745 786 557 151 246 473 134 114 2684
is_linear=0
shrinkage=0.04


Tree=92
num_leaves=39
num_cat=0
split_feature=135 32 118 32 119 1 14 101 34 102 14 10 62 128 32 130 119 17 22 6 14 119 14 44 85 109 102 14 119 6 51 10 14 102 11 102 119 17
split_gain=6054.88 5713.22 203.223 99.8811 12.4517 10.9295 7.65352 6.34825 8.57052 6.19859 11.9678 6.11457 5.19929 4.67508 6.2655 3.61215 3.48802 4.61951 9.28799 5.39577 3.75627 4.93171 2.76064 2.5279 2.4755 2.98503 2.40833 2.18663 2.16741 6.23046 2.16149 2.10103 2.09227 5.94407 4.45581 3.18272 3.41523 3.2877
threshold=1.0000000180025095e-35 0.75000000000000011 1.0000000180025095e-35 0.75000000000000011 0.51532536745071422 1.0000000180025095e-35 0.43158185482025152 1.0000000180025095e-35 0.61718398332595836 0.50684645771980297 0.44763240218162542 0.52778527140617382 0.17890249192714694 -0.70710662007331837 0.75000000000000011 0.20514114946126941 0.82693973183631908 0.81617057323455822 0.12173399329185487 0.9065462350845338 0.45591865479946142 0.59866267442703258 0.44763240218162542 0.97335553169250499 0.48816111683845526 1.5796348452568056 0.82208412885665905 0.45591865479946142 0.81176975369453441 0.85285279154777538 0.48816111683845526 -0.065403074026107774 0.33297631144523626 0.39428536593914038 1.493138372898102 0.53283676505088817 0.50002238154411327 0.48513673245906835
decision_type=2 2 2 2 2 2 2 2 2 2 2 2 2 2 2 2 2 2 2 2 2 2 2 2 2 2 2 2 2 2 2 2 2 2 2 2 2 2
left_child=2 -2 7 -4 6 -6 32 13 -9 10 15 -5 -7 14 -1 -8 20 18 -18 -20 -14 -22 -11 27 -17 -26 -13 -24 29 -10 -12 -16 -3 34 -34 37 -37 -35
right_child=1 4 3 11 5 12 9 8 28 22 30 26 16 -15 31 24 17 -19 19 -21 21 -23 23 -25 25 -27 -28 -29 -30 -31 -32 -33 33 35 -36 36 -38 -39
leaf_value=0 0 4.8382349414889809e-05 0 0.00020852840121836209 -9.8509415616283819e-06 0.006735128962470434 0.00044745630698873786 0 0 0.19688715151601494 -0.00054967171640950805 -0.00025289904100234616 0.006731014273995797 0 0 0.00064181051853660757 0.008572717964934199 0.010171410078434018 -0.26140149109652694 -0.23703819297015366 0.00041031617324746887 0.0069536801224490217 -0.0067296946405616311 -0.0057142258014014138 -0.0013514884755611212 -0.0015389501090316462 -0.00025289904100234616 0.0022224400807552883 0 0 0.00098905294632440689 0 -0.001289364603942898 -0.0002462133980918388 -0.0025853882638432685 0.0034088830402176583 -0.077808950556208095 0.0011295454180586051
leaf_weight=2527 9258 1590 189 351 3974 4424 43 27 121 205 25 40 2658 21059 2984 27 81 354 31 34 4172 2047 172 33 253 49 20 143 406 30 221 59 20 1496 21 23 33 800
leaf_count=2527 9258 1590 189 351 3974 4424 43 27 121 205 25 40 2658 21059 2984 27 81 354 31 34 4172 2047 172 33 253 49 20 143 406 30 221 59 20 1496 21 23 33 800
internal_value=-0.0212907 -0.00947873 -0.0349602 -0.0119333 0.00122971 0.00173165 -0.000501358 -0.0354679 -0.0313425 -0.00334415 -0.00609709 -0.00086618 0.00226389 -0.0355584 -0.0345278 -0.0106237 0.00173062 -0.00152 -0.00750685 -0.0187692 0.00191371 0.00137578 -0.000267631 -0.00243678 -0.0120486 -0.0130861 -0.0126667 -0.00133333 -0.0324093 -0.0283179 0.000747968 -0.0333053 0.000334421 -0.000412871 -0.0155122 -0.00014966 -0.00957143 8.01395e-05
internal_weight=60000 32187 27813 600 22929 17775 5154 27213 584 1171 618 411 13801 26629 5570 372 9377 500 146 65 8877 6219 553 348 329 302 60 315 557 151 246 3043 3983 2393 41 2352 56 2296
internal_count=60000 32187 27813 600 22929 17775 5154 27213 584 1171 618 411 13801 26629 5570 372 9377 500 146 65 8877 6219 553 348 329 302 60 315 557 151 246 3043 3983 2393 41 2352 56 2296
is_linear=0
shrinkage=0.04


Tree=93
num_leaves=39
num_cat=0
split_feature=135 15 118 15 111 10 84 102 79 128 15 102 73 14 56 102 6 12 102 14 0 102 14 102 14 130 125 92 102 76 5 113 10 14 102 12 123 13
split_gain=6046.62 5705.73 203.223 99.8811 11.1704 6.11457 6.04668 11.1524 5.2032 5.02593 6.2655 3.58853 3.02296 2.91897 3.06703 2.90228 9.5758 2.6375 2.54036 6.45614 2.46586 3.95763 5.21685 6.28429 9.79992 4.10118 3.44227 2.83411 2.40833 2.20856 2.14618 2.14301 2.10103 2.02234 3.14323 1.87886 2.02016 4.19091
threshold=1.0000000180025095e-35 0.75000000000000011 1.0000000180025095e-35 0.75000000000000011 0.065403021872043623 0.52778527140617382 1.0000000180025095e-35 0.7080698311328889 0.061853587627410896 -0.70710662007331837 0.75000000000000011 0.51555371284484874 0.10881865024566652 0.44344586133956915 0.3227600902318955 0.77969098091125499 0.85285279154777538 0.65512958168983471 0.59790590405464183 0.50125351548194896 0.69589367508888256 0.51809874176979076 0.43158185482025152 0.50684645771980297 0.44763240218162542 0.20514114946126941 0.8875575363636018 2.3120610713958745 0.82208412885665905 -1.0520733594894407 0.14874587953090671 0.10458071902394296 -0.065403074026107774 0.45820383727550512 0.54245403409004223 0.93004098534584057 1.0000000180025095e-35 0.76363638043403637
decision_type=2 2 2 2 2 2 2 2 2 2 2 2 2 2 2 2 2 2 2 2 2 2 2 2 2 2 2 2 2 2 2 2 2 2 2 2 2 2
left_child=2 -2 6 -4 20 -5 9 17 30 10 -1 13 -13 -10 -15 16 -9 -8 19 33 21 22 -3 24 25 -24 -25 -27 -7 -21 -6 -31 -12 -14 -35 36 -22 -38
right_child=1 4 3 5 8 28 7 15 11 -11 32 12 18 14 -16 -17 -18 -19 -20 29 35 -23 23 26 -26 27 -28 -29 -30 31 -32 -33 -34 34 -36 -37 37 -39
leaf_value=0 0 2.5431477434960569e-05 0 0.00020018726516962763 -0.080286997478726169 -0.00024278307936225233 0 0 0.00021457236231523392 0 0 0.0020184771565665248 0.007468481813027188 -0.00064229322968841211 -0.006076531425241196 0 0 0 0.0064658747628423899 0.0021419076675430614 7.0406332063669003e-06 0.00091573004150641345 0.0027991382990267717 0.0015200845312283834 0.00094441408213764442 -0.00097974441725980034 -0.050416177244823786 -0.0011104422593127337 -0.00024278307936225233 -0.012357568551597205 0.006465723803971599 -0.0032238702057011542 0 -0.0017408340592692032 0.0054596272131004851 0.0047365437921982508 0.0021232603401581214 -0.053227325492646846
leaf_weight=2527 9258 2601 189 351 94 40 23 144 965 20491 2984 1296 824 136 37 926 33 26 2672 58 2890 4033 27 366 145 225 110 21 20 27 2956 309 59 254 703 744 754 682
leaf_count=2527 9258 2601 189 351 94 40 23 144 965 20491 2984 1296 824 136 37 926 33 26 2672 58 2890 4033 27 366 145 225 110 21 20 27 2956 309 59 254 703 744 754 682
internal_value=-0.0213 -0.00949613 -0.0349602 -0.0119333 0.00120529 -0.00086618 -0.0354679 -0.0326319 0.00218023 -0.0355933 -0.0345278 0.00159923 0.00198144 -0.000463972 -0.00524855 -0.0334615 -0.0287684 -0.0139592 0.00244027 0.00142529 0.000405779 0.000865037 -0.000120172 -0.00275615 -0.00633493 -0.0107985 0.000386555 -0.0124228 -0.0126667 -0.00320812 0.00356721 -0.00445238 -0.0333053 0.00245031 0.00119958 -0.000276134 -0.000595469 -0.00182173
internal_weight=60000 32187 27813 600 22929 411 27213 1152 10331 26061 5570 7281 6143 1138 173 1103 177 49 4847 2175 12598 7528 3495 894 418 273 476 246 60 394 3050 336 3043 1781 957 5070 4326 1436
internal_count=60000 32187 27813 600 22929 411 27213 1152 10331 26061 5570 7281 6143 1138 173 1103 177 49 4847 2175 12598 7528 3495 894 418 273 476 246 60 394 3050 336 3043 1781 957 5070 4326 1436
is_linear=0
shrinkage=0.04


Tree=94
num_leaves=39
num_cat=0
split_feature=135 15 118 15 119 1 14 102 14 101 34 10 119 22 14 128 15 130 119 14 119 102 57 105 77 102 24 76 73 119 59 119 6 10 51 130 14 102
split_gain=6050.75 5709.47 203.223 99.8811 11.4057 10.4174 6.90359 7.4725 11.628 6.34825 8.57052 6.11457 5.37183 8.65053 8.43302 4.67508 6.2655 3.61215 3.12206 2.86305 4.91406 2.6183 2.49607 3.41792 2.45118 2.40833 2.31694 2.25552 2.20815 4.24046 2.33868 2.16741 6.23046 2.10103 2.0989 2.04444 2.0182 5.97043
threshold=1.0000000180025095e-35 0.75000000000000011 1.0000000180025095e-35 0.75000000000000011 0.51532536745071422 1.0000000180025095e-35 0.43158185482025152 0.50684645771980297 0.44763240218162542 1.0000000180025095e-35 0.61718398332595836 0.52778527140617382 0.59866267442703258 0.1528776362538338 0.45820383727550512 -0.70710662007331837 0.75000000000000011 0.20514114946126941 0.72566989064216625 0.51995083689689647 0.56429719924926769 0.58932635188102733 0.8277280628681184 1.0000000180025095e-35 0.98078528046607982 0.82208412885665905 1.7907189130783083 -0.61661943793296803 0.085450042039155974 0.79188296198844921 -0.10409423708915709 0.81176975369453441 0.85285279154777538 -0.065403074026107774 0.48816111683845526 0.16830372810363772 0.33297631144523626 0.39428536593914038
decision_type=2 2 2 2 2 2 2 2 2 2 2 2 2 2 2 2 2 2 2 2 2 2 2 2 2 2 2 2 2 2 2 2 2 2 2 2 2 2
left_child=2 -2 9 -4 6 -6 36 8 17 15 -11 -5 14 18 -7 16 -1 -8 -14 20 -16 27 23 -20 -25 -13 -19 35 -24 -30 -31 32 -12 -18 -10 -21 -3 -38
right_child=1 4 3 11 5 12 7 -9 34 10 31 25 13 -15 19 -17 33 26 22 21 -22 -23 28 24 -26 -27 -28 -29 29 30 -32 -33 -34 -35 -36 -37 37 -39
leaf_value=0 0 4.5429796340895795e-05 0 0.0001921797745628425 -9.7026855317967188e-06 0.0090008190440046629 0.00038716016806080404 0.0002390072315180536 -0.00052796647308138238 0 0 -0.00023307175618776223 0.013636804314718988 0.0062070948518127269 1.502457498305832e-05 0 0 -0.0013548096422273321 -0.0068503748821833153 -0.0055345127923781589 0.0081006467814368904 0.0004591783074826906 0.0086441803216232883 -0.23172234624034385 -0.054700729768818901 -0.00023307175618776223 -0.00096294242388592522 -0.00036127103680348011 0.012246013033436663 -0.085147152401806106 -0.096587166844581407 0 0 0 0.00091171426518592475 -0.0028569459946740853 -0.0024829899923869362 -1.4814851012765068e-05
leaf_weight=2527 9258 1590 189 351 3974 1794 43 553 25 27 121 40 575 5684 2684 21059 2984 262 193 36 998 311 307 40 33 20 67 186 281 417 22 406 30 59 221 240 41 2352
leaf_count=2527 9258 1590 189 351 3974 1794 43 553 25 27 121 40 575 5684 2684 21059 2984 262 193 36 998 311 307 40 33 20 67 186 281 417 22 406 30 59 221 240 41 2352
internal_value=-0.0212953 -0.00948743 -0.0349602 -0.0119333 0.0012175 0.00169789 -0.00043927 -0.0031392 -0.00616181 -0.0354679 -0.0313425 -0.00086618 0.00221752 0.00293538 0.00134998 -0.0355584 -0.0345278 -0.0106237 0.000573876 0.000417509 0.000882129 -0.0017956 -0.000516628 -0.00396992 -0.0113425 -0.0126667 -0.0120486 -0.00370563 0.0003778 -0.000833333 -0.00328929 -0.0324093 -0.0283179 -0.0333053 0.000585366 -0.006 0.000354507 -0.00037944
internal_weight=60000 32187 27813 600 22929 17775 5154 1171 618 27213 584 411 13801 7552 6249 26629 5570 372 1868 4455 3682 773 1293 266 73 60 329 462 1027 720 439 557 151 3043 246 276 3983 2393
internal_count=60000 32187 27813 600 22929 17775 5154 1171 618 27213 584 411 13801 7552 6249 26629 5570 372 1868 4455 3682 773 1293 266 73 60 329 462 1027 720 439 557 151 3043 246 276 3983 2393
is_linear=0
shrinkage=0.04


Tree=95
num_leaves=39
num_cat=0
split_feature=135 15 118 15 111 119 39 101 34 10 128 15 14 102 119 14 14 119 34 92 59 119 102 119 124 119 6 10 14 119 119 14 14 5 68 125 7 13
split_gain=6054.88 5713.22 203.223 99.8811 11.4105 6.45454 6.7708 6.34825 8.57052 6.11457 4.67508 6.2655 4.04765 5.9108 2.75024 9.38029 7.31161 7.43853 4.20278 2.83067 2.96229 2.43334 2.40833 2.20246 4.03717 2.16741 6.23046 2.10103 2.039 2.016 2.01503 3.50475 3.41976 2.78208 2.14244 1.96996 1.85058 1.82407
threshold=1.0000000180025095e-35 0.75000000000000011 1.0000000180025095e-35 0.75000000000000011 0.065403021872043623 0.56429719924926769 0.13240957260131839 1.0000000180025095e-35 0.61718398332595836 0.52778527140617382 -0.70710662007331837 0.75000000000000011 0.50125351548194896 0.55805155634880077 0.50974160432815563 0.43158185482025152 0.44763240218162542 0.50662484765052807 0.69612982869148265 1.1582547426223757 1.6822814941406252 0.59866267442703258 0.82208412885665905 0.74709975719451915 0.053983211517333991 0.81176975369453441 0.85285279154777538 -0.065403074026107774 0.45591865479946142 0.50332656502723705 0.51532536745071422 0.45820383727550512 0.44344586133956915 0.35457153618335729 0.5478598177433015 0.82440185546875011 0.50510114431381237 0.76363638043403637
decision_type=2 2 2 2 2 2 2 2 2 2 2 2 2 2 2 2 2 2 2 2 2 2 2 2 2 2 2 2 2 2 2 2 2 2 2 2 2 2
left_child=2 -2 7 -4 14 12 23 10 -9 -5 11 -1 30 -14 15 29 17 19 21 35 -21 28 -11 -7 -25 26 -10 -13 -16 -3 32 -32 -6 -34 -33 -17 -31 -20
right_child=1 4 3 9 5 6 -8 8 25 22 -12 27 13 -15 18 16 -18 -19 37 20 -22 -23 -24 24 -26 -27 -28 -29 -30 36 31 34 33 -35 -36 -37 -38 -39
leaf_value=0 0 2.5006812326651333e-05 0 0.0001844925835803288 0.00020361055367895911 0.021836206171708367 0.005958811057740228 0 0 -0.00022374888594025176 0 0 -0.0016066651936472176 -0.072578898234223671 0.014677725609403499 -0.00081858497756806081 -6.5656185647797045e-05 0.18672364603434397 0.00082265172292643116 -0.0012061560182093155 -0.0010553644058346999 0.0099026583668307046 -0.00022374888594025176 0.0080279282383972535 -0.07105669347814654 0 0 0 0.0004506921050484003 -0.063160479501600794 0.017481919758227334 -0.0014487640646940955 -0.0016312401078532135 -0.0047182560565707434 0.0065686110870122509 -0.001247378631517668 0.0076610454915032348 -0.0031282067985715424
leaf_weight=2527 9258 2916 189 351 1038 551 6284 27 121 40 21059 2984 53 23 953 101 306 68 1841 35 90 638 20 343 622 406 30 59 3423 25 639 365 126 37 250 76 23 2103
leaf_count=2527 9258 2916 189 351 1038 551 6284 27 121 40 21059 2984 53 23 953 101 306 68 1841 35 90 638 20 343 622 406 30 59 3423 25 639 365 126 37 250 76 23 2103
internal_value=-0.0212907 -0.00947873 -0.0349602 -0.0119333 0.00122971 0.00221508 0.00278462 -0.0354679 -0.0313425 -0.00086618 -0.0355584 -0.0345278 0.000459897 -0.00863158 0.000421654 -0.000505494 -0.0047574 -0.00854054 0.000798393 -0.0112318 -0.01584 0.00156681 -0.0126667 0.000385224 -0.000766839 -0.0324093 -0.0283179 -0.0333053 0.00123035 0.000464238 0.000741344 0.00186284 -0.000429642 -0.00581595 -0.000292683 -0.0079774 -0.00766667 -0.000178499
internal_weight=60000 32187 27813 600 22929 10331 7800 27213 584 411 26629 5570 2531 76 12598 3640 676 370 8958 302 125 5014 60 1516 965 557 151 3043 4376 2964 2455 1254 1201 163 615 177 48 3944
internal_count=60000 32187 27813 600 22929 10331 7800 27213 584 411 26629 5570 2531 76 12598 3640 676 370 8958 302 125 5014 60 1516 965 557 151 3043 4376 2964 2455 1254 1201 163 615 177 48 3944
is_linear=0
shrinkage=0.04


Tree=96
num_leaves=39
num_cat=0
split_feature=135 15 118 15 119 1 14 101 68 10 102 14 119 22 14 128 15 14 119 92 85 130 24 90 41 102 119 6 10 51 120 125 78 109 14 102 11 102
split_gain=6047.8 5706.8 203.223 99.8811 11.3925 10.0838 7.21674 6.34825 8.29514 6.11457 5.66023 10.5393 5.63525 8.65053 8.55077 4.67508 6.2655 3.44306 4.75106 3.35707 3.02558 2.87509 2.81287 2.58371 2.5428 2.40833 2.31561 7.44409 2.10103 2.0989 2.04002 2.01973 3.26983 1.98866 1.98167 5.98362 4.45581 3.21728
threshold=1.0000000180025095e-35 0.75000000000000011 1.0000000180025095e-35 0.75000000000000011 0.51532536745071422 1.0000000180025095e-35 0.43158185482025152 1.0000000180025095e-35 0.65515419840812694 0.52778527140617382 0.50684645771980297 0.44763240218162542 0.59866267442703258 0.1528776362538338 0.45820383727550512 -0.70710662007331837 0.75000000000000011 0.51995083689689647 0.56429719924926769 1.1582547426223757 0.71694710850715648 1.7574965357780459 0.13776097446680072 0.069688767194747939 -0.14396117627620694 0.82208412885665905 0.81176975369453441 0.85285279154777538 -0.065403074026107774 0.48816111683845526 1.0000000180025095e-35 0.88486388325691234 0.96592578291893016 -0.73688519001007069 0.33297631144523626 0.39428536593914038 1.493138372898102 0.53283676505088817
decision_type=2 2 2 2 2 2 2 2 2 2 2 2 2 2 2 2 2 2 2 2 2 2 2 2 2 2 2 2 2 2 2 2 2 2 2 2 2 2
left_child=2 -2 7 -4 6 -6 34 15 -9 -5 11 19 14 20 -7 16 -1 18 -16 -8 -14 -21 24 -22 33 -11 27 -10 -18 -13 -25 -12 -33 -19 -3 36 -36 -37
right_child=1 4 3 9 5 12 10 8 26 25 31 29 13 -15 17 -17 28 22 -20 21 23 -23 -24 30 -26 -27 -28 -29 -30 -31 -32 32 -34 -35 35 37 -38 -39
leaf_value=0 0 4.2612331994193907e-05 0 0.00017711288023711567 -4.1807334671182709e-05 0.0081169089879846567 -0.001203717188669879 0 0 -0.00021479893050264169 0.00082390801633984477 -0.0005042215667322152 0.010002152086920593 0.0057204586154306018 2.0270917145570055e-05 0 0 -0.071400919463638829 0.0076271249898633969 -0.00095419196289246928 0.0080031930173367367 -0.0010838803716135652 -0.0003566617790130544 -0.10101100857602564 -0.0056056828216647673 -0.00021479893050264169 0 0 0 0.00087787194200439952 -0.053846631711288409 -0.00089947633423117872 -0.0064928430622614988 -0.0017222200265016203 -0.0011398258812671124 6.5951912172599415e-06 -0.0023846706651845248 -0.057206234772195094
leaf_weight=2527 9258 1590 189 351 3974 1794 254 25 121 40 402 25 745 5684 2684 21059 2984 24 998 43 199 75 521 23 50 20 406 32 59 221 901 130 21 178 20 2296 21 56
leaf_count=2527 9258 1590 189 351 3974 1794 254 25 121 40 402 25 745 5684 2684 21059 2984 24 998 43 199 75 521 23 50 20 406 32 59 221 901 130 21 178 20 2296 21 56
internal_value=-0.0212987 -0.00949365 -0.0349602 -0.0119333 0.00120878 0.00168889 -0.000447031 -0.0354679 -0.0313425 -0.00086618 -0.00320751 -0.00583819 0.00220013 0.00293538 0.00131157 -0.0355584 -0.0345278 0.000372615 0.000882129 -0.010086 0.000573876 -0.015661 -0.00205433 -0.000737311 -0.00552381 -0.0126667 -0.0323506 -0.0281569 -0.0333053 0.000585366 -0.00162771 -0.000267631 -0.00421192 -0.00352475 0.000364549 -0.000362724 -0.0155122 -9.86393e-05
internal_weight=60000 32187 27813 600 22929 17775 5154 27213 584 411 1171 618 13801 7552 6249 26629 5570 4455 3682 372 1868 118 773 1123 252 60 559 153 3043 246 924 553 151 202 3983 2393 41 2352
internal_count=60000 32187 27813 600 22929 17775 5154 27213 584 411 1171 618 13801 7552 6249 26629 5570 4455 3682 372 1868 118 773 1123 252 60 559 153 3043 246 924 553 151 202 3983 2393 41 2352
is_linear=0
shrinkage=0.04


Tree=97
num_leaves=39
num_cat=0
split_feature=135 15 118 15 119 1 14 101 34 10 102 14 119 14 22 128 15 24 119 73 0 14 119 62 102 130 119 6 10 130 51 102 14 26 14 44 14 14
split_gain=6056.66 5714.83 203.223 99.8811 11.8642 10.4969 7.53684 6.34825 8.57052 6.11457 5.64478 10.2206 5.57409 8.17931 7.73171 4.67508 6.2655 3.27161 2.75436 4.21203 2.87866 2.54071 4.75106 2.43145 2.40833 2.31763 2.16741 6.23046 2.10103 2.09978 2.09269 2.07867 2.34947 2.31021 2.04497 2.44935 2.11659 1.96473
threshold=1.0000000180025095e-35 0.75000000000000011 1.0000000180025095e-35 0.75000000000000011 0.51532536745071422 1.0000000180025095e-35 0.43158185482025152 1.0000000180025095e-35 0.61718398332595836 0.52778527140617382 0.50684645771980297 0.44763240218162542 0.59866267442703258 0.45820383727550512 0.1528776362538338 -0.70710662007331837 0.75000000000000011 1.7907189130783083 0.77130869030952465 0.085450042039155974 0.63219705224037182 0.51995083689689647 0.56429719924926769 0.15611594170331958 0.82208412885665905 0.20514114946126941 0.81176975369453441 0.85285279154777538 -0.065403074026107774 0.13647984713315967 0.48816111683845526 0.58932635188102733 0.53320875763893139 0.38268336653709417 0.44763240218162542 0.98078528046607982 0.45591865479946142 0.49318374693393713
decision_type=2 2 2 2 2 2 2 2 2 2 2 2 2 2 2 2 2 2 2 2 2 2 2 2 2 2 2 2 2 2 2 2 2 2 2 2 2 2
left_child=2 -2 7 -4 6 -6 -3 15 -9 -5 11 17 13 -7 18 16 -1 25 -14 -20 -21 22 37 -23 -11 -8 27 -10 -18 -13 -31 32 -25 -34 -12 36 -36 -15
right_child=1 4 3 9 5 12 10 8 26 24 34 29 14 21 -16 -17 28 -19 19 20 -22 23 -24 31 -26 -27 -28 -29 -30 30 -32 -33 33 -35 35 -37 -38 -39
leaf_value=0 0 1.6770097646292219e-05 0 0.00017002836502763103 -4.0135041284335401e-05 0.0077922326284652699 0.00046971759414587375 0 0 -0.00020620697328253601 0.18448216474538001 -0.022095307420193264 0.008427831941008674 0.00040440543792776554 0.0054916402708133916 0 0 -0.00083644227062776397 0.0075005440720271148 -0.20167509674652073 -0.067794408540169618 -0.0029241192513932467 0.0073220399902688693 -0.0028151596872696715 -0.00020620697328253601 -0.001204288605017198 0 0 0 -0.00041857862882336725 0.0008465648679923701 0.00045459649671121999 0.00084216261393402355 -0.0028810640886829681 -0.0049864853797232499 -0.0052990479744848863 0.00208113017618253 -0.002499798200898724
leaf_weight=2527 9258 3983 189 351 3974 1794 43 27 121 40 205 20 920 1947 5684 21059 2984 67 296 30 622 43 998 234 20 262 406 30 59 23 203 291 182 23 176 27 145 737
leaf_count=2527 9258 3983 189 351 3974 1794 43 27 121 40 205 20 920 1947 5684 21059 2984 67 296 30 622 43 998 234 20 262 406 30 59 23 203 291 182 23 176 27 145 737
internal_value=-0.0212887 -0.00947501 -0.0349602 -0.0119333 0.00123494 0.00172489 -0.000454792 -0.0354679 -0.0313425 -0.00086618 -0.00327583 -0.00590291 0.0022465 0.00136278 0.00297775 -0.0355584 -0.0345278 -0.010086 0.000745182 -0.000767932 -0.00256442 0.000444445 0.000882129 -0.00164036 -0.0126667 -0.00832787 -0.0324093 -0.0283179 -0.0333053 0.000422764 0.00152212 -0.00109589 -0.00283371 0.000292683 -0.000339964 -0.0022069 -0.00123364 5.9614e-06
internal_weight=60000 32187 27813 600 22929 17775 5154 27213 584 411 1171 618 13801 6249 7552 26629 5570 372 1868 948 652 4455 3682 773 60 305 557 151 3043 246 226 730 439 205 553 348 321 2684
internal_count=60000 32187 27813 600 22929 17775 5154 27213 584 411 1171 618 13801 6249 7552 26629 5570 372 1868 948 652 4455 3682 773 60 305 557 151 3043 246 226 730 439 205 553 348 321 2684
is_linear=0
shrinkage=0.04


Tree=98
num_leaves=39
num_cat=0
split_feature=118 15 128 15 8 128 101 34 124 119 14 119 24 14 68 90 96 119 14 119 14 0 125 92 59 119 14 119 85 7 119 6 68 119 14 25 76 12
split_gain=5999.9 5718.36 30.2673 38.3748 18.1879 10.8612 6.7894 8.57052 5.77024 9.4049 4.08815 3.4321 3.23106 2.62771 2.90114 2.61172 2.56856 2.5221 4.33282 6.1599 13.8158 2.78106 2.65429 2.48803 3.1574 2.3031 2.20574 2.17785 2.21262 2.16919 2.16741 6.23046 2.08009 2.06903 2.28638 2.05856 1.96245 1.92587
threshold=1.0000000180025095e-35 0.75000000000000011 -0.70710662007331837 0.75000000000000011 0.28745912015438085 0.097964666783809676 1.0000000180025095e-35 0.61718398332595836 0.077364247292280211 0.59866267442703258 0.50125351548194896 0.51532536745071422 -0.22622051835060117 0.45820383727550512 0.5478598177433015 0.51205608248710643 1.0513491034507754 0.51773032546043407 0.43158185482025152 0.50662484765052807 0.44763240218162542 0.72488811612129223 0.88486388325691234 1.1582547426223757 1.6822814941406252 0.39440976083278662 0.44344586133956915 0.50332656502723705 0.56063726544380199 -0.49949190020561213 0.81176975369453441 0.85285279154777538 0.46141564846038824 0.59866267442703258 0.45820383727550512 0.033825177699327476 -1.0520733594894407 0.62969112396240245
decision_type=2 2 2 2 2 2 2 2 2 2 2 2 2 2 2 2 2 2 2 2 2 2 2 2 2 2 2 2 2 2 2 2 2 2 2 2 2 2
left_child=2 -2 3 -1 16 12 -4 -8 -7 10 11 26 25 -13 -15 -6 -5 18 27 20 23 33 -21 -20 -25 -3 -10 -14 -29 -18 31 -9 -22 34 -19 -27 -12 -37
right_child=1 5 6 4 15 8 7 30 9 -11 36 13 17 14 -16 -17 29 21 19 22 32 -23 -24 24 -26 35 -28 28 -30 -31 -32 -33 -34 -35 -36 37 -38 -39
leaf_value=0 0 -0.0065349539702032854 0 0 0 2.4522847884486424e-05 0 0 0.00019409931651415547 0.005271974659980856 0.0017077651370628266 0.0042035748505904989 2.4377564526863336e-05 -0.0011480941987776117 0.0043358165702535078 0 0 0.020195251047201802 -0.00072465480521766406 0.0022038615117160876 -0.00038234012513998204 0.00012532626744840992 -0.0059669156007127267 -0.0013229503092441149 -0.00093044451051960077 -4.5468702708521532e-05 -0.002629111986053687 -0.00019391036175340918 -0.058563373959795398 0 0 0 0.00081546205757723885 0.009270448365429243 0.0004156773666435309 -0.042008882515266174 -0.0053536309154882892 -0.006995657612539583
leaf_weight=2657 9293 25 21155 2133 76 1796 27 121 1038 5356 56 1033 2823 440 529 560 132 584 166 397 20 2946 128 35 90 755 163 64 42 496 406 30 187 555 2932 113 331 310
leaf_count=2657 9293 25 21155 2133 76 1796 27 121 1038 5356 56 1033 2823 440 529 560 132 584 166 397 20 2946 128 35 90 755 163 64 42 496 406 30 187 555 2932 113 331 310
internal_value=-0.021284 -0.0095337 -0.0349004 -0.0323991 -0.0295826 0.00119997 -0.035597 -0.0313425 0.00212698 0.00254237 0.000958217 0.00142741 0.00038186 0.00244156 0.000945305 -0.0234843 -0.0309873 0.000597685 -0.000210526 -0.00245161 -0.00563855 0.00105287 0.000571429 -0.0112577 -0.01552 -0.00158603 -0.000263114 0.000572209 -0.0050566 -0.0287389 -0.0324093 -0.0283179 0.00226087 0.00173029 0.00137201 -0.00133107 -0.00292506 -0.00356501
internal_weight=60000 32207 27793 6054 3397 22914 21739 584 10742 8946 3590 3203 12172 2002 969 636 2761 10969 3952 1023 498 7017 525 291 125 1203 1201 2929 106 628 557 151 207 4071 3516 1178 387 423
internal_count=60000 32207 27793 6054 3397 22914 21739 584 10742 8946 3590 3203 12172 2002 969 636 2761 10969 3952 1023 498 7017 525 291 125 1203 1201 2929 106 628 557 151 207 4071 3516 1178 387 423
is_linear=0
shrinkage=0.04


Tree=99
num_leaves=39
num_cat=0
split_feature=135 15 118 15 111 101 34 44 119 39 128 15 14 102 119 14 14 119 0 130 102 85 24 119 23 44 119 109 119 73 70 23 119 23 14 54 119 14
split_gain=6071.43 5728.22 203.223 99.8811 11.6253 6.34825 8.57052 6.11457 6.07382 6.70467 4.67508 6.2655 4.14676 5.9108 2.73437 9.31328 7.12367 7.30457 3.82706 2.61591 2.40833 2.38038 2.23741 2.16741 6.23046 2.10103 2.08824 1.95162 1.79148 4.32712 1.72637 4.49335 4.17685 2.33333 1.71837 1.65826 1.85428 7.22667
threshold=1.0000000180025095e-35 0.75000000000000011 1.0000000180025095e-35 0.75000000000000011 0.065403021872043623 1.0000000180025095e-35 0.61718398332595836 0.4124861359596253 0.56429719924926769 0.13240957260131839 -0.70710662007331837 0.75000000000000011 0.50125351548194896 0.55805155634880077 0.50974160432815563 0.43158185482025152 0.44763240218162542 0.50662484765052807 0.69589367508888256 0.2348601892590523 0.82208412885665905 0.48816111683845526 -0.24063676595687863 0.81176975369453441 0.85290351510047924 0.065403342247009291 0.59866267442703258 1.5796348452568056 0.74709975719451915 0.085450042039155974 1.0000000180025095e-35 0.82849273085594188 0.8177069127559663 0.90430745482444774 0.45591865479946142 1.0000000180025095e-35 0.50662484765052807 0.45142881572246557
decision_type=2 2 2 2 2 2 2 2 2 2 2 2 2 2 2 2 2 2 2 2 2 2 2 2 2 2 2 2 2 2 2 2 2 2 2 2 2 2
left_child=2 -2 5 -4 14 10 -7 -5 12 28 11 -1 -6 -14 15 22 17 19 26 -17 -9 -21 -3 24 -8 -13 34 -23 -10 -30 31 -31 -33 -34 -16 36 -18 -38
right_child=1 4 3 7 8 6 23 20 9 -11 -12 25 13 -15 18 16 35 -19 -20 21 -22 27 -24 -25 -26 -27 -28 -29 29 30 -32 32 33 -35 -36 -37 37 -39
leaf_value=0 0 -0.0088435435719082956 0 0.00016224631651114632 0.00054257524725539823 0 0 -0.00019893960826661405 0.020224577477782574 0.0050610956735816261 0 0 -0.0012290722579316714 -0.069362415976885056 0.011869400273571848 0.0010997855108471964 0.00078008379096958583 0.1717543028220328 2.7311750831611162e-05 0.0006797872398667294 -0.00019893960826661405 -0.00086698946803214015 2.2096825697968657e-05 0 0 0 0.0080545989020914793 -0.0013931552048223246 0.0070043343893321551 -0.20118751941731003 -0.041389863689517518 0.034800348721770583 -0.20589606308603259 -0.059052915842494676 0.00040367043498691483 -0.0004492232047815299 -0.0071033076408487114 0.0010001678032058926
leaf_weight=2527 9258 91 189 351 2455 27 121 40 551 6284 21059 2984 53 23 796 22 207 68 4497 26 20 201 2873 406 30 59 570 53 348 28 369 136 42 42 3095 26 21 52
leaf_count=2527 9258 91 189 351 2455 27 121 40 551 6284 21059 2984 53 23 796 22 207 68 4497 26 20 201 2873 406 30 59 570 53 348 28 369 136 42 42 3095 26 21 52
internal_value=-0.021272 -0.00944394 -0.0349602 -0.0119333 0.00127856 -0.0354679 -0.0313425 -0.00086618 0.00227316 0.00282564 -0.0355584 -0.0345278 0.000570526 -0.00863158 0.000462931 -0.000461538 -0.00469822 -0.00843243 0.00083858 -0.0110993 -0.0126667 -0.0121429 0.000504723 -0.0324093 -0.0283179 -0.0333053 0.00166868 -0.0133228 0.000437995 -0.000601036 -0.00261264 -0.00519355 -0.00327273 -0.0102857 0.00133745 -0.000183006 0.000714286 -0.00476712
internal_weight=60000 32187 27813 600 22929 27213 584 411 10331 7800 26629 5570 2531 76 12598 3640 676 370 8958 302 60 280 2964 557 151 3043 4461 254 1516 965 617 248 220 84 3891 306 280 73
internal_count=60000 32187 27813 600 22929 27213 584 411 10331 7800 26629 5570 2531 76 12598 3640 676 370 8958 302 60 280 2964 557 151 3043 4461 254 1516 965 617 248 220 84 3891 306 280 73
is_linear=0
shrinkage=0.04


Tree=100
num_leaves=39
num_cat=0
split_feature=135 15 118 15 111 101 34 10 119 39 128 15 31 17 119 31 31 119 34 7 31 119 119 31 31 92 59 42 119 6 10 25 28 34 125 119 17 127
split_gain=6060.79 5718.58 203.223 99.8811 11.6353 6.34825 8.57052 6.11457 5.85484 6.92053 4.67508 6.2655 4.14676 5.40503 3.00673 5.96705 4.1705 3.68715 3.61557 2.72558 2.47144 2.77582 2.40114 11.2742 6.76799 2.54041 2.66825 2.5 2.16741 6.23046 2.10103 2.08835 3.86786 2.01667 1.77705 1.7744 1.7374 2.08333
threshold=1.0000000180025095e-35 0.75000000000000011 1.0000000180025095e-35 0.75000000000000011 0.065403021872043623 1.0000000180025095e-35 0.61718398332595836 0.52778527140617382 0.56429719924926769 0.13240957260131839 -0.70710662007331837 0.75000000000000011 0.50125351548194896 0.5579735040664674 0.51532536745071422 0.43158185482025152 0.45591865479946142 0.50332656502723705 0.69612982869148265 0.50510114431381237 0.45820383727550512 0.59866267442703258 0.50662484765052807 0.44763240218162542 0.44763240218162542 1.1582547426223757 1.6822814941406252 1.8737346529960635 0.81176975369453441 0.85285279154777538 -0.065403074026107774 1.7448635697364809 2.0189658403396611 0.74467635154724132 0.83932790160179149 0.52763688564300548 0.56882601976394664 1.7645651102066042
decision_type=2 2 2 2 2 2 2 2 2 2 2 2 2 2 2 2 2 2 2 2 2 2 2 2 2 2 2 2 2 2 2 2 2 2 2 2 2 2
left_child=2 -2 5 -4 14 10 -7 -5 12 -10 11 -1 -6 -14 15 17 22 -3 20 -19 -16 35 23 25 -24 34 -27 -28 29 -8 -13 -26 -33 -9 -17 36 -22 -38
right_child=1 4 3 7 8 6 28 33 9 -11 -12 30 13 -15 18 16 -18 19 -20 -21 21 -23 24 -25 31 26 27 -29 -30 -31 -32 32 -34 -35 -36 -37 37 -39
leaf_value=0 0 2.1212952670049913e-05 0 0.00015575646385070045 0.00052087223736518233 0 0 -0.00019098202393594949 0.0023810445514495892 0.0048586518466383665 0 0 -0.0012995445853651679 -0.066223849543411956 0.014726836708879259 -0.00065005844962652754 0.00091137889829213774 -0.051689438394029931 -4.5048472720562218e-05 -0.003522351212909349 -0.0054016422528617323 0.011409997890014512 0.17220263908098807 0.00074888043933080237 -0.0045787313181026492 -0.0012227247415364058 -0.00075869577285747809 -0.00090727643787192269 0 0 0 -0.0057399009224378605 -0.00035847203256783941 -0.00019098202393594949 -0.0010719013853970985 0.0003864500554733736 -0.065401774805407598 -0.0053966855980505327
leaf_weight=2527 9258 2916 189 351 2455 27 121 30 1516 6284 21059 2984 52 24 930 114 217 39 3910 56 212 523 157 127 79 35 45 45 406 30 59 32 28 30 63 3022 24 24
leaf_count=2527 9258 2916 189 351 2455 27 121 30 1516 6284 21059 2984 52 24 930 114 217 39 3910 56 212 523 157 127 79 35 45 45 406 30 59 32 28 30 63 3022 24 24
internal_value=-0.021284 -0.00946631 -0.0349602 -0.0119333 0.00124715 -0.0354679 -0.0313425 -0.00086618 0.00224218 0.00278462 -0.0355584 -0.0345278 0.000570526 -0.00863158 0.00043118 -0.000482671 -0.00326115 0.000386583 0.000849046 -0.00736842 0.0015924 0.0011406 -0.00471724 -0.00662937 -0.00194595 -0.0108344 -0.0152 -0.0115556 -0.0324093 -0.0283179 -0.0333053 -0.0083741 -0.014 -0.0126667 -0.00775141 0.000709324 -0.00246154 -0.00933333
internal_weight=60000 32187 27813 600 22929 27213 584 411 10331 7800 26629 5570 2531 76 12598 3953 942 3011 8645 95 4735 3805 725 429 296 302 125 90 557 151 3043 139 60 60 177 3282 260 48
internal_count=60000 32187 27813 600 22929 27213 584 411 10331 7800 26629 5570 2531 76 12598 3953 942 3011 8645 95 4735 3805 725 429 296 302 125 90 557 151 3043 139 60 60 177 3282 260 48
is_linear=0
shrinkage=0.04


Tree=101
num_leaves=39
num_cat=0
split_feature=135 15 118 15 128 101 34 27 119 39 128 15 31 17 119 31 119 31 34 119 51 119 31 19 92 59 42 119 6 27 31 31 34 13 119 31 41 125
split_gain=6063.16 5720.72 203.223 99.8811 11.0275 6.34825 8.57052 6.11457 5.94095 6.98344 4.67508 6.2655 4.11832 5.40503 2.48697 4.86037 4.24357 10.6342 3.54161 3.52356 2.64909 2.43598 2.53646 2.25469 2.2057 2.56514 2.5 2.16741 6.23046 2.10103 2.0177 3.62898 2.01667 1.80114 1.73097 6.64181 1.96662 1.67821
threshold=1.0000000180025095e-35 0.75000000000000011 1.0000000180025095e-35 0.75000000000000011 0.097964666783809676 1.0000000180025095e-35 0.61718398332595836 0.47114434838294988 0.56429719924926769 0.13240957260131839 -0.70710662007331837 0.75000000000000011 0.50125351548194896 0.5579735040664674 0.51532536745071422 0.43158185482025152 0.50662484765052807 0.44763240218162542 0.69612982869148265 0.50662484765052807 0.48816111683845526 0.59866267442703258 0.45820383727550512 1.0000000180025095e-35 1.1582547426223757 1.6822814941406252 1.8737346529960635 0.81176975369453441 0.85285279154777538 1.0000000180025095e-35 0.44763240218162542 0.45591865479946142 0.74467635154724132 0.76363638043403637 0.59866267442703258 0.51995083689689647 -0.14396117627620694 0.82440185546875011
decision_type=2 2 2 2 2 2 2 2 2 2 2 2 2 2 2 2 2 2 2 2 2 2 2 2 2 2 2 2 2 2 2 2 2 2 2 2 2 2
left_child=2 -2 5 -4 14 10 -7 -5 12 -10 11 -1 -6 -14 15 19 17 24 21 33 -19 22 -16 -21 37 -26 -27 28 -8 -13 -18 -32 -9 -3 35 -11 -37 -17
right_child=1 4 3 7 8 6 27 32 9 34 -12 29 13 -15 18 16 30 20 -20 23 -22 -23 -24 -25 25 26 -28 -29 -30 -31 31 -33 -34 -35 -36 36 -38 -39
leaf_value=0 0 2.1683343244262693e-05 0 0.00014952620529667243 0.00050003734787057506 0 0 -0.00018334274297851153 0.002285802769391606 0.0035534330162678394 0 0 -0.0012475628019505613 -0.063574895561675476 0.026543520394698986 -0.00059997414853981063 0.16531453351774855 -0.00049225750961294761 -4.3246533811739731e-05 0.17858014745529432 0.00071892522175757035 0.0080580497833325111 0.00036744545235937808 -0.051562664574470639 -0.0011738157518749496 -0.0007283479419431789 -0.00087098538035704578 0 0 0 -0.0053117115767348155 0.0034248756071414439 -0.00018334274297851153 -8.2744615245771056e-05 0.004664305772772828 -0.0025640186261385155 -0.0028241953849720901 -0.00099462142816360202
leaf_weight=2527 9258 1388 189 351 2455 27 121 30 1516 834 21059 2984 52 24 815 101 157 23 3910 21 208 638 3282 45 35 45 45 406 30 59 139 113 30 1557 5227 184 39 76
leaf_count=2527 9258 1388 189 351 2455 27 121 30 1516 834 21059 2984 52 24 815 101 157 23 3910 21 208 638 3282 45 35 45 45 406 30 59 139 113 30 1557 5227 184 39 76
internal_value=-0.0212813 -0.00946133 -0.0349602 -0.0119333 0.00125413 -0.0354679 -0.0313425 -0.00086618 0.00222282 0.00276923 -0.0355584 -0.0345278 0.000538918 -0.00863158 0.000459756 -0.000371363 -0.00287898 -0.00523077 0.000839792 0.000413152 0.00122944 0.0015755 0.00121748 -0.00872727 -0.0101722 -0.01424 -0.0106667 -0.0324093 -0.0283179 -0.0333053 0.000185819 -0.00203175 -0.0126667 0.000617997 0.0033571 0.00188079 -0.00425112 -0.00729943
internal_weight=60000 32187 27813 600 22929 27213 584 411 10331 7800 26629 5570 2531 76 12598 3953 942 533 8645 3011 231 4735 4097 66 302 125 90 557 151 3043 409 252 60 2945 6284 1057 223 177
internal_count=60000 32187 27813 600 22929 27213 584 411 10331 7800 26629 5570 2531 76 12598 3953 942 533 8645 3011 231 4735 4097 66 302 125 90 557 151 3043 409 252 60 2945 6284 1057 223 177
is_linear=0
shrinkage=0.04


Tree=102
num_leaves=39
num_cat=0
split_feature=135 15 101 124 15 111 34 119 39 10 111 15 14 102 10 102 0 119 119 14 14 119 41 125 13 119 23 119 12 23 62 51 119 14 59 119 14 119
split_gain=6070.25 5727.15 139.892 70.3811 100.822 10.3842 8.05203 6.11054 7.13549 5.73179 4.648 6.64501 4.08998 5.9108 2.82203 2.50532 2.26887 3.4345 1.82767 7.68983 4.02312 4.82291 3.11077 2.58297 2.34988 1.81693 3.56339 1.73198 1.66987 2.79988 1.85022 2.35286 1.65794 6.33875 1.64229 1.61837 9.5858 6.38242
threshold=1.0000000180025095e-35 0.75000000000000011 1.0000000180025095e-35 0.030841578729450706 0.75000000000000011 0.065403021872043623 0.61718398332595836 0.56429719924926769 0.13240957260131839 0.52778527140617382 -0.63405361771583546 0.75000000000000011 0.50125351548194896 0.55805155634880077 -0.065403074026107774 0.82208412885665905 0.69589367508888256 0.59866267442703258 0.50974160432815563 0.43158185482025152 0.44763240218162542 0.50662484765052807 2.0624072551727299 0.82440185546875011 0.76363638043403637 0.7935827672481538 0.83516499400138866 0.75870630145072948 0.58427134156227123 0.78751769661903392 1.7738515138626101 0.75773435831069957 0.59866267442703258 0.51995083689689647 2.0105113983154301 0.39440976083278662 0.3269487619400025 0.38069936633110052
decision_type=2 2 2 2 2 2 2 2 2 2 2 2 2 2 2 2 2 2 2 2 2 2 2 2 2 2 2 2 2 2 2 2 2 2 2 2 2 2
left_child=2 -2 10 6 -5 16 -4 12 -9 27 11 -1 -7 -14 -13 -11 17 18 19 24 21 22 23 -21 -3 26 -8 -6 29 30 31 -18 33 -10 -31 36 -26 -38
right_child=1 5 3 4 9 7 25 8 32 15 -12 14 13 -15 -16 -17 28 -19 -20 20 -22 -23 -24 -25 35 -27 -28 -29 -30 34 -32 -33 -34 -35 -36 -37 37 -39
leaf_value=0 0 3.4062159608971974e-05 0 0 -0.010116188443235457 0.00048003585395575205 0 0.0021943706586159415 0.0034112956956171424 -0.00017600903325937106 0 0 -0.0010780250721217754 -0.061395969533606154 0 -0.00017600903325937106 -0.015267490475889692 0.0069536930390739641 0.00062306848736294574 -0.00054873286793594492 0.00020452281139515569 0.15127412242588353 -0.00062467633916756925 -0.00088431654434077971 3.8239277948573321e-05 0 0 0.00014354515708480555 0.00013627165230508152 -0.0003534055008413971 5.8701317227131749e-05 -0.023711503787738814 0.0044777335418619306 -0.0026592988633004195 -0.063205014668390097 2.0518127186870006e-05 0.00027930411450621898 -0.004990734521103238
leaf_weight=2688 9258 1196 26 193 83 2455 82 1516 834 41 20891 2984 53 23 66 20 29 570 3891 127 193 57 45 91 270 443 21 275 4291 658 28 28 5227 223 36 983 27 78
leaf_count=2688 9258 1196 26 193 83 2455 82 1516 834 41 20891 2984 53 23 66 20 29 570 3891 127 193 57 45 91 270 443 21 275 4291 658 28 28 5227 223 36 983 27 78
internal_value=-0.0212733 -0.00944642 -0.0349602 -0.0215068 -0.0120784 0.00127507 -0.0315944 0.00221508 0.00276923 -0.00105967 -0.0355584 -0.03455 0.00050731 -0.00863158 -0.0332721 -0.0123934 0.000504207 0.00094474 0.000700201 -2.99966e-05 -0.00449903 -0.00725 -0.00953612 -0.00755963 0.000867659 -0.03263 -0.0278447 0.000871509 -0.000149901 -0.00185366 -0.00870588 -0.0128421 0.00336346 0.00191864 -0.00101441 -0.000270987 -0.00250667 -0.0127619
internal_weight=60000 32187 27813 1184 612 22929 572 10331 7800 419 26629 5738 2531 76 3050 61 12598 7528 6958 3067 513 320 263 218 2554 546 103 358 5070 779 85 57 6284 1057 694 1358 375 105
internal_count=60000 32187 27813 1184 612 22929 572 10331 7800 419 26629 5738 2531 76 3050 61 12598 7528 6958 3067 513 320 263 218 2554 546 103 358 5070 779 85 57 6284 1057 694 1358 375 105
is_linear=0
shrinkage=0.04


Tree=103
num_leaves=39
num_cat=0
split_feature=118 15 128 15 8 96 101 68 22 119 120 119 14 14 119 27 119 6 119 78 0 14 96 39 14 7 85 24 85 85 12 68 6 6 119 123 127 124
split_gain=6009.11 5728.03 30.1977 38.3748 18.1879 9.10565 7.22152 8.19463 4.68618 5.82299 6.03519 3.30114 6.52085 6.07023 5.98552 3.9261 2.75397 6.99727 2.65674 3.94593 3.28394 2.58604 2.56856 2.46162 2.38898 2.16919 2.14468 2.50851 2.12556 2.37645 2.07019 10.3228 3.24571 2.30532 4.07435 1.9923 1.93193 1.8874
threshold=1.0000000180025095e-35 0.75000000000000011 -0.70710662007331837 0.75000000000000011 0.28745912015438085 0.34242388606071478 1.0000000180025095e-35 0.65515419840812694 0.12999680638313296 0.59866267442703258 1.0000000180025095e-35 0.50974160432815563 0.43158185482025152 0.44763240218162542 0.50662484765052807 -0.25881905853748316 0.81176975369453441 0.85285279154777538 0.83006525039672863 0.25881896913051611 0.83624812960624706 0.46802867949008947 1.0513491034507754 0.54360640048980724 0.50125351548194896 -0.49949190020561213 0.54806599020957958 -0.51379540562629689 0.56428876519203197 0.55661931633949291 0.58081284165382396 0.49976871907711035 0.83573743700981151 0.85334968566894542 0.50002238154411327 1.0000000180025095e-35 -0.8325267732143401 0.61991015076637279
decision_type=2 2 2 2 2 2 2 2 2 2 2 2 2 2 2 2 2 2 2 2 2 2 2 2 2 2 2 2 2 2 2 2 2 2 2 2 2 2
left_child=2 -2 3 -1 22 8 -4 -8 -3 24 -11 12 -7 14 30 -13 17 -9 21 -20 -21 -17 -5 -6 -10 -24 27 36 29 -26 31 -14 -32 -34 -35 -28 -23 -27
right_child=1 5 6 4 23 11 7 16 9 10 -12 15 13 -15 -16 18 -18 -19 19 20 -22 26 25 -25 28 37 35 -29 -30 -31 32 -33 33 34 -36 -37 -38 -39
leaf_value=0 0 -0.00066219566210516158 0 0 0 8.3135564830051399e-06 0 0 0.0011521145963405452 -0.0043404389411752725 0.0042986242001874691 -0.00050414765637745785 0.001635038625791189 0.00029044888325720691 0.14534517379534898 0.0042946680608970311 0 0 0.00013780335080141332 -0.17980514420682828 -0.0057324454846980075 -0.00048783235900806064 0 0 -0.00055636325171495957 0 0.0015630366684707109 -0.00011772595455619064 -0.0001900592109324691 -0.052595704386020535 -0.00062970228583841435 -0.002665235559274851 -0.001172997411892292 -0.00081749121400859312 0.134158524993643 -0.038994348746435578 -0.0051431281074856266 0
leaf_weight=2657 9293 286 21155 2133 77 2978 25 121 2923 212 4341 2110 31 304 69 3630 406 32 598 52 138 25 132 559 27 256 3459 860 237 22 135 38 43 38 30 307 21 240
leaf_count=2657 9293 286 21155 2133 77 2978 25 121 2923 212 4341 2110 31 304 69 3630 406 32 598 52 138 25 132 559 27 256 3459 860 237 22 135 38 43 38 30 307 21 240
internal_value=-0.0212707 -0.00951135 -0.0348976 -0.0323991 -0.0295826 0.00123139 -0.0355934 -0.0312055 0.00231511 0.00250039 0.00342016 0.000644693 -0.000397163 -0.00390698 -0.00725 0.000985714 -0.0322075 -0.027634 0.00134653 -0.000873096 -0.00589474 0.00155722 -0.0309873 -0.0234843 0.00119539 -0.0287389 0.000934932 -0.000812362 -0.00229371 -0.00987755 -0.0095873 -0.0157101 -0.00786992 -0.0129369 -0.00835294 0.00135528 -0.00991304 -0.0299516
internal_weight=60000 32207 27793 6054 3397 22914 21739 584 8048 7762 4553 14866 3666 688 384 11200 559 153 9090 788 190 8302 2761 636 3209 628 4672 906 286 49 315 69 246 111 68 3766 46 496
internal_count=60000 32207 27793 6054 3397 22914 21739 584 8048 7762 4553 14866 3666 688 384 11200 559 153 9090 788 190 8302 2761 636 3209 628 4672 906 286 49 315 69 246 111 68 3766 46 496
is_linear=0
shrinkage=0.04


Tree=104
num_leaves=39
num_cat=0
split_feature=135 15 118 15 111 119 39 101 68 128 15 14 102 119 23 10 107 119 14 102 14 109 24 121 125 10 0 14 106 13 14 102 102 119 119 14 68 14
split_gain=6073.58 5727.69 196.323 96.5885 10.1757 6.86897 6.8288 6.7675 8.19463 4.67508 6.2655 3.99156 5.9108 2.75397 6.99727 2.10103 2.02652 2.71093 3.86918 2.82766 6.12761 3.45784 2.15604 2.12275 2.02174 1.88379 1.80364 4.39335 1.77739 2.5373 3.24863 4.14991 6.28598 1.76962 1.69035 3.40977 1.86667 1.83652
threshold=1.0000000180025095e-35 0.75000000000000011 1.0000000180025095e-35 0.75000000000000011 0.065403021872043623 0.56429719924926769 0.13240957260131839 1.0000000180025095e-35 0.65515419840812694 -0.70710662007331837 0.75000000000000011 0.50125351548194896 0.55805155634880077 0.81176975369453441 0.85290351510047924 -0.065403074026107774 0.56336337327957164 0.51532536745071422 0.43158185482025152 0.50684645771980297 0.44763240218162542 1.7275778055191042 -0.24063676595687863 1.0000000180025095e-35 0.83985763788223278 0.52778527140617382 0.5027780830860139 0.44344586133956915 1.0000000180025095e-35 0.76363638043403637 0.44344586133956915 0.63957908749580394 0.69072249531745922 0.48816111683845526 0.51532536745071422 0.45820383727550512 0.5478598177433015 0.44344586133956915
decision_type=2 2 2 2 2 2 2 2 2 2 2 2 2 2 2 2 2 2 2 2 2 2 2 2 2 2 2 2 2 2 2 2 2 2 2 2 2 2
left_child=2 -2 7 -4 16 11 -7 9 -9 10 -1 34 -13 14 -10 -12 17 18 22 20 21 24 23 -3 26 -5 -20 -28 -18 -30 -31 -32 -33 -22 37 -36 -37 -6
right_child=1 4 3 25 5 6 -8 8 13 -11 15 12 -14 -15 -16 -17 28 -19 19 -21 33 -23 -24 -25 -26 -27 27 -29 29 30 31 32 -34 -35 35 36 -38 -39
leaf_value=0 0 0.0046007700046863187 0 -3.398337163446792e-05 9.0698826314113628e-05 0.0028881698444342004 0.0041266792321799526 0 0 0 0 -0.0010126495391683059 -0.058503568907322327 0 0 0 0.00022245504107920016 0.00082663762895775184 -0.000184692019366219 0.00015814332046622267 -0.00050600141537825041 -0.00071459157293904581 1.7815344622992955e-05 -0.0066280605132499754 -0.0006759904786773327 -0.00014248084544478973 1.5387281486647834e-05 -0.000615232907174512 0.0014402663933487808 -0.0019184397093377061 -0.011399914918708979 -0.093613462348083362 -0.059860923835348051 0.0006703693451011732 0.01582052412960305 -0.0013854022459134055 0.006103789660760247 -0.0026517729179230377
leaf_weight=2527 9258 22 189 351 1038 1516 6284 25 121 21059 2984 53 23 406 32 59 2426 5803 100 381 21 37 2623 31 75 60 31 24 441 230 124 49 42 138 639 365 250 163
leaf_count=2527 9258 22 189 351 1038 1516 6284 25 121 21059 2984 53 23 406 32 59 2426 5803 100 381 21 37 2623 31 75 60 31 24 441 230 124 49 42 138 639 365 250 163
internal_value=-0.0212753 -0.00944518 -0.034966 -0.0123333 0.00127681 0.00220734 0.00279487 -0.035465 -0.0312055 -0.0355584 -0.0345278 0.000396681 -0.00863158 -0.0322075 -0.027634 -0.0333053 0.000513732 0.000816713 -6.54607e-05 -0.00249318 -0.00473239 -0.00843446 0.000666667 -0.00732075 -0.0066087 -0.00145012 -0.004 -0.00981818 -0.000335749 -0.00186907 -0.004 -0.00753488 -0.014022 0.00148428 0.000676171 0.00170335 -0.000422764 -0.000396336
internal_weight=60000 32187 27813 600 22929 10331 7800 27213 584 26629 5570 2531 76 559 153 3043 12598 9286 3483 807 426 267 2676 53 230 411 155 55 3312 886 445 215 91 159 2455 1254 615 1201
internal_count=60000 32187 27813 600 22929 10331 7800 27213 584 26629 5570 2531 76 559 153 3043 12598 9286 3483 807 426 267 2676 53 230 411 155 55 3312 886 445 215 91 159 2455 1254 615 1201
is_linear=0
shrinkage=0.04


Tree=105
num_leaves=39
num_cat=0
split_feature=135 15 118 15 119 10 101 34 128 15 120 39 119 14 12 51 119 6 14 102 102 11 7 110 119 102 14 104 10 10 119 14 102 24 14 14 68 119
split_gain=6062.35 5717.51 196.323 96.5885 10.7046 10.5886 6.7675 8.46417 4.67508 6.2655 4.257 3.38229 4.72594 8.22891 2.87848 2.74185 2.59587 5.83246 2.44558 6.57264 4.38424 2.99517 2.47655 3.53407 2.1878 4.12956 2.50804 2.31484 2.80309 2.10103 2.01412 4.21676 3.25551 2.47466 2.03344 4.58848 7.27531 18.2325
threshold=1.0000000180025095e-35 0.75000000000000011 1.0000000180025095e-35 0.75000000000000011 0.56429719924926769 0.25881896913051611 1.0000000180025095e-35 0.61718398332595836 -0.70710662007331837 0.75000000000000011 1.0000000180025095e-35 0.13240957260131839 0.59866267442703258 0.51995083689689647 0.90145155787467968 0.66868865489959728 0.81176975369453441 0.85285279154777538 0.3269487619400025 0.39428536593914038 0.37993320822715765 1.2232384085655215 -0.75682082772254933 -0.03778435476124286 0.62711676955223095 0.64410242438316356 0.41325272619724279 1.0000000180025095e-35 -0.25881905853748316 -0.065403074026107774 0.51532536745071422 0.45820383727550512 0.5786295235157014 -0.5956532061100005 0.44344586133956915 0.44763240218162542 0.49976871907711035 0.50662484765052807
decision_type=2 2 2 2 2 2 2 2 2 2 2 2 2 2 2 2 2 2 2 2 2 2 2 2 2 2 2 2 2 2 2 2 2 2 2 2 2 2
left_child=2 -2 6 -4 14 15 8 -8 9 -1 -7 -12 13 -13 18 -6 17 -9 -3 20 -20 -22 23 -21 25 -17 -27 28 -28 -11 34 32 -32 -33 -24 36 -36 -38
right_child=1 4 3 -5 5 10 7 16 -10 29 11 12 -14 -15 -16 24 -18 -19 19 22 21 -23 30 -25 -26 26 27 -29 -30 -31 31 33 -34 -35 35 -37 37 -39
leaf_value=0 0 3.4475749552374803e-05 0 -3.2624036769089209e-05 0.0024085757433164544 -0.042369232595442272 0 0 0 0 0.0048751919066802639 0.0031446222590293615 0.0039616120628927481 -0.0011485818789934187 0.0025194163081828421 -0.007923306772215085 0 0 -9.4943707140655472e-06 -0.0020236977645404748 -0.0026010756352392952 -0.0037856144455372686 -3.2189021144673227e-07 -0.054077804161212661 0.00047285600892960338 0.15301416039915197 -0.092842777603898224 -0.031985884509627457 -0.070878875300688704 0 0.020827138169453873 -0.0066917347593784537 -0.034659883782665428 -3.0215145717348355e-05 0.0010528012103965861 -0.00018782578302298765 -0.0046181513611647986 0.18763842327015653
leaf_weight=2527 9258 1073 189 411 880 75 27 121 21059 2984 885 1324 5636 631 1797 427 406 30 65 137 38 45 2188 39 3158 35 42 51 32 59 1046 127 49 2409 85 521 75 59
leaf_count=2527 9258 1073 189 411 880 75 27 121 21059 2984 885 1324 5636 631 1797 427 406 30 65 137 38 45 2188 39 3158 35 42 51 32 59 1046 127 49 2409 85 521 75 59
internal_value=-0.021288 -0.00946879 -0.034966 -0.0123333 0.00124367 0.00198725 -0.035465 -0.0312055 -0.0355584 -0.0345278 0.00282119 0.00290514 0.00317797 0.00148338 0.000239106 0.000445406 -0.0322657 -0.0277881 -8.7481e-05 -0.000364376 -0.0087027 -0.0147952 -0.000181143 -0.00486364 -2.67021e-05 -0.00226917 -0.00775 -0.0104 -0.0149189 -0.0333053 -5.54961e-05 0.000573947 0.0026484 -0.000321766 -0.000836065 -0.00264865 -0.00750685 -0.0133134
internal_weight=60000 32187 27813 600 22929 13176 27213 584 26629 5570 8551 8476 7591 1955 9753 4625 557 151 7956 6883 148 83 6735 176 3745 587 160 125 74 3043 6559 3631 1095 2536 2928 740 219 134
internal_count=60000 32187 27813 600 22929 13176 27213 584 26629 5570 8551 8476 7591 1955 9753 4625 557 151 7956 6883 148 83 6735 176 3745 587 160 125 74 3043 6559 3631 1095 2536 2928 740 219 134
is_linear=0
shrinkage=0.04


Tree=106
num_leaves=39
num_cat=0
split_feature=135 15 118 15 119 1 101 34 119 22 14 128 15 14 102 11 119 14 6 14 119 119 6 58 119 62 57 17 119 73 59 10 10 28 14 102 14 119
split_gain=6045.22 5701.98 196.323 96.5885 12.8205 8.47747 6.7675 8.46417 6.51755 8.07023 6.74539 4.67508 6.2655 3.31772 4.39171 4.303 3.73882 7.56718 3.54726 2.64073 4.80865 2.59587 5.83246 2.39261 2.38225 2.3773 2.35596 3.22878 2.70979 3.66354 2.59803 2.10103 1.88379 1.83384 1.83382 4.58199 2.81658 3.51401
threshold=1.0000000180025095e-35 0.75000000000000011 1.0000000180025095e-35 0.75000000000000011 0.51532536745071422 1.0000000180025095e-35 1.0000000180025095e-35 0.61718398332595836 0.59866267442703258 0.1528776362538338 0.45820383727550512 -0.70710662007331837 0.75000000000000011 0.33297631144523626 0.39428536593914038 1.493138372898102 0.387991413474083 0.31826511025428778 0.90576907992362987 0.51995083689689647 0.56429719924926769 0.81176975369453441 0.85285279154777538 -0.56108334660530079 0.70055276155471813 0.15611594170331958 0.8277280628681184 0.58326363563537609 0.77765810489654552 0.085450042039155974 -0.10409423708915709 -0.065403074026107774 0.52778527140617382 0.087842304259538664 0.49318374693393713 0.54978761076927196 0.48437708616256719 0.54231527447700512
decision_type=2 2 2 2 2 2 2 2 2 2 2 2 2 2 2 2 2 2 2 2 2 2 2 2 2 2 2 2 2 2 2 2 2 2 2 2 2 2
left_child=2 -2 6 -4 13 -6 11 -8 10 24 -7 12 -1 16 15 -15 17 23 -19 20 34 22 -9 -3 -10 -21 27 -26 -28 -30 -31 -14 -5 -34 35 36 -12 -38
right_child=1 4 3 32 5 8 7 21 9 -11 19 -13 31 14 -16 -17 -18 18 -20 25 -22 -23 -24 -25 26 -27 28 -29 29 30 -32 -33 33 -35 -36 -37 37 -39
leaf_value=0 0 -0.0016541246103338461 0 -3.1319075298325642e-05 0.00010342026656319172 0.005612049380309121 0 0 0.010671174039573402 0.0038031475803770223 0.00020665827023270758 0 0 -0.00024721819710338196 -0.00020427328626056168 -0.0019393435489675796 0.068118660884100277 -0.00032653693678023053 -0.0052651335328175687 -0.0028923879716393898 0.0061482877049211775 0 0 3.0275487198278188e-05 -0.14025681895883432 -0.00054328488812188289 0.016621323445457168 -0.051416726046688614 0.0065199514009589643 -0.057871545886311083 -0.086026656211638589 0 -0.00013547665015623458 -0.00022779181669524643 -0.0025820371108042643 0.057436674272009006 0.00027772706512067049 -0.010993808391061004
leaf_weight=2527 9258 21 189 351 3974 1794 27 121 403 5684 1099 21059 2984 34 3500 30 956 193 40 43 998 406 30 380 22 730 377 315 251 478 22 59 23 37 737 544 125 179
leaf_count=2527 9258 21 189 351 3974 1794 27 121 403 5684 1099 21059 2984 34 3500 30 956 193 40 43 998 406 30 380 22 730 377 315 251 478 22 59 23 37 737 544 125 179
internal_value=-0.0213073 -0.00950483 -0.034966 -0.0123333 0.00119307 0.00170239 -0.035465 -0.0312055 0.00217115 0.00296186 0.00121555 -0.0355584 -0.0345278 -0.000563446 -0.0012413 -0.011625 0.000955975 -0.00142587 -0.0071588 0.000381594 0.000827811 -0.0322657 -0.0277881 0.00190524 0.000680942 -0.00174385 -6.82592e-05 -0.00300297 0.000808511 -0.000580559 -0.00256 -0.0333053 -0.00145012 -0.008 -5.36511e-05 0.000589625 -0.000618674 -0.00402632
internal_weight=60000 32187 27813 600 22929 17775 27213 584 13801 7552 6249 26629 5570 5154 3564 64 1590 634 233 4455 3682 557 151 401 1868 773 1465 337 1128 751 500 3043 411 60 2684 1947 1403 304
internal_count=60000 32187 27813 600 22929 17775 27213 584 13801 7552 6249 26629 5570 5154 3564 64 1590 634 233 4455 3682 557 151 401 1868 773 1465 337 1128 751 500 3043 411 60 2684 1947 1403 304
is_linear=0
shrinkage=0.04


Tree=107
num_leaves=39
num_cat=0
split_feature=135 15 101 124 15 119 1 68 119 22 14 128 15 14 119 119 73 0 13 122 12 119 68 85 14 6 14 119 85 12 124 13 102 108 62 119 24 12
split_gain=6059.98 5715.36 137.214 68.5081 98.63 11.1373 8.57148 7.75888 6.67666 7.62049 5.63346 4.67508 6.2655 2.82224 4.30726 2.67923 4.12268 2.90792 2.6756 3.74637 2.70424 4.08158 9.00839 3.02382 5.83507 4.9555 4.46614 5.15709 2.44649 12.0333 4.97675 3.91368 5.26289 4.08276 2.3773 2.26547 2.20119 2.19218
threshold=1.0000000180025095e-35 0.75000000000000011 1.0000000180025095e-35 0.030841578729450706 0.75000000000000011 0.51532536745071422 1.0000000180025095e-35 0.65515419840812694 0.59866267442703258 0.1528776362538338 0.45820383727550512 -0.70710662007331837 0.75000000000000011 0.51995083689689647 0.56429719924926769 0.77130869030952465 0.085450042039155974 0.63219705224037182 0.76363638043403637 1.0000000180025095e-35 0.54782027006149303 0.50662484765052807 0.49976871907711035 0.3885036855936051 0.31826511025428778 0.90576907992362987 0.33297631144523626 0.39440976083278662 0.46157070994377142 1.0297048687934878 0.37819480895996099 0.93636366724967968 0.41940245032310491 0.80923938751220714 0.15611594170331958 0.47632130980491644 0.75558656454086315 0.6682286560535432
decision_type=2 2 2 2 2 2 2 2 2 2 2 2 2 2 2 2 2 2 2 2 2 2 2 2 2 2 2 2 2 2 2 2 2 2 2 2 2 2
left_child=2 -2 11 7 -5 18 -7 -4 10 15 -8 12 -1 14 -12 -10 -17 -18 -3 20 21 22 -20 24 -22 37 -25 -28 29 30 31 32 33 -29 -15 -30 -31 -26
right_child=1 5 3 4 -6 6 8 -9 9 -11 13 -13 -14 34 -16 16 17 -19 19 -21 23 -23 -24 26 25 -27 27 28 35 36 -32 -33 -34 -35 -36 -37 -38 -39
leaf_value=0 0 2.527326546375894e-05 0 0 -4.9325985345390241e-05 9.9283455900664054e-05 0.0053875674050967645 0 0.0073314941273466862 0.0036510216771619497 6.9151781054074636e-05 0 0 -0.0027766924527738148 0.0059023561967243444 0.0062626225213024689 -0.17812179515782903 -0.061360267036848617 0.00036810588901373223 0.0059728682413461342 3.3074501316364352e-05 0.18014105727080068 -0.0015739336198946042 0.259623846545885 4.9947046029541406e-05 -0.006256496464847475 -0.0022397786230443292 -0.0023415286540416956 0.00072840616504728358 -0.0029511538730154887 2.3047261783298365e-05 -0.001774914734391851 0.30266051633927776 -0.00095832901616977511 -0.00052155349259700758 -0.00043335167831946001 -0.00085639084131454467 -0.0018481813682453677
leaf_weight=2527 9258 2266 24 193 419 3974 1794 548 920 5684 2684 21059 3043 43 998 296 30 622 40 259 106 40 42 490 65 44 20 29 295 32 250 42 84 75 730 825 28 122
leaf_count=2527 9258 2266 24 193 419 3974 1794 548 920 5684 2684 21059 3043 43 998 296 30 622 40 259 106 40 42 490 65 44 20 29 295 32 250 42 84 75 730 825 28 122
internal_value=-0.0212907 -0.00947376 -0.034966 -0.0216419 -0.0123399 0.00123669 0.00171139 -0.0315944 0.00218274 0.00298305 0.00121555 -0.0355584 -0.0345278 0.000453423 0.00091472 0.000766595 -0.000725738 -0.00250307 -0.000400465 -0.00120776 -0.00165995 -0.00747541 -0.0125854 -0.00137694 -0.00490208 -0.00846753 -0.000829493 -0.00180952 -0.00156626 -0.00377778 -0.00166667 -0.00591304 -0.00344681 -0.00946154 -0.00174385 -0.0005 -0.0206667 -0.00562567
internal_weight=60000 32187 27813 1184 612 22929 17775 572 13801 7552 6249 26629 5570 4455 3682 1868 948 652 5154 2888 2629 122 82 2507 337 231 2170 1680 1660 540 480 230 188 104 773 1120 60 187
internal_count=60000 32187 27813 1184 612 22929 17775 572 13801 7552 6249 26629 5570 4455 3682 1868 948 652 5154 2888 2629 122 82 2507 337 231 2170 1680 1660 540 480 230 188 104 773 1120 60 187
is_linear=0
shrinkage=0.04


Tree=108
num_leaves=39
num_cat=0
split_feature=135 32 101 124 32 119 10 34 90 128 32 119 106 14 102 102 14 102 12 119 73 14 107 51 39 41 14 0 17 126 76 42 79 102 14 126 68 14
split_gain=6044.04 5700.91 137.214 68.5081 98.63 11.3175 12.6361 8.05203 5.56709 4.67508 6.2655 3.62861 3.04272 3.63503 4.38387 3.23188 3.22081 6.21573 7.14044 4.56241 4.50016 3.41859 3.10803 4.61071 3.33044 2.84695 2.79515 2.6569 2.5679 2.54332 2.53943 3.03011 2.52818 2.47158 6.89383 5.21275 3.30191 2.50871
threshold=1.0000000180025095e-35 0.75000000000000011 1.0000000180025095e-35 0.030841578729450706 0.75000000000000011 0.59866267442703258 0.32143938541412359 0.61718398332595836 0.10840706899762155 -0.70710662007331837 0.75000000000000011 0.51532536745071422 1.0000000180025095e-35 0.33297631144523626 0.41940245032310491 0.37993320822715765 0.3916513472795487 0.46151123940944677 1.0297048687934878 0.45485258102416998 0.40954840183258062 0.43158185482025152 0.38978694379329687 0.39519178867340093 0.41007947921752935 0.58846327662467968 0.51995083689689647 0.51199445128440868 0.54959270358085643 0.63108807802200328 -0.91264936327934254 -0.73647895455360401 -0.16767747700214383 0.50684645771980297 0.44763240218162542 1.4780962467193606 0.49976871907711035 0.44763240218162542
decision_type=2 2 2 2 2 2 2 2 2 2 2 2 2 2 2 2 2 2 2 2 2 2 2 2 2 2 2 2 2 2 2 2 2 2 2 2 2 2
left_child=2 -2 9 7 -5 11 -7 -4 -8 10 -1 12 13 -3 22 -14 -16 18 19 20 -18 -19 24 -24 30 -20 32 -25 -29 -28 -15 -32 -13 34 35 -23 -37 -35
right_child=1 5 3 4 -6 6 8 -9 -10 -11 -12 26 15 14 16 -17 17 21 25 -21 -22 33 23 27 -26 -27 29 28 -30 -31 31 -33 -34 37 -36 36 -38 -39
leaf_value=0 0 3.1751521263709776e-05 0 0 -4.7352945931574623e-05 0.0005779172052990712 0.0023270185366532905 0 0.0035049808100754733 0 0 -0.00080131996937258046 -0.0099989392238284923 0.0011859894460738351 0.093274629953595783 -0.0082489406548998685 -0.0029059801759054754 0.00013091841349329001 -0.0025466972613922838 2.5567971093028728e-05 -5.6183814723845972e-05 -0.00063236850350052005 -0.0015893260341145001 1.4530317026313685e-05 -0.0014868981398982923 -0.00082203313911371231 -0.0018413799136803453 -0.0052049895197274886 -3.093545685682795e-05 0.00060105303676771793 -0.0048570092758363206 -0.00079715645917256773 0.0010722954772730286 0.14709131951431012 0.00067657260120124673 -0.00040896468958454175 -0.00066718891602386731 -0.0019427006607672214
leaf_weight=2527 9258 1363 26 193 419 4032 1103 546 5366 21059 3043 52 24 39 374 500 35 1227 33 117 38 297 29 119 30 29 533 20 43 381 42 38 6308 178 201 24 29 325
leaf_count=2527 9258 1363 26 193 419 4032 1103 546 5366 21059 3043 52 24 39 374 500 35 1227 33 117 38 297 29 119 30 29 533 20 43 381 42 38 6308 178 201 24 29 325
internal_value=-0.0213087 -0.00950732 -0.034966 -0.0216419 -0.0123399 0.00118959 0.00215637 -0.0315944 0.00325182 -0.0355584 -0.0345278 0.000372707 -0.00043927 -0.000112311 -0.000836241 -0.00332824 -0.000320605 -0.000832215 -0.00679365 -0.00294737 -0.0107945 -0.000173608 -0.005 -0.00187678 -0.00942282 -0.0185806 0.000948034 0.000483517 -0.00615873 -0.00112035 -0.00642017 -0.0105 0.00124528 -0.0018444 -0.0036951 -0.00708571 -0.0186415 0.000182903
internal_weight=60000 32187 27813 1184 612 22929 10501 572 6469 26629 5570 12428 5154 4630 3267 524 2907 2533 252 190 73 2281 360 211 149 62 7274 182 63 914 119 80 6360 1054 551 350 53 503
internal_count=60000 32187 27813 1184 612 22929 10501 572 6469 26629 5570 12428 5154 4630 3267 524 2907 2533 252 190 73 2281 360 211 149 62 7274 182 63 914 119 80 6360 1054 551 350 53 503
is_linear=0
shrinkage=0.04


Tree=109
num_leaves=39
num_cat=0
split_feature=135 15 101 124 15 111 34 85 39 128 15 106 13 85 12 14 123 14 51 7 85 111 10 109 85 14 22 34 86 85 111 6 10 14 0 15 113 79
split_gain=6057.62 5713.22 137.214 68.5081 98.63 9.68758 8.05203 5.55258 6.20957 4.67508 6.2655 3.15721 4.91122 4.07144 3.49555 3.26705 3.24137 3.04296 5.71201 2.60492 2.17085 2.13769 2.10103 1.95459 2.20243 1.9125 2.02053 2.19664 1.83805 3.49719 2.53565 2.18588 1.8059 1.79998 1.79882 1.7823 1.93378 1.78108
threshold=1.0000000180025095e-35 0.75000000000000011 1.0000000180025095e-35 0.030841578729450706 0.75000000000000011 0.065403021872043623 0.61718398332595836 0.56428876519203197 0.13240957260131839 -0.70710662007331837 0.75000000000000011 1.0000000180025095e-35 0.76363638043403637 0.43021823465824133 0.75789234042167675 0.43158185482025152 1.0000000180025095e-35 0.50125351548194896 0.55819228291511547 -0.37281161546707148 0.627519190311432 -0.93540489673614491 -0.065403074026107774 1.4526384472846987 0.65449142456054699 0.33008381724357611 0.56852006912231456 0.65944823622703563 1.0000000180025095e-35 0.59827139973640453 -0.92387953400611866 0.76522928476333629 0.52778527140617382 0.42466887831687933 0.85953077673912059 0.75000000000000011 0.34234426915645605 0.72396156191825878
decision_type=2 2 2 2 2 2 2 2 2 2 2 2 2 2 2 2 2 2 2 2 2 2 2 2 2 2 2 2 2 2 2 2 2 2 2 2 2 2
left_child=2 -2 9 6 -5 11 -4 17 -9 10 -1 28 14 -14 33 20 -17 -7 -19 -18 25 23 -12 34 -25 26 -15 -28 30 -30 37 -32 -6 -13 -21 -8 -37 -3
right_child=1 5 3 4 32 7 35 8 -10 -11 22 12 13 15 -16 16 19 18 -20 21 -22 -23 -24 24 -26 -27 27 -29 29 -31 31 -33 -34 -35 -36 36 -38 -39
leaf_value=0 0 -0.0030045983688563407 0 0 -2.6199155035314018e-05 0.00064786251234315339 0 0.0035527110423872509 0.0033647815776724601 0 0 5.7131453690773893e-05 -0.0097923556488770901 0.30098349959492504 0.15175513811860733 0.0012129722684979035 -0.089773605131722348 -0.00027489399370765242 -0.055304284133960428 -0.057430484975546196 0.03546607015841393 -0.033683491288774271 0 -0.01237305294921099 -0.06310552983803977 -0.0010094884124791665 -0.050197110104978154 -0.0095196590001232848 2.9604708613249933e-05 0.011706028628092469 -0.053023074960477208 -0.0029343976031443288 -0.00012619042689890662 -0.0728124720820751 0.0043425032097227948 0 0 0.00071423683769888046
leaf_weight=2527 9258 90 26 193 358 2948 172 1491 5812 21059 2984 241 24 25 691 106 41 57 23 44 191 98 59 34 59 195 32 35 7407 846 22 1008 61 195 61 64 310 1153
leaf_count=2527 9258 90 26 193 358 2948 172 1491 5812 21059 2984 241 24 25 691 106 41 57 23 44 191 98 59 34 59 195 32 35 7407 846 22 1008 61 195 61 64 310 1153
internal_value=-0.0212933 -0.00947873 -0.034966 -0.0216419 -0.0123399 0.00122971 -0.0315944 0.00213764 0.00273477 -0.0355584 -0.0345278 0.000485157 -0.000942085 -0.00306878 0.000841171 -0.00264495 -0.00511964 0.00069749 -0.007 -0.00703858 -0.000351464 -0.00572973 -0.0333053 -0.00812121 -0.0123441 -0.00255052 -0.00730435 -0.0109254 0.000766103 0.0010435 -0.000241091 -0.00170874 -0.00144153 -0.0019633 -0.00438095 -0.03263 -0.0310802 0.00097506
internal_weight=60000 32187 27813 1184 612 22929 572 10331 7303 26629 5570 12598 2072 945 1127 921 443 3028 80 337 478 296 3043 198 93 287 92 67 10526 8253 2273 1030 419 436 105 546 374 1243
internal_count=60000 32187 27813 1184 612 22929 572 10331 7303 26629 5570 12598 2072 945 1127 921 443 3028 80 337 478 296 3043 198 93 287 92 67 10526 8253 2273 1030 419 436 105 546 374 1243
is_linear=0
shrinkage=0.04


Tree=110
num_leaves=39
num_cat=0
split_feature=135 15 118 15 119 27 101 34 111 15 39 106 85 119 14 119 62 13 7 10 11 119 23 14 119 79 13 14 119 119 85 14 13 23 14 119 107 57
split_gain=6055.26 5711.08 196.323 96.5885 10.7277 12.4977 6.7675 8.46417 4.648 6.64501 4.02978 3.62996 3.46319 5.20897 4.57991 3.36782 3.18685 3.025 2.82867 2.82203 2.81888 2.59587 5.83246 2.43827 3.42313 2.36731 2.67078 2.28814 5.86347 3.91914 6.17366 4.08651 3.00286 3.29252 2.74935 2.66762 7.0662 3.17549
threshold=1.0000000180025095e-35 0.75000000000000011 1.0000000180025095e-35 0.75000000000000011 0.59866267442703258 0.47114434838294988 1.0000000180025095e-35 0.61718398332595836 -0.63405361771583546 0.75000000000000011 0.13240957260131839 1.0000000180025095e-35 0.65449142456054699 0.62711676955223095 0.41325272619724279 0.38069936633110052 -0.1577491611242294 0.76363638043403637 -0.40817300975322718 -0.065403074026107774 1.2779612541198733 0.81176975369453441 0.85290351510047924 0.51995083689689647 0.56429719924926769 0.018607468344271186 0.76363638043403637 0.3239296823740006 0.39440976083278662 0.38069936633110052 0.3885036855936051 0.33297631144523626 0.93636366724967968 0.90262821316719066 0.33297631144523626 0.41975449025630956 0.38978694379329687 0.86666017770767223
decision_type=2 2 2 2 2 2 2 2 2 2 2 2 2 2 2 2 2 2 2 2 2 2 2 2 2 2 2 2 2 2 2 2 2 2 2 2 2 2
left_child=2 -2 6 -4 11 12 8 -8 9 -1 -7 16 -6 14 -14 17 -3 -13 -16 -11 -17 22 -9 24 27 26 -26 -18 29 -29 32 -32 33 -31 -30 36 37 -36
right_child=1 4 3 -5 5 10 7 21 -10 19 -12 15 13 -15 18 20 23 -19 -20 -21 -22 -23 -24 -25 25 -27 -28 28 34 30 31 -33 -34 -35 35 -37 -38 -39
leaf_value=0 0 -0.015789641571998313 0 -2.5151188833901461e-05 0.017069514509338479 -0.00071716620659093846 0 0 0 0 0.0032301903145655689 -0.0037225269796920188 0.16226898186275221 0.00082972629219584156 -0.096504457798744975 -0.013635425624399912 2.9297272068631388e-05 -0.009422594403863822 -0.070945042567246763 0 0.0012665829346020648 0 0 -0.00049542618115855147 -0.00029869564032991222 0.0037797145048135273 0.095717546007324045 4.3283847345932297e-05 0.10835849255018408 -0.0021366992641813258 0.25254294562629764 -0.0020882083365633725 -0.011994120503236727 -0.0045708103102810489 -0.0020363672379084177 6.8040535612634803e-05 8.2048200339281583e-06 -0.00090576708917326787
leaf_weight=2688 9258 56 189 411 668 457 27 121 20891 2984 5032 20 62 4101 28 498 838 20 153 66 761 406 30 891 66 1371 52 109 443 28 74 20 33 21 50 6840 164 73
leaf_count=2688 9258 56 189 411 668 457 27 121 20891 2984 5032 20 62 4101 28 498 838 20 153 66 761 406 30 891 66 1371 52 109 443 28 74 20 33 21 50 6840 164 73
internal_value=-0.021296 -0.0094837 -0.034966 -0.0123333 0.00122273 0.00216398 -0.035465 -0.0312055 -0.0355584 -0.03455 0.0034826 0.000427422 0.000719872 0.000307551 -0.00538272 -0.00157352 0.000660976 -0.013 -0.00859668 -0.0332721 -0.00121048 -0.0322657 -0.0277881 0.000709112 0.000884699 0.00265682 -0.00277966 0.000581157 0.000369192 -0.00526316 -0.00895455 -0.00195745 -0.0169756 -0.0106939 0.000581242 0.000391189 -0.00338676 -0.0106341
internal_weight=60000 32187 27813 600 22929 10501 27213 584 26629 5738 5489 12428 5012 4344 243 1299 11129 40 181 3050 1259 557 151 11073 10182 1489 118 8693 7855 285 176 94 82 49 7570 7127 287 123
internal_count=60000 32187 27813 600 22929 10501 27213 584 26629 5738 5489 12428 5012 4344 243 1299 11129 40 181 3050 1259 557 151 11073 10182 1489 118 8693 7855 285 176 94 82 49 7570 7127 287 123
is_linear=0
shrinkage=0.04


Tree=111
num_leaves=39
num_cat=0
split_feature=118 15 128 15 8 111 101 34 73 102 14 106 13 102 12 14 102 102 5 109 102 90 120 128 102 14 14 109 96 102 6 7 14 102 23 5 92 113
split_gain=5978.48 5700.67 30.3227 38.5158 18.1178 9.38543 7.22152 8.46417 5.867 9.74302 3.29006 2.92315 4.70754 5.32901 3.44965 3.15989 3.39849 6.14321 3.45533 2.98594 2.62958 2.61172 2.55932 3.54745 3.33446 3.9165 3.37934 3.02428 2.53556 2.31776 4.09735 2.16919 2.08718 2.0088 1.9292 2.00584 2.57719 1.92186
threshold=1.0000000180025095e-35 0.75000000000000011 -0.70710662007331837 0.75000000000000011 0.28745912015438085 0.065403021872043623 1.0000000180025095e-35 0.61718398332595836 0.10881865024566652 0.59790590405464183 0.50125351548194896 1.0000000180025095e-35 0.76363638043403637 0.39428536593914038 0.88894206285476696 0.43158185482025152 0.63957908749580394 0.69072249531745922 0.62245601415634166 0.45066559314727789 0.55181074142456066 0.51205608248710643 1.0000000180025095e-35 -0.91037607192993153 0.51004752516746532 0.43158185482025152 0.45142881572246557 2.5379730463027959 1.0513491034507754 0.79495525360107433 0.85285279154777538 -0.49949190020561213 0.4682223796844483 0.51298531889915477 0.7885480821132661 0.2437764257192612 -0.30891904234886164 1.6910588741302492
decision_type=2 2 2 2 2 2 2 2 2 2 2 2 2 2 2 2 2 2 2 2 2 2 2 2 2 2 2 2 2 2 2 2 2 2 2 2 2 2
left_child=2 -2 3 -1 28 11 -4 -8 -7 10 20 22 14 -14 -13 -15 19 18 -18 -17 32 -6 23 -3 25 -24 27 -27 -5 30 -9 -30 33 -10 -12 -36 -37 -25
right_child=1 5 6 4 21 8 7 29 9 -11 34 12 13 15 -16 16 17 -19 -20 -21 -22 -23 24 37 -26 26 -28 -29 31 -31 -32 -33 -34 -35 35 36 -38 -39
leaf_value=0 0 0.00039855918528578486 0 0 0 -2.4145141280545402e-05 0 0 -1.5573501417331421e-05 0.0031009827019829574 -0.052349343080655648 -0.010674830811849943 -0.0091992215367894935 -0.0015889592419141424 0.1539839401670535 -0.094644584137666271 -0.062411005146371643 -0.044498626076109764 -0.078091447890477159 -0.0046607556639058287 0.0023775633840372821 0 1.5119788536441593e-05 -0.0034841854005451933 0.00091255927256525245 -0.0003446633217366789 0.00073991087953505057 -0.00045625142256789394 0 0 0 0 -0.0012370000568201771 0.0065707184656146733 0.013826746352141846 -0.0016170121311008356 -0.011445102611572172 -0.0068705983649858873
leaf_weight=2657 9293 805 21155 2133 76 1806 27 105 1244 5058 33 749 23 479 375 21 36 68 53 265 1146 560 2531 397 5628 435 202 20 132 422 30 496 281 800 109 198 67 85
leaf_count=2657 9293 805 21155 2133 76 1806 27 105 1244 5058 33 749 23 479 375 21 36 68 53 265 1146 560 2531 397 5628 435 202 20 132 422 30 496 281 800 109 198 67 85
internal_value=-0.021304 -0.00957469 -0.0348961 -0.0323925 -0.0295708 0.00114236 -0.0355934 -0.0312055 0.0020041 0.00242435 0.000915936 0.00038186 -0.000987917 -0.00306878 0.000761566 -0.00259436 -0.00502935 -0.00975796 -0.0166742 -0.00243357 0.00131489 -0.0234843 0.000662378 -0.00100388 0.000905626 -0.00012798 -0.00287976 -0.00479121 -0.0309728 -0.0322657 -0.0277037 -0.0287389 0.000541936 0.000986301 -0.00248649 -0.00166845 -0.00354717 -0.00371784
internal_weight=60000 32207 27793 6054 3397 22914 21739 584 10742 8936 3878 12172 2069 945 1124 922 443 157 89 286 3471 636 10103 1287 8816 3188 657 455 2761 557 135 628 2325 2044 407 374 265 482
internal_count=60000 32207 27793 6054 3397 22914 21739 584 10742 8936 3878 12172 2069 945 1124 922 443 157 89 286 3471 636 10103 1287 8816 3188 657 455 2761 557 135 628 2325 2044 407 374 265 482
is_linear=0
shrinkage=0.04


Tree=112
num_leaves=39
num_cat=0
split_feature=135 15 118 15 119 10 101 34 90 128 15 119 14 121 119 6 51 119 14 7 10 106 14 119 12 73 119 13 51 62 119 14 119 22 119 122 58 0
split_gain=6048.76 5705.19 196.323 96.5885 10.558 13.0793 6.7675 8.46417 5.56709 4.67508 6.2655 3.18467 2.61118 2.9319 2.59587 5.83246 2.11485 3.38956 3.74678 2.99554 2.10103 2.05018 3.25483 3.36612 3.75556 4.69444 2.86166 3.025 2.52676 2.4 2.27746 4.98815 7.60746 2.44727 2.28678 3.36111 2.20788 2.0053
threshold=1.0000000180025095e-35 0.75000000000000011 1.0000000180025095e-35 0.75000000000000011 0.59866267442703258 0.32143938541412359 1.0000000180025095e-35 0.61718398332595836 0.10840706899762155 -0.70710662007331837 0.75000000000000011 0.51532536745071422 0.45591865479946142 1.0000000180025095e-35 0.81176975369453441 0.85285279154777538 0.69687384366989147 0.62711676955223095 0.41325272619724279 -0.40817300975322718 -0.065403074026107774 1.0000000180025095e-35 0.33297631144523626 0.401892900466919 0.89765292406082164 0.39804108440876013 0.38069936633110052 0.76363638043403637 0.58105432987213146 0.68419569730758678 0.387991413474083 0.3239296823740006 0.38069936633110052 0.37079821527004247 0.50002238154411327 1.0000000180025095e-35 -0.56108334660530079 0.83950164914131176
decision_type=2 2 2 2 2 2 2 2 2 2 2 2 2 2 2 2 2 2 2 2 2 2 2 2 2 2 2 2 2 2 2 2 2 2 2 2 2 2
left_child=2 -2 6 -4 11 16 9 -8 -7 10 -1 21 13 -13 15 -9 -6 18 -18 -20 -12 22 30 24 29 -26 27 -23 -28 -24 31 36 -33 -34 -32 -36 -3 -30
right_child=1 4 3 -5 5 8 7 14 -10 -11 20 12 -14 -15 -16 -17 17 -19 19 -21 -22 26 23 -25 25 -27 28 -29 37 -31 34 32 33 -35 35 -37 -38 -39
leaf_value=0 0 -0.0015844497940297603 0 -2.3179335629323585e-05 0.028382255093677766 0.0018538092917849097 0 0 0.0029769433939036459 0 0 0.0011508793211078324 0.00020634463180907859 0.023699362277145503 0 0 0.15783279832646246 0.00045229253194780826 -0.091261047898438669 -0.066354767084152805 0 -0.0031466326680303401 -0.003790696458022515 -4.8280671851436151e-05 -0.0068481528218956988 -0.0080183902719334222 0.0012794779830307865 -0.0086777217662376907 -0.032887675111939074 0.00026021084162429416 0.079116807490400939 4.3158769557986416e-05 -0.0032288423016276352 -0.004387354957813114 0.16751252644370604 -0.010718866438016462 2.382260547251539e-05 0.001855092780280671
leaf_weight=2527 9258 22 189 411 616 1103 27 121 5366 21059 2984 960 5211 1103 406 30 65 3148 25 178 59 20 20 3142 20 25 221 20 180 60 736 80 23 42 25 20 415 83
leaf_count=2527 9258 22 189 411 616 1103 27 121 5366 21059 2984 960 5211 1103 406 30 65 3148 25 178 59 20 20 3142 20 25 221 20 180 60 736 80 23 42 25 20 415 83
internal_value=-0.0213033 -0.00949737 -0.034966 -0.0123333 0.00120354 0.00213732 -0.035465 -0.0312055 0.00325182 -0.0355584 -0.0345278 0.000414548 0.000953533 0.00215802 -0.0322657 -0.0277881 0.000349206 -3.98125e-05 -0.00435821 -0.00703448 -0.0333053 -0.000346139 -7.77536e-05 -0.000762779 -0.0072 -0.0164444 -0.00271756 -0.013 -0.00186777 -0.002 0.0015642 -0.000329897 -0.00675862 -0.0169231 0.00297567 -0.00577778 0.0018032 -0.00451711
internal_weight=60000 32187 27813 600 22929 10501 27213 584 6469 26629 5570 12428 7274 2063 557 151 4032 3416 268 203 3043 5154 4630 3267 125 45 524 40 484 80 1363 582 145 65 781 45 437 263
internal_count=60000 32187 27813 600 22929 10501 27213 584 6469 26629 5570 12428 7274 2063 557 151 4032 3416 268 203 3043 5154 4630 3267 125 45 524 40 484 80 1363 582 145 65 781 45 437 263
is_linear=0
shrinkage=0.04


Tree=113
num_leaves=39
num_cat=0
split_feature=135 15 118 15 119 10 101 34 124 128 15 123 119 6 119 14 14 102 14 6 43 17 113 68 85 119 14 7 94 10 17 14 0 73 79 107 119 96
split_gain=6052.3 5708.4 196.323 96.5885 10.2377 13.1689 6.7675 8.46417 5.51068 4.67508 6.2655 2.8284 2.59587 5.83246 2.43658 3.36749 2.49669 5.78445 3.59692 3.55982 2.85208 2.52083 2.29138 2.998 2.27478 4.84143 4.46895 2.82867 2.16346 2.10103 2.06281 2.69662 3.57047 4.31021 3.09783 2.62355 5.63215 3.97937
threshold=1.0000000180025095e-35 0.75000000000000011 1.0000000180025095e-35 0.75000000000000011 0.59866267442703258 0.32143938541412359 1.0000000180025095e-35 0.61718398332595836 0.088643204420804991 -0.70710662007331837 0.75000000000000011 1.0000000180025095e-35 0.81176975369453441 0.85285279154777538 0.51532536745071422 0.45820383727550512 0.3239296823740006 0.39428536593914038 0.35276135802268987 0.90576907992362987 -0.77259662747383107 0.38851903378963476 -0.024262025021016594 0.52509722113609325 0.65449142456054699 0.62711676955223095 0.41325272619724279 -0.40817300975322718 -0.97335553169250477 -0.065403074026107774 0.42127870023250585 0.3916513472795487 0.45579731464385992 0.42956414818763738 0.39598348736763006 0.38978694379329687 0.41975449025630956 0.57420122623443615
decision_type=2 2 2 2 2 2 2 2 2 2 2 2 2 2 2 2 2 2 2 2 2 2 2 2 2 2 2 2 2 2 2 2 2 2 2 2 2 2
left_child=2 -2 6 -4 11 24 9 -8 -7 10 -1 14 13 -9 16 22 -3 19 -19 -18 -21 -22 23 -16 -6 26 -26 -28 -29 -12 35 -32 33 34 -33 36 37 -20
right_child=1 4 3 -5 5 8 7 12 -10 -11 29 -13 -14 -15 15 -17 17 18 30 20 21 -23 -24 -25 25 -27 27 28 -30 -31 31 32 -34 -35 -36 -37 -38 -39
leaf_value=0 0 2.5408813663297259e-05 0 -2.225216220415064e-05 0.03859469276927957 0.0016817602789207021 0 0 0.0028578656581474959 0 0 -0.011175120832759613 0 0 0.00065465695860808255 0.00019809084653671545 -0.001481642333347356 0.13321609845177249 -0.0020378951393507151 -0.0065015330550619943 -0.005688373829982241 0.073170650074427815 0.0063663923153195771 -0.0019785706524556288 0.14896257582362793 0.00050470633495616995 -0.087858243290859478 -0.080909143488425456 -0.041932544520727949 0 0.0017204067192805625 -0.0026092932914486121 -2.1318288415065459e-05 6.0984572438212762e-05 -0.0022310018003543768 8.9552387484596566e-06 0.045798675845700486 -0.00086656263914547036
leaf_weight=2527 9258 780 189 411 417 1134 27 121 5335 21059 2984 1044 406 30 176 4839 228 500 63 32 24 24 1567 35 60 3374 28 88 65 59 334 36 2462 40 38 123 51 32
leaf_count=2527 9258 780 189 411 417 1134 27 121 5335 21059 2984 1044 406 30 176 4839 228 500 63 32 24 24 1567 35 60 3374 28 88 65 59 334 36 2462 40 38 123 51 32
internal_value=-0.0212993 -0.00948992 -0.034966 -0.0123333 0.00121401 0.00213351 -0.035465 -0.0312055 0.00325182 -0.0355584 -0.0345278 0.000437078 -0.0322657 -0.0277881 0.000619817 0.00111652 -6.96453e-05 -0.000474542 -3.37047e-05 -0.00574026 -0.013 -0.00683333 0.00260517 -0.00130806 0.000339286 1.65977e-05 -0.00546058 -0.00859668 -0.00645752 -0.0333053 -0.000529726 -0.000219931 -0.000658385 -0.00757895 -0.0132973 -0.00388104 -0.00750685 -0.0132632
internal_weight=60000 32187 27813 600 22929 10501 27213 584 6469 26629 5570 12428 557 151 11384 6617 4767 3987 3679 308 80 48 1778 211 4032 3615 241 181 153 3043 3179 2910 2576 114 74 269 146 95
internal_count=60000 32187 27813 600 22929 10501 27213 584 6469 26629 5570 12428 557 151 11384 6617 4767 3987 3679 308 80 48 1778 211 4032 3615 241 181 153 3043 3179 2910 2576 114 74 269 146 95
is_linear=0
shrinkage=0.04


Tree=114
num_leaves=39
num_cat=0
split_feature=135 15 118 15 119 10 101 34 90 128 15 123 119 6 13 119 14 130 13 119 14 102 14 92 107 85 14 9 6 6 121 119 14 107 85 57 119 14
split_gain=6058.21 5713.76 196.323 96.5885 9.76984 13.2587 6.7675 8.46417 5.56709 4.67508 6.2655 2.60711 2.59587 5.83246 2.19795 2.11301 3.29347 2.99647 3.65515 3.75451 2.91905 2.77091 5.1342 4.07919 2.73338 2.35768 3.61064 2.63836 2.7455 4.14857 2.41367 2.39895 4.69967 3.75651 4.12752 3.67244 2.89343 6.15007
threshold=1.0000000180025095e-35 0.75000000000000011 1.0000000180025095e-35 0.75000000000000011 0.59866267442703258 0.32143938541412359 1.0000000180025095e-35 0.61718398332595836 0.10840706899762155 -0.70710662007331837 0.75000000000000011 1.0000000180025095e-35 0.81176975369453441 0.85285279154777538 0.76363638043403637 0.51532536745071422 0.45820383727550512 0.063749678432941451 0.76363638043403637 0.55386900901794445 0.43158185482025152 0.50684645771980297 0.44763240218162542 1.8865270018577578 0.29108694195747381 0.48549808561801916 0.41325272619724279 0.065403021872043623 0.87512746453285228 0.88353586196899425 1.0000000180025095e-35 0.41975449025630956 0.33297631144523626 0.38978694379329687 0.39472448825836187 0.86666017770767223 0.387991413474083 0.3239296823740006
decision_type=2 2 2 2 2 2 2 2 2 2 2 2 2 2 2 2 2 2 2 2 2 2 2 2 2 2 2 2 2 2 2 2 2 2 2 2 2 2
left_child=2 -2 6 -4 11 14 9 -8 -7 10 -1 15 13 -9 -6 20 17 18 19 -17 25 22 23 -22 -21 26 31 28 -28 -30 -27 32 36 35 -35 -34 37 -3
right_child=1 4 3 -5 5 8 7 12 -10 -11 -12 -13 -14 -15 -16 16 -18 -19 -20 24 21 -23 -24 -25 -26 30 27 -29 29 -31 -32 -33 33 34 -36 -37 -38 -39
leaf_value=0 0 2.1853348707082882e-05 0 -2.1362075715984616e-05 0.0013775568443824568 0.0017123865089566854 0 0 0.002743551031821596 0 0 -0.010728115999449228 0 0 -0.0010034416180539475 0.003602709128488913 0.00019016721267524684 0.0071241305012613599 0.093140680658921199 -0.0008773533232041647 -0.00069201910380338146 7.4244850325588997e-05 0.00061404844912374109 -0.00038126132179098007 -0.0010890190278472038 -0.0040129881572163574 2.702467273429697e-06 -0.0033526726432122158 -0.005520813262309388 -0.00094966982609053635 0.098704124371071456 0.00049640925734683379 -0.0020438922628292998 -0.0011022384235102249 9.4231088680849108e-06 -0.00083354746470790109 0.23624305424825243 -0.003948702846123908
leaf_weight=2527 9258 459 189 411 1984 1103 27 121 5366 21059 3043 1044 406 30 2048 103 4839 1404 178 48 331 512 246 41 45 30 338 71 30 75 501 1208 53 20 161 85 455 151
leaf_count=2527 9258 459 189 411 1984 1103 27 121 5366 21059 3043 1044 406 30 2048 103 4839 1404 178 48 331 512 246 41 45 30 338 71 30 75 501 1208 53 20 161 85 455 151
internal_value=-0.0212927 -0.00947749 -0.034966 -0.0123333 0.00123145 0.0021297 -0.035465 -0.0312055 0.00325182 -0.0355584 -0.0345278 0.000472482 -0.0322657 -0.0277881 0.000329365 0.000647927 0.00111047 0.00258268 -0.00059893 -0.00436735 5.87386e-06 -0.00176991 -0.00357282 -0.00653763 -0.0101935 0.000557603 0.00013651 -0.00292607 -0.00177878 -0.00742857 0.00302072 0.000743827 -0.000393063 -0.00465204 -0.000861878 -0.00962319 0.000882629 -0.000918033
internal_weight=60000 32187 27813 600 22929 10501 27213 584 6469 26629 5570 12428 557 151 4032 11384 6617 1778 374 196 4767 1130 618 372 93 3637 3106 514 443 105 531 2592 1384 319 181 138 1065 610
internal_count=60000 32187 27813 600 22929 10501 27213 584 6469 26629 5570 12428 557 151 4032 11384 6617 1778 374 196 4767 1130 618 372 93 3637 3106 514 443 105 531 2592 1384 319 181 138 1065 610
is_linear=0
shrinkage=0.04


Tree=115
num_leaves=39
num_cat=0
split_feature=118 15 128 15 42 10 119 39 101 34 120 90 14 85 119 6 119 34 30 14 85 58 85 14 119 28 14 76 119 94 76 10 14 42 14 14 123 14
split_gain=5983.86 5704.95 30.1977 38.3748 17.5703 9.4688 12.6552 8.92091 7.22152 8.46417 6.49832 3.32047 2.73786 3.07208 2.59587 5.83246 2.36995 2.1986 2.16982 2.09595 5.70453 3.05987 2.40476 3.13977 2.94348 2.00135 1.85247 3.64655 1.852 2.25192 2.37535 1.71037 1.74169 1.6413 1.63974 2.21488 1.63644 7.19269
threshold=1.0000000180025095e-35 0.75000000000000011 -0.70710662007331837 0.75000000000000011 1.4441967606544497 0.097964808344841017 0.59866267442703258 0.13240957260131839 1.0000000180025095e-35 0.61718398332595836 1.0000000180025095e-35 0.54381689429283153 0.51995083689689647 0.56428876519203197 0.81176975369453441 0.85285279154777538 0.50974160432815563 0.61382862925529491 0.76363638043403637 0.49782148003578192 0.55858969688415538 0.14103963971138003 0.55450478196144115 0.48106098175048834 0.51532536745071422 0.24924863874912265 0.45820383727550512 1.8770936131477358 0.76385620236396801 -0.99785891175270069 1.8837323188781741 -0.065403074026107774 0.35351052880287176 -0.15765459090471265 0.48149017989635473 0.50125351548194896 1.0000000180025095e-35 0.43158185482025152
decision_type=2 2 2 2 2 2 2 2 2 2 2 2 2 2 2 2 2 2 2 2 2 2 2 2 2 2 2 2 2 2 2 2 2 2 2 2 2 2
left_child=2 -2 3 -1 -5 16 12 -8 -4 -10 -9 26 13 19 15 -11 25 -18 -19 22 -21 -22 23 24 -7 33 27 -6 -13 30 -30 32 -31 -3 -28 -36 -20 -38
right_child=1 5 8 4 11 6 7 10 9 14 -12 28 -14 -15 -16 -17 17 18 36 20 21 -23 -24 -25 -26 -27 34 -29 29 31 -32 -33 -34 -35 35 -37 37 -39
leaf_value=0 0 0.0013323792670049267 0 0 0 1.4325485950451497e-05 8.8757663009707592e-05 -0.033802305932303038 0 0 0.0026338089905487295 0 -0.00073041974205378881 0.0045073533674498427 0 0 0.0005526010703370257 0.00066869752098095564 -0.00015649742582267073 0.00037428259539337385 -0.054437196482255319 -0.0051607427959412203 0.0082875611797212177 -0.00089138495568936624 0.0028578333378181313 -0.00028839480436389816 0 0 0 0 0 0 0 -0.045711232239687434 0 0 0.012817211716584854 -0.050659505944263855
leaf_weight=2657 9293 21 21155 2493 58 3925 1480 97 27 121 5917 36 687 1117 406 30 943 1837 1315 201 33 40 562 807 2210 1018 25 36 98 105 44 26 428 41 20 28 276 387
leaf_count=2657 9293 21 21155 2493 58 3925 1480 97 27 121 5917 36 687 1117 406 30 943 1837 1315 201 33 40 562 807 2210 1018 25 36 98 105 44 26 428 41 20 28 276 387
internal_value=-0.0212993 -0.00956475 -0.0348976 -0.0323991 -0.0295826 0.00115632 0.00163176 0.00286309 -0.0355934 -0.0312055 0.00354772 -0.0248053 0.000668754 0.000856661 -0.0322657 -0.0277881 -0.000234327 0.000149643 -0.00027785 0.000574955 -0.00286131 -0.0124384 0.000700427 0.000496687 0.000805216 -0.00192593 -0.0197126 -0.016 -0.0259593 -0.0264137 -0.0219155 -0.0275563 -0.028045 -0.00890323 -0.0244931 -0.0201667 -0.00119717 -0.0028175
internal_weight=60000 32207 27793 6054 3397 22914 17076 7494 21739 584 6014 904 9582 8895 557 151 5838 4758 3815 7778 274 73 7504 6942 6135 1080 167 94 737 701 142 559 533 62 73 48 1978 663
internal_count=60000 32207 27793 6054 3397 22914 17076 7494 21739 584 6014 904 9582 8895 557 151 5838 4758 3815 7778 274 73 7504 6942 6135 1080 167 94 737 701 142 559 533 62 73 48 1978 663
is_linear=0
shrinkage=0.04


Tree=116
num_leaves=39
num_cat=0
split_feature=135 15 118 15 119 27 101 34 111 15 39 85 119 14 7 27 119 119 6 14 111 126 106 14 102 119 85 42 14 14 51 102 13 14 85 12 58 13
split_gain=6060.57 5715.9 196.323 96.5885 10.0341 12.7882 6.7675 8.46417 4.648 6.64501 4.02978 3.24001 5.1753 4.57991 2.82867 2.82203 2.62962 2.59587 5.83246 2.59214 2.21573 2.16608 2.0012 2.8937 4.25411 3.24303 4.87873 3.99726 3.85971 3.21965 3.01145 2.8375 2.77778 2.64777 4.28376 8.458 3.07445 2.59516
threshold=1.0000000180025095e-35 0.75000000000000011 1.0000000180025095e-35 0.75000000000000011 0.59866267442703258 0.47114434838294988 1.0000000180025095e-35 0.61718398332595836 -0.63405361771583546 0.75000000000000011 0.13240957260131839 0.65449142456054699 0.62711676955223095 0.41325272619724279 -0.40817300975322718 1.0000000180025095e-35 0.51532536745071422 0.81176975369453441 0.85285279154777538 0.51995083689689647 -0.95642799139022816 0.63108807802200328 1.0000000180025095e-35 0.3239296823740006 0.39428536593914038 0.38069936633110052 0.3885036855936051 1.6893184781074526 0.33297631144523626 0.35276135802268987 0.42083615064620977 0.37993320822715765 0.93636366724967968 0.39659819006919866 0.46157070994377142 0.71392521262168895 0.89782664179801952 0.76363638043403637
decision_type=2 2 2 2 2 2 2 2 2 2 2 2 2 2 2 2 2 2 2 2 2 2 2 2 2 2 2 2 2 2 2 2 2 2 2 2 2 2
left_child=2 -2 6 -4 16 11 8 -8 9 -1 -7 -6 13 -13 -15 -11 22 18 -9 -18 -16 -21 23 -3 25 -25 27 32 -28 -26 37 -24 -27 -32 35 -35 -37 -31
right_child=1 4 3 -5 5 10 7 17 -10 15 -12 12 -14 14 20 -17 19 -19 -20 21 -22 -23 31 24 29 26 28 -29 -30 30 33 -33 -34 34 -36 36 -38 -39
leaf_value=0 0 2.4104179492694584e-05 0 -4.7255493526583459e-05 0.015344490646189186 -0.00090098230238295943 0 0 0 0 0.0025284566309267831 0.14363188666396609 0.00078835330446571554 -0.084297515997470027 -0.073583463629876208 0 0.00083640413433560688 0 0 -0.0013969037923387566 0.068805994761348285 0.00051893864077672816 -0.0081141367826786884 0.00024817922843438497 0.11933064684865086 -0.003858947252152958 0.22903078339794899 -0.0039073681090929895 -0.0029251474810217172 -0.0035409929886782792 7.3534713967477171e-05 -0.006851301665274233 -0.0037988100759266297 2.2137491220519347e-05 -1.1730477661137528e-05 -0.0026641980426717875 -0.00017307695224707108 -0.00040932208557553163
leaf_weight=2688 9258 756 189 411 668 457 27 121 20891 2984 5032 62 4101 28 96 66 6360 406 30 533 57 381 24 100 485 48 76 23 21 72 470 500 24 76 2203 43 26 207
leaf_count=2688 9258 756 189 411 668 457 27 121 20891 2984 5032 62 4101 28 96 66 6360 406 30 533 57 381 24 100 485 48 76 23 21 72 470 500 24 76 2203 43 26 207
internal_value=-0.02129 -0.00947252 -0.034966 -0.0123333 0.00123843 0.00214875 -0.035465 -0.0312055 -0.0355584 -0.03455 0.0034826 0.000687949 0.000289135 -0.00538272 -0.00859668 -0.0332721 0.000469263 -0.0322657 -0.0277881 0.000959032 -0.00645752 -0.00103282 -0.000221963 4.31967e-05 -0.000398554 -0.0050411 -0.00808333 -0.0145263 -0.0017732 -2.01004e-05 -0.000494672 -0.00256489 -0.00988889 -0.0001022 -0.000650766 -0.00731034 -0.0174493 -0.00445878
internal_weight=60000 32187 27813 600 22929 10501 27213 584 26629 5738 5489 5012 4344 243 181 3050 12428 557 151 7274 153 914 5154 4630 3874 292 192 95 97 3582 3097 524 72 2818 2348 145 69 279
internal_count=60000 32187 27813 600 22929 10501 27213 584 26629 5738 5489 5012 4344 243 181 3050 12428 557 151 7274 153 914 5154 4630 3874 292 192 95 97 3582 3097 524 72 2818 2348 145 69 279
is_linear=0
shrinkage=0.04


Tree=117
num_leaves=39
num_cat=0
split_feature=135 15 118 15 111 119 22 101 34 128 15 119 6 119 73 0 14 5 119 14 14 126 12 10 119 102 14 91 119 51 14 17 79 119 10 119 24 6
split_gain=6059.98 5715.36 196.323 96.5885 9.70392 7.42582 7.86657 6.7675 8.46417 4.67508 6.2655 2.59587 5.83246 2.52766 4.12268 2.90792 2.50406 2.23874 2.19106 3.17592 3.39985 2.9263 3.07175 2.10103 1.9579 6.28394 1.99206 1.94648 2.17735 1.9148 2.34481 2.37508 2.26178 2.19645 1.88379 1.70035 1.70428 1.91836
threshold=1.0000000180025095e-35 0.75000000000000011 1.0000000180025095e-35 0.75000000000000011 0.065403021872043623 0.59866267442703258 0.1528776362538338 1.0000000180025095e-35 0.61718398332595836 -0.70710662007331837 0.75000000000000011 0.81176975369453441 0.85285279154777538 0.77130869030952465 0.085450042039155974 0.63219705224037182 0.50125351548194896 0.62245601415634166 0.50974160432815563 0.43158185482025152 0.45142881572246557 1.4501035213470461 0.58081284165382396 -0.065403074026107774 0.56429719924926769 0.55805155634880077 0.51995083689689647 0.79993724822998058 0.70055276155471813 0.55415591597557079 0.4682223796844483 0.53929960727691661 0.21911087632179263 0.51532536745071422 0.52778527140617382 0.48508223891258245 -0.24063676595687863 0.85334968566894542
decision_type=2 2 2 2 2 2 2 2 2 2 2 2 2 2 2 2 2 2 2 2 2 2 2 2 2 2 2 2 2 2 2 2 2 2 2 2 2 2
left_child=2 -2 7 -4 17 16 13 9 -9 10 -1 12 -10 27 -15 -16 29 18 19 35 21 -21 -23 -12 25 -18 -26 28 -7 30 33 32 -32 -6 -5 36 37 -3
right_child=1 4 3 34 5 6 -8 8 11 -11 23 -13 -14 14 15 -17 24 -19 -20 20 -22 22 -24 -25 26 -27 -28 -29 -30 -31 31 -33 -34 -35 -36 -37 -38 -39
leaf_value=0 0 0.00034110984825343118 0 -2.216767435025034e-05 -9.031357789937034e-05 0.001296096038150742 0.0024273183656897145 0 0 0 0 0 0 0.0056709804800263823 -0.17147638005869809 -0.05914605554195293 -0.00085927613337968053 -0.00031506170038499842 0.00066776729310800422 -0.00036741496564591516 0.00075012419291977923 -0.00029985561563473619 -0.00038369069487331889 0 0.14877809810841133 -0.051865693945630759 -0.001853277006275868 0.012837654205860739 -0.099258472297966027 0.0025461166290772753 -0.01000068178348814 -3.5245233496892725e-05 -0.0018233702803339498 0.0015315621353598496 -0.00011815930045571908 0.07204447020025645 1.8558080141227914e-05 -0.018442410526050043
leaf_weight=2527 9258 23 189 351 1200 133 4861 27 121 21059 2984 406 30 296 30 622 53 3413 6000 350 143 23 54 59 92 23 223 698 89 549 40 234 64 1124 60 360 2210 22
leaf_count=2527 9258 23 189 351 1200 133 4861 27 121 21059 2984 406 30 296 30 622 53 3413 6000 350 143 23 54 59 92 23 223 698 89 549 40 234 64 1124 60 360 2210 22
internal_value=-0.0212907 -0.00947376 -0.034966 -0.0123333 0.00123669 0.00214539 0.00293 -0.035465 -0.0312055 -0.0355584 -0.0345278 -0.0322657 -0.0277881 0.000723769 -0.000725738 -0.00250307 0.000679623 0.000491507 0.000816549 -3.1397e-05 -0.00273684 -0.00452459 -0.0115844 -0.0333053 -0.00234271 -0.00810526 -0.000952381 0.00221739 -0.00104504 0.00104765 0.000604057 -0.00250888 -0.00753846 0.0010568 -0.00145012 0.000558318 0.000150776 -0.00755556
internal_weight=60000 32187 27813 600 22929 10331 6729 27213 584 26629 5570 557 151 1868 948 652 3602 12598 9185 3185 570 427 77 3043 391 76 315 920 222 3211 2662 338 104 2324 411 2615 2255 45
internal_count=60000 32187 27813 600 22929 10331 6729 27213 584 26629 5570 557 151 1868 948 652 3602 12598 9185 3185 570 427 77 3043 391 76 315 920 222 3211 2662 338 104 2324 411 2615 2255 45
is_linear=0
shrinkage=0.04


Tree=118
num_leaves=39
num_cat=0
split_feature=135 15 118 15 128 119 56 101 34 128 15 119 73 0 119 23 31 10 106 12 102 56 119 119 102 31 31 102 13 119 102 51 31 119 0 96 10 120
split_gain=6060.57 5715.9 196.323 96.5885 9.83248 7.61803 7.45628 6.7675 8.46417 4.67508 6.2655 2.61775 3.9858 2.95537 2.59587 5.83246 2.48569 2.10103 2.08609 3.57141 2.48983 2.371 2.52342 1.9579 6.28394 1.99206 1.94114 3.85582 6.09758 3.24145 2.75341 1.93704 1.98094 2.00999 1.89652 2.43358 1.88379 1.85365
threshold=1.0000000180025095e-35 0.75000000000000011 1.0000000180025095e-35 0.75000000000000011 0.097964666783809676 0.59866267442703258 0.13244093954563144 1.0000000180025095e-35 0.61718398332595836 -0.70710662007331837 0.75000000000000011 0.77130869030952465 0.085450042039155974 0.63219705224037182 0.81176975369453441 0.85290351510047924 0.50125351548194896 -0.065403074026107774 1.0000000180025095e-35 0.9525643289089204 0.37993320822715765 0.53601014614105236 0.68289747834205639 0.56429719924926769 0.55805155634880077 0.51995083689689647 0.44344586133956915 0.63957908749580394 0.76363638043403637 0.52484917640686046 0.69072249531745922 0.55415591597557079 0.4682223796844483 0.51532536745071422 0.5412975847721101 0.20736005157232287 0.52778527140617382 1.0000000180025095e-35
decision_type=2 2 2 2 2 2 2 2 2 2 2 2 2 2 2 2 2 2 2 2 2 2 2 2 2 2 2 2 2 2 2 2 2 2 2 2 2 2
left_child=2 -2 7 -4 18 16 11 9 -9 10 -1 -7 -13 -14 15 -10 31 -12 37 20 -20 -22 26 24 -18 -25 29 -28 -29 -23 -30 32 33 -6 35 -34 -5 -3
right_child=1 4 3 36 5 6 -8 8 14 -11 17 12 13 -15 -16 -17 23 -19 19 -21 21 22 -24 25 -26 -27 27 28 30 -31 -32 -33 34 -35 -36 -37 -38 -39
leaf_value=0 0 -0.00030196096901796525 0 -2.1280967376240324e-05 -8.6701034783395547e-05 0.0057664078301881997 0.0023302256310621418 0 0 0 0 0.005444141260825327 -0.16461732485635014 -0.05492478572185705 0 0 -0.00082490508804449337 0 -0.0077863101967535131 0.13276998552563896 0.0042488177279394312 -0.015309472922570152 0.16534954783486533 0.14282697418407489 -0.04979106618780553 -0.0017791459260248332 -0.010806911974552471 -0.065451722223308167 -0.063328824235746928 0.12874331449538573 -0.052324149352062553 0.0024442719639141686 -0.0097856472304068704 0.0014702996499454679 3.4561157025771275e-05 -0.0013209967139643061 -0.00011343292843749032 5.8617832533802732e-05
leaf_weight=2527 9258 1690 189 351 1200 929 4848 27 121 21059 2984 296 30 626 406 30 53 59 24 449 419 271 127 92 23 223 348 84 68 259 23 549 39 1124 212 87 60 8836
leaf_count=2527 9258 1690 189 351 1200 929 4848 27 121 21059 2984 296 30 626 406 30 53 59 24 449 419 271 127 92 23 223 348 84 68 259 23 549 39 1124 212 87 60 8836
internal_value=-0.02129 -0.00947252 -0.034966 -0.0123333 0.00123843 0.00215313 0.00294784 -0.035465 -0.0312055 -0.0355584 -0.0345278 0.000810207 -0.000663865 -0.00240244 -0.0322657 -0.0277881 0.000668518 -0.0333053 0.000488332 -0.000671815 -0.00154529 -0.00135335 -0.00227119 -0.00234271 -0.00810526 -0.000952381 -0.00291358 -0.00464245 -0.00948571 -0.00120755 -0.0166593 0.00103519 0.000589031 0.00100516 -0.00227219 -0.00615873 -0.00145012 0.000716702
internal_weight=60000 32187 27813 600 22929 10331 6729 27213 584 26629 5570 1881 952 656 557 151 3602 3043 12598 2072 1623 1599 1180 391 76 315 1053 523 175 530 91 3211 2662 2324 338 126 411 10526
internal_count=60000 32187 27813 600 22929 10331 6729 27213 584 26629 5570 1881 952 656 557 151 3602 3043 12598 2072 1623 1599 1180 391 76 315 1053 523 175 530 91 3211 2662 2324 338 126 411 10526
is_linear=0
shrinkage=0.04


Tree=119
num_leaves=39
num_cat=0
split_feature=135 15 118 15 111 119 22 101 34 128 15 106 13 119 12 119 40 119 73 0 14 73 119 10 119 17 51 14 10 14 119 86 119 101 26 14 111 85
split_gain=6055.26 5711.08 196.323 96.5885 10.4285 7.50969 7.43151 6.7675 8.46417 4.67508 6.2655 2.68054 4.49509 3.73439 3.27214 2.59587 5.83246 2.53207 3.94687 2.96688 2.35522 2.22141 2.1058 2.10103 2.02803 5.77345 1.9148 1.89121 1.88379 1.84046 1.89402 1.82272 4.23819 2.33003 2.38802 2.02428 1.94555 1.88445
threshold=1.0000000180025095e-35 0.75000000000000011 1.0000000180025095e-35 0.75000000000000011 0.065403021872043623 0.59866267442703258 0.1528776362538338 1.0000000180025095e-35 0.61718398332595836 -0.70710662007331837 0.75000000000000011 1.0000000180025095e-35 0.76363638043403637 0.38069936633110052 0.88894206285476696 0.81176975369453441 0.85285615921020519 0.77130869030952465 0.085450042039155974 0.63219705224037182 0.50125351548194896 0.5554012954235078 0.62711676955223095 -0.065403074026107774 0.56429719924926769 0.5579735040664674 0.55415591597557079 0.51995083689689647 0.52778527140617382 0.4682223796844483 0.51532536745071422 1.0000000180025095e-35 0.59866267442703258 1.0000000180025095e-35 1.0000000180025095e-35 0.31647910177707678 -0.92387953400611866 0.3885036855936051
decision_type=2 2 2 2 2 2 2 2 2 2 2 2 2 2 2 2 2 2 2 2 2 2 2 2 2 2 2 2 2 2 2 2 2 2 2 2 2 2
left_child=2 -2 7 -4 11 20 17 9 -9 10 -1 31 14 -14 22 16 -10 -7 -19 -20 26 -15 -13 -12 25 -22 29 -26 -5 30 -6 33 35 34 -3 -33 -35 -37
right_child=1 4 3 28 5 6 -8 8 15 -11 23 12 13 21 -16 -17 -18 18 19 -21 24 -23 -24 -25 27 -27 -28 -29 -30 -31 -32 32 -34 36 -36 37 -38 -39
leaf_value=0 0 0.00064535105070293475 0 -2.0429728681190712e-05 -8.3232993392059711e-05 0.0058544755049222156 0.0022370166058196619 0 0 0 0 -0.029722879375111942 -0.0076978008455493773 0.00031237391800956367 0.14113234125247773 0 0 0.0052263756103923141 -0.15803263186209612 -0.054583221891400531 -0.00093819018112517886 -0.027083511466230243 0.14742683173590879 0 0.13711389521671188 -0.047679730028731146 0.002346501085357602 -0.0017079800889838398 -0.00010889561129999071 -0.0011095600913933281 0.0014114876639476615 2.0052975805985576e-05 0.0084155147279860783 8.4631219259865106e-06 -0.013692625478012642 -0.0024221998073460519 -0.0042113120998727308 5.5397477289202876e-05
leaf_weight=2527 9258 785 189 351 1200 920 4861 27 121 21059 2984 550 20 349 375 406 30 296 30 622 52 576 202 59 92 24 549 223 60 338 1124 324 931 827 24 289 637 6709
leaf_count=2527 9258 785 189 351 1200 920 4861 27 121 21059 2984 550 20 349 375 406 30 296 30 622 52 576 202 59 92 24 549 223 60 338 1124 324 931 827 24 289 637 6709
internal_value=-0.021296 -0.0094837 -0.034966 -0.0123333 0.00122273 0.00216475 0.00295378 -0.035465 -0.0312055 -0.0355584 -0.0345278 0.00045023 -0.000864865 -0.00289947 0.000841171 -0.0322657 -0.0277881 0.000809422 -0.00064135 -0.00238037 0.000690728 -0.00252973 -0.000680851 -0.0333053 -0.00224041 -0.00810526 0.00104765 -0.000825397 -0.00145012 0.000604057 0.00100516 0.000709101 0.000985339 -0.000293885 0.00142892 0.000662114 -0.0012459 0.000519006
internal_weight=60000 32187 27813 600 22929 10331 6729 27213 584 26629 5570 12598 2072 945 1127 557 151 1868 948 652 3602 925 752 3043 391 76 3211 315 411 2662 2324 10526 8253 2273 809 7322 1464 6998
internal_count=60000 32187 27813 600 22929 10331 6729 27213 584 26629 5570 12598 2072 945 1127 557 151 1868 948 652 3602 925 752 3043 391 76 3211 315 411 2662 2324 10526 8253 2273 809 7322 1464 6998
is_linear=0
shrinkage=0.04


Tree=120
num_leaves=39
num_cat=0
split_feature=135 15 118 15 111 119 22 101 34 128 15 119 6 123 13 12 14 119 119 73 0 119 119 102 5 14 10 119 102 51 10 28 9 12 119 14 70 23
split_gain=6056.44 5712.15 196.323 96.5885 10.0126 7.35271 7.86657 6.7675 8.46417 4.67508 6.2655 2.59587 5.83246 2.39645 5.00785 3.87118 3.18716 3.07454 2.38264 3.75766 2.96688 2.35669 4.14301 4.66257 3 2.19369 2.10103 2.0994 6.28394 1.93704 1.88379 1.83384 1.81658 1.79881 2.52325 1.79298 1.7858 3.28758
threshold=1.0000000180025095e-35 0.75000000000000011 1.0000000180025095e-35 0.75000000000000011 0.065403021872043623 0.59866267442703258 0.1528776362538338 1.0000000180025095e-35 0.61718398332595836 -0.70710662007331837 0.75000000000000011 0.81176975369453441 0.85285279154777538 1.0000000180025095e-35 0.76363638043403637 0.57509493827819835 0.44344586133956915 0.6105843484401704 0.77130869030952465 0.085450042039155974 0.63219705224037182 0.7259977161884309 0.60758855938911449 0.69072249531745922 0.62245601415634166 0.50125351548194896 -0.065403074026107774 0.56429719924926769 0.55805155634880077 0.55415591597557079 0.52778527140617382 0.087842304259538664 0.16280831396579745 0.88894206285476696 0.62711676955223095 0.51995083689689647 1.0000000180025095e-35 0.87609472870826732
decision_type=2 2 2 2 2 2 2 2 2 2 2 2 2 2 2 2 2 2 2 2 2 2 2 2 2 2 2 2 2 2 2 2 2 2 2 2 2 2
left_child=2 -2 7 -4 13 25 18 9 -9 10 -1 12 -10 32 15 -15 17 -16 -7 -20 -21 22 -18 24 -24 29 -12 28 -27 -6 -5 -32 -3 34 -17 -29 37 -22
right_child=1 4 3 30 5 6 -8 8 11 -11 26 -13 -14 14 16 33 21 -19 19 20 36 -23 23 -25 -26 27 -28 35 -30 -31 31 -33 -34 -35 -36 -37 -38 -39
leaf_value=0 0 5.9469689514738033e-05 0 -1.9612539533943084e-05 0.00037121519418373386 0.0056202964847253392 0.0021475359415868665 0 0 0 0 0 0 -0.062460637854952213 -0.010016279237733617 -0.032253550551995205 -0.0085865910811903749 0.25734804047003634 0.0050173205859766227 -0.1517113265876123 -0.17174759357735681 0.28200795432099851 -0.052070454725580986 -0.049118638286359227 -0.062242764057990473 -0.00075438127727770648 0 0.13162933940804342 -0.045892234339144064 0.0022526410419433061 -0.0001045397868479911 -0.00019316234672544242 -0.012850260893458004 0.13917932066086322 0.14792318561393303 -0.0016396608854244864 -0.020135497957734567 -0.031571147781578185
leaf_weight=2527 9258 10503 189 351 2662 920 4861 27 121 21059 2984 406 30 64 363 397 195 173 296 30 67 38 30 108 50 53 59 92 23 549 23 37 26 367 284 223 419 136
leaf_count=2527 9258 10503 189 351 2662 920 4861 27 121 21059 2984 406 30 64 363 397 195 173 296 30 67 38 30 108 50 53 59 92 23 549 23 37 26 367 284 223 419 136
internal_value=-0.0212947 -0.00948122 -0.034966 -0.0123333 0.00122622 0.00214926 0.00293 -0.035465 -0.0312055 -0.0355584 -0.0345278 -0.0322657 -0.0277881 0.000469281 -0.000775254 0.00105036 -0.00289655 -0.000850746 0.000723769 -0.000683544 -0.00238037 -0.00550119 -0.00644386 -0.0106809 -0.018 0.000690728 -0.0333053 -0.00213811 -0.00810526 0.00103519 -0.00145012 -0.008 0.000713838 0.00163359 0.000417034 -0.000698413 -0.00178778 -0.00486699
internal_weight=60000 32187 27813 600 22929 10331 6729 27213 584 26629 5570 557 151 12598 2069 1112 957 536 1868 948 652 421 383 188 80 3602 3043 391 76 3211 411 60 10529 1048 681 315 622 203
internal_count=60000 32187 27813 600 22929 10331 6729 27213 584 26629 5570 557 151 12598 2069 1112 957 536 1868 948 652 421 383 188 80 3602 3043 391 76 3211 411 60 10529 1048 681 315 622 203
is_linear=0
shrinkage=0.04


Tree=121
num_leaves=39
num_cat=0
split_feature=135 15 101 15 73 128 34 102 22 128 15 123 13 29 14 102 102 102 5 10 14 23 68 102 73 22 10 9 109 75 42 29 102 5 126 28 14 113
split_gain=6052.3 5708.4 137.214 67.9884 98.7661 9.85812 7.14695 5.82397 7.78513 4.67508 6.2655 2.15504 4.88773 3.90039 3.15928 2.57895 2.11907 7.59973 2.65651 2.10103 2.08885 1.96681 1.92901 1.82805 2.69221 2.66338 1.81378 1.81005 1.79741 1.98693 2.00391 1.7385 2.24969 1.66456 1.66173 1.6615 1.64626 1.59702
threshold=1.0000000180025095e-35 0.75000000000000011 1.0000000180025095e-35 0.75000000000000011 0.062477946281433112 0.097964666783809676 0.61718398332595836 0.58932635188102733 0.1528776362538338 -0.70710662007331837 0.75000000000000011 1.0000000180025095e-35 0.76363638043403637 0.57509493827819835 0.44344586133956915 0.63957908749580394 0.63957908749580394 0.69072249531745922 0.62245601415634166 -0.065403074026107774 0.50125351548194896 0.79303875565528881 0.55201628804206859 0.72975030541419994 0.085450042039155974 0.12999680638313296 0.52778527140617382 0.16280831396579745 0.42777748405933386 0.14389938861131671 -1.0285905003547666 0.88894206285476696 0.65507918596267711 0.23162927478551867 -0.21955748647451398 0.087842304259538664 0.52936649322509777 0.34234426915645605
decision_type=2 2 2 2 2 2 2 2 2 2 2 2 2 2 2 2 2 2 2 2 2 2 2 2 2 2 2 2 2 2 2 2 2 2 2 2 2 2
left_child=2 -2 9 -4 6 11 -5 20 23 10 -1 27 13 -13 15 -14 -16 18 -18 -12 22 -22 33 -9 -25 28 -6 -3 29 30 -26 32 -15 -7 -32 -28 -19 -8
right_child=1 5 3 4 26 7 37 8 -10 -11 19 12 14 31 16 -17 17 36 -20 -21 21 -23 -24 24 25 -27 35 -29 -30 -31 34 -33 -34 -35 -36 -37 -38 -39
leaf_value=0 0 5.7090901934148512e-05 0 0 -1.8828037952585359e-05 0.0058728296239909036 0 0.0050767606373947694 0.0020616345039233862 0 0 -0.059962212340754127 -0.0088500863027401958 -0.031684133009575684 -0.0068310567363156164 0.24668938743408889 -0.047958932838017165 -0.040392001642903984 -0.058516507571492342 0 -0.029233879554853969 -0.0018455416159006213 0.0021514768501100672 0.0047623371719644906 -0.081146363375318983 0.0034640701819407772 -0.00010035819537407144 -0.012336250457719685 0.031413616645770109 -0.062212142033887766 0.19303090018328919 0.13361214783442868 0.1415487731271261 0.00018365436562383413 -0.053953258543977256 -0.00018543585285642469 -0.036332451725275425 0
leaf_weight=2527 9258 10503 365 27 351 444 65 698 4875 21059 2984 64 345 381 164 191 33 147 56 59 30 290 596 342 34 486 24 26 82 33 41 367 300 2255 125 37 21 315
leaf_count=2527 9258 10503 365 27 351 444 65 698 4875 21059 2984 64 345 381 164 191 33 147 56 59 30 290 596 342 34 486 24 26 82 33 41 367 300 2255 125 37 21 315
internal_value=-0.0212993 -0.00948992 -0.034966 -0.0216419 -0.015243 0.00121401 -0.0292187 0.0021299 0.00282668 -0.0355584 -0.0345278 0.000462931 -0.000717255 0.00108633 -0.00281296 -0.000776119 -0.00540618 -0.00767315 -0.0171236 -0.0333053 0.000835408 -0.00225 0.00113505 0.000610538 -0.000374453 -0.00164295 -0.00143689 0.000694843 -0.00450794 -0.00630043 -0.0048 0.00167176 0.000475771 0.000680252 -0.00298795 -0.00780328 -0.00266667 -0.0306316
internal_weight=60000 32187 27813 1184 819 22929 407 10331 6716 26629 5570 12598 2069 1112 957 536 421 257 89 3043 3615 320 3295 1841 1143 801 412 10529 315 233 200 1048 681 2699 166 61 168 380
internal_count=60000 32187 27813 1184 819 22929 407 10331 6716 26629 5570 12598 2069 1112 957 536 421 257 89 3043 3615 320 3295 1841 1143 801 412 10529 315 233 200 1048 681 2699 166 61 168 380
is_linear=0
shrinkage=0.04


Tree=122
num_leaves=39
num_cat=0
split_feature=135 15 118 15 111 101 34 102 22 111 15 10 102 6 10 123 13 12 14 102 85 102 102 5 14 14 28 9 12 102 14 59 5 76 45 0 0 14
split_gain=6042.86 5699.84 196.323 96.5885 9.79231 6.7675 8.46417 5.81674 8.3377 4.648 6.64501 2.82203 2.31776 4.09735 1.88379 1.86122 4.76906 3.4358 3.14774 1.8816 1.87812 3.19774 3.42363 3.69336 2.40971 1.83531 1.83384 1.79573 1.7385 2.0241 1.72074 1.60965 1.60386 1.61643 1.59591 1.53968 3.38 1.78571
threshold=1.0000000180025095e-35 0.75000000000000011 1.0000000180025095e-35 0.75000000000000011 0.065403021872043623 1.0000000180025095e-35 0.61718398332595836 0.5786295235157014 0.1528776362538338 -0.63405361771583546 0.75000000000000011 -0.065403074026107774 0.79495525360107433 0.85285279154777538 0.52778527140617382 1.0000000180025095e-35 0.76363638043403637 0.57509493827819835 0.43158185482025152 0.63690292835235607 0.63214924931526195 0.69072249531745922 0.63957908749580394 0.62245601415634166 0.45428046584129339 0.50125351548194896 0.087842304259538664 0.16280831396579745 0.88894206285476696 0.65507918596267711 0.52936649322509777 1.8703621625900271 0.2437764257192612 -1.0286948680877683 -0.084714755415916429 0.5664372742176057 0.55749168992042553 0.51995083689689647
decision_type=2 2 2 2 2 2 2 2 2 2 2 2 2 2 2 2 2 2 2 2 2 2 2 2 2 2 2 2 2 2 2 2 2 2 2 2 2 2
left_child=2 -2 5 -4 15 9 -7 25 -9 10 -1 -12 13 -8 -5 27 17 31 19 -18 -20 22 24 -24 -22 34 -16 -3 29 -19 -23 -17 -27 -34 -6 36 -35 -37
right_child=1 4 3 14 7 6 12 8 -10 -11 11 -13 -14 -15 26 16 18 28 20 -21 21 30 23 -25 -26 32 -28 -29 -30 -31 -32 -33 33 35 -36 37 -38 -39
leaf_value=0 0 5.4807265856782571e-05 0 -1.8074916434481944e-05 -0.001441085202261049 0 0 0.0013424892126777921 0.0019791691237664466 0 0 0 0 0 -9.6343867559108587e-05 -0.036682112394952962 -0.007046372135795626 -0.030416767689192655 0.001590742688138237 0.23593511592378996 -0.079089285560659153 -0.038362817430179566 -0.045293177400967971 -0.055713396708544347 -0.0053624425600574425 0.00056712182427692533 -0.00017801841874216771 -0.011842800439410897 0.12826766192105155 0.13588682220204107 -0.034879153656264407 -0.059790527886180736 0.003556605239500861 -0.0021087221693493453 0.00072502581037270114 0.12605821333082667 -0.03960133840545816 -0.003765501718065542
leaf_weight=2688 9258 10503 189 351 40 27 105 1857 5194 20891 2984 66 422 30 23 43 316 381 80 174 24 161 38 58 85 55 37 26 367 300 21 21 23 25 3056 28 25 28
leaf_count=2688 9258 10503 189 351 40 27 105 1857 5194 20891 2984 66 422 30 23 43 316 381 80 174 24 161 38 58 85 55 37 26 367 300 21 21 23 25 3056 28 25 28
internal_value=-0.02131 -0.0095098 -0.034966 -0.0123333 0.0011861 -0.035465 -0.0312055 0.00209893 0.00274628 -0.0355584 -0.03455 -0.0332721 -0.0322657 -0.0277037 -0.00145012 0.00043753 -0.000659256 0.0011223 -0.00272936 -0.000489796 -0.00507923 -0.00623256 -0.00965854 -0.0151667 -0.00480734 0.000707317 -0.008 0.000653054 0.00167176 0.000475771 -0.00237363 -0.007875 -0.00317391 -0.0056124 0.000937985 -0.00769811 -0.0128 -0.00314286
internal_weight=60000 32187 27813 600 22929 27213 584 10331 7051 26629 5738 3050 557 135 411 12598 2069 1112 957 490 467 387 205 96 109 3280 60 10529 1048 681 182 64 184 129 3096 106 50 56
internal_count=60000 32187 27813 600 22929 27213 584 10331 7051 26629 5738 3050 557 135 411 12598 2069 1112 957 490 467 387 205 96 109 3280 60 10529 1048 681 182 64 184 129 3096 106 50 56
is_linear=0
shrinkage=0.04


Tree=123
num_leaves=39
num_cat=0
split_feature=135 15 118 15 111 119 22 84 102 128 15 102 6 12 10 73 14 85 17 51 14 17 5 10 91 9 123 13 12 14 127 62 119 12 119 12 109 119
split_gain=6039.91 5697.17 196.323 96.5885 9.81332 6.88674 9.48674 6.3336 11.0696 5.02593 6.2655 3.39056 9.13559 2.6375 2.10103 1.93434 2.00624 2.22824 5.01134 2.07618 1.92213 2.56906 2.23962 1.88379 1.872 1.71887 1.77162 4.5643 3.4358 2.97413 3.98343 2.82837 2.10441 1.7385 2.42133 1.65243 1.60256 1.59024
threshold=1.0000000180025095e-35 0.75000000000000011 1.0000000180025095e-35 0.75000000000000011 0.065403021872043623 0.59866267442703258 0.1528776362538338 1.0000000180025095e-35 0.7080698311328889 -0.70710662007331837 0.75000000000000011 0.77969098091125499 0.85285279154777538 0.65512958168983471 -0.065403074026107774 0.17895012348890307 0.50125351548194896 0.56428876519203197 0.5579735040664674 0.55415591597557079 0.4682223796844483 0.53929960727691661 0.29496277868747717 0.52778527140617382 0.88051578402519237 0.16280831396579745 1.0000000180025095e-35 0.76363638043403637 0.57509493827819835 0.46802867949008947 1.8541665077209475 2.1175942420959477 0.65969410538673412 0.88894206285476696 0.62711676955223095 0.71668395400047313 1.0238373875617983 0.77130869030952465
decision_type=2 2 2 2 2 2 2 2 2 2 2 2 2 2 2 2 2 2 2 2 2 2 2 2 2 2 2 2 2 2 2 2 2 2 2 2 2 2
left_child=2 -2 7 -4 25 15 37 9 13 10 -1 12 -10 -9 -12 -6 19 18 -18 20 -17 22 -22 -5 -24 26 -3 28 -28 32 35 36 -29 34 -30 -31 -32 -7
right_child=1 4 3 23 5 6 -8 8 11 -11 14 -13 -14 -15 -16 16 17 -19 -20 -21 21 -23 24 -25 -26 -27 27 29 33 30 31 -33 -34 -35 -36 -37 -38 -39
leaf_value=0 0 5.2614975222511268e-05 0 -1.7351919777102667e-05 0.0042430732194959613 0.005186646039086573 0.0019000023588158044 0 0 0 0 0 0 0 0 0.00034374239041553358 -0.0010800361079857546 -0.0006659399962862596 -0.040628268850429777 0.0020474752938462615 -0.0045906787064495134 -5.5311162790488195e-05 0.00049381094541718455 -9.2490112856744231e-05 -0.0097503175040152077 -0.011369088421834461 -0.055172102731676727 -0.016313300896802795 -0.029165494267025242 0.018125562631450112 -0.070890864984343521 -0.0034729218129739524 0.23373882890743411 0.12313695544420948 0.13193737938041533 -0.035156146246727075 -0.048382593419850392 -0.015180518252476426
leaf_weight=2527 9258 10503 189 351 489 920 4861 23 144 20491 2984 926 33 26 59 2042 38 258 20 456 27 214 30 60 28 26 64 570 397 66 26 23 147 367 284 86 39 948
leaf_count=2527 9258 10503 189 351 489 920 4861 23 144 20491 2984 926 33 26 59 2042 38 258 20 456 27 214 30 60 28 26 64 570 397 66 26 23 147 367 284 86 39 948
internal_value=-0.0213133 -0.00951602 -0.034966 -0.0123333 0.00117737 0.00209118 0.00284678 -0.035465 -0.0325625 -0.0355933 -0.0345278 -0.0333889 -0.0283164 -0.0139592 -0.0333053 0.000679623 0.000312239 -0.00270886 -0.0097931 0.000653558 0.000172576 -0.00282274 -0.00870588 -0.00145012 -0.00427586 0.000428005 0.000449252 -0.000620589 0.0011223 -0.00264577 -0.0065 -0.0132727 -0.00135565 0.00167176 0.000475771 -0.00257895 -0.0175385 0.000423983
internal_weight=60000 32187 27813 600 22929 10331 6729 27213 1152 26061 5570 1103 177 49 3043 3602 3113 316 58 2797 2341 299 85 411 58 12598 12572 2069 1112 957 240 88 717 1048 681 152 65 1868
internal_count=60000 32187 27813 600 22929 10331 6729 27213 1152 26061 5570 1103 177 49 3043 3602 3113 316 58 2797 2341 299 85 411 58 12598 12572 2069 1112 957 240 88 717 1048 681 152 65 1868
is_linear=0
shrinkage=0.04


Tree=124
num_leaves=39
num_cat=0
split_feature=135 15 118 15 119 10 56 84 102 128 15 102 23 12 85 119 14 7 119 14 85 121 11 111 61 10 10 14 68 119 102 14 109 102 14 61 14 30
split_gain=6038.73 5696.1 196.323 96.5885 9.45044 12.3548 7.90769 6.3336 11.0696 5.02593 6.2655 3.39056 9.13559 2.6375 2.30716 4.80239 4.46895 2.82867 2.26576 2.25651 3.5729 3.45445 2.29329 2.21573 2.15445 2.10233 2.10103 1.91502 2.77905 3.05109 2.12794 5.13781 4.54191 3.14881 2.14824 2.5522 1.90199 1.93217
threshold=1.0000000180025095e-35 0.75000000000000011 1.0000000180025095e-35 0.75000000000000011 0.59866267442703258 0.32143938541412359 0.13244093954563144 1.0000000180025095e-35 0.7080698311328889 -0.70710662007331837 0.75000000000000011 0.77969098091125499 0.85290351510047924 0.65512958168983471 0.65449142456054699 0.62711676955223095 0.41325272619724279 -0.40817300975322718 0.51532536745071422 0.4682223796844483 0.54806599020957958 1.0000000180025095e-35 -0.0313991792500019 -0.95642799139022816 0.44228871166706091 -0.49999998509883875 -0.065403074026107774 0.43158185482025152 0.59205764532089245 0.50332656502723705 0.50684645771980297 0.44763240218162542 1.5796348452568056 0.50004643201828014 0.44763240218162542 0.98611509799957286 0.42466887831687933 0.76363638043403637
decision_type=2 2 2 2 2 2 2 2 2 2 2 2 2 2 2 2 2 2 2 2 2 2 2 2 2 2 2 2 2 2 2 2 2 2 2 2 2 2
left_child=2 -2 7 -4 18 14 -7 9 13 10 -1 12 -10 -9 -6 16 -16 -18 27 21 24 22 -20 -19 -21 -23 -12 28 -3 -30 31 32 -29 -34 -32 -36 -24 -38
right_child=1 4 3 -5 5 6 -8 8 11 -11 26 -13 -14 -15 15 -17 17 23 19 20 -22 25 36 -25 -26 -27 -28 30 29 -31 34 -33 33 -35 35 -37 37 -39
leaf_value=0 0 6.5935593007058614e-06 0 -3.9855442421288343e-05 0.034692529919477834 0.00032358652160870913 0.0018240022644631893 0 0 0 0 0 0 0 0.12414680992839953 0.00049127230750619266 -0.080874018145164719 -0.066081981812654483 -0.0026358909584631479 8.6769698562964048e-05 0.00068003864924275005 -0.042219657323094982 0.00092054821775144663 0.048613323097765053 -0.00084313145536575888 0.011356884446134963 0 -0.00056578468210160702 -0.0034985741859722549 -0.064887457715121985 0.1396440771366558 0.00059817480882214244 -0.00039034437693438278 -0.055499420531867384 -0.00017234816622855369 -0.0041498100716196116 -0.0051517046732434211 0.0059524317038098162
leaf_weight=2527 9258 3822 189 411 417 1186 5283 23 144 20491 2984 926 33 26 60 3374 28 96 21 290 3132 60 652 57 716 1919 59 316 129 32 205 246 32 24 324 24 265 219
leaf_count=2527 9258 3822 189 411 417 1186 5283 23 144 20491 2984 926 33 26 60 3374 28 96 21 290 3132 60 652 57 716 1919 59 316 129 32 205 246 32 24 324 24 265 219
internal_value=-0.0213147 -0.0095185 -0.034966 -0.0123333 0.00117388 0.00205733 0.00314052 -0.035465 -0.0325625 -0.0355933 -0.0345278 -0.0333889 -0.0283164 -0.0139592 0.000319445 -5.53235e-06 -0.00546058 -0.00859668 0.000427422 0.000882046 0.000268729 0.00169133 -4.49437e-05 -0.00645752 -0.00180517 0.00270642 -0.0333053 -0.000214202 0.000203867 -0.0049441 -0.00163621 -0.00324919 -0.00621505 -0.0167143 0.000166365 -0.00174713 0.000197183 -0.00170248
internal_weight=60000 32187 27813 600 22929 10501 6469 27213 1152 26061 5570 1103 177 49 4032 3615 241 181 12428 7274 4138 3136 1157 153 1006 1979 3043 5154 3983 161 1171 618 372 56 553 348 1136 484
internal_count=60000 32187 27813 600 22929 10501 6469 27213 1152 26061 5570 1103 177 49 4032 3615 241 181 12428 7274 4138 3136 1157 153 1006 1979 3043 5154 3983 161 1171 618 372 56 553 348 1136 484
is_linear=0
shrinkage=0.04


Tree=125
num_leaves=39
num_cat=0
split_feature=118 15 128 15 8 111 101 34 22 119 69 119 90 119 23 93 123 30 14 119 76 130 79 75 127 40 56 119 73 59 53 119 5 92 119 70 14 85
split_gain=5984.44 5705.49 30.1977 38.3748 18.1879 7.74321 7.22152 8.46417 6.39866 12.6017 2.90127 2.67687 2.61172 2.59587 5.83246 2.39354 2.34721 2.57267 4.20439 3.72045 2.30114 1.81894 1.78206 2.08852 2.18893 1.73211 4.47578 2.38141 2.33082 2.41531 2.32808 3.4979 2.50759 2.5105 1.70234 1.61556 1.78146 2.03183
threshold=1.0000000180025095e-35 0.75000000000000011 -0.70710662007331837 0.75000000000000011 0.28745912015438085 0.065403021872043623 1.0000000180025095e-35 0.61718398332595836 0.1528776362538338 0.59866267442703258 1.0000000180025095e-35 0.59866267442703258 0.51205608248710643 0.81176975369453441 0.85290351510047924 0.13295470178127292 1.0000000180025095e-35 0.76363638043403637 0.42232480645179754 0.65468347072601329 1.8905665874481203 2.342063426971436 0.72396156191825878 0.49080358445644384 1.973138213157654 0.84036204218864452 0.074371796101331725 0.78539574146270763 0.085450042039155974 -0.10409423708915709 1.0000000180025095e-35 0.73715168237686168 0.1294016316533089 -0.097659248858690248 0.3721448034048081 1.0000000180025095e-35 0.31647910177707678 0.3885036855936051
decision_type=2 2 2 2 2 2 2 2 2 2 2 2 2 2 2 2 2 2 2 2 2 2 2 2 2 2 2 2 2 2 2 2 2 2 2 2 2 2
left_child=2 -2 3 -1 15 10 -4 -8 25 34 22 35 -6 14 -9 -5 -13 -18 -19 20 -20 -14 23 24 -3 26 -7 -27 -29 -30 31 -28 -33 -34 -10 -12 -37 -38
right_child=1 5 6 4 12 8 7 13 9 -11 11 16 21 -15 -16 -17 17 18 19 -21 -22 -23 -24 -25 -26 27 30 28 29 -31 -32 32 33 -35 -36 36 37 -39
leaf_value=0 0 -0.0026915563224480829 0 0 0 -0.010070686991717875 0 0 -0.0012858190355983315 0.001751042173884656 -0.00055944646007313303 0.0078354413871742998 0 0 0 0 0.11125387586030913 0.21421166387965859 -0.067265612420371088 0.23788102713833215 -0.076188458791312141 0 -2.840753409119164e-05 -0.010465181889446886 -0.0049951224489833733 0.018461216413665247 -0.00012982664283824643 0.00015121095799823782 -0.040842163957649828 -0.054731419534827248 0.00015121095799823782 -0.0069734842117197072 -0.18444945738439056 -0.21409777992391474 0.00049751289131948174 1.0027801100590704e-05 -0.0026549176710618382 7.9384042996437883e-05
leaf_weight=2657 9293 614 21155 1543 76 20 27 121 37 4861 1805 848 411 406 30 1218 318 68 44 39 20 149 1838 35 36 557 204 437 416 20 565 58 30 23 3514 292 227 5988
leaf_count=2657 9293 614 21155 1543 76 20 27 121 37 4861 1805 848 411 406 30 1218 318 68 44 39 20 149 1838 35 36 557 204 437 416 20 565 58 30 23 3514 292 227 5988
internal_value=-0.0212987 -0.00956351 -0.0348976 -0.0323991 -0.0295826 0.00115807 -0.0355934 -0.0312055 0.00194079 0.00245459 0.000467302 0.000783086 -0.0234843 -0.0322657 -0.0277881 -0.0309873 0.00244428 0.000237219 -0.0037193 -0.00881553 -0.01475 -0.0244286 -0.000740388 -0.00248175 -0.00196923 8.58371e-05 -0.00128889 0.000951049 -0.000352806 -0.00242202 -0.000863636 -0.00361905 -0.00933333 -0.0156226 0.000643199 0.000515881 0.00080959 0.00066613
internal_weight=60000 32207 27793 6054 3397 22914 21739 584 10742 8412 12172 9649 636 557 151 2761 1337 489 171 103 64 560 2523 685 650 2330 900 1430 873 436 880 315 111 53 3551 8312 6507 6215
internal_count=60000 32207 27793 6054 3397 22914 21739 584 10742 8412 12172 9649 636 557 151 2761 1337 489 171 103 64 560 2523 685 650 2330 900 1430 873 436 880 315 111 53 3551 8312 6507 6215
is_linear=0
shrinkage=0.04


Tree=126
num_leaves=39
num_cat=0
split_feature=135 15 118 15 111 101 34 119 22 128 15 119 23 10 90 14 51 5 119 120 128 51 77 5 14 17 96 22 119 17 9 101 14 119 119 13 130 107
split_gain=6046.75 5708.94 206.64 101.548 8.92684 6.7675 8.46417 6.6346 9.85364 4.67508 6.2655 2.59587 5.83246 2.10103 1.84332 1.82701 1.91149 1.77453 1.79677 1.96716 2.09081 1.69129 1.65987 1.75334 1.63963 2.00012 2.04938 1.72149 1.59824 4.54822 1.49918 2.16077 1.45756 1.36004 2.12905 2.8402 3.41452 7.12964
threshold=1.0000000180025095e-35 0.75000000000000011 1.0000000180025095e-35 0.75000000000000011 0.065403021872043623 1.0000000180025095e-35 0.61718398332595836 0.59866267442703258 0.1528776362538338 -0.70710662007331837 0.75000000000000011 0.81176975369453441 0.85290351510047924 -0.065403074026107774 0.17153826355934146 0.50125351548194896 0.55415591597557079 0.62245601415634166 0.55587741732597362 1.0000000180025095e-35 -0.86602532863616932 0.51773989200592052 0.91037613153457653 0.16020675003528598 0.4682223796844483 0.53929960727691661 0.16213934123516086 0.27581569552421575 0.56429719924926769 0.5579735040664674 0.16280831396579745 1.0000000180025095e-35 0.51995083689689647 0.51532536745071422 0.55386900901794445 0.76363638043403637 0.063749678432941451 0.26308852434158331
decision_type=2 2 2 2 2 2 2 2 2 2 2 2 2 2 2 2 2 2 2 2 2 2 2 2 2 2 2 2 2 2 2 2 2 2 2 2 2 2
left_child=2 -2 5 -4 17 9 -7 14 22 10 -1 12 -8 -12 -6 16 24 18 -3 20 -20 -21 23 -9 33 26 -26 -28 29 -17 31 -19 -30 -16 -35 36 37 -36
right_child=1 4 3 -5 7 6 11 8 -10 -11 13 -13 -14 -15 15 28 -18 30 19 21 -22 -23 -24 -25 25 -27 27 -29 32 -31 -32 -33 -34 34 35 -37 -38 -39
leaf_value=0 0 5.9287048846539984e-06 0 -2.1112068725516401e-05 0.0035599885646719833 0 0 -0.0039762876459762345 0.0016810004869292784 0 0 0 0 0 -0.00021072167989510566 1.5189050734979934e-05 0.0019184742204699035 0.00082134904034000453 0.00025509688133140533 -0.0020854197023713913 -0.009183670887792034 0.0025014502944305022 0.0045868254712082271 -0.001356312432941394 -0.0098699187495931602 -8.0107452201846956e-05 -0.0042426911402103206 0.00029625430155022091 0.12388038797476808 -0.039050240158035078 -0.010933975777261327 -0.00069623897833245602 -0.0021582678481084651 0.014344880523094327 -0.0012883158609013087 0.089296906091499345 0.00057807413821364098 -0.000713748759718118
leaf_weight=2527 9258 5743 189 411 516 27 121 402 4861 21059 2984 406 30 59 1129 37 454 619 358 32 118 2934 1425 41 24 213 21 40 64 20 26 2768 189 600 27 112 110 46
leaf_count=2527 9258 5743 189 411 516 27 121 402 4861 21059 2984 406 30 59 1129 37 454 619 358 32 118 2934 1425 41 24 213 21 40 64 20 26 2768 189 600 27 112 110 46
internal_value=-0.0212927 -0.00948868 -0.034953 -0.0117333 0.00121575 -0.035465 -0.0312055 0.00208731 0.00282895 -0.0355584 -0.0345278 -0.0322657 -0.0277881 -0.0333053 0.000701832 0.000331821 0.000657061 0.000501032 0.000790419 0.00151307 -0.000873949 0.00189616 0.000359743 -0.00177878 0.000192937 -0.00257718 -0.00776471 -0.00386885 -0.00258064 -0.00863158 -0.000277761 -0.00020431 -0.00121739 0.000600791 0.00176536 -0.00101695 -0.00408743 -0.0107945
internal_weight=60000 32187 27813 600 22929 27213 584 10331 6729 26629 5570 557 151 3043 3602 3086 2776 12598 9185 3442 476 2966 1868 443 2322 298 85 61 310 57 3413 3387 253 2024 895 295 183 73
internal_count=60000 32187 27813 600 22929 27213 584 10331 6729 26629 5570 557 151 3043 3602 3086 2776 12598 9185 3442 476 2966 1868 443 2322 298 85 61 310 57 3413 3387 253 2024 895 295 183 73
is_linear=0
shrinkage=0.04


Tree=127
num_leaves=39
num_cat=0
split_feature=118 15 111 15 8 111 101 34 56 119 90 119 6 96 69 119 123 13 31 119 76 7 73 130 6 79 92 127 39 101 58 17 31 85 17 51 31 17
split_gain=5990.9 5711.39 29.4971 40.0656 18.7584 8.02895 7.23697 8.46417 5.81494 12.3236 2.66299 2.59587 5.83246 2.56856 2.35223 2.56538 2.22167 2.57267 4.20439 3.72045 2.30114 2.16919 1.8874 1.84549 1.79538 1.68447 2.07434 2.25733 1.65883 1.65522 1.63393 1.58084 1.57908 1.70736 4.54822 1.6656 1.65456 2.00012
threshold=1.0000000180025095e-35 0.75000000000000011 -0.63405361771583546 0.75000000000000011 0.28745912015438085 0.065403021872043623 1.0000000180025095e-35 0.61718398332595836 0.13244093954563144 0.59866267442703258 0.51205608248710643 0.81176975369453441 0.85285279154777538 1.0513491034507754 1.0000000180025095e-35 0.59866267442703258 1.0000000180025095e-35 0.76363638043403637 0.42232480645179754 0.65468347072601329 1.8905665874481203 -0.49949190020561213 0.65119922161102306 2.342063426971436 0.86136770248413097 0.72396156191825878 0.71248629689216625 1.973138213157654 0.20321480184793475 1.0000000180025095e-35 1.2000541090965273 0.85318556427955639 0.50125351548194896 0.56428876519203197 0.5579735040664674 0.55415591597557079 0.4682223796844483 0.53929960727691661
decision_type=2 2 2 2 2 2 2 2 2 2 2 2 2 2 2 2 2 2 2 2 2 2 2 2 2 2 2 2 2 2 2 2 2 2 2 2 2 2
left_child=2 -2 3 -1 13 14 -4 -8 -7 28 30 12 -9 -5 25 -16 -17 -18 -19 20 -20 -15 24 31 -23 26 27 -3 -10 -27 -6 -12 35 34 -34 36 -30 -38
right_child=1 5 6 4 10 8 7 11 9 -11 23 -13 -14 21 15 16 17 18 19 -21 -22 22 -24 -25 -26 29 -28 -29 32 -31 -32 -33 33 -35 -36 -37 37 -39
leaf_value=0 0 -0.0023580923743033626 0 0 0 9.0171839373429433e-05 0 0 0.0031177001949274086 0.0016137604674521101 0 0 0 0 2.3082591879349345e-05 0.0074219657199101133 0.10679319817417619 0.20567104688360555 -0.06454713836442294 0.22839363561193213 -0.07312586163399605 0 0 0 0 0.0045135155504651648 -0.011776789748929831 -0.0047674679918907406 0.00031823098909260678 -0.00029412038759439114 0 0 1.4581488705580764e-05 -0.0007790642326501267 -0.037488230551713672 0.0018417352516511087 -0.0062736555155742616 -7.6903154113773072e-05
leaf_weight=2818 9293 617 20985 2133 28 2345 27 121 469 4848 184 406 30 132 8312 848 318 68 44 39 20 139 240 149 117 220 32 36 2021 1618 55 229 37 250 20 454 85 213
leaf_count=2818 9293 617 20985 2133 28 2345 27 121 469 4848 184 406 30 132 8312 848 318 68 44 39 20 139 240 149 117 220 32 36 2021 1618 55 229 37 250 20 454 85 213
internal_value=-0.0212913 -0.00954985 -0.0348976 -0.0324717 -0.0295526 0.00117727 -0.0355976 -0.0312055 0.00197431 0.00246612 -0.0234109 -0.0322657 -0.0277881 -0.0309873 0.000473875 0.000758213 0.00238444 0.000237219 -0.0037193 -0.00881553 -0.01475 -0.0287389 -0.0299516 -0.0243986 -0.0275625 -0.000613555 -0.00230657 -0.0018193 0.00067512 1.74104e-05 -0.0167229 -0.0230218 0.000337662 -0.00238436 -0.00863158 0.000639019 0.000205261 -0.00257718
internal_weight=60000 32207 27793 6224 3406 22914 21569 584 10742 8397 645 557 151 2761 12172 9649 1337 489 171 103 64 628 496 562 256 2523 685 653 3549 1838 83 413 3080 307 57 2773 2319 298
internal_count=60000 32207 27793 6224 3406 22914 21569 584 10742 8397 645 557 151 2761 12172 9649 1337 489 171 103 64 628 496 562 256 2523 685 653 3549 1838 83 413 3080 307 57 2773 2319 298
is_linear=0
shrinkage=0.04


Tree=128
num_leaves=39
num_cat=0
split_feature=84 15 124 128 15 120 42 102 119 44 128 120 107 62 15 5 52 56 127 12 107 130 39 7 119 6 58 126 7 12 14 119 14 121 0 14 106 68
split_gain=5238.15 5375.5 513.927 132.788 149.017 57.6522 47.1072 9.29589 8.82444 11.0842 7.54613 10.8468 6.80369 4.93859 4.85932 4.17285 3.80105 4.92705 3.68821 2.93765 2.74182 2.71782 2.73233 2.21199 2.16129 12.0318 2.14838 3.38947 2.47951 2.34208 2.14821 2.04994 2.22773 3.37523 1.91934 1.90766 2.13303 2.10119
threshold=1.0000000180025095e-35 0.75000000000000011 0.030841578729450706 -0.7294732630252837 0.75000000000000011 1.0000000180025095e-35 1.3998950123786928 0.7080698311328889 0.59866267442703258 0.60876142978668224 -0.49999997019767756 1.0000000180025095e-35 0.528069168329239 0.88715156912803661 0.75000000000000011 0.66573175787925731 1.0000000180025095e-35 0.13244093954563144 0.16063579171895984 0.65512958168983471 0.1043694131076336 2.0189658403396611 0.67919194698333751 -0.32928252220153803 0.79898613691329967 0.85438916087150585 0.37191461026668554 0.76956602931022655 -0.179272286593914 1.0321779251098635 0.49395371973514562 0.51532536745071422 0.45820383727550512 1.0000000180025095e-35 0.90982651710510265 0.33297631144523626 1.0000000180025095e-35 0.40256966650485998
decision_type=2 2 2 2 2 2 2 2 2 2 2 2 2 2 2 2 2 2 2 2 2 2 2 2 2 2 2 2 2 2 2 2 2 2 2 2 2 2
left_child=3 -2 7 4 -1 6 18 19 31 16 11 14 -8 -14 -5 -16 30 -18 34 -3 -11 23 -23 -15 25 -9 27 29 -29 -20 -10 35 33 -33 -6 36 -4 -37
right_child=1 2 8 10 5 -7 12 24 9 20 -12 -13 13 21 15 -17 17 -19 26 -21 -22 22 -24 -25 -26 -27 -28 28 -30 -31 -32 32 -34 -35 -36 37 -38 -39
leaf_value=0 0 0 5.5587164573292699e-05 0 0 0.0043631272669194766 0 0 2.2290034268284741e-06 -0.00030525980571553243 0 0 0 0 0 0 8.5390796145619897e-05 0.0017591713695502876 0 0 0.0015492100487540128 0 0 0 0 0 0 0 0 0 -0.02289288552040732 0.00032677342057647207 0.00013261050020715485 0.029517892292400295 0 -0.0019861671422032015 -0.0065963382539935816 -2.2180098244882252e-05
leaf_weight=2782 9272 22 1356 1208 842 145 226 152 1082 227 18074 37 105 40 21 1969 2098 2070 784 26 3948 296 70 479 572 28 340 180 64 39 315 978 5060 1210 109 129 227 3418
leaf_count=2782 9272 22 1356 1208 842 145 226 152 1082 227 18074 37 105 40 21 1969 2098 2070 784 26 3948 296 70 479 572 28 340 180 64 39 315 978 5060 1210 109 129 227 3418
internal_value=-0.0212867 -0.0103013 9.56455e-05 -0.0340022 -0.028998 -0.0237601 -0.0247633 -0.0314 0.00123483 0.00213552 -0.0355288 -0.0337496 -0.0183684 -0.019798 -0.0339987 -0.0327839 0.000966757 0.00157198 -0.0280611 -0.0143333 0.00369341 -0.0188249 -0.0214645 -0.0169634 -0.0324894 -0.0286667 -0.0267605 -0.0258782 -0.0217377 -0.0271057 -0.00083894 0.000526095 0.000959161 0.00202559 -0.0299853 -8.57698e-05 0.00106886 -0.000601071
internal_weight=60000 32190 22918 27810 6501 3719 3574 800 22118 9740 21309 3235 1216 990 3198 1990 5565 4168 2358 48 4175 885 366 519 752 180 1407 1067 244 823 1397 12378 7248 2188 951 5130 1583 3547
internal_count=60000 32190 22918 27810 6501 3719 3574 800 22118 9740 21309 3235 1216 990 3198 1990 5565 4168 2358 48 4175 885 366 519 752 180 1407 1067 244 823 1397 12378 7248 2188 951 5130 1583 3547
is_linear=0
shrinkage=0.04


Tree=129
num_leaves=39
num_cat=0
split_feature=135 15 118 15 111 101 34 102 22 128 15 102 40 10 123 12 13 14 14 94 102 102 128 9 14 90 14 73 102 68 126 28 109 17 40 53 85 96
split_gain=6055.6 5716.97 206.64 101.548 8.09393 6.7675 8.46417 5.19967 9.15352 4.67508 6.2655 2.31776 4.09735 2.10103 1.8879 4.73412 3.47218 2.64425 2.59343 2.1784 2.04303 2.8585 2.50825 1.83887 1.83671 1.61824 1.80778 1.50996 2.77416 3.01857 2.19072 3.77294 4.00546 1.76142 1.75291 1.73171 3.59773 2.06289
threshold=1.0000000180025095e-35 0.75000000000000011 1.0000000180025095e-35 0.75000000000000011 0.065403021872043623 1.0000000180025095e-35 0.61718398332595836 0.5786295235157014 0.1528776362538338 -0.70710662007331837 0.75000000000000011 0.79495525360107433 0.85285615921020519 -0.065403074026107774 1.0000000180025095e-35 0.79597324132919323 0.93636366724967968 0.49548439681530004 0.42466887831687933 -0.86602532863616932 0.69072249531745922 0.64410242438316356 -0.99144485592842091 0.16280831396579745 0.44763240218162542 0.17153826355934146 0.50125351548194896 0.085450042039155974 0.78527224063873302 0.7486860752105714 0.053042057901620872 0.20674186199903491 -0.26909838616847986 0.78359246253967296 0.81818687915802013 1.0000000180025095e-35 0.6636548936367036 0.61893746256828319
decision_type=2 2 2 2 2 2 2 2 2 2 2 2 2 2 2 2 2 2 2 2 2 2 2 2 2 2 2 2 2 2 2 2 2 2 2 2 2 2
left_child=2 -2 5 -4 14 9 -7 25 27 10 -1 12 -8 -12 23 18 -17 -18 -16 20 21 24 -23 -3 -20 -6 -27 -9 34 -30 31 -31 -33 -34 35 36 -29 -38
right_child=1 4 3 -5 7 6 11 8 -10 -11 13 -13 -14 -15 15 16 17 -19 19 -21 -22 22 -24 -25 -26 26 -28 28 29 30 -32 32 33 -35 -36 -37 37 -39
leaf_value=0 0 7.4595400829537313e-05 0 -2.7290091397257714e-05 0.005296543776181402 0 0 0.0044049304671911291 0.0014872416468038451 0 0 0 0 0 -0.0024929008083877709 0.11016401958363177 -0.0053564074946702012 -0.039740756673817892 -0.039390256053016541 0.012084000294442662 -0.033355101815175175 -0.068103461291022446 -0.046581764765746894 -0.010496616746170875 -0.025129991987683693 0.00032481870880935148 -0.012350645163135995 9.3716741152365805e-07 -0.13488391645985284 -0.055040683120938967 0.0226882723768989 0.029217409264562698 -0.19196461434394668 -0.080385769123433579 0.012612875980028845 0.004841322729990845 -0.26336305795378734 -0.16530944147088955
leaf_weight=2527 9258 10503 189 411 477 27 105 486 5194 21059 2984 422 30 59 473 743 290 45 28 81 182 25 51 26 151 2664 139 71 20 138 268 25 20 31 605 150 20 23
leaf_count=2527 9258 10503 189 411 477 27 105 486 5194 21059 2984 422 30 59 473 743 290 45 28 81 182 25 51 26 151 2664 139 71 20 138 268 25 20 31 605 150 20 23
internal_value=-0.0212827 -0.00947003 -0.034953 -0.0117333 0.00124192 -0.035465 -0.0312055 0.00207182 0.00268387 -0.0355584 -0.0345278 -0.0322657 -0.0277037 -0.0333053 0.000561359 -0.000543257 0.00129128 -0.00208955 -0.00253885 -0.00449421 -0.00561098 -0.00792157 -0.0144211 0.000778422 -0.00516201 0.000756098 0.000389583 0.00027356 -0.000405543 -0.00277291 -0.00214108 -0.00515888 -0.0123158 -0.0187451 0.000962025 -0.00175758 -0.00547368 -0.0146047
internal_weight=60000 32187 27813 600 22929 27213 584 10331 7051 26629 5570 557 135 3043 12598 2069 1078 335 991 518 437 255 76 10529 179 3280 2803 1857 1371 502 482 214 76 51 869 264 114 43
internal_count=60000 32187 27813 600 22929 27213 584 10331 7051 26629 5570 557 135 3043 12598 2069 1078 335 991 518 437 255 76 10529 179 3280 2803 1857 1371 502 482 214 76 51 869 264 114 43
is_linear=0
shrinkage=0.04


Tree=130
num_leaves=39
num_cat=0
split_feature=135 15 118 15 119 44 101 34 128 15 52 22 107 119 119 40 10 14 121 85 28 13 130 90 85 51 101 9 14 45 51 96 102 0 14 29 85 68
split_gain=6025.52 5689.69 206.64 101.548 10.8426 10.5936 6.7675 8.46417 4.67508 6.2655 3.38882 3.71391 3.08194 2.93755 2.59587 5.83246 2.10103 2.03884 3.25441 2.61765 2.0129 2.00034 5.59441 4.58612 3.59864 2.99577 1.96257 2.44535 1.91431 2.37759 1.78265 1.67978 1.65885 2.28809 4.17162 2.16094 3.46052 2.55978
threshold=1.0000000180025095e-35 0.75000000000000011 1.0000000180025095e-35 0.75000000000000011 0.59866267442703258 0.60876142978668224 1.0000000180025095e-35 0.61718398332595836 -0.70710662007331837 0.75000000000000011 1.0000000180025095e-35 0.1528776362538338 0.1043694131076336 0.51532536745071422 0.81176975369453441 0.85285615921020519 -0.065403074026107774 0.4682223796844483 1.0000000180025095e-35 0.54806599020957958 -0.13263033330440518 0.76363638043403637 0.13647984713315967 0.26676705479621893 0.53035646677017223 0.67380130290985119 1.0000000180025095e-35 0.13052625954151156 0.51995083689689647 0.10173121467232706 0.89388209581375133 -0.039855882525444024 0.59573671221733104 0.56414064764976513 0.48913984000682836 0.67420941591262828 0.55858969688415538 0.55424043536186229
decision_type=2 2 2 2 2 2 2 2 2 2 2 2 2 2 2 2 2 2 2 2 2 2 2 2 2 2 2 2 2 2 2 2 2 2 2 2 2 2
left_child=2 -2 6 -4 13 10 8 -8 9 -1 26 31 -7 -3 15 -9 -11 18 21 -19 -20 22 23 24 -15 -23 27 -6 32 -30 -28 -12 33 34 -21 36 -36 -37
right_child=1 4 3 -5 5 12 7 14 -10 16 11 -13 -14 17 -16 -17 -18 19 20 28 -22 25 -24 -25 -26 -27 30 -29 29 -31 -32 -33 -34 -35 35 37 -38 -39
leaf_value=0 0 -9.1738975861457429e-06 0 -2.6198487741367404e-05 0.00072056776222697173 -0.00061104707725854383 0 0 0 0 -0.089005073836917817 0.0016293148488961151 0.0014277519809316886 -0.0024762451232264856 0 0 0 -0.00039042349327638007 -0.091596374610991252 0.025892798526255829 0.010264623654088987 0.088643712278658665 0.00034880624416041027 -0.001371146102485043 -0.001561228837859556 -0.024506482290368885 -0.0031555663501246873 -0.010371411641758173 -0.0024491995066643528 -0.00035251141287802567 0.0018827391982492376 0.003052415689435537 -0.0070572854148302821 0.0045824327973558966 -0.0014111346265355674 -0.0028398860184810563 -0.043026710473152222 0.0063277325910244629
leaf_weight=2527 9258 5154 189 411 785 217 27 121 21059 2984 22 2081 3954 21 406 30 59 1006 20 435 1959 367 438 126 28 177 1313 24 23 880 444 1661 93 1136 111 154 63 237
leaf_count=2527 9258 5154 189 411 785 217 27 121 21059 2984 22 2081 3954 21 406 30 59 1006 20 435 1959 367 438 126 28 177 1313 24 23 880 444 1661 93 1136 111 154 63 237
internal_value=-0.0213167 -0.00953341 -0.034953 -0.0117333 0.00115295 0.00209923 -0.035465 -0.0312055 -0.0355584 -0.0345278 0.00106793 0.00183209 0.00366435 0.000353396 -0.0322657 -0.0277881 -0.0333053 0.000871048 0.00164031 0.000288062 0.00262557 -4.49437e-05 -0.00161175 -0.00765714 -0.0180408 0.00172059 -5.30006e-05 0.00157726 0.000858238 -0.000695459 -0.000803642 0.000434938 0.00148766 0.00171536 0.00032 -0.0019469 -0.00565517 -0.000296675
internal_weight=60000 32187 27813 600 22929 10501 27213 584 26629 5570 6330 3764 4171 12428 557 151 3043 7274 3136 4138 1979 1157 613 175 49 544 2566 809 3132 903 1757 1683 2229 2136 1000 565 174 391
internal_count=60000 32187 27813 600 22929 10501 27213 584 26629 5570 6330 3764 4171 12428 557 151 3043 7274 3136 4138 1979 1157 613 175 49 544 2566 809 3132 903 1757 1683 2229 2136 1000 565 174 391
is_linear=0
shrinkage=0.04


Tree=131
num_leaves=39
num_cat=0
split_feature=135 15 118 15 119 44 101 68 128 15 52 22 119 107 119 6 10 101 9 14 130 13 119 107 51 85 14 119 14 14 85 12 102 12 12 17 13 14
split_gain=6027.87 5691.82 206.64 101.548 10.4249 10.7488 6.7675 8.19463 4.67508 6.2655 3.27517 3.92644 3.12153 3.08194 2.75397 6.99727 2.10103 2.08342 1.85692 1.83358 2.92208 5.09308 6.07056 4.61653 2.82996 1.98304 1.98807 2.47924 2.70459 2.7482 1.859 1.79605 2.08554 1.77675 1.91767 2.71539 3.58301 1.74575
threshold=1.0000000180025095e-35 0.75000000000000011 1.0000000180025095e-35 0.75000000000000011 0.59866267442703258 0.60876142978668224 1.0000000180025095e-35 0.65515419840812694 -0.70710662007331837 0.75000000000000011 1.0000000180025095e-35 0.1528776362538338 0.51532536745071422 0.1043694131076336 0.81176975369453441 0.85285279154777538 -0.065403074026107774 1.0000000180025095e-35 0.13052625954151156 0.45820383727550512 0.063749678432941451 0.76363638043403637 0.55386900901794445 0.29108694195747381 0.67380130290985119 0.52783364057540905 0.4682223796844483 0.55386900901794445 0.47904258966445928 0.51995083689689647 0.6170489788055421 0.54782027006149303 0.78696501255035411 0.70907047390937816 0.81298899650573742 0.52273300290107738 0.76363638043403637 0.49548439681530004
decision_type=2 2 2 2 2 2 2 2 2 2 2 2 2 2 2 2 2 2 2 2 2 2 2 2 2 2 2 2 2 2 2 2 2 2 2 2 2 2
left_child=2 -2 6 -4 12 10 8 -8 9 -1 17 -12 -3 -7 15 -9 -11 18 -6 20 21 22 -14 -24 -22 33 30 37 -29 -30 -27 32 -19 -21 35 -35 -37 -28
right_child=1 4 3 -5 5 13 7 14 -10 16 11 -13 19 -15 -16 -17 -18 31 -20 25 24 -23 23 -25 -26 26 27 28 29 -31 -32 -33 -34 34 -36 36 -38 -39
leaf_value=0 0 -8.8069416826999132e-06 0 -2.5150548231712707e-05 0.00069174505173789284 -0.00058660519416819685 0 0 0 0 0.0027875512267071974 0.0015641422549402862 0.002863893415851076 0.0013706419016944339 0 0 0 -0.081400473244584839 -0.0099565551760878446 0.0031048751890086178 0.0056348965529059011 0.083038933578954602 -0.0016925409994316119 -0.0018427486051151344 -0.0071394519857735971 0.031413971488421427 -0.00068519761150091199 -0.011402708857887999 0.0042524969174609949 -0.0003764572375171789 -0.037092112054882484 -0.00038503922068185289 -0.0013294750221784007 -0.0059729070156296195 0.0010582741951000404 -0.010546736414110327 -0.027041838063959239 0.0016093560260406661
leaf_weight=2527 9258 5154 189 411 785 217 25 121 21059 2984 1683 2081 103 3954 406 32 59 30 24 100 1522 178 48 45 305 625 1073 25 1731 901 43 1635 92 114 87 50 48 276
leaf_count=2527 9258 5154 189 411 785 217 25 121 21059 2984 1683 2081 103 3954 406 32 59 30 24 100 1522 178 48 45 305 625 1073 25 1731 901 43 1635 92 114 87 50 48 276
internal_value=-0.021314 -0.00952844 -0.034953 -0.0117333 0.00115993 0.0020878 -0.035465 -0.0312055 -0.0355584 -0.0345278 0.00104897 0.00180021 0.000375925 0.00366435 -0.0322075 -0.027634 -0.0333053 -5.30006e-05 0.0016267 0.000909541 0.00187369 -0.00134759 -0.00579592 -0.0132043 0.00253311 0.000491228 0.000722294 0.000385422 0.00109447 0.00121885 0.00274252 -0.000826408 -0.0055082 -0.00221554 -0.0037592 -0.00581132 -0.0106939 -0.00101112
internal_weight=60000 32187 27813 600 22929 10501 27213 584 26629 5570 6330 3764 12428 4171 559 153 3043 2566 809 7274 2201 374 196 93 1827 5073 4674 4006 2657 2632 668 1757 122 399 299 212 98 1349
internal_count=60000 32187 27813 600 22929 10501 27213 584 26629 5570 6330 3764 12428 4171 559 153 3043 2566 809 7274 2201 374 196 93 1827 5073 4674 4006 2657 2632 668 1757 122 399 299 212 98 1349
is_linear=0
shrinkage=0.04


Tree=132
num_leaves=39
num_cat=0
split_feature=135 15 118 15 119 61 101 34 128 15 107 52 22 119 6 119 14 119 14 85 27 13 122 0 14 34 129 108 17 12 12 14 119 119 14 6 58 17
split_gain=6042.61 5705.19 206.64 101.548 9.54966 10.6938 6.7675 8.46417 4.67508 6.2655 3.05995 3.01425 4.05087 2.59587 5.83246 2.33856 2.26448 2.12039 2.62528 2.84408 2.10103 1.84266 4.76643 1.99935 1.85579 2.84388 2.81165 2.52478 2.24468 2.38262 2.41432 2.12831 3.86025 1.82103 4.8701 7.14746 2.17434 2.16634
threshold=1.0000000180025095e-35 0.75000000000000011 1.0000000180025095e-35 0.75000000000000011 0.59866267442703258 0.58216589689254772 1.0000000180025095e-35 0.61718398332595836 -0.70710662007331837 0.75000000000000011 0.1043694131076336 1.0000000180025095e-35 0.1528776362538338 0.81176975369453441 0.85285279154777538 0.51532536745071422 0.33297631144523626 0.63175231218338024 0.41325272619724279 0.6636548936367036 1.0000000180025095e-35 0.76363638043403637 1.0000000180025095e-35 0.5195068120956422 0.4682223796844483 0.54759180545806896 0.97335553169250499 0.87455379962921154 0.54184892773628246 0.79597324132919323 0.58777821063995372 0.48913984000682836 0.55386900901794445 0.387991413474083 0.31647910177707678 0.90576907992362987 -0.56108334660530079 0.4961689710617066
decision_type=2 2 2 2 2 2 2 2 2 2 2 2 2 2 2 2 2 2 2 2 2 2 2 2 2 2 2 2 2 2 2 2 2 2 2 2 2 2
left_child=2 -2 6 -4 15 11 8 -8 9 -1 -7 17 -13 14 -9 16 33 18 -6 -20 -11 22 24 -23 -17 26 28 -28 -26 30 -30 -27 -33 34 36 37 -3 -36
right_child=1 4 3 -5 5 10 7 13 -10 20 -12 12 -14 -15 -16 21 -18 -19 19 -21 -22 23 -24 -25 25 31 27 -29 29 -31 -32 32 -34 -35 35 -37 -38 -39
leaf_value=0 0 -0.0015797643840077843 0 -2.4144526302444203e-05 0.13308619539810401 -0.00056314098640148226 0 0 0 0 0.0013158162256266693 0.0026760491776389094 0.0015015765647426705 0 0 0.0046461129435661557 -5.9821400624021264e-05 0.00018541667748637303 0.15148967287916582 -0.049218266982119292 0 0.076904220316514435 -0.0010456587304142424 0.00043666351702405237 0.00011463642898744753 0.0042924610553891993 0.00019062207256258121 -0.0096778946814032388 0.088204033936719203 0.00054566993612984241 -0.14053209794984142 -0.0074567258888998365 0.00028280180812280734 0.058038851521768492 -6.6604401521127708e-05 -0.0051928386591291523 3.9781681406475689e-06 -0.0068849364329408589
leaf_weight=2527 9258 20 189 411 51 217 27 121 21059 2984 4002 1683 2048 406 30 1063 3564 2343 44 113 59 548 414 3693 164 495 26 60 21 57 41 72 620 956 232 40 308 34
leaf_count=2527 9258 20 189 411 51 217 27 121 21059 2984 4002 1683 2048 406 30 1063 3564 2343 44 113 59 548 414 3693 164 495 26 60 21 57 41 72 620 956 232 40 308 34
internal_value=-0.0212973 -0.00949737 -0.034953 -0.0117333 0.00120354 0.00209161 -0.035465 -0.0312055 -0.0355584 -0.0345278 0.00364921 0.00104553 0.00177003 -0.0322657 -0.0277881 0.00045317 -0.00019868 -1.4112e-05 -0.00388462 -0.00644586 -0.0333053 0.00091504 0.000162216 0.00145343 0.000792669 -8.74034e-05 -0.00315447 -0.00948837 -0.00122968 -0.00541176 -0.0108387 0.000866049 -0.000566474 0.0010566 -0.000605678 -0.00423529 0.00278049 -0.00186466
internal_weight=60000 32187 27813 600 22929 10501 27213 584 26629 5570 4219 6282 3731 557 151 12428 5154 2551 208 157 3043 7274 3033 4241 2619 1556 369 86 283 119 62 1187 692 1590 634 306 328 266
internal_count=60000 32187 27813 600 22929 10501 27213 584 26629 5570 4219 6282 3731 557 151 12428 5154 2551 208 157 3043 7274 3033 4241 2619 1556 369 86 283 119 62 1187 692 1590 634 306 328 266
is_linear=0
shrinkage=0.04


Tree=133
num_leaves=39
num_cat=0
split_feature=135 15 118 15 119 44 101 34 128 15 52 22 107 119 6 10 101 26 119 85 85 12 24 121 14 102 14 26 119 13 8 93 102 14 14 119 6 14
split_gain=6041.43 5704.12 206.64 101.548 9.79004 10.7238 6.7675 8.46417 4.67508 6.2655 2.98631 4.07141 2.62352 2.59587 5.83246 2.10103 1.81531 1.84021 1.78268 1.88836 2.33183 9.10889 3.49823 2.2695 3.93923 3.08555 4.01327 2.4692 2.11663 2.89104 2.45928 2.76694 1.76997 9.34532 1.75965 3.21722 5.83439 3.12825
threshold=1.0000000180025095e-35 0.75000000000000011 1.0000000180025095e-35 0.75000000000000011 0.59866267442703258 0.60876142978668224 1.0000000180025095e-35 0.61718398332595836 -0.70710662007331837 0.75000000000000011 1.0000000180025095e-35 0.1528776362538338 0.1043694131076336 0.81176975369453441 0.85285279154777538 -0.065403074026107774 1.0000000180025095e-35 1.0000000180025095e-35 0.51532536745071422 0.45455639064311987 0.46157070994377142 1.0297048687934878 0.75558656454086315 1.0000000180025095e-35 0.41325272619724279 0.48479545116424566 0.43158185482025152 0.097964666783809676 0.50002238154411327 0.93636366724967968 0.07210602238774301 -0.81257775425910939 0.49622537195682531 0.43977364897727972 0.31647910177707678 0.387991413474083 0.90576907992362987 0.33297631144523626
decision_type=2 2 2 2 2 2 2 2 2 2 2 2 2 2 2 2 2 2 2 2 2 2 2 2 2 2 2 2 2 2 2 2 2 2 2 2 2 2
left_child=2 -2 6 -4 18 10 8 -8 9 -1 16 -12 -7 14 -9 -11 17 -6 19 34 21 -21 -23 28 -25 27 -27 -26 -22 30 31 -30 33 -28 -3 36 -36 -37
right_child=1 4 3 -5 5 12 7 13 -10 15 11 -13 -14 -15 -16 -17 -18 -19 -20 20 23 22 -24 24 25 26 32 -29 29 -31 -32 -33 -34 -35 35 37 -38 -39
leaf_value=0 0 1.2229868855682567e-05 0 -2.3178745250346434e-05 0.00065665858256892221 -0.000540615346945412 0 0 0 0 0.0025690072105333532 0.0014415135021529581 0.0012631835766016054 0 0 0 -0.00083775382295809045 -0.0095657096361437873 0.00034999139722200493 3.4056642018846102e-06 -0.0019470898164395507 -0.0026946187942546839 -0.00073159225406236087 0.20041864326144132 -0.0012065627208175988 0.091856972783722665 -0.0018502815273271555 -0.0046524213558214161 -0.0026011088343778155 0.010924687467668216 -0.01708168831473714 -0.027402229254875579 -5.7819458236434756e-05 0.00049273986545471718 -0.00070060640594778634 0.13686205122955772 -0.004539564524804262 -0.00023607572133711057
leaf_weight=2527 9258 449 189 411 785 217 27 121 21059 2984 1683 2081 3954 406 30 59 1757 24 7274 142 365 31 23 597 372 329 38 49 20 41 58 27 882 103 282 556 44 746
leaf_count=2527 9258 449 189 411 785 217 27 121 21059 2984 1683 2081 3954 406 30 59 1757 24 7274 142 365 31 23 597 372 329 38 49 20 41 58 27 882 103 282 556 44 746
internal_value=-0.0212987 -0.00949986 -0.034953 -0.0117333 0.00120005 0.00209923 -0.035465 -0.0312055 -0.0355584 -0.0345278 0.00106161 0.00177896 0.00367394 -0.0322657 -0.0277881 -0.0333053 9.35323e-06 0.00157726 0.000440296 -0.000128832 -0.000757881 -0.00497959 -0.018963 -0.00047067 5.06331e-05 -0.000895657 3.55031e-05 -0.00388599 -0.00288845 -0.0069589 -0.0104762 -0.0172766 -0.00120039 -0.0053617 0.000803081 0.000191646 -0.00336196 0.00108141
internal_weight=60000 32187 27813 600 22929 10501 27213 584 26629 5570 6330 3764 4171 557 151 3043 2566 809 12428 5154 3077 196 54 2881 2370 1773 1352 421 511 146 105 47 1023 141 2077 1628 326 1302
internal_count=60000 32187 27813 600 22929 10501 27213 584 26629 5570 6330 3764 4171 557 151 3043 2566 809 12428 5154 3077 196 54 2881 2370 1773 1352 421 511 146 105 47 1023 141 2077 1628 326 1302
is_linear=0
shrinkage=0.04


Tree=134
num_leaves=39
num_cat=0
split_feature=101 15 124 128 15 120 8 119 61 34 76 128 15 35 22 5 107 22 123 119 23 14 14 119 107 57 24 85 12 14 9 6 113 10 51 85 119 22
split_gain=5609.05 5536.34 233.878 78.6167 91.3304 32.7296 29.5057 8.78703 12.0093 6.85064 4.50594 4.27178 3.83882 3.67457 5.44051 3.52293 2.69624 2.19544 2.16608 2.30505 3.28249 4.27407 2.55512 3.7449 5.32638 3.57065 2.34691 2.30463 4.85426 2.17534 2.05329 2.00455 1.93378 1.83777 2.05055 1.78914 1.77103 2.92044
threshold=1.0000000180025095e-35 0.75000000000000011 0.030841578729450706 -0.7294732630252837 0.75000000000000011 1.0000000180025095e-35 0.28745912015438085 0.59866267442703258 0.58216589689254772 0.61718398332595836 0.25401596724987036 -0.49999997019767756 0.75000000000000011 1.0000000180025095e-35 0.1528776362538338 0.59163621068000805 0.1043694131076336 0.6709890365600587 1.0000000180025095e-35 0.387991413474083 0.90580138564109813 0.3239296823740006 0.33297631144523626 0.41975449025630956 0.38978694379329687 0.86666017770767223 -0.97448086738586415 0.40200284123420721 0.89765292406082164 0.36030563712120062 -0.49999997019767756 0.8223170042037965 0.34234426915645605 0.89687275886535656 0.42083615064620977 0.40200284123420721 0.62711676955223095 0.61920037865638744
decision_type=2 2 2 2 2 2 2 2 2 2 2 2 2 2 2 2 2 2 2 2 2 2 2 2 2 2 2 2 2 2 2 2 2 2 2 2 2 2
left_child=3 -2 9 4 -1 6 10 18 13 -3 -6 12 -5 36 -15 31 -10 -14 19 20 35 -22 -21 24 25 30 -25 28 -26 -28 -24 -8 -11 34 -31 -4 37 -9
right_child=1 2 7 11 5 -7 15 8 16 32 -12 -13 17 14 -16 -17 -18 -19 -20 22 21 -23 23 26 27 -27 29 -29 -30 33 -32 -33 -34 -35 -36 -37 -38 -39
leaf_value=0 0 0 -3.6813751111871499e-07 0 0 0.14444423121857938 0 0.090464809933811827 -0.00051893916229130209 0 0 0 0 8.7013660256720244e-05 0.0013836947164952208 0 0.0012126562335375369 0 -0.0053510109392273407 0.013744984359356704 1.5438658273368344e-05 -0.0042330486658961625 -0.00052174995201810157 -0.091083471897132867 0.00073376593875280644 -0.00075150499322431676 0.089163183388521666 2.8471021062659608e-05 -0.015140342653431466 -0.0034266703399654826 -0.0022243072077731707 0 0 -0.00020054317996734747 0.00011208858471368647 -0.0064418906739987817 -6.2426736950848099e-05 -0.0558300554797483
leaf_weight=2627 9281 26 543 1203 1771 57 48 109 227 64 805 18627 29 2090 1920 561 3998 1937 1041 1062 28 45 20 22 27 80 312 142 20 45 33 132 310 2468 6494 36 1648 112
leaf_count=2627 9281 26 543 1203 1771 57 48 109 227 64 805 18627 29 2090 1920 561 3998 1937 1041 1062 28 45 20 22 27 80 312 142 20 45 33 132 310 2468 6494 36 1648 112
internal_value=-0.021298 -0.00993535 0.000618096 -0.0344617 -0.0304076 -0.0260533 -0.0265698 0.00115656 0.00203246 -0.0297 -0.0285932 -0.0355779 -0.0342203 0.000863412 0.00154613 -0.0195358 0.00365917 -0.0331312 0.000443872 0.000603674 -0.00170552 -0.00969863 0.000744056 0.000539377 -0.00370186 -0.00983459 0.00068558 0.000613757 -0.00706383 0.000716386 -0.0178868 -0.0146667 -0.0310802 0.000602643 0.000953663 -0.000697755 -0.000601391 -0.0039638
internal_weight=60000 32203 22922 27797 6001 3374 3317 22522 10104 400 2576 21796 3169 5879 4010 741 4225 1966 12418 11377 652 73 10725 9663 322 133 9341 189 47 9319 53 180 374 9007 6539 579 1869 221
internal_count=60000 32203 22922 27797 6001 3374 3317 22522 10104 400 2576 21796 3169 5879 4010 741 4225 1966 12418 11377 652 73 10725 9663 322 133 9341 189 47 9319 53 180 374 9007 6539 579 1869 221
is_linear=0
shrinkage=0.04


Tree=135
num_leaves=39
num_cat=0
split_feature=118 15 128 15 8 119 61 84 102 102 6 52 56 107 12 96 39 7 121 20 0 30 119 119 14 68 107 57 23 14 102 107 130 7 14 102 17 14
split_gain=5972.22 5693.7 30.2325 38.3748 18.1879 9.71674 11.8156 6.99258 11.0696 3.39056 9.13559 2.97054 5.07149 2.69759 2.6375 2.56856 2.46162 2.16919 1.96199 3.42665 3.74859 3.70155 2.63367 2.3443 3.19428 4.39228 3.71073 3.31765 3.10119 4.40238 2.91082 2.77592 2.25333 2.02626 1.93833 5.19568 2.02665 2.14287
threshold=1.0000000180025095e-35 0.75000000000000011 -0.70710662007331837 0.75000000000000011 0.28745912015438085 0.59866267442703258 0.58216589689254772 1.0000000180025095e-35 0.7080698311328889 0.77969098091125499 0.85285279154777538 1.0000000180025095e-35 0.13244093954563144 0.1043694131076336 0.65512958168983471 1.0513491034507754 0.54360640048980724 -0.49949190020561213 1.0000000180025095e-35 1.0000000180025095e-35 0.47198611497879034 0.76363638043403637 0.55386900901794445 0.387991413474083 0.33297631144523626 0.42083865404129034 0.38978694379329687 0.86666017770767223 0.90580138564109813 0.3239296823740006 0.40184815227985388 0.30719380080699926 0.09121254459023477 -1.0257459282875059 0.3916513472795487 0.46151123940944677 0.48513673245906835 0.39659819006919866
decision_type=2 2 2 2 2 2 2 2 2 2 2 2 2 2 2 2 2 2 2 2 2 2 2 2 2 2 2 2 2 2 2 2 2 2 2 2 2 2
left_child=2 -2 3 -1 15 18 11 -4 14 10 -10 -7 -13 -8 -9 -5 -6 -17 19 20 -3 22 -21 28 -25 26 27 31 -20 -30 -28 -26 -24 -27 -35 36 37 -36
right_child=1 5 7 4 16 6 13 8 9 -11 -12 12 -14 -15 -16 17 -18 -19 23 21 -22 -23 32 24 25 33 30 -29 29 -31 -32 -33 -34 34 35 -37 -38 -39
leaf_value=0 0 0.012885826474140924 0 0 0 -0.00014435302836765992 -0.00054688478377961443 0 0 0 0 8.3533113846451432e-05 0.0013285051734070307 0.0011641499841960367 0 0 0 0 -3.5341201067396641e-07 -0.0033927139953199748 -0.0013634041332690815 0.050146490757041341 -0.0017175861908271992 0.15496567341724052 -0.0019044630075650355 -0.087642204290394335 -0.014026127836893727 -0.00067808388712378969 1.4821111942433612e-05 -0.0044385265530081028 2.6853052317475386e-05 -0.0014018482446266287 -0.00060146002708846966 0.085483977936532993 6.0741776910464368e-06 0.00017971348038283965 -0.004828522531238129 -0.00088811951028722495
leaf_weight=2657 9293 467 20587 2133 77 2130 226 23 144 926 33 2091 2037 4002 26 132 559 496 545 44 1723 48 20 735 24 20 28 86 28 42 132 33 30 372 84 7837 26 104
leaf_count=2657 9293 467 20587 2133 77 2130 226 23 144 926 33 2091 2037 4002 26 132 559 496 545 44 1723 48 20 735 24 20 28 86 28 42 132 33 30 372 84 7837 26 104
internal_value=-0.021314 -0.00959083 -0.034899 -0.0323991 -0.0295826 0.00111966 0.0020164 -0.0355952 -0.0325625 -0.0333889 -0.0283164 0.000912752 0.00153876 0.00364995 -0.0139592 -0.0309873 -0.0234843 -0.0287389 0.000363051 -0.000682676 -0.000292237 -0.00670423 -0.0113191 0.000604596 0.000759836 0.000546993 -0.00418482 -0.00886713 -0.00178862 -0.00971429 1.49012e-10 -0.0163509 -0.0176 0.000716807 0.000747002 0.00061657 -0.00553271 -0.00408511
internal_weight=60000 32207 27793 6054 3397 22914 10486 21739 1152 1103 177 6258 4128 4228 49 2761 636 628 12428 2332 2190 142 94 10096 9481 8746 303 143 615 70 160 57 50 8443 8423 8051 214 188
internal_count=60000 32207 27793 6054 3397 22914 10486 21739 1152 1103 177 6258 4128 4228 49 2761 636 628 12428 2332 2190 142 94 10096 9481 8746 303 143 615 70 160 57 50 8443 8423 8051 214 188
is_linear=0
shrinkage=0.04


Tree=136
num_leaves=39
num_cat=0
split_feature=135 49 118 49 119 44 101 34 128 49 45 18 22 107 119 6 74 127 87 20 24 13 119 130 10 119 23 14 119 14 85 14 119 13 119 107 74 9
split_gain=6019.63 5684.35 206.64 101.548 11.3351 10.672 6.7675 8.46417 4.67508 6.2655 3.49456 2.76267 4.48613 2.62352 2.59587 5.83246 2.26699 2.3625 2.17941 2.31168 2.40777 2.75772 2.68819 2.18723 2.10103 2.03469 2.93317 4.84776 1.97445 2.49957 4.06022 1.90513 3.45365 5.71667 3.25136 6.30337 3.42038 2.05329
threshold=1.0000000180025095e-35 0.75000000000000011 1.0000000180025095e-35 0.75000000000000011 0.59866267442703258 0.60876142978668224 1.0000000180025095e-35 0.61718398332595836 -0.70710662007331837 0.75000000000000011 -0.084714755415916429 1.0000000180025095e-35 0.1528776362538338 0.1043694131076336 0.81176975369453441 0.85285279154777538 0.8595208227634431 -0.68571984767913807 1.0000000180025095e-35 1.0000000180025095e-35 1.4326856136322024 0.76363638043403637 0.56237596273422252 1.1595533490180971 -0.065403074026107774 0.387991413474083 0.90580138564109813 0.3239296823740006 0.62711676955223095 0.41325272619724279 0.67250287532806408 0.33297631144523626 0.56429719924926769 0.76363638043403637 0.41975449025630956 0.38978694379329687 0.86666017770767223 -0.49999997019767756
decision_type=2 2 2 2 2 2 2 2 2 2 2 2 2 2 2 2 2 2 2 2 2 2 2 2 2 2 2 2 2 2 2 2 2 2 2 2 2 2
left_child=2 -2 6 -4 10 11 8 -8 9 -1 16 28 -13 -7 15 -9 17 -3 19 23 21 22 -21 -12 -11 26 -20 -28 29 -6 -31 32 -27 -34 35 36 37 -33
right_child=1 4 3 -5 5 13 7 14 -10 24 18 12 -14 -15 -16 -17 -18 -19 25 20 -22 -23 -24 -25 -26 31 27 -29 -30 30 -32 34 33 -35 -36 -37 -38 -39
leaf_value=0 0 -0.0051832334401260066 0 -2.9073466404459444e-05 0.11094792915201664 -0.00047635777522473803 0 0 0 0 0.0010153035628094398 0.0024769675604118741 0.0012752067208991137 0.0011175839848282011 0 0 1.328730531307873e-05 -0.04506470481444181 -3.3927553024700771e-07 -9.6470418965006327e-05 -0.0020154905719512754 0.074426164773948825 -0.0015801993187858998 -0.0018625570504294351 0 0.11877575176396919 3.669361433464832e-05 -0.0030512619494123738 0.00023266804635541864 0.10307297444455904 -0.049019857495757622 -0.00044480602415231232 -0.0067624383344440132 0.088146890983043513 7.9611022864952886e-05 2.5778930224776368e-05 -0.00069983937153841956 -0.0020591563991596423
leaf_weight=2527 9258 20 189 411 62 217 27 121 21059 2984 694 1685 1844 3954 406 30 37 28 514 39 28 53 43 1459 59 697 25 39 2524 113 102 20 20 28 8420 153 78 33
leaf_count=2527 9258 20 189 411 62 217 27 121 21059 2984 694 1685 1844 3954 406 30 37 28 514 39 28 53 43 1459 59 697 25 39 2524 113 102 20 20 28 8420 153 78 33
internal_value=-0.0213233 -0.00954584 -0.034953 -0.0117333 0.00113551 0.00210304 -0.035465 -0.0312055 -0.0355584 -0.0345278 0.000317992 0.00106793 0.00181241 0.00367394 -0.0322657 -0.0277881 -0.00776471 -0.0135 0.000373653 -0.000732297 -0.00532515 -0.00311111 -0.00770732 -0.000384579 -0.0333053 0.000629102 -0.00167474 -0.00975 0.000129954 -0.00307581 -0.00511628 0.000770029 0.00271141 -0.00766667 0.00060386 -0.00360563 -0.0100458 -0.0178868
internal_weight=60000 32187 27813 600 22929 10501 27213 584 26629 5570 12428 6330 3529 4171 557 151 85 48 12343 2316 163 135 82 2153 3043 10027 578 64 2801 277 215 9449 745 48 8704 284 131 53
internal_count=60000 32187 27813 600 22929 10501 27213 584 26629 5570 12428 6330 3529 4171 557 151 85 48 12343 2316 163 135 82 2153 3043 10027 578 64 2801 277 215 9449 745 48 8704 284 131 53
is_linear=0
shrinkage=0.04


Tree=137
num_leaves=39
num_cat=0
split_feature=135 15 118 15 62 101 34 111 15 10 85 1 124 123 12 85 85 13 15 14 94 20 105 26 13 34 113 73 37 85 6 129 12 13 11 11 24 51
split_gain=6020.22 5684.88 206.64 101.548 7.05204 6.7675 8.46417 4.648 6.64501 2.82203 2.77679 3.62683 3.25476 2.71385 4.48953 3.2005 3.34582 3.16293 2.24253 1.96232 2.33723 1.92515 2.48921 2.2007 2.8676 1.8783 1.82973 1.79972 3.66689 7.1034 5.21431 1.76382 1.75808 1.71852 2.18378 1.6757 2.57156 1.67438
threshold=1.0000000180025095e-35 0.75000000000000011 1.0000000180025095e-35 0.75000000000000011 0.17434781789779666 1.0000000180025095e-35 0.61718398332595836 -0.63405361771583546 0.75000000000000011 -0.065403074026107774 0.59827139973640453 1.0000000180025095e-35 0.088643204420804991 1.0000000180025095e-35 0.79597324132919323 0.55661931633949291 0.74160608649253856 0.93636366724967968 0.75000000000000011 0.42466887831687933 -0.86602532863616932 1.0000000180025095e-35 1.0000000180025095e-35 -0.95642799139022816 0.76363638043403637 0.88337543606758129 0.34234426915645605 0.085450042039155974 1.0000000180025095e-35 0.81346333026885997 0.8571683168411256 -0.49999998509883875 0.75127094984054577 0.76363638043403637 -0.080827727913856492 1.201685428619385 0.79163283109664928 0.61016687750816356
decision_type=2 2 2 2 2 2 2 2 2 2 2 2 2 2 2 2 2 2 2 2 2 2 2 2 2 2 2 2 2 2 2 2 2 2 2 2 2 2
left_child=2 -2 5 -4 10 7 -7 8 -1 -10 33 -12 -13 15 19 21 -17 -16 -8 -15 25 -6 -23 -24 -25 35 32 -18 31 30 -30 -29 -20 34 -3 36 -21 -19
right_child=1 4 3 -5 13 6 18 -9 9 -11 11 12 -14 14 17 16 27 37 26 20 -22 22 23 24 -26 -27 -28 28 29 -31 -32 -33 -34 -35 -36 -37 -38 -39
leaf_value=0 0 -0.0036103685029079103 0 -2.7910527748281066e-05 2.8302366934484981e-05 0 0 0 0 0 0.00023114470013489594 -0.00062493367224082349 0.0010728806254350688 -0.0019671193026898569 0.10195619391085023 0.0010690827317162645 0.0043808390384371581 -0.0089781806361649546 0 -0.054539804743360273 0.008763891512821434 4.798173786816403e-05 -0.0026070206849012063 -0.0020248607109531608 0.077839479060442113 -0.018710419763164631 0 -0.006310195275305022 -0.23091855314297635 -0.24115175371450265 0.0038912315736693501 0.00037963957519721931 0 0.0040237092064180791 9.0573518799054455e-06 -0.016876801988554041 -0.04735585841646571 -0.015768299177319527
leaf_weight=2688 9258 42 189 411 7460 27 176 20891 2984 66 579 326 2937 487 749 5197 235 33 30 137 124 130 20 43 32 127 315 136 28 34 132 1992 36 807 662 145 27 308
leaf_count=2688 9258 42 189 411 7460 27 176 20891 2984 66 579 326 2937 487 749 5197 235 33 30 137 124 130 20 43 32 127 315 136 28 34 132 1992 36 807 662 145 27 308
internal_value=-0.0213227 -0.0095446 -0.034953 -0.0117333 0.00113725 -0.035465 -0.0312055 -0.0355584 -0.03455 -0.0332721 0.00240837 0.0029797 0.0034974 0.000750114 -0.000585868 0.000935035 0.00150838 0.00121101 -0.0322657 -0.00245654 -0.00407143 0.000356539 -0.00328889 -0.00821053 -0.00506667 -0.00544954 -0.0305407 0.000323817 -1.37811e-05 -0.00527835 -0.00175 0.000466166 -0.0244848 0.000955659 -0.000488636 -0.00713269 -0.00990244 -0.0019824
internal_weight=60000 32187 27813 600 22929 27213 584 26629 5738 3050 5353 3842 3263 17576 2137 15439 7754 1090 557 1047 560 7685 225 95 75 436 381 2557 2322 194 160 2128 66 1511 704 309 164 341
internal_count=60000 32187 27813 600 22929 27213 584 26629 5738 3050 5353 3842 3263 17576 2137 15439 7754 1090 557 1047 560 7685 225 95 75 436 381 2557 2322 194 160 2128 66 1511 704 309 164 341
is_linear=0
shrinkage=0.04


Tree=138
num_leaves=39
num_cat=0
split_feature=135 15 118 15 119 44 84 102 128 15 102 6 70 28 35 22 12 107 27 119 23 14 119 7 68 102 14 5 14 119 107 96 119 13 59 75 41 96
split_gain=6014.92 5680.07 206.64 101.548 12.1216 10.2864 6.3336 11.0696 5.02593 6.2655 3.39056 9.13559 2.76452 3.24179 2.71158 4.14631 2.6375 2.61178 2.10103 2.07877 2.95974 3.96272 1.83039 1.99398 2.33982 1.75821 4.61568 2.30831 1.69848 3.65086 7.82577 3.66274 3.10027 5.13417 1.95138 2.16312 1.73914 1.65868
threshold=1.0000000180025095e-35 0.75000000000000011 1.0000000180025095e-35 0.75000000000000011 0.59866267442703258 0.60876142978668224 1.0000000180025095e-35 0.7080698311328889 -0.70710662007331837 0.75000000000000011 0.77969098091125499 0.85285279154777538 1.0000000180025095e-35 -0.025219509378075596 1.0000000180025095e-35 0.1528776362538338 0.65512958168983471 0.1043694131076336 1.0000000180025095e-35 0.387991413474083 0.90580138564109813 0.3239296823740006 0.401892900466919 1.3754717707633974 0.43171960115432745 0.37131667137146002 0.31009967625141149 0.4573932439088822 0.35276135802268987 0.41975449025630956 0.38978694379329687 0.57420122623443615 0.56237596273422252 0.76363638043403637 -0.8717958629131316 -0.29509714245796198 0.075231742113828673 -0.039855882525444024
decision_type=2 2 2 2 2 2 2 2 2 2 2 2 2 2 2 2 2 2 2 2 2 2 2 2 2 2 2 2 2 2 2 2 2 2 2 2 2 2
left_child=2 -2 6 -4 12 14 8 16 9 -1 11 -9 13 -3 -6 37 -8 -7 -11 20 25 -22 23 -15 -25 26 27 -14 32 30 31 34 -21 -34 -30 -36 -31 -16
right_child=1 4 3 -5 5 17 7 10 -10 18 -12 -13 19 22 15 -17 -18 -19 -20 28 21 -23 -24 24 -26 -27 -28 -29 29 36 -32 -33 33 -35 35 -37 -38 -39
leaf_value=0 0 -0.0038827619239467643 0 -2.6794106638349824e-05 8.5106128004698429e-05 -0.00050006677348439531 0 0 0 0 0 0 -0.0010496899936310712 -0.0015950370253986063 -0.085847078414527239 0.0011815459151537811 0 0.0010299654004176518 0 0.058453054467392573 3.4093775083882988e-05 -0.0030688288139130615 -0.00029924038056826141 -0.0016542879376005759 -0.033396349675638898 0.00026137356753789718 2.2401849854965508e-06 -1.4577991864165268e-06 0.00047905887278120937 -3.4850427416853063e-05 2.3615678338405913e-05 -0.00058349712912872853 -0.0052648086144176211 0.085679819557453366 -0.0043881589876874627 -0.00072577655578932995 8.4292272044646615e-05 0.0029352208620306254
leaf_weight=2527 9258 39 189 411 2698 217 23 144 20491 2984 926 33 26 104 22 1948 26 3954 59 877 25 38 2061 52 43 321 120 36 22 3228 110 33 31 38 20 21 5183 1662
leaf_count=2527 9258 39 189 411 2698 217 23 144 20491 2984 926 33 26 104 22 1948 26 3954 59 877 25 38 2061 52 43 321 120 36 22 3228 110 33 31 38 20 21 5183 1662
internal_value=-0.0213287 -0.00955578 -0.034953 -0.0117333 0.00112155 0.00212208 -0.035465 -0.0325625 -0.0355933 -0.0345278 -0.0333889 -0.0283164 0.000276151 -0.000976076 0.00110585 0.00181938 -0.0139592 0.00366435 -0.0333053 0.000560371 -0.00179505 -0.00996825 -0.000778761 -0.00444221 -0.00863158 -0.000771372 -0.00391209 -0.0127742 0.000699781 0.000523152 -0.00473786 -0.0130833 0.00230867 -0.00585507 -0.00742857 -0.0125854 0.000652003 0.000365796
internal_weight=60000 32187 27813 600 22929 10501 27213 1152 26061 5570 1103 177 12428 2299 6330 3632 49 4171 3043 10129 566 63 2260 199 95 503 182 62 9563 8617 206 96 946 69 63 41 8411 1684
internal_count=60000 32187 27813 600 22929 10501 27213 1152 26061 5570 1103 177 12428 2299 6330 3632 49 4171 3043 10129 566 63 2260 199 95 503 182 62 9563 8617 206 96 946 69 63 41 8411 1684
is_linear=0
shrinkage=0.04


Tree=139
num_leaves=39
num_cat=0
split_feature=135 15 118 15 102 61 101 34 128 15 107 102 6 18 22 10 11 14 102 45 14 121 72 68 14 102 28 68 8 30 101 9 96 30 120 28 51 14
split_gain=6001.97 5668.33 206.64 101.548 8.12886 11.7428 6.7675 8.46417 4.67508 6.2655 2.41188 2.31776 4.09735 2.16166 3.49501 2.10103 1.84645 1.79276 2.42233 2.3429 1.86801 2.23538 1.83738 1.80568 2.67802 3.90213 3.40898 2.72957 1.73654 1.72852 1.7248 1.86334 1.61184 1.58033 1.80634 1.57313 1.56368 3.95789
threshold=1.0000000180025095e-35 0.75000000000000011 1.0000000180025095e-35 0.75000000000000011 0.59790590405464183 0.55557033419609081 1.0000000180025095e-35 0.61718398332595836 -0.70710662007331837 0.75000000000000011 0.1043694131076336 0.79495525360107433 0.85285279154777538 1.0000000180025095e-35 0.1528776362538338 -0.065403074026107774 -0.10808977484703063 0.51995083689689647 0.5541210174560548 0.10173121467232706 0.31826511025428778 1.0000000180025095e-35 1.0000000180025095e-35 0.58677977323532116 0.52936649322509777 0.57617363333702099 1.1900750398635866 0.57364675402641307 -0.7214754819869994 0.76363638043403637 1.0000000180025095e-35 0.13052625954151156 -0.039855882525444024 0.76363638043403637 1.0000000180025095e-35 -0.513902187347412 0.37118166685104376 0.31009967625141149
decision_type=2 2 2 2 2 2 2 2 2 2 2 2 2 2 2 2 2 2 2 2 2 2 2 2 2 2 2 2 2 2 2 2 2 2 2 2 2 2
left_child=2 -2 6 -4 16 13 8 -8 9 -1 -7 12 -9 30 32 -11 -3 18 22 -19 21 -20 36 24 25 28 -27 -26 -21 -24 31 -6 -15 34 35 -32 37 -18
right_child=1 4 3 -5 5 10 7 11 -10 15 -12 -13 -14 14 -16 -17 17 19 20 23 -22 -23 29 -25 27 26 -28 -29 -30 -31 33 -33 -34 -35 -36 -37 -38 -39
leaf_value=0 0 -0.031009700284960268 0 -2.572234237281583e-05 0.00061392060909032278 -0.00080708204535937618 0 0 0 0 0.00098876678440095855 0 0 -0.082413195277946161 0.0011339955708823269 0 -1.3994872189598657e-06 -0.0026424832126097642 -2.592037493261765e-05 -0.003437778319802316 0.0011803224412161937 -0.0063241117657581681 0.000166850794651283 0.00025717974140563801 -0.0013391146258806069 -0.0059562158430465804 -0.00099335482131774613 0.00071261804305040063 0.00015619294398306881 -0.0027476713469997199 -0.005660264015619039 -0.0092050380056778354 0.0022949008752679374 -0.0032595752085755329 0.096709960788284324 -0.00025002144814672753 3.7666478309921857e-05 2.1505775860766891e-06
leaf_weight=2527 9258 78 189 411 792 210 27 105 21059 2984 3808 422 30 22 1782 59 71 22 61 32 2708 20 506 474 23 34 41 220 54 553 23 24 1624 1158 664 385 7350 190
leaf_count=2527 9258 78 189 411 792 210 27 105 21059 2984 3808 422 30 22 1782 59 71 22 61 32 2708 20 506 474 23 34 41 220 54 553 23 24 1624 1158 664 385 7350 190
internal_value=-0.0213433 -0.00958312 -0.034953 -0.0117333 0.00108317 0.00190316 -0.035465 -0.0312055 -0.0355584 -0.0345278 0.00360179 -0.0322657 -0.0277037 0.000848934 0.00153792 -0.0333053 0.000391413 0.000430132 0.000565145 -0.00128889 0.00159053 -0.00439506 0.000235294 -0.000965831 -0.00293069 -0.00693168 -0.0136 -0.000279835 -0.00111628 -0.00132578 7.35392e-05 0.00164706 0.000208992 -0.000502242 0.000604478 -0.0014902 0.000452503 -0.00259004
internal_weight=60000 32187 27813 600 22929 10492 27213 584 26629 5570 4018 557 135 6474 3428 3043 12437 12359 11459 900 2789 81 8670 878 404 161 75 243 86 1059 3046 816 1646 2230 1072 408 7611 261
internal_count=60000 32187 27813 600 22929 10492 27213 584 26629 5570 4018 557 135 6474 3428 3043 12437 12359 11459 900 2789 81 8670 878 404 161 75 243 86 1059 3046 816 1646 2230 1072 408 7611 261
is_linear=0
shrinkage=0.04


Tree=140
num_leaves=39
num_cat=0
split_feature=135 15 118 15 119 44 101 68 128 15 119 23 107 52 5 10 45 119 14 119 23 14 102 14 129 107 72 51 57 17 68 5 9 96 3 104 12 42
split_gain=6005.5 5671.54 206.64 101.548 11.785 10.853 6.7675 8.19463 4.67508 6.2655 2.75397 6.99727 2.39129 2.19567 3.51749 2.10103 2.01817 2.03644 3.73034 3.39164 4.10028 4.74083 2.09963 2.93993 2.38509 2.03634 3.44339 3.0123 2.61636 2.00856 1.8687 1.86243 1.6875 1.64284 1.60274 3.18075 2.41204 1.85118
threshold=1.0000000180025095e-35 0.75000000000000011 1.0000000180025095e-35 0.75000000000000011 0.59866267442703258 0.60876142978668224 1.0000000180025095e-35 0.65515419840812694 -0.70710662007331837 0.75000000000000011 0.81176975369453441 0.85290351510047924 0.1043694131076336 1.0000000180025095e-35 0.1641829460859299 -0.065403074026107774 -0.084714755415916429 0.41975449025630956 0.33297631144523626 0.387991413474083 0.90580138564109813 0.3239296823740006 0.59573671221733104 0.53617689013481151 0.50000013411045086 0.38978694379329687 1.0000000180025095e-35 0.39519178867340093 0.86666017770767223 0.91535085439682018 0.4717096239328385 0.40262793004512792 -0.95642799139022816 -0.039855882525444024 1.0000000180025095e-35 1.0000000180025095e-35 0.84883368015289318 1.9474983811378481
decision_type=2 2 2 2 2 2 2 2 2 2 2 2 2 2 2 2 2 2 2 2 2 2 2 2 2 2 2 2 2 2 2 2 2 2 2 2 2 2
left_child=2 -2 6 -4 16 13 8 -8 9 -1 11 -9 -7 -6 33 -11 -3 18 19 20 -18 -22 34 29 -25 28 27 -27 31 -24 -21 -20 -28 -15 -19 36 -36 -37
right_child=1 4 3 -5 5 12 7 10 -10 15 -12 -13 -14 14 -16 -17 17 22 25 30 21 -23 23 24 -26 26 32 -29 -30 -31 -32 -33 -34 -35 35 37 -38 -39
leaf_value=0 0 -0.015545536620910926 0 -2.4693448677903196e-05 7.5993262997898567e-05 -0.00044778082073066745 0 0 0 0 0 0 0.00094921611302492439 -0.079116667466828314 0.0010889717289247259 0 -1.3435077302014712e-06 0.00011065290365115698 -0.0015887708028524249 0.19906771923170494 1.0178654107172547e-05 -0.0031379600953256445 -0.00050968923735419166 -0.012075594554687031 -0.077878254656973026 -0.001958620823828929 -0.0032132133579952237 2.1164392072472805e-05 -0.00061038621206517454 -0.021682638780408135 -0.036016767245311609 -0.00041315806169981291 -0.01013931677227833 0.0027353429292332988 -0.0036264040802924673 0.00016805710944089937 -0.00016422268727241132 -0.001673826280971902
leaf_weight=2527 9258 85 189 411 2566 217 25 121 21059 2984 406 32 3954 22 2049 59 565 9991 33 454 29 40 446 21 25 23 24 165 85 21 42 21 24 1693 50 219 39 26
leaf_count=2527 9258 85 189 411 2566 217 25 121 21059 2984 406 32 3954 22 2049 59 565 9991 33 454 29 40 446 21 25 23 24 165 85 21 42 21 24 1693 50 219 39 26
internal_value=-0.0213393 -0.00957567 -0.034953 -0.0117333 0.00109364 0.00208018 -0.035465 -0.0312055 -0.0355584 -0.0345278 -0.0322075 -0.027634 0.00366435 0.00103634 0.00165143 -0.0333053 0.000260058 0.000302358 -0.00107641 7.07966e-05 -0.00186751 -0.0110725 0.000493818 -0.0020039 -0.0116522 -0.00453333 -0.00227119 0.000170213 -0.0083741 -0.00105353 0.00254839 -0.0152593 -0.0118333 0.000314869 0.000617918 -0.00210778 -0.00858427 0.000244898
internal_weight=60000 32187 27813 600 22929 10501 27213 584 26629 5570 559 153 4171 6330 3764 3043 12428 12343 1505 1130 634 69 10838 513 46 375 236 188 139 467 496 54 48 1715 10325 334 89 245
internal_count=60000 32187 27813 600 22929 10501 27213 584 26629 5570 559 153 4171 6330 3764 3043 12428 12343 1505 1130 634 69 10838 513 46 375 236 188 139 467 496 54 48 1715 10325 334 89 245
is_linear=0
shrinkage=0.04


Tree=141
num_leaves=39
num_cat=0
split_feature=135 15 118 15 119 44 101 34 128 15 119 6 52 5 124 10 119 14 119 23 14 123 121 13 113 90 119 119 14 24 113 85 14 102 13 124 72 51
split_gain=6007.27 5673.14 206.64 101.548 11.751 10.9323 6.7675 8.46417 4.67508 6.2655 2.59587 5.83246 2.19567 3.51749 2.15517 2.10103 1.8065 3.52799 3.42488 4.10028 4.74083 1.99113 1.91462 3.64519 6.23604 3.25845 2.76893 4.90354 2.66281 2.02397 1.94198 2.52294 1.86122 2.54249 2.67744 1.79762 3.3996 2.77549
threshold=1.0000000180025095e-35 0.75000000000000011 1.0000000180025095e-35 0.75000000000000011 0.59866267442703258 0.60876142978668224 1.0000000180025095e-35 0.61718398332595836 -0.70710662007331837 0.75000000000000011 0.81176975369453441 0.85285279154777538 1.0000000180025095e-35 0.1641829460859299 0.092754237353801741 -0.065403074026107774 0.41975449025630956 0.33297631144523626 0.387991413474083 0.90580138564109813 0.3239296823740006 1.0000000180025095e-35 1.0000000180025095e-35 0.76363638043403637 1.1456839442253115 0.3073642104864121 0.50002238154411327 0.51532536745071422 0.41022963821887976 -0.97448086738586415 0.14017961174249652 0.50347670912742626 0.51995083689689647 0.59573671221733104 0.76363638043403637 0.37819480895996099 1.0000000180025095e-35 0.39519178867340093
decision_type=2 2 2 2 2 2 2 2 2 2 2 2 2 2 2 2 2 2 2 2 2 2 2 2 2 2 2 2 2 2 2 2 2 2 2 2 2 2
left_child=2 -2 6 -4 16 12 8 -8 9 -1 11 -9 -6 -14 -7 -11 17 18 19 -3 -21 -20 23 25 -25 26 -18 -28 -27 -24 31 -29 33 -31 -35 -19 37 -37
right_child=1 4 3 -5 5 14 7 10 -10 15 -12 -13 13 -15 -16 -17 22 35 21 20 -22 -23 29 24 -26 28 27 30 -30 32 -32 -33 -34 34 -36 36 -38 -39
leaf_value=0 0 -1.2897674209934122e-06 0 -2.370571073078707e-05 7.2953532477982637e-05 -0.00067344998951202474 0 0 0 0 0 0 0.002016544673898809 0.0010454128597677226 0.00091124746850393737 0 0.010067841101614293 -0.00090897363351644892 0.19111227574951253 9.7715079428856439e-06 -0.0030124416915126187 -0.034763462357079201 -0.08052405277594081 0.077263798997363298 -0.0058370343660326587 0.011101688545211257 -0.02252621553890399 0.0050879910854949974 -0.0047584049867115657 0.00014713515718150938 -0.0008839308133900322 -0.0019102638947498508 -0.00050722968521495855 -0.0061068363320587876 0.0019616097197869475 -0.0018614073088690053 -0.0031157655649785964 2.0317816389573889e-05
leaf_weight=2527 9258 565 189 411 2566 202 27 121 21059 2984 406 30 1715 2049 3969 59 51 136 460 29 40 40 20 566 513 312 20 22 431 7798 178 82 869 24 31 24 48 169
leaf_count=2527 9258 565 189 411 2566 202 27 121 21059 2984 406 30 1715 2049 3969 59 51 136 460 29 40 40 20 566 513 312 20 22 431 7798 178 82 869 24 31 24 48 169
internal_value=-0.0213373 -0.00957194 -0.034953 -0.0117333 0.00109887 0.00208399 -0.035465 -0.0312055 -0.0355584 -0.0345278 -0.0322657 -0.0277881 0.00103634 0.00165143 0.00367394 -0.0333053 0.000266495 -0.00102978 8.46562e-05 -0.00186751 -0.0110725 0.00256 0.00044591 -0.000616092 0.00103429 -0.00224088 -0.0054051 -0.00686093 -0.00073755 0.000710135 -0.00550355 -0.00984615 0.00073928 0.000933656 -0.00763636 -0.00438196 -0.00230705 6.21763e-05
internal_weight=60000 32187 27813 600 22929 10501 27213 584 26629 5570 557 151 6330 3764 4171 3043 12428 1511 1134 634 69 500 10917 2175 1079 1096 353 302 743 8742 282 104 8722 7853 55 377 241 193
internal_count=60000 32187 27813 600 22929 10501 27213 584 26629 5570 557 151 6330 3764 4171 3043 12428 1511 1134 634 69 500 10917 2175 1079 1096 353 302 743 8742 282 104 8722 7853 55 377 241 193
is_linear=0
shrinkage=0.04


Tree=142
num_leaves=39
num_cat=0
split_feature=135 15 118 15 119 44 101 34 128 15 119 6 107 52 5 10 119 23 14 28 123 14 119 14 102 28 12 68 14 14 119 119 13 22 5 68 58 14
split_gain=6001.39 5667.8 206.64 101.548 11.9866 11.0373 6.7675 8.46417 4.67508 6.2655 2.59587 5.83246 2.19124 2.13459 3.65241 2.10103 1.673 3.52004 3.64634 1.6359 1.64743 1.712 1.81645 2.04472 4.30412 2.69086 1.7371 1.71983 3.32465 2.32418 5.85198 3.55817 4.68696 2.32336 2.29708 1.71801 2.0667 1.56065
threshold=1.0000000180025095e-35 0.75000000000000011 1.0000000180025095e-35 0.75000000000000011 0.59866267442703258 0.60876142978668224 1.0000000180025095e-35 0.61718398332595836 -0.70710662007331837 0.75000000000000011 0.81176975369453441 0.85285279154777538 0.1043694131076336 1.0000000180025095e-35 0.1641829460859299 -0.065403074026107774 0.387991413474083 0.90580138564109813 0.3239296823740006 -0.43575452268123621 1.0000000180025095e-35 0.51995083689689647 0.58679655194282543 0.52936649322509777 0.57338750362396251 1.7696186900138857 0.84883368015289318 0.56430265307426464 0.39659819006919866 0.33297631144523626 0.401892900466919 0.560205638408661 0.76363638043403637 0.48624558746814733 0.37440757453441625 0.57364675402641307 0.10889089480042459 0.49782148003578192
decision_type=2 2 2 2 2 2 2 2 2 2 2 2 2 2 2 2 2 2 2 2 2 2 2 2 2 2 2 2 2 2 2 2 2 2 2 2 2 2
left_child=2 -2 6 -4 16 13 8 -8 9 -1 11 -9 -7 -6 -15 -11 17 -3 -19 -18 21 27 23 24 -23 26 -26 29 34 31 33 -21 -33 -31 -29 -25 -37 -32
right_child=1 4 3 -5 5 12 7 10 -10 15 -12 -13 -14 14 -16 -17 19 18 -20 20 -22 22 -24 35 25 -27 -28 28 -30 30 37 32 -34 -35 -36 36 -38 -39
leaf_value=0 0 -1.2381767241536758e-06 0 -2.2757482301555585e-05 7.0035391178863325e-05 -0.00040293158832093584 0 0 0 0 0 0 0.0008747975697637856 0.0019358828869428569 0.0010035963453769981 0 -0.067302310436935978 9.3806476251702188e-06 -0.0027015662490154058 0.043482297091389781 -0.0059635871889613425 2.6703316741526258e-05 0.00025664008355544857 -0.0010682222087849119 -0.0023921028212341216 -0.00091713391177412787 -0.012809460485794996 -0.004816900255595875 0.0029695676663556375 -0.0054489905734050525 2.6809385972624677e-05 -0.0030699801660334105 0.074547775423400436 -0.0026775027682453142 -0.0020958882080689195 -0.0018682723401062229 0.0022913583738619551 -0.0038351980563701349
leaf_weight=2527 9258 599 189 411 2566 217 27 121 21059 2984 406 30 3954 1715 2049 59 22 29 46 920 1023 81 460 20 48 27 23 27 1297 50 6970 46 44 34 61 87 155 359
leaf_count=2527 9258 599 189 411 2566 217 27 121 21059 2984 406 30 3954 1715 2049 59 22 29 46 920 1023 81 460 20 48 27 23 27 1297 50 6970 46 44 34 61 87 155 359
internal_value=-0.021344 -0.00958437 -0.034953 -0.0117333 0.00108143 0.00207637 -0.035465 -0.0312055 -0.0355584 -0.0345278 -0.0322657 -0.0277881 0.00367394 0.0010237 0.00163018 -0.0333053 0.000240747 -0.00169733 -0.00986667 0.00035188 0.000372315 0.000518816 -0.00114983 -0.00298413 -0.00627933 -0.0119184 -0.00783099 0.000672105 0.00197834 0.000457319 0.00021206 0.00225743 -0.00533333 -0.0102857 -0.00554545 -0.000732824 0.000198347 0.000332378
internal_weight=60000 32187 27813 600 22929 10501 27213 584 26629 5570 557 151 4171 6330 3764 3043 12428 674 75 11754 11732 10709 901 441 179 98 71 9808 1385 8423 7413 1010 90 84 88 262 242 7329
internal_count=60000 32187 27813 600 22929 10501 27213 584 26629 5570 557 151 4171 6330 3764 3043 12428 674 75 11754 11732 10709 901 441 179 98 71 9808 1385 8423 7413 1010 90 84 88 262 242 7329
is_linear=0
shrinkage=0.04


Tree=143
num_leaves=39
num_cat=0
split_feature=135 15 118 15 119 44 101 34 128 15 119 23 107 52 5 10 119 23 14 12 123 11 9 130 56 77 59 58 130 101 9 23 108 104 17 122 119 113
split_gain=6000.8 5667.27 206.64 101.548 12.0287 11.0373 6.7675 8.46417 4.67508 6.2655 2.59587 5.83246 2.19124 2.13459 3.65241 2.10103 1.66745 3.52004 3.64634 1.53546 2.17734 1.81552 1.60655 1.50731 1.83895 3.70186 1.53304 1.44883 1.4359 1.43445 1.82357 1.67342 1.38647 1.60411 2.34385 1.35972 2.73609 1.26264
threshold=1.0000000180025095e-35 0.75000000000000011 1.0000000180025095e-35 0.75000000000000011 0.59866267442703258 0.60876142978668224 1.0000000180025095e-35 0.61718398332595836 -0.70710662007331837 0.75000000000000011 0.81176975369453441 0.85290351510047924 0.1043694131076336 1.0000000180025095e-35 0.1641829460859299 -0.065403074026107774 0.387991413474083 0.90580138564109813 0.3239296823740006 0.90145155787467968 1.0000000180025095e-35 -0.025143316015601155 -0.98611503839492787 0.67265379428863536 0.12811913341283801 0.91037613153457653 -1.0938024520874021 -0.56108334660530079 1.8056199550628664 1.0000000180025095e-35 0.13052625954151156 0.89266514778137218 0.79579704999923717 1.0000000180025095e-35 0.61316493153572094 1.0000000180025095e-35 0.74709975719451915 1.8073961734771731
decision_type=2 2 2 2 2 2 2 2 2 2 2 2 2 2 2 2 2 2 2 2 2 2 2 2 2 2 2 2 2 2 2 2 2 2 2 2 2 2
left_child=2 -2 6 -4 16 13 8 -8 9 -1 11 -9 -7 29 23 -11 17 27 -19 20 21 -18 28 24 26 -26 -15 -3 37 30 -6 -31 33 34 -25 -10 -37 -22
right_child=1 4 3 -5 5 12 7 10 35 15 -12 -13 -14 14 -16 -17 19 18 -20 -21 22 -23 -24 32 25 -27 -28 -29 -30 31 -32 -33 -34 -35 -36 36 -38 -39
leaf_value=0 0 -0.0013479001068838114 0 -2.1847183009493362e-05 0.00058060449726052006 -0.00038681432478811592 0 0 0 0 0 0 0.00083980566697324129 -0.076256660443935781 0.00096345249156190246 0 -0.011389166475760531 9.0054217201634098e-06 -0.0025935035990547893 0.001987089214677237 -0.039227477638820243 2.7361183376365282e-05 -0.0066541421513280864 0.0025530452557926474 -0.20119236219126058 0.00084615934324548507 0.001495665810660546 -1.1886496551875288e-06 -0.00325217273763098 -0.0019110677333327231 -0.0088455957729169105 0.0023581471249550612 0.0062632512846598444 0.015618081427573661 -0.065582912641627106 0 0 -0.053135403617270163
leaf_weight=2527 9258 35 189 411 785 217 27 121 20621 2984 406 30 3954 61 2049 59 135 29 46 2048 58 8856 533 38 23 44 672 564 104 1266 24 491 794 54 29 38 400 20
leaf_count=2527 9258 35 189 411 785 217 27 121 20621 2984 406 30 3954 61 2049 59 135 29 46 2048 58 8856 533 38 23 44 672 564 104 1266 24 491 794 54 29 38 400 20
internal_value=-0.0213447 -0.00958561 -0.034953 -0.0117333 0.00107968 0.00207637 -0.035465 -0.0312055 -0.0355584 -0.0345278 -0.0322657 -0.0277881 0.00367394 0.0010237 0.00163018 -0.0333053 0.000237528 -0.00169733 -0.00986667 0.000348477 0.000138471 0.000307419 -0.00198601 0.000268222 -0.001 -0.00734328 -0.000420191 -0.000674457 -0.00523077 0.000134061 0.00152781 -0.000507683 0.00137705 -0.00261157 -0.00674627 -0.035831 -0.0336256 -0.00933333
internal_weight=60000 32187 27813 600 22929 10501 27213 584 26629 5570 557 151 4171 6330 3764 3043 12428 674 75 11754 9706 8991 715 1715 800 67 733 599 182 2566 809 1757 915 121 67 21059 438 78
internal_count=60000 32187 27813 600 22929 10501 27213 584 26629 5570 557 151 4171 6330 3764 3043 12428 674 75 11754 9706 8991 715 1715 800 67 733 599 182 2566 809 1757 915 121 67 21059 438 78
is_linear=0
shrinkage=0.04


Tree=144
num_leaves=39
num_cat=0
split_feature=135 15 118 15 119 27 101 34 22 128 15 119 6 27 85 119 14 85 127 76 56 6 119 112 0 34 79 23 119 85 6 14 128 73 102 17 13 14
split_gain=5997.86 5664.6 206.64 101.548 13.1852 10.8686 6.7675 8.46417 5.86042 4.67508 6.2655 2.59587 5.83246 2.10103 1.71521 2.27656 3.29817 3.42234 2.39774 2.29263 1.92454 1.79126 1.7656 1.9844 1.77778 1.72166 3.13056 1.63252 1.62365 2.14362 2.32434 1.53972 2.42513 1.97919 1.5235 2.002 2.07879 1.75822
threshold=1.0000000180025095e-35 0.75000000000000011 1.0000000180025095e-35 0.75000000000000011 0.59866267442703258 0.47114434838294988 1.0000000180025095e-35 0.61718398332595836 0.1528776362538338 -0.70710662007331837 0.75000000000000011 0.81176975369453441 0.85285279154777538 1.0000000180025095e-35 0.61369976401329052 0.63175231218338024 0.41325272619724279 0.67250287532806408 1.963185787200928 1.470830023288727 0.59875524044036876 0.81872534751892101 0.81385219097137462 0.38268351554870611 0.8998706340789796 0.62730500102043163 0.48890204727649694 0.87958219647407543 0.51532536745071422 0.53531873226165783 0.79821699857711803 0.49395371973514562 -0.83146959543228138 0.67242509126663219 0.58407148718833934 0.53488558530807506 0.76363638043403637 0.45820383727550512
decision_type=2 2 2 2 2 2 2 2 2 2 2 2 2 2 2 2 2 2 2 2 2 2 2 2 2 2 2 2 2 2 2 2 2 2 2 2 2 2
left_child=2 -2 6 -4 28 14 9 -8 -7 10 -1 12 -9 -12 -6 16 -16 19 20 -18 -19 25 31 -24 27 26 -17 -25 29 -3 -31 -23 33 -33 37 36 -36 -30
right_child=1 4 3 -5 5 8 7 11 -10 -11 13 -13 -14 -15 15 21 17 18 -20 -21 -22 22 23 24 -26 -27 -28 -29 34 30 -32 32 -34 -35 35 -37 -38 -39
leaf_value=0 0 -1.1411036689800276e-06 0 -2.0973295689113626e-05 0.030552058947378703 -0.0010284656890538822 0 0 0.00080621344029431442 0 0 0 0 0 0.082739218484917276 -0.25395714277197906 -0.11651065189454889 -0.017533867620369504 -0.071157307731740588 0.095206613491742878 -0.041245777395870958 0.016282783865781632 0.00038000933536582544 -0.006497384862759934 0.25924260176036118 -0.00020073545449857285 -0.0013767773414924622 -0.010586907936508341 0.0022941391355138243 -0.027179245326287235 -0.0028301405348398938 -0.026962338203619471 0.0063221949127467173 -0.098569340568569044 -0.0060066340759258839 -0.00039446199438535745 -4.3854342040075595e-05 6.2706002521781861e-05
leaf_weight=2527 9258 4849 189 411 357 639 27 121 4850 21059 2984 406 30 59 95 20 36 44 22 114 62 1286 1710 58 27 743 72 23 1875 45 260 99 218 26 22 1109 20 4248
leaf_count=2527 9258 4849 189 411 357 639 27 121 4850 21059 2984 406 30 59 95 20 36 44 22 114 62 1286 1710 58 27 743 72 23 1875 45 260 99 218 26 22 1109 20 4248
internal_value=-0.021348 -0.00959182 -0.034953 -0.0117333 0.00107096 0.00211447 -0.035465 -0.0312055 0.00334414 -0.0355584 -0.0345278 -0.0322657 -0.0277881 -0.0333053 0.000767758 0.000562836 -0.00243432 -0.00463309 -0.0094375 -0.000533333 -0.0069434 0.000823914 0.00122657 0.000369637 -0.00488889 -0.000838323 -0.006 -0.00785185 0.00018925 -0.0003539 -0.00360656 0.00218293 -0.000198251 -0.00464 0.0005741 -0.000761077 -0.00933333 0.000825086
internal_weight=60000 32187 27813 600 22929 10501 27213 584 5489 26629 5570 557 151 3043 5012 4655 373 278 128 150 106 4282 3447 1818 108 835 92 81 12428 5154 305 1629 343 125 7274 1151 42 6123
internal_count=60000 32187 27813 600 22929 10501 27213 584 5489 26629 5570 557 151 3043 5012 4655 373 278 128 150 106 4282 3447 1818 108 835 92 81 12428 5154 305 1629 343 125 7274 1151 42 6123
is_linear=0
shrinkage=0.04


Tree=145
num_leaves=39
num_cat=0
split_feature=135 15 118 15 119 27 101 34 56 128 15 119 6 10 24 39 119 122 119 112 111 28 6 96 121 31 13 130 34 107 42 46 119 13 10 41 46 119
split_gain=5998.45 5665.14 206.64 101.548 13.334 10.7344 6.7675 8.46417 5.80434 4.67508 6.2655 2.59587 5.83246 2.10103 1.59506 1.83904 1.50779 1.35972 2.73609 1.35013 1.30592 1.78091 1.48238 1.33333 1.30078 3.41086 3.14973 3.68374 3.14894 2.91875 2.46823 2.02903 1.76983 2.12407 2.31591 1.72279 1.69495 1.541
threshold=1.0000000180025095e-35 0.75000000000000011 1.0000000180025095e-35 0.75000000000000011 0.59866267442703258 0.47114434838294988 1.0000000180025095e-35 0.61718398332595836 0.13244093954563144 -0.70710662007331837 0.75000000000000011 0.81176975369453441 0.85285279154777538 -0.065403074026107774 -0.57961228489875782 0.3545536100864411 0.51532536745071422 1.0000000180025095e-35 0.74709975719451915 -0.96592584252357472 0.98611509799957286 0.087842304259538664 0.82288038730621349 0.83015027642250072 1.0000000180025095e-35 0.45820383727550512 0.76363638043403637 0.21165446937084201 0.52009299397468578 0.29108694195747381 1.6193961501121523 0.76985624432563793 0.56880956888198864 0.76363638043403637 0.81241148710250866 -0.28118863701820368 0.88894206285476696 0.55386900901794445
decision_type=2 2 2 2 2 2 2 2 2 2 2 2 2 2 2 2 2 2 2 2 2 2 2 2 2 2 2 2 2 2 2 2 2 2 2 2 2 2
left_child=2 -2 6 -4 14 19 9 -8 -7 10 -1 12 -9 -12 15 -3 -16 -11 -19 -6 21 -5 23 -23 26 32 27 29 31 37 -28 -27 -26 34 -34 -36 -29 -18
right_child=1 4 3 20 5 8 7 11 -10 17 13 -13 -14 -15 16 -17 24 18 -20 -21 -22 22 -24 -25 25 28 30 36 -30 -31 -32 -33 33 -35 35 -37 -38 -39
leaf_value=0 0 -9.297440349011405e-05 0 -9.2267024101585151e-05 -0.0082006978533180688 -0.00086554939419775708 0 0 0.00077396490268252902 0 0 0 0 0 -2.8554979943272535e-06 -0.020099291511904701 -0.0025512163273212164 0 0 0.00086963161408788649 0.00014614022454227562 -7.8081054382341431e-05 4.7349431762675875e-05 -0.0099850462006713311 0.088275139456081841 -0.015089782223483625 0.068915384784774672 -0.0060471672406630364 0.00015421652581131944 -0.0005949339935055779 -0.0056140161464314133 -0.0017234719822201026 0.00095617055413679678 0.084446695607175021 -0.00076477936199652915 -0.0060701217797170647 0.0058042164802604166 -0.0015809462648199502
leaf_weight=2527 9258 835 189 24 26 644 27 121 4845 20621 2984 406 30 59 4808 177 35 38 400 4986 150 28 188 21 904 81 404 303 4135 118 243 23 30 67 21 22 161 61
leaf_count=2527 9258 835 189 24 26 644 27 121 4845 20621 2984 406 30 59 4808 177 35 38 400 4986 150 28 188 21 904 81 404 303 4135 118 243 23 30 67 21 22 161 61
internal_value=-0.0213473 -0.00959058 -0.034953 -0.0117333 0.0010727 0.00212208 -0.035465 -0.0312055 0.00334414 -0.0355584 -0.0345278 -0.0322657 -0.0277881 -0.0333053 0.000186032 -0.00133597 0.000320953 -0.035831 -0.0336256 0.000783719 -0.000574209 -0.00228352 -0.00123207 -0.00742857 0.000713075 0.000994132 -0.000407547 -0.00231268 0.000489738 -0.00665421 0.00158887 -0.00638462 0.00304215 -0.00114286 -0.00586301 -0.011814 -0.000310345 -0.0118333
internal_weight=60000 32187 27813 600 22929 10501 27213 584 5489 26629 5570 557 151 3043 12428 1012 11416 21059 438 5012 411 261 237 49 6608 5283 1325 678 4239 214 647 104 1044 140 73 43 464 96
internal_count=60000 32187 27813 600 22929 10501 27213 584 5489 26629 5570 557 151 3043 12428 1012 11416 21059 438 5012 411 261 237 49 6608 5283 1325 678 4239 214 647 104 1044 140 73 43 464 96
is_linear=0
shrinkage=0.04


Tree=146
num_leaves=39
num_cat=0
split_feature=118 15 128 15 120 8 119 61 101 34 119 6 90 96 107 52 22 7 96 11 39 119 85 76 6 6 110 14 102 0 130 30 79 102 122 30 68 85
split_gain=5949.94 5669.63 29.4871 37.5345 17.109 15.6112 12.1317 11.4324 7.22758 8.46417 2.59587 5.83246 2.28209 2.27895 2.26711 2.23092 3.48858 2.15078 1.82632 1.80167 1.73188 1.56011 1.69066 2.0049 1.67776 1.55446 2.08492 1.50028 4.86973 3.66625 3.27664 5.66858 2.99176 2.02855 1.95668 3.51 2.03708 1.90783
threshold=1.0000000180025095e-35 0.75000000000000011 -0.70710662007331837 0.75000000000000011 1.0000000180025095e-35 0.28745912015438085 0.59866267442703258 0.58216589689254772 1.0000000180025095e-35 0.61718398332595836 0.81176975369453441 0.85285279154777538 0.49684135615825659 1.0513491034507754 0.1043694131076336 1.0000000180025095e-35 0.1528776362538338 -0.59573376178741444 -0.046974420547485345 -0.017147533595561978 0.67919194698333751 0.51532536745071422 0.56063726544380199 0.1716154366731644 0.79821699857711803 0.86136770248413097 1.8036835789680483 0.45820383727550512 0.56034687161445629 0.5195068120956422 0.076735634356737151 0.76363638043403637 1.2273954749107363 0.53283676505088817 1.0000000180025095e-35 0.76363638043403637 0.49613584578037268 0.50985246896743786
decision_type=2 2 2 2 2 2 2 2 2 2 2 2 2 2 2 2 2 2 2 2 2 2 2 2 2 2 2 2 2 2 2 2 2 2 2 2 2 2
left_child=2 -2 3 -1 5 13 19 15 -4 -10 11 -11 -7 -5 -9 -8 18 -15 -17 -3 25 22 -21 -24 -25 26 -19 28 34 32 31 -30 -29 -34 -23 36 -36 -38
right_child=1 6 8 4 -6 12 7 14 9 10 -12 -13 -14 17 -16 16 -18 20 -20 21 -22 27 23 24 -26 -27 -28 29 30 -31 -32 -33 33 -35 35 -37 37 -39
leaf_value=0 0 -0.0042083734797798535 0 0 0.22457179125900101 0 -7.0780739341937658e-05 -0.00034429722007752763 0 0 0 0 0 0 0.00074300630657521795 -0.068705576481081804 0.0008617072581803242 0 0.00014029461556058458 -9.8123960244773643e-07 0 0.10256980580044428 -0.05392238231147424 -0.023391727997814641 -0.00073191157230894147 0 0 -0.0012449196377928692 -0.0057982138991904972 0.00010752577972317898 -0.00013473668842435639 0.073653524975250462 -0.068250582973857832 -0.0017155029801505829 0.00081900983755141851 0.072604446704315026 -0.0033606971965217886 -0.0010137628061175205
leaf_weight=2657 9293 194 21155 2123 24 50 2130 226 27 121 406 30 577 101 4002 25 2048 75 2055 4901 230 1025 20 21 143 134 83 78 39 4902 583 28 22 26 92 232 23 99
leaf_count=2657 9293 194 21155 2123 24 50 2130 226 27 121 406 30 577 101 4002 25 2048 75 2055 4901 230 1025 20 21 143 134 83 78 39 4902 583 28 22 26 92 232 23 99
internal_value=-0.021348 -0.00964672 -0.0349076 -0.0324387 -0.0296532 -0.0298927 0.00104111 0.00204311 -0.0355952 -0.0312055 -0.0322657 -0.0277881 -0.0241978 -0.031193 0.00364995 0.000957495 0.0015 -0.0290658 0.000346154 0.000195687 -0.0300996 0.000256335 -0.000279253 -0.00404348 -0.00258537 -0.0280548 -0.0253671 0.000637292 0.00152947 0.000260939 -0.00135385 -0.00973134 -0.00647619 -0.0143333 0.00280354 0.000591928 -0.0031028 -0.0064918
internal_weight=60000 32207 27793 6054 3397 3373 22914 10486 21739 584 557 151 627 2746 4228 6258 4128 623 2080 12428 522 12234 5085 184 164 292 158 7149 2121 5028 650 67 126 48 1471 446 214 122
internal_count=60000 32207 27793 6054 3397 3373 22914 10486 21739 584 557 151 627 2746 4228 6258 4128 623 2080 12428 522 12234 5085 184 164 292 158 7149 2121 5028 650 67 126 48 1471 446 214 122
is_linear=0
shrinkage=0.04


Tree=147
num_leaves=39
num_cat=0
split_feature=135 32 118 32 119 27 101 34 22 128 32 119 6 10 85 119 12 30 122 31 68 85 31 3 85 51 8 31 41 12 119 102 23 119 119 85 12 6
split_gain=6004.14 5671.54 208.969 102.667 12.4306 11.1337 6.7675 8.46417 5.68176 4.67508 6.2655 2.59587 5.83246 2.10103 1.60397 1.54213 1.72533 1.49462 3.44052 2.56363 3.66208 3.09077 3.42644 2.16669 1.78988 2.59034 1.81413 1.88502 1.78718 1.76574 3.99579 7.35858 3.13832 3.50555 4.81901 3.17391 3.71515 3.09877
threshold=1.0000000180025095e-35 0.75000000000000011 1.0000000180025095e-35 0.75000000000000011 0.59866267442703258 0.47114434838294988 1.0000000180025095e-35 0.61718398332595836 0.1528776362538338 -0.70710662007331837 0.75000000000000011 0.81176975369453441 0.85285279154777538 -0.065403074026107774 0.61369976401329052 0.51532536745071422 0.9068988859653474 0.76363638043403637 1.0000000180025095e-35 0.46458241343498236 0.66420048475265514 0.56428876519203197 0.51995083689689647 1.0000000180025095e-35 0.56428876519203197 0.55631059408187877 1.4968183040618899 0.41022963821887976 0.52548456192016613 0.70447996258735668 0.52763688564300548 0.52307730913162243 0.90262821316719066 0.53999802470207225 0.52763688564300548 0.55858969688415538 0.65512958168983471 0.82497331500053417
decision_type=2 2 2 2 2 2 2 2 2 2 2 2 2 2 2 2 2 2 2 2 2 2 2 2 2 2 2 2 2 2 2 2 2 2 2 2 2 2
left_child=2 -2 6 -4 15 14 9 -8 -7 10 -1 12 -9 -12 -6 -3 17 18 24 20 -19 29 -23 -20 -17 -26 27 -27 -29 32 31 -31 33 34 -21 -35 37 -37
right_child=1 4 3 -5 5 8 7 11 -10 -11 13 -13 -14 -15 -16 16 -18 19 23 21 -22 22 -24 -25 25 26 -28 28 -30 30 -32 -33 -34 35 -36 36 -38 -39
leaf_value=0 0 -5.9214319103372831e-06 0 -2.7640125754479502e-05 0.029289579540297622 -0.00064354840580033786 0 0 0.00071328605431219216 0 0 0 0 0 0.00056483146139649199 0.00050478931443200263 0.0024959963134993214 0.078397244311601277 -0.00053728849507873292 0.0031789879764859653 -0.020968063509199046 0.094770717281858624 -0.00048261422869051349 -0.0018997984546439066 -0.0052583453626379121 -0.0069073017065661739 0.00044817308182928608 -7.8982037182099519e-05 -0.019710336148492796 8.2533272716494302e-05 0.00099651891075819808 -0.038335635316229841 -0.0081194279486253851 0.00090000895612108041 -0.0011257712617125883 -0.0098191271503250618 0.12454480042579326 -0.045071833449248228
leaf_weight=2527 9258 5154 189 411 357 639 27 121 4850 21059 2984 406 30 59 4655 1385 1013 805 303 54 107 743 497 44 28 29 477 316 72 73 598 31 23 444 125 39 36 32
leaf_count=2527 9258 5154 189 411 357 639 27 121 4850 21059 2984 406 30 59 4655 1385 1013 805 303 54 107 743 497 44 28 29 477 316 72 73 598 31 23 444 125 39 36 32
internal_value=-0.021338 -0.00957567 -0.0349501 -0.0116 0.00109364 0.00210685 -0.035465 -0.0312055 0.00335143 -0.0355584 -0.0345278 -0.0322657 -0.0277881 -0.0333053 0.000743815 0.000237528 0.000612593 0.000364798 -0.000355689 0.000894927 0.00272807 0.000274583 0.00174194 -0.00406916 0.000202861 -0.00116269 -0.000787472 -0.00271463 -0.00197938 -0.000975945 0.000467237 -0.00676923 -0.00232138 -0.00186301 -0.00672626 -0.000283121 -0.00646729 -0.0117746
internal_weight=60000 32187 27813 600 22929 10501 27213 584 5489 26629 5570 557 151 3043 5012 12428 7274 6261 2654 3607 912 2695 1240 347 2307 922 894 417 388 1455 702 104 753 730 179 551 107 71
internal_count=60000 32187 27813 600 22929 10501 27213 584 5489 26629 5570 557 151 3043 5012 12428 7274 6261 2654 3607 912 2695 1240 347 2307 922 894 417 388 1455 702 104 753 730 179 551 107 71
is_linear=0
shrinkage=0.04


Tree=148
num_leaves=39
num_cat=0
split_feature=118 15 128 15 120 8 62 101 34 102 103 56 102 90 61 102 6 96 7 31 102 31 0 12 75 102 73 12 5 102 127 25 0 31 13 102 12 109
split_gain=5964.95 5680.86 28.9954 36.9795 17.1569 14.832 7.6252 7.22758 8.46417 3.62629 3.6729 3.48544 3.12262 2.40168 2.3879 2.31776 4.09735 2.17383 2.20278 1.90532 1.96357 1.88977 3.79069 6.37082 7.00833 3.38112 4.8105 2.85879 2.17637 2.08506 2.0181 1.96426 1.83404 4.11429 1.73328 2.12242 1.69458 1.64144
threshold=1.0000000180025095e-35 0.75000000000000011 -0.70710662007331837 0.75000000000000011 1.0000000180025095e-35 0.28745912015438085 0.16886129230260852 1.0000000180025095e-35 0.61718398332595836 0.59790590405464183 1.0000000180025095e-35 0.12434308603405954 0.51004752516746532 0.51205608248710643 -0.3826832622289657 0.79495525360107433 0.85285279154777538 1.0513491034507754 -0.59573376178741444 0.43158185482025152 0.48479545116424566 0.3916513472795487 0.46247483789920812 0.87824293971061718 0.37377485632896429 0.45443418622016912 0.40954840183258062 0.78291481733322155 0.31022793054580694 0.46151123940944677 -1.044910669326782 1.4592728614807131 0.37226456403732305 0.31009967625141149 0.76363638043403637 0.40184815227985388 0.75789234042167675 -0.58883073925971974
decision_type=2 2 2 2 2 2 2 2 2 2 2 2 2 2 2 2 2 2 2 2 2 2 2 2 2 2 2 2 2 2 2 2 2 2 2 2 2 2
left_child=2 -2 3 -1 5 17 9 -4 -9 34 -11 -12 19 -7 36 16 -10 -5 -19 20 21 31 23 25 -25 26 -23 28 -24 -29 -30 -8 33 -33 -3 -36 -14 -21
right_child=1 6 7 4 -6 13 12 8 15 10 11 -13 14 -15 -16 -17 -18 18 -20 37 -22 22 27 24 -26 -27 -28 29 30 -31 -32 32 -34 -35 35 -37 -38 -39
leaf_value=0 0 -0.00026529273606914772 0 0 0.21556632635018511 0 0.00023225209703427063 0 0 -0.0013015169835201923 -9.3082522729765941e-05 0.00068475461213971303 -0.0020152450205664211 0 0.00055268149631060184 0 0 0 0 -0.0041657310877236588 0.018363266905035078 -0.0026367320489657084 -0.0034509188013543543 -0.0013306902163320142 -0.028467698013670981 1.3073414770367952e-05 2.4117444897302426e-05 -0.0014792412786662757 -0.0044511599704798845 0.25217592469508282 -7.3357421143030887e-06 -7.0513274193633564e-07 -0.00023505363195477035 2.702929470898757e-06 -0.010923408065063601 0.005402976677055033 0.00058465597682241734 -0.00022744062883344018
leaf_weight=2657 9293 607 21155 2123 24 74 1010 27 105 301 312 3210 553 553 12362 422 30 101 522 62 540 36 38 30 24 98 34 30 39 354 337 28 880 35 40 684 526 744
leaf_count=2657 9293 607 21155 2123 24 74 1010 27 105 301 312 3210 553 553 12362 422 30 101 522 62 540 36 38 30 24 98 34 30 39 354 337 28 880 35 40 684 526 744
internal_value=-0.0213367 -0.00962064 -0.0349134 -0.0324651 -0.0297003 -0.0299401 0.00107777 -0.0355952 -0.0312055 0.00243229 0.00305833 0.00342078 0.000684685 -0.0243892 0.000985343 -0.0322657 -0.0277037 -0.0312076 -0.02913 -0.000250984 0.000151438 -0.000251598 -0.00164706 -0.00627027 -0.0182222 -0.00242857 -0.00914286 -0.000360902 -0.00266667 0.002125 -0.00174468 0.000477215 -0.000835631 -0.00742857 0.00063411 0.0019558 -0.000819277 -0.00200496
internal_weight=60000 32207 27793 6054 3397 3373 22914 21739 584 5154 3823 3522 17760 627 13441 557 135 2746 623 4319 3513 2973 1020 222 54 168 70 798 414 384 376 1953 943 63 1331 724 1079 806
internal_count=60000 32207 27793 6054 3397 3373 22914 21739 584 5154 3823 3522 17760 627 13441 557 135 2746 623 4319 3513 2973 1020 222 54 168 70 798 414 384 376 1953 943 63 1331 724 1079 806
is_linear=0
shrinkage=0.04


Tree=149
num_leaves=39
num_cat=0
split_feature=135 32 118 32 119 27 101 34 22 128 32 119 6 10 24 85 106 5 23 13 68 12 39 22 122 119 119 48 45 6 17 120 78 48 25 12 48 51
split_gain=6020.03 5685.95 208.969 102.667 10.7734 11.5464 6.7675 8.46417 5.68176 4.67508 6.2655 2.59587 5.83246 2.10103 1.67813 1.66397 1.64385 1.52714 1.41517 1.37598 2.95186 2.04747 1.40645 1.99287 1.35972 2.73609 1.3232 2.67151 2.60519 3.06081 2.1111 1.53223 3.20888 1.94743 2.23752 2.25318 1.80871 1.68502
threshold=1.0000000180025095e-35 0.75000000000000011 1.0000000180025095e-35 0.75000000000000011 0.59866267442703258 0.47114434838294988 1.0000000180025095e-35 0.61718398332595836 0.1528776362538338 -0.70710662007331837 0.75000000000000011 0.81176975369453441 0.85285279154777538 -0.065403074026107774 -0.57961228489875782 0.61369976401329052 1.0000000180025095e-35 0.37846757471561437 0.87516444921493541 0.76363638043403637 0.48026643693447119 0.88894206285476696 0.65358912944793712 0.63400042057037365 1.0000000180025095e-35 0.74709975719451915 0.63175231218338024 0.41325272619724279 0.88942533731460582 0.83333557844161998 0.8511943817138673 1.0000000180025095e-35 0.2269546836614609 0.49548439681530004 0.042799193412065513 0.78930434584617626 0.44763240218162542 0.90272998809814464
decision_type=2 2 2 2 2 2 2 2 2 2 2 2 2 2 2 2 2 2 2 2 2 2 2 2 2 2 2 2 2 2 2 2 2 2 2 2 2 2
left_child=2 -2 6 -4 14 15 9 -8 -7 10 -1 12 -9 -12 17 -6 -16 18 -3 21 -21 -18 23 -22 -11 -26 27 -17 29 -29 -30 32 36 -33 -35 -36 -28 -34
right_child=1 4 3 -5 5 8 7 11 -10 24 13 -13 -14 -15 16 26 19 -19 -20 20 22 -23 -24 -25 25 -27 31 28 30 -31 -32 33 37 34 35 -37 -38 -39
leaf_value=0 0 -0.0003422498691254393 0 -4.8641780576724403e-05 0.028095889098833277 -0.00063474764182540311 0 0 0.00065736442765413022 0 0 0 0 0 6.092193147739536e-05 0.079330615485506503 -0.0095431378514671695 -0.018521751171037493 0.00099459584419165172 -0.0098778709172375346 -0.0014261957478072871 0.12313723769669793 0.0033822169259383745 -0.019763037684802025 0 0 -0.00020283478920425085 -0.032245835000249377 0.083941025111463119 -0.088152629882426045 -0.04941334457320963 0.0090460478840379416 -0.0077964248318382222 0.0029720515093400396 -0.093574242601506555 -0.01901333197762814 0.00073481610156448946 0.24968587173715168
leaf_weight=2527 9258 541 189 411 357 639 27 121 4850 20621 2984 406 30 59 10134 95 441 183 288 34 410 200 100 97 38 400 718 39 99 38 102 2103 122 362 49 70 835 23
leaf_count=2527 9258 541 189 411 357 639 27 121 4850 20621 2984 406 30 59 10134 95 441 183 288 34 410 200 100 97 38 400 718 39 99 38 102 2103 122 362 49 70 835 23
internal_value=-0.02132 -0.00954211 -0.0349501 -0.0116 0.00114074 0.00208399 -0.035465 -0.0312055 0.00335143 -0.0355584 -0.0345278 -0.0322657 -0.0277881 -0.0333053 0.00034374 0.00069593 0.00048213 -0.00121739 -0.000487334 -0.000867395 -0.00217785 0.000443058 -0.00153542 -0.00239053 -0.035831 -0.0336256 0.000494093 -0.00179088 -0.00376978 -0.010026 -0.00137313 0.000693134 -0.000240283 0.0013065 -0.000989605 -0.0057479 0.00029105 -0.00593103
internal_weight=60000 32187 27813 600 22929 10501 27213 584 5489 26629 5570 557 151 3043 12428 5012 11416 1012 829 1282 641 641 607 507 21059 438 4655 373 278 77 201 4282 1698 2584 481 119 1553 145
internal_count=60000 32187 27813 600 22929 10501 27213 584 5489 26629 5570 557 151 3043 12428 5012 11416 1012 829 1282 641 641 607 507 21059 438 4655 373 278 77 201 4282 1698 2584 481 119 1553 145
is_linear=0
shrinkage=0.04


Tree=150
num_leaves=39
num_cat=0
split_feature=135 15 84 124 15 119 27 119 22 128 15 119 6 10 123 119 23 14 17 14 5 24 14 119 12 87 107 96 85 51 26 119 13 44 13 121 34 119
split_gain=6023.56 5689.15 106.951 111.343 104.715 10.5356 11.5464 9.98036 5.68176 5.02593 6.2655 2.81113 14.0835 2.10103 1.43742 1.53649 4.02875 3.68258 1.55674 3.36846 1.99362 1.44333 1.43495 2.54918 3.19722 1.88617 2.92387 4.11398 3.09659 2.87737 2.16312 1.48907 3.88235 1.44172 2.24309 2.85587 1.98726 2.2666
threshold=1.0000000180025095e-35 0.75000000000000011 1.0000000180025095e-35 0.030841578729450706 0.75000000000000011 0.59866267442703258 0.47114434838294988 0.72977426648139965 0.1528776362538338 -0.70710662007331837 0.75000000000000011 0.79898613691329967 0.85438916087150585 -0.065403074026107774 1.0000000180025095e-35 0.387991413474083 0.90580138564109813 0.3239296823740006 0.37139263749122625 0.31009967625141149 0.4573932439088822 -0.5956532061100005 0.32932195067405706 0.41975449025630956 0.90145155787467968 1.0000000180025095e-35 0.38978694379329687 0.57420122623443615 0.40200284123420721 0.4030145406723023 -0.95642799139022816 0.560205638408661 0.76363638043403637 0.93540483713150036 0.76363638043403637 1.0000000180025095e-35 0.48816111683845526 0.56429719924926769
decision_type=2 2 2 2 2 2 2 2 2 2 2 2 2 2 2 2 2 2 2 2 2 2 2 2 2 2 2 2 2 2 2 2 2 2 2 2 2 2
left_child=2 -2 9 7 -5 14 -7 -4 -8 10 -1 12 -9 -12 15 16 18 -18 19 20 -3 -17 31 24 25 30 27 -27 -28 -29 -24 -23 -33 -25 35 36 -35 -38
right_child=1 5 3 4 -6 6 8 11 -10 -11 13 -13 -14 -15 -16 21 17 -19 -20 -21 -22 22 23 33 -26 26 28 29 -30 -31 -32 32 -34 34 -36 -37 37 -39
leaf_value=0 0 -0.00077831204657766986 0 0 -4.7486433234545155e-05 0.00070097977579934481 -0.00060935773615238106 0 0.00063106985054798062 0 0 0 0 0 -0.0057538328602978863 -0.00024878661026964469 1.6046443797495567e-05 -0.0022906671882499587 0.00010134491933004826 1.5793503296699243e-07 -3.1138046913546967e-06 0.04920274244617822 -0.0029269801845558715 0.00015026644762728764 0.19044474023758257 -0.00057113381644214266 -0.012649927444577241 -0.0047255506250450247 2.4739519906170031e-05 -0.00052178165230842822 -0.00064307502476009415 -0.0048583109287451852 0.063366327769760353 -0.00056821691236872882 0.00054393572581351471 -0.00014515485753115284 -0.0059673092091055849 -0.0010509590869194367
leaf_weight=2527 9258 24 47 193 419 5012 639 173 4850 20491 2984 890 30 59 1044 892 28 45 424 99 33 593 20 6768 134 65 28 21 123 29 21 24 44 104 1090 624 59 92
leaf_count=2527 9258 24 47 193 419 5012 639 173 4850 20491 2984 890 30 59 1044 892 28 45 424 99 33 593 20 6768 134 65 28 21 123 29 21 24 44 104 1090 624 59 92
internal_value=-0.021316 -0.00953466 -0.0349501 -0.0253836 -0.0116209 0.00115121 0.00208399 -0.0327719 0.00335143 -0.0355933 -0.0345278 -0.033548 -0.0293005 -0.0333053 0.000363051 0.000493324 -0.00139051 -0.0102466 -0.000275862 -0.00369231 -0.0114386 0.000607958 0.000747637 0.000618 -0.00234921 -0.00459935 -0.00336842 -0.00817391 0.000291391 -0.0168 -0.0125854 0.00254766 -0.00305882 0.000767769 -0.000184865 -0.00168828 -0.0052549 -0.00818543
internal_weight=60000 32187 27813 1752 612 22929 10501 1140 5489 26061 5570 1093 203 3043 12428 11384 653 73 580 156 57 10731 9839 9178 441 307 266 115 151 50 41 661 68 8737 1969 879 255 151
internal_count=60000 32187 27813 1752 612 22929 10501 1140 5489 26061 5570 1093 203 3043 12428 11384 653 73 580 156 57 10731 9839 9178 441 307 266 115 151 50 41 661 68 8737 1969 879 255 151
is_linear=0
shrinkage=0.04


Tree=151
num_leaves=39
num_cat=0
split_feature=135 15 101 15 39 119 27 68 56 128 15 56 10 113 13 12 11 121 36 52 5 122 119 102 31 119 106 93 9 11 119 102 119 6 36 3 6 12
split_gain=6009.43 5676.34 144.64 71.5534 99.3895 10.8818 12.0386 6.45648 5.59067 4.67508 6.2655 2.95856 2.10103 1.91465 1.63815 1.54729 1.54772 1.49113 1.46261 1.45634 1.37245 1.35972 2.73609 1.32252 5.37686 4.69333 2.55875 1.84152 1.29924 1.39249 1.24444 1.23967 1.2302 1.71837 1.21062 1.78856 2.31962 2.57713
threshold=1.0000000180025095e-35 0.75000000000000011 1.0000000180025095e-35 0.75000000000000011 0.082387972623109831 0.59866267442703258 0.44228871166706091 0.65004700422286998 0.13244093954563144 -0.70710662007331837 0.75000000000000011 0.074371796101331725 -0.065403074026107774 0.34234426915645605 0.76363638043403637 0.9068988859653474 -0.10808977484703063 1.0000000180025095e-35 1.0000000180025095e-35 1.0000000180025095e-35 0.76254957914352428 1.0000000180025095e-35 0.74709975719451915 0.50004643201828014 0.43158185482025152 0.49626159667968756 1.0000000180025095e-35 1.8361231684684756 0.86602541804313671 0.18497781455516818 0.83109799027442943 0.55805155634880077 0.7935827672481538 0.83261293172836315 1.0000000180025095e-35 1.0000000180025095e-35 0.8601759970188142 0.59895822405815136
decision_type=2 2 2 2 2 2 2 2 2 2 2 2 2 2 2 2 2 2 2 2 2 2 2 2 2 2 2 2 2 2 2 2 2 2 2 2 2 2
left_child=2 -2 9 -4 7 15 19 -5 -8 10 -1 14 -12 18 30 16 20 -16 -9 -7 31 -11 -23 24 26 -26 -17 -28 29 -13 -6 -3 33 -15 35 -18 37 -37
right_child=1 5 3 4 11 6 8 13 -10 21 12 28 -14 32 17 23 34 -19 -20 -21 -22 22 -24 -25 25 -27 27 -29 -30 -31 -32 -33 -34 -35 -36 36 -38 -39
leaf_value=0 0 -0.068893071020711572 0 0 0.00036407926611389585 -1.9410116800285056e-05 -0.00037455829262730714 0 0.00060582705652606711 0 0 -0.00014361919252543838 0 0 -0.00014037352415335758 0.00030254175654453928 -0.00023806655925232898 -0.0014247533831964654 0 0.0063643325540807538 0.0073268063275243461 0 0 0.0025632105898513507 -0.0018257999317910516 0.053620684370583718 -0.0035623116985622366 -0.014776207831794825 9.8280342060701149e-05 0.00026643061937277324 0 -0.00029652675433036935 0 0 2.1367385482938756e-05 1.9230759949360226e-05 0.00016631586610980402 -0.0028243679706381288
leaf_weight=2527 9258 35 365 22 21 2533 644 30 4885 20621 2984 27 59 62 22 628 1574 20 29 2439 20 38 400 1172 30 25 42 22 296 31 24 32 215 20 8690 37 60 61
leaf_count=2527 9258 35 365 22 21 2533 644 30 4885 20621 2984 27 59 62 22 628 1574 20 29 2439 20 38 400 1172 30 25 42 22 296 31 24 32 215 20 8690 37 60 61
internal_value=-0.021332 -0.00956448 -0.0349501 -0.0212703 -0.0147057 0.00110934 0.00205733 -0.0297566 0.00334165 -0.0355584 -0.0345278 -0.00180499 -0.0333053 -0.0310562 -0.00841379 0.000308336 0.000117614 -0.0140952 -0.0244746 0.000629123 -0.0051954 -0.035831 -0.0336256 0.00135279 3.74834e-05 -0.012 0.00099422 -0.006625 -0.000180791 -0.00565517 -0.00311111 -0.0079403 -0.0323636 -0.0281951 0.000161965 -0.000803695 -0.00486076 -0.00865306
internal_weight=60000 32187 27813 1184 819 22929 10501 378 5529 26629 5570 441 3043 356 87 12428 10509 42 59 4972 87 21059 438 1919 747 55 692 64 354 58 45 67 297 82 10422 1732 158 98
internal_count=60000 32187 27813 1184 819 22929 10501 378 5529 26629 5570 441 3043 356 87 12428 10509 42 59 4972 87 21059 438 1919 747 55 692 64 354 58 45 67 297 82 10422 1732 158 98
is_linear=0
shrinkage=0.04


Tree=152
num_leaves=39
num_cat=0
split_feature=135 15 118 15 119 27 101 34 22 39 111 15 102 10 119 6 119 14 124 60 2 122 119 12 36 122 24 74 112 9 52 102 75 102 14 119 106 5
split_gain=5997.83 5672.6 208.686 102.667 10.8125 12.3259 9.31296 7.89108 5.64509 5.18837 4.648 6.64501 3.60738 2.82203 2.01091 3.44106 1.64545 1.86094 3.46699 5.38185 2.09016 1.36536 2.73609 1.34571 1.33122 1.41447 1.40848 1.38177 1.63595 2.04756 1.32015 1.28875 1.70184 1.26442 5.38733 4.69333 2.2311 1.4344
threshold=1.0000000180025095e-35 0.75000000000000011 1.0000000180025095e-35 0.75000000000000011 0.59866267442703258 0.44228871166706091 1.0000000180025095e-35 0.61718398332595836 0.1528776362538338 0.082387972623109831 -0.63405361771583546 0.75000000000000011 0.83189705014228832 -0.065403074026107774 0.7935827672481538 0.83520823717117321 0.3721448034048081 0.31647910177707678 0.38220947980880743 -0.95642799139022816 1.0000000180025095e-35 1.0000000180025095e-35 0.74709975719451915 0.9068988859653474 1.0000000180025095e-35 1.0000000180025095e-35 -0.97448086738586415 0.86297684907913219 0.19509032368659976 -0.13052600622177121 1.0000000180025095e-35 0.58407148718833934 1.0413293242454531 0.50004643201828014 0.43158185482025152 0.49626159667968756 1.0000000180025095e-35 0.57615497708320629
decision_type=2 2 2 2 2 2 2 2 2 2 2 2 2 2 2 2 2 2 2 2 2 2 2 2 2 2 2 2 2 2 2 2 2 2 2 2 2 2
left_child=2 -2 6 -4 16 30 10 -8 -7 14 11 -1 -11 -13 15 -9 17 18 -3 -20 -21 -12 -23 24 25 31 -26 28 -27 -30 -6 32 -18 34 36 -36 -25 -38
right_child=1 4 3 -5 5 8 7 9 -10 12 21 13 -14 -15 -16 -17 23 -19 19 20 -22 22 -24 33 26 27 -28 -29 29 -31 -32 -33 -34 -35 35 -37 37 -39
leaf_value=0 0 4.3766378279808791e-05 0 -4.8727859874501303e-05 -1.8633712128273653e-05 -0.00057000109500119397 0 0 0.00058159397426503999 0 0 0 0 0 0 0 0.00094964518057466974 0.00020829162061718467 7.8191724868697842e-06 -3.8439479230180588e-06 -1.358302864330634e-05 0 0 0.00030913231544231939 -0.069101260173715956 0.00043695693105551644 4.4794047860937278e-05 0.0005091963883167305 -0.0034803460989862103 -0.002711393251812595 0.0061097592519175235 -0.0094290692052737459 -0.00061311149686318358 0.0024606821662572966 -0.0017527679345194095 0.051475856995760363 -0.0066126957942523592 -0.0056979319782490554
leaf_weight=2688 9258 68 189 411 2533 639 27 78 4890 22 20453 2984 24 66 412 21 471 103 33 21 31 38 400 620 29 23 8539 58 26 55 2439 157 904 1172 30 25 38 25
leaf_count=2688 9258 68 189 411 2533 639 27 78 4890 22 20453 2984 24 66 412 21 471 103 33 21 31 38 400 620 29 23 8539 58 26 55 2439 157 904 1172 30 25 38 25
internal_value=-0.0213293 -0.00957318 -0.0349343 -0.0116 0.00109713 0.00204209 -0.0354488 -0.0304521 0.00334165 -0.0314758 -0.0355584 -0.03455 -0.0186087 -0.0332721 -0.0326341 -0.0275152 0.000298681 -0.002875 -0.0056732 -0.0110588 -0.0190769 -0.0358353 -0.0336256 0.000365429 0.00018398 -0.000840614 0.000386555 -0.00439506 -0.00715385 -0.00982716 0.000596943 -0.000464752 -7.27271e-05 0.00134031 4.33606e-05 -0.012 0.00101318 -0.00615873
internal_weight=60000 32187 27813 600 22929 10501 27213 584 5529 557 26629 5738 46 3050 511 99 12428 256 153 85 52 20891 438 12172 10262 1694 8568 162 104 81 4972 1532 1375 1910 738 55 683 63
internal_count=60000 32187 27813 600 22929 10501 27213 584 5529 557 26629 5738 46 3050 511 99 12428 256 153 85 52 20891 438 12172 10262 1694 8568 162 104 81 4972 1532 1375 1910 738 55 683 63
is_linear=0
shrinkage=0.04


Tree=153
num_leaves=39
num_cat=0
split_feature=135 15 118 15 119 27 101 34 22 39 128 15 102 10 119 23 119 14 124 60 2 122 119 52 102 14 129 24 14 5 111 28 68 90 95 68 101 12
split_gain=5996.66 5671.54 208.686 102.667 11.0682 12.4562 9.31296 7.89108 5.29706 5.18837 4.67508 6.2655 3.60738 2.10103 2.01091 3.44106 1.63213 1.86094 3.46699 5.38185 2.09016 1.35972 2.73609 1.32015 1.29967 3.19074 2.38509 1.96732 1.4842 1.5266 1.14058 1.8876 1.52254 1.68909 1.12157 1.16852 1.13256 1.39345
threshold=1.0000000180025095e-35 0.75000000000000011 1.0000000180025095e-35 0.75000000000000011 0.59866267442703258 0.44228871166706091 1.0000000180025095e-35 0.61718398332595836 0.1528776362538338 0.082387972623109831 -0.70710662007331837 0.75000000000000011 0.83189705014228832 -0.065403074026107774 0.7935827672481538 0.83516499400138866 0.3721448034048081 0.31647910177707678 0.38220947980880743 -0.95642799139022816 1.0000000180025095e-35 1.0000000180025095e-35 0.74709975719451915 1.0000000180025095e-35 0.59573671221733104 0.53617689013481151 0.50000013411045086 -0.97448086738586415 0.49395371973514562 0.36245398223400122 0.98611509799957286 0.087842304259538664 0.79353711009025585 0.054688114672899253 -0.9807852804660796 0.89491757750511181 1.0000000180025095e-35 0.71392521262168895
decision_type=2 2 2 2 2 2 2 2 2 2 2 2 2 2 2 2 2 2 2 2 2 2 2 2 2 2 2 2 2 2 2 2 2 2 2 2 2 2
left_child=2 -2 6 -4 16 23 10 -8 -7 14 11 -1 -11 -13 15 -9 17 18 -3 -20 -21 -12 -23 34 27 28 -27 -18 29 -26 31 -5 33 -33 -6 36 -36 -38
right_child=1 4 3 30 5 8 7 9 -10 12 21 13 -14 -15 -16 -17 24 -19 19 20 -22 22 -24 -25 25 26 -28 -29 -30 -31 -32 32 -34 -35 35 -37 37 -39
leaf_value=0 0 4.2015723148616438e-05 0 -8.1841548365950661e-05 -0.0079324202603660333 -0.00054720105120114725 0 0 0.00055833021529444699 0 0 0 0 0 0 0 -0.066337209766767311 0.00019995995579249727 7.5064055873949925e-06 -3.6901900060973366e-06 -1.3039707497574088e-05 0 0 0.0058653688818408158 -0.0059318562330918628 -0.0090336567801689773 -0.074785122123732464 7.9288584878001517e-05 0.01802845967458595 -0.0028205198134853317 0.00011554420538091909 -0.0092917443814617105 9.6298242773253166e-05 -0.00013709101432917345 0.00031216451763813377 0.0010900860589442847 -0.0051103107022097503 -6.3559472625387617e-05
leaf_weight=2527 9258 68 189 24 26 639 27 78 4890 22 20621 2984 24 59 412 21 24 103 33 21 31 38 400 2439 22 21 25 11618 161 301 150 23 92 122 626 538 440 903
leaf_count=2527 9258 68 189 24 26 639 27 78 4890 22 20621 2984 24 59 412 21 24 103 33 21 31 38 400 2439 22 21 25 11618 161 301 150 23 92 122 626 538 440 903
internal_value=-0.0213307 -0.00957567 -0.0349343 -0.0116 0.00109364 0.00204971 -0.0354488 -0.0304521 0.00335612 -0.0314758 -0.0355584 -0.0345278 -0.0186087 -0.0333053 -0.0326341 -0.0275152 0.000285806 -0.002875 -0.0056732 -0.0110588 -0.0190769 -0.035831 -0.0336256 0.000596943 0.000352284 -0.00158491 -0.0116522 0.000440474 -0.000628099 -0.00219195 -0.000379562 -0.00197701 -0.000894515 -0.00344828 -4.2637e-05 4.30795e-05 -0.000408329 -0.00106329
internal_weight=60000 32187 27813 600 22929 10501 27213 584 5529 557 26629 5570 46 3043 511 99 12428 256 153 85 52 21059 438 4972 12172 530 46 11642 484 323 411 261 237 145 2533 2507 1969 1343
internal_count=60000 32187 27813 600 22929 10501 27213 584 5529 557 26629 5570 46 3043 511 99 12428 256 153 85 52 21059 438 4972 12172 530 46 11642 484 323 411 261 237 145 2533 2507 1969 1343
is_linear=0
shrinkage=0.04


Tree=154
num_leaves=39
num_cat=0
split_feature=135 15 118 15 119 27 101 34 22 39 128 15 119 10 119 6 12 123 9 130 119 6 6 14 119 39 0 5 130 14 119 68 74 122 119 45 95 14
split_gain=5984.63 5662.47 212.201 104.357 11.4046 12.6093 9.31296 7.89108 5.2747 5.18837 4.67508 6.2655 2.48896 2.10103 2.01091 3.44106 1.37976 1.56622 1.88707 1.52739 1.39495 2.70931 2.33422 2.17654 5.48824 1.82522 1.85334 2.56608 4.45575 1.67064 3.74206 1.60836 1.8296 1.35972 2.73609 1.34639 1.28826 1.27535
threshold=1.0000000180025095e-35 0.75000000000000011 1.0000000180025095e-35 0.75000000000000011 0.59866267442703258 0.44228871166706091 1.0000000180025095e-35 0.61718398332595836 0.1528776362538338 0.082387972623109831 -0.70710662007331837 0.75000000000000011 0.83908137679100048 -0.065403074026107774 0.7935827672481538 0.83520823717117321 0.90145155787467968 1.0000000180025095e-35 -0.98611503839492787 1.8056199550628664 0.41975449025630956 0.77649730443954479 0.90576907992362987 0.41022963821887976 0.47632130980491644 0.28642158210277563 0.46247483789920812 0.44925372302532202 1.5762546658515932 0.3239296823740006 0.387991413474083 0.56430265307426464 0.8575461506843568 1.0000000180025095e-35 0.74709975719451915 -0.032616838812828057 -0.9807852804660796 0.42232480645179754
decision_type=2 2 2 2 2 2 2 2 2 2 2 2 2 2 2 2 2 2 2 2 2 2 2 2 2 2 2 2 2 2 2 2 2 2 2 2 2 2
left_child=2 -2 6 -4 16 36 10 -8 -7 14 11 -1 -11 -13 15 -9 17 20 19 -19 21 -3 -23 31 25 -25 27 -27 -29 -24 -31 -22 -33 -12 -35 -26 -6 -37
right_child=1 4 3 -5 5 8 7 9 -10 12 33 13 -14 -15 -16 -17 -18 18 -20 -21 23 22 29 24 35 26 -28 28 -30 30 -32 32 -34 34 -36 37 -38 -39
leaf_value=0 0 -0.00095620270890394658 0 -3.1484881138304497e-05 -0.0076151234499513918 -0.00052531300915308889 0 0 0.00053599700668268465 0 0 0 0 0 0 0 0.00073205581719894828 -0.043518604539556097 -0.0055930903736878066 -0.0035850278827616482 0.00095951644563950457 3.6183165796597959e-07 4.8589739562963792e-05 -0.0030997661074494065 -0.015143286615946668 0.00038199340747886197 -0.00079652407565788269 -1.053423086856896e-05 -0.00059102068589351694 -0.0027534725270539897 -0.0010260001640716896 -0.018436657333525588 0.016274841356702957 0 0 0.0078263925544504228 0.00066742521975685423 8.2058451619350091e-05
leaf_weight=2527 9258 31 189 411 26 639 27 78 4890 20 20621 2984 26 59 412 21 2134 81 546 106 957 952 42 38 46 21 279 23 24 39 103 28 29 38 400 372 4946 6577
leaf_count=2527 9258 31 189 411 26 639 27 78 4890 20 20621 2984 26 59 412 21 2134 81 546 106 957 952 42 38 46 21 279 23 24 39 103 28 29 38 400 372 4946 6577
internal_value=-0.02134 -0.00959679 -0.03493 -0.0114 0.00106398 0.00203447 -0.0354488 -0.0304521 0.00334889 -0.0314758 -0.0355584 -0.0345278 -0.0186087 -0.0333053 -0.0326341 -0.0275152 0.000243965 5.20693e-05 -0.00172988 -0.00519786 0.000188683 -0.00110711 -0.000788732 0.000368835 0.000130081 -0.00451948 -0.00360807 -0.00952941 -0.0147234 -0.00491304 -0.00698592 0.00210651 -0.00442105 -0.035831 -0.0336256 0.00038599 0.000572808 0.000431141
internal_weight=60000 32187 27813 600 22929 10501 27213 584 5529 557 26629 5570 46 3043 511 99 12428 10294 733 187 9561 1167 1136 8394 7380 385 347 68 47 184 142 1014 57 21059 438 6995 4972 6949
internal_count=60000 32187 27813 600 22929 10501 27213 584 5529 557 26629 5570 46 3043 511 99 12428 10294 733 187 9561 1167 1136 8394 7380 385 347 68 47 184 142 1014 57 21059 438 6995 4972 6949
is_linear=0
shrinkage=0.04


Tree=155
num_leaves=39
num_cat=0
split_feature=135 15 101 15 124 119 27 68 22 111 15 27 90 113 2 12 11 122 119 119 6 12 123 123 9 119 31 0 119 124 27 9 125 31 119 23 31 7
split_gain=5981.69 5659.8 154.374 76.2223 103.85 11.4305 12.7559 5.92347 5.2747 4.648 6.64501 2.82203 2.47872 1.96725 1.41482 1.40869 1.38831 1.36536 2.73609 1.27772 3.41564 1.27763 2.78452 1.13885 1.53539 1.29671 2.59297 4.41276 4.14512 4.06003 3.92857 2.65696 2.69129 2.40006 2.61215 3.09622 4.07411 2.00454
threshold=1.0000000180025095e-35 0.75000000000000011 1.0000000180025095e-35 0.75000000000000011 0.030841578729450706 0.59866267442703258 0.44228871166706091 0.65515419840812694 0.1528776362538338 -0.63405361771583546 0.75000000000000011 1.0000000180025095e-35 0.050832340493798263 0.34234426915645605 1.0000000180025095e-35 0.90145155787467968 -0.0313991792500019 1.0000000180025095e-35 0.74709975719451915 0.81879276037216198 0.8601759970188142 0.54782027006149303 1.0000000180025095e-35 1.0000000180025095e-35 -0.98611503839492787 0.48003464937210089 0.3916513472795487 0.46247483789920812 0.41975449025630956 0.42236845195293432 0.065403342247009291 -0.4711442738771438 0.82440185546875011 0.33297631144523626 0.387991413474083 0.90580138564109813 0.3239296823740006 -0.21184953302145001
decision_type=2 2 2 2 2 2 2 2 2 2 2 2 2 2 2 2 2 2 2 2 2 2 2 2 2 2 2 2 2 2 2 2 2 2 2 2 2 2
left_child=2 -2 9 -4 7 15 21 -5 -8 10 -1 -12 13 14 -9 16 -3 -11 -19 20 -15 22 -7 25 -25 26 28 29 33 37 -31 -29 -33 34 35 -18 -37 -28
right_child=1 5 3 4 -6 6 8 12 -10 17 11 -13 -14 19 -16 -17 23 18 -20 -21 -22 -23 -24 24 -26 -27 27 31 -30 30 -32 32 -34 -35 -36 36 -38 -39
leaf_value=0 0 -0.010822855899874764 0 0 -3.1089179417621744e-05 -0.00013846221880762751 -0.00050430048878695617 0 0.0005145571264153759 0 0 0 0 0 0 0.00070277358451098667 -2.7935117437014817e-06 0 0 0 0 0.00072792207120739468 -0.088286895333318446 -0.028921804015182954 -0.0034165845222548161 0.00012590293630910458 -0.0034906651492871256 2.7180215169854035e-05 0.058177620085523019 -0.00081993942916018384 -2.9493446617232279e-05 2.9362962589049371e-05 -0.0037411182527554354 -0.00059046178602705488 0.16541472206373839 2.2370635710199763e-05 -0.0040131916248413871 -1.287052260488029e-06
leaf_weight=2688 9258 142 365 24 419 369 639 25 4890 20453 2984 66 34 102 32 2134 469 38 400 163 20 4573 30 187 534 7222 22 400 412 21 45 56 52 318 268 28 32 86
leaf_count=2688 9258 142 365 24 419 369 639 25 4890 20453 2984 66 34 102 32 2134 469 38 400 163 20 4573 30 187 534 7222 22 400 412 21 45 56 52 318 268 28 32 86
internal_value=-0.0213433 -0.00960301 -0.03493 -0.0207973 -0.014022 0.00105526 0.00202685 -0.0286 0.00334889 -0.0355584 -0.03455 -0.0332721 -0.0298298 -0.0308538 -0.0240702 0.00023431 4.0412e-05 -0.0358353 -0.0336256 -0.0322105 -0.0291148 0.000556718 -0.00161403 9.53508e-05 -0.00143689 0.000212491 -0.000635582 -0.00268622 0.000280288 -0.00818391 -0.016 -0.000803149 -0.00637037 -0.000986547 0.000185697 -0.00144423 -0.01 -0.00340741
internal_weight=60000 32187 27813 1184 819 22929 10501 400 5529 26629 5738 3050 376 342 57 12428 10294 20891 438 285 122 4972 399 10152 721 9431 2209 682 1527 174 66 508 108 1115 797 529 60 108
internal_count=60000 32187 27813 1184 819 22929 10501 400 5529 26629 5738 3050 376 342 57 12428 10294 20891 438 285 122 4972 399 10152 721 9431 2209 682 1527 174 66 508 108 1115 797 529 60 108
is_linear=0
shrinkage=0.04


Tree=156
num_leaves=39
num_cat=0
split_feature=135 32 118 32 101 62 34 39 128 32 85 35 85 85 14 44 85 14 51 85 14 108 125 56 14 130 120 51 10 96 17 85 107 14 14 9 32 113
split_gain=5982.87 5660.87 212.201 104.357 9.31296 8.66986 7.89108 5.18837 4.67508 6.2655 2.7961 3.59584 2.69829 2.31219 4.92273 3.51692 3.08843 2.66125 2.82318 2.63178 3.11482 2.59744 2.79369 2.27651 2.25368 2.1558 2.11366 2.10521 2.10103 2.0004 1.88271 1.81332 2.82134 1.78419 1.76042 1.72024 1.61957 1.95966
threshold=1.0000000180025095e-35 0.75000000000000011 1.0000000180025095e-35 0.75000000000000011 1.0000000180025095e-35 0.17434781789779666 0.61718398332595836 0.082387972623109831 -0.70710662007331837 0.75000000000000011 0.59288045763969432 1.0000000180025095e-35 0.83950164914131176 0.54806599020957958 0.47904258966445928 0.38268351554870611 0.51791894435882579 0.488080844283104 0.52773162722587597 0.54450696706771862 0.48630662262439733 0.87407296895980846 0.89383989572525036 0.12434308603405954 0.48477640748023992 1.1595533490180971 1.0000000180025095e-35 0.54207453131675731 -0.065403074026107774 0.38252201676368719 0.76207387447357189 0.59827139973640453 0.1043694131076336 0.51995083689689647 0.51995083689689647 -0.98611503839492787 0.75000000000000011 0.34234426915645605
decision_type=2 2 2 2 2 2 2 2 2 2 2 2 2 2 2 2 2 2 2 2 2 2 2 2 2 2 2 2 2 2 2 2 2 2 2 2 2 2
left_child=2 -2 4 -4 8 10 -6 36 9 -1 34 30 -9 14 16 -15 -7 18 -16 20 21 27 -23 -13 -21 -24 -17 29 -11 -20 -12 33 -33 -28 -3 -31 -8 -38
right_child=1 5 3 -5 6 13 7 12 -10 28 11 23 -14 15 17 26 -18 -19 19 24 -22 22 25 -25 -26 -27 31 -29 -30 35 -32 32 -34 -35 -36 -37 37 -39
leaf_value=0 0 0.00051472674589625564 0 -2.8981918716067448e-05 0 -1.0864154756830803e-07 0 0 0 0 -0.062645075675463749 0.00015634171707072617 0 0.00031855685261964395 0.0011173423479653628 -0.037982440399173721 0.0044511787673684874 -1.6599227652562989e-07 0.00054780299678394012 0.084550666853782028 0.00019863878399777141 -0.029522606969931271 -0.0058632862371902064 0.00049397484135877085 -0.0051429603503727987 -0.00025128583055677891 0.00072247593522988039 0.00045328651396886292 0 -4.4781344843064962e-05 0.00053344383915550559 -0.001051720547892995 0.00049989692510177264 -0.00030813621200992939 -0.0015987209572252204 -0.0011202022890410108 0 0
leaf_weight=2527 9258 1408 189 411 27 4715 158 24 21059 2984 20 270 22 5812 86 64 1583 372 30 68 62 54 26 3074 26 29 1904 55 59 21 537 357 1626 611 44 75 59 294
leaf_count=2527 9258 1408 189 411 27 4715 158 24 21059 2984 20 270 22 5812 86 64 1583 372 30 68 62 54 26 3074 26 29 1904 55 59 21 537 357 1626 611 44 75 59 294
internal_value=-0.021342 -0.00960052 -0.03493 -0.0114 -0.0354488 0.00105875 -0.0304521 -0.0314758 -0.0355584 -0.0345278 0.00246815 0.00302589 -0.0186087 0.000629495 7.88671e-05 0.00101176 0.000475072 -0.00268142 -0.00449624 -0.00577578 -0.00736364 -0.00910345 -0.0139817 0.00352153 0.000170213 -0.00763636 0.00184305 -0.00616575 -0.0333053 -0.00901587 5.02694e-05 0.00194575 0.00285023 0.0012326 0.000969697 -0.0118333 -0.0326341 -0.0311275
internal_weight=60000 32187 27813 600 27213 22929 584 557 26629 5570 5353 3901 46 17576 7202 10374 6298 904 532 446 352 290 109 3344 94 55 4562 181 3043 126 557 4498 1983 2515 1452 96 511 353
internal_count=60000 32187 27813 600 27213 22929 584 557 26629 5570 5353 3901 46 17576 7202 10374 6298 904 532 446 352 290 109 3344 94 55 4562 181 3043 126 557 4498 1983 2515 1452 96 511 353
is_linear=0
shrinkage=0.04


Tree=157
num_leaves=39
num_cat=0
split_feature=135 32 118 32 119 10 101 102 22 6 128 32 119 39 10 122 119 12 123 12 24 74 119 14 51 14 85 28 121 13 62 93 51 119 109 14 10 14
split_gain=5996.97 5673.67 212.201 104.357 10.1335 12.6274 9.31296 7.69157 5.29879 4.74567 4.67508 6.2655 2.7372 2.64018 2.10103 1.35972 2.73609 1.34356 1.43708 1.68979 1.33237 1.5842 1.48923 1.47788 1.60119 2.04784 2.86451 1.93393 1.51985 2.57457 3.38519 2.25237 2.1364 2.91235 2.19172 2.49449 2.43016 1.92957
threshold=1.0000000180025095e-35 0.75000000000000011 1.0000000180025095e-35 0.75000000000000011 0.59866267442703258 0.50000013411045086 1.0000000180025095e-35 0.76524153351783764 0.1528776362538338 0.83981725573539745 -0.70710662007331837 0.75000000000000011 0.7259977161884309 0.082387972623109831 -0.065403074026107774 1.0000000180025095e-35 0.74709975719451915 0.58081284165382396 1.0000000180025095e-35 0.50244787335395824 -0.5956532061100005 0.85798493027687084 0.51532536745071422 0.51995083689689647 0.58662408590316784 0.52936649322509777 0.57328030467033397 1.7696186900138857 1.0000000180025095e-35 0.76363638043403637 1.0387094616889956 1.6523885130882265 0.49607093632221227 0.5666412115097047 -0.28512722253799433 0.42345251142978674 0.95642799139022838 0.44886726140975958
decision_type=2 2 2 2 2 2 2 2 2 2 2 2 2 2 2 2 2 2 2 2 2 2 2 2 2 2 2 2 2 2 2 2 2 2 2 2 2 2
left_child=2 -2 6 -4 20 17 10 9 -7 12 11 -1 -8 -9 -13 -12 -17 18 -6 -20 21 -3 -22 28 25 26 -25 -28 29 30 32 -31 -24 37 35 -35 -37 -34
right_child=1 4 3 -5 5 8 7 13 -10 -11 15 14 -14 -15 -16 16 -18 -19 19 -21 22 -23 23 24 -26 -27 27 -29 -30 31 -32 -33 33 34 -36 36 -38 -39
leaf_value=0 0 -0.0013722166622515792 0 -2.7822641967424748e-05 -0.00010472886380790638 -0.0005084984544282057 0 0 0.00047421584770443562 0 0 0 0 0 0 0 0 0.00080284939694744671 -0.087314125466579032 0.006746952945849447 -3.0009940517246936e-07 0.00034876667804166771 1.0086541106052777e-05 4.0155885458120594e-06 0.00032315657608307443 -0.00012218940644952825 -0.0043549729753961366 -0.000931465884503347 0.0007076060347386262 0.063794696798643344 0.018555752809357114 -0.0052086490178440796 -0.0023068488556316339 -0.0012335665747067179 0.00019600922194623491 0.00087296203954949955 -0.0078657040990446399 -0.0087271417805448049
leaf_weight=2527 9258 514 189 411 553 639 23 437 4802 23 20621 2984 62 39 59 38 400 4460 22 25 4833 423 107 66 492 208 56 24 4520 386 304 239 50 25 79 38 26 38
leaf_count=2527 9258 514 189 411 553 639 23 437 4802 23 20621 2984 62 39 59 38 400 4460 22 25 4833 423 107 66 492 208 56 24 4520 386 304 239 50 25 79 38 26 38
internal_value=-0.021326 -0.0095707 -0.03493 -0.0114 0.00110062 0.00201543 -0.0354488 -0.0304521 0.00335306 -0.0208148 -0.0355584 -0.0345278 -0.0251765 -0.0326387 -0.0333053 -0.035831 -0.0336256 0.000577075 -0.0012 -0.00791489 0.000327647 -0.00112273 0.000445914 0.000833884 -0.000728132 -0.00277966 -0.00641096 -0.0115 0.00106125 -0.000148607 -0.00187706 0.001696 -0.00448485 -0.00646875 -0.00338095 -0.00768539 -0.0035 -0.0123636
internal_weight=60000 32187 27813 600 22929 10501 27213 584 5441 108 26629 5570 85 476 3043 21059 438 5060 600 47 12428 937 11491 6658 846 354 146 80 5812 1292 667 625 363 256 168 89 64 88
internal_count=60000 32187 27813 600 22929 10501 27213 584 5441 108 26629 5570 85 476 3043 21059 438 5060 600 47 12428 937 11491 6658 846 354 146 80 5812 1292 667 625 363 256 168 89 64 88
is_linear=0
shrinkage=0.04


Tree=158
num_leaves=39
num_cat=0
split_feature=135 15 118 15 119 27 101 34 22 39 128 15 102 10 119 6 122 119 12 123 12 119 102 14 40 13 119 14 128 14 14 106 68 14 0 25 14 9
split_gain=5996.97 5673.67 212.201 104.357 9.88189 12.9182 9.31296 7.89108 5.23014 5.18837 4.67508 6.2655 3.60738 2.10103 2.01091 3.44106 1.35972 2.73609 1.27386 1.58897 2.05444 1.236 1.37498 3.48431 1.56877 1.53116 2.22784 2.24508 1.7259 1.35506 1.34604 1.85327 2.11315 2.38776 4.79449 2.7372 1.99973 2.30696
threshold=1.0000000180025095e-35 0.75000000000000011 1.0000000180025095e-35 0.75000000000000011 0.59866267442703258 0.44228871166706091 1.0000000180025095e-35 0.61718398332595836 0.1528776362538338 0.082387972623109831 -0.70710662007331837 0.75000000000000011 0.83189705014228832 -0.065403074026107774 0.7935827672481538 0.83520823717117321 1.0000000180025095e-35 0.74709975719451915 0.58081284165382396 1.0000000180025095e-35 0.50244787335395824 0.51532536745071422 0.59573671221733104 0.53617689013481151 0.80907076597213756 0.93636366724967968 0.56429719924926769 0.48106098175048834 0.88144910335540783 0.50461712479591381 0.43158185482025152 1.0000000180025095e-35 0.48565131425857549 0.36030563712120062 0.46247483789920812 1.9210565686225893 0.41325272619724279 0.065403021872043623
decision_type=2 2 2 2 2 2 2 2 2 2 2 2 2 2 2 2 2 2 2 2 2 2 2 2 2 2 2 2 2 2 2 2 2 2 2 2 2 2
left_child=2 -2 6 -4 21 18 10 -8 -7 14 11 -1 -11 -13 15 -9 -12 -18 19 -6 -21 30 25 29 -25 -23 27 -27 -29 -24 31 32 33 -3 35 -35 -36 -38
right_child=1 4 3 -5 5 8 7 9 -10 12 16 13 -14 -15 -16 -17 17 -19 -20 20 -22 22 23 24 -26 26 -28 28 -30 -31 -32 -33 -34 34 36 -37 37 -39
leaf_value=0 0 5.3371118211557209e-05 0 -2.6709736288727759e-05 -0.00010053970925559013 -0.00048815851625108695 0 0 0.00045524721379624822 0 0 0 0 0 0 0 0 0 0.00070632309583868672 -0.090581550876542447 0.006477074828015468 0.00013805209165216001 -0.0038597975682899254 -0.061311542897757233 -0.07184290001194249 0.1239140946365386 0.003399615169536564 -7.2962047728520026e-05 -0.00357857284412596 0.089572645949458018 -0.00021611982540462857 -0.00561251339817735 0.061922797591237151 -0.00021534440435502553 0.082647061993596338 -0.0069324604011351404 -0.00047884300920041713 -0.0028942000333087355
leaf_weight=2527 9258 1796 189 411 545 639 27 78 4890 22 20621 2984 24 59 412 21 38 400 4382 20 25 4823 309 23 22 586 710 646 36 119 1171 460 527 319 415 40 367 59
leaf_count=2527 9258 1796 189 411 545 639 27 78 4890 22 20621 2984 24 59 412 21 38 400 4382 20 25 4823 309 23 22 586 710 646 36 119 1171 460 527 319 415 40 367 59
internal_value=-0.021326 -0.0095707 -0.03493 -0.0114 0.00110062 0.002004 -0.0354488 -0.0304521 0.00333442 -0.0314758 -0.0355584 -0.0345278 -0.0186087 -0.0333053 -0.0326341 -0.0275152 -0.035831 -0.0336256 0.000524538 -0.00122034 -0.00844444 0.000337303 0.000673082 -0.00141226 -0.012 0.000818115 0.00175531 0.000750789 -0.000809384 -0.000299065 -0.000136593 0.000213909 0.000525688 0.00011482 -0.00126667 -0.00513649 0.000385256 -0.00153991
internal_weight=60000 32187 27813 600 22929 10501 27213 584 5529 557 26629 5570 46 3043 511 99 21059 438 4972 590 45 12428 7274 473 45 6801 1978 1268 682 428 5154 3983 3523 2996 1200 359 841 426
internal_count=60000 32187 27813 600 22929 10501 27213 584 5529 557 26629 5570 46 3043 511 99 21059 438 4972 590 45 12428 7274 473 45 6801 1978 1268 682 428 5154 3983 3523 2996 1200 359 841 426
is_linear=0
shrinkage=0.04


Tree=159
num_leaves=39
num_cat=0
split_feature=135 15 118 15 119 27 101 34 22 39 128 15 85 10 119 6 36 119 14 5 109 123 92 14 45 11 28 122 119 95 130 30 12 51 109 75 6 119
split_gain=5980.52 5658.74 212.201 104.357 10.9794 12.9182 9.31296 7.89108 5.23014 5.18837 4.67508 6.2655 2.69829 2.10103 2.01091 3.44106 1.47319 1.72757 2.60282 5.03731 6.00824 1.51333 1.68542 2.00378 1.80356 1.83256 1.50116 1.35972 2.73609 1.35402 1.24804 1.67326 1.83704 2.14995 1.53863 2.79894 1.23467 1.48146
threshold=1.0000000180025095e-35 0.75000000000000011 1.0000000180025095e-35 0.75000000000000011 0.59866267442703258 0.44228871166706091 1.0000000180025095e-35 0.61718398332595836 0.1528776362538338 0.082387972623109831 -0.70710662007331837 0.75000000000000011 0.83950164914131176 -0.065403074026107774 0.7935827672481538 0.83520823717117321 1.0000000180025095e-35 0.3721448034048081 0.31647910177707678 0.4573932439088822 1.0442103147506716 1.0000000180025095e-35 0.98058524727821361 0.51995083689689647 0.10173121467232706 2.0615574121475224 -0.15832814574241635 1.0000000180025095e-35 0.74709975719451915 0.99144491553306591 1.1742641329765322 0.76363638043403637 0.90145155787467968 0.66868865489959728 -0.61823990941047657 -0.70801800489425648 0.81603065133094799 0.51532536745071422
decision_type=2 2 2 2 2 2 2 2 2 2 2 2 2 2 2 2 2 2 2 2 2 2 2 2 2 2 2 2 2 2 2 2 2 2 2 2 2 2
left_child=2 -2 6 -4 16 -6 10 -8 -7 14 11 -1 -11 -13 15 -9 29 18 19 -18 -21 22 23 26 -25 -26 -19 -12 -29 30 34 32 33 -32 35 -3 37 -23
right_child=1 4 3 -5 5 8 7 9 -10 12 27 13 -14 -15 -16 -17 17 21 -20 20 -22 36 -24 24 25 -27 -28 28 -30 -31 31 -33 -34 -35 -36 -37 -38 -39
leaf_value=0 0 0.00043803066294877319 0 -2.5641346837178644e-05 0.00047326621551957757 -0.00046863217560103021 0 0 0.00043703732524438268 0 0 0 0 0 0 0 1.4565679848961544e-05 -0.056226934198376821 0.00020651159675776233 -1.4710723280846565e-05 -2.9285984602165407e-06 -0.024571347532392127 0.00017792044611737221 -0.0023204272036070157 -0.00032303742798064336 -0.0027850970164496657 0.00016581163450479821 0 0 -0.002114117380194016 -0.00016449534055331858 -0.0014308056712869161 0.11771865686229013 -0.057500001359508238 0.00036408484028411549 -0.003920945713709342 -0.00034424264727408874 -0.0076322847789530805
leaf_weight=2527 9258 27 189 411 4972 639 27 78 4890 24 20621 2984 22 59 412 21 67 39 78 26 28 47 2196 24 505 37 6625 38 400 22 586 820 174 28 609 21 356 113
leaf_count=2527 9258 27 189 411 4972 639 27 78 4890 24 20621 2984 22 59 412 21 67 39 78 26 28 47 2196 24 505 37 6625 38 400 22 586 820 174 28 609 21 356 113
internal_value=-0.0213447 -0.00960549 -0.03493 -0.0114 0.00105177 0.002004 -0.0354488 -0.0304521 0.00333442 -0.0314758 -0.0355584 -0.0345278 -0.0186087 -0.0333053 -0.0326341 -0.0275152 0.000247184 0.000453999 -0.00323618 -0.00690909 -0.016 0.000527862 0.000643327 0.000348548 -0.0019364 -0.00146125 0.000542617 -0.035831 -0.0336256 -0.000669873 -0.000573951 -0.00117413 0.000142132 -0.000885993 0.000894977 -0.006 -0.0015814 -0.0045
internal_weight=60000 32187 27813 600 22929 10501 27213 584 5529 557 26629 5570 46 3043 511 99 12428 10141 199 121 54 9942 9426 7230 566 542 6664 21059 438 2287 2265 1608 788 614 657 48 516 160
internal_count=60000 32187 27813 600 22929 10501 27213 584 5529 557 26629 5570 46 3043 511 99 12428 10141 199 121 54 9942 9426 7230 566 542 6664 21059 438 2287 2265 1608 788 614 657 48 516 160
is_linear=0
shrinkage=0.04


end of trees

feature_importances:
Column_119=972
Column_14=871
Column_15=356
Column_102=339
Column_10=189
Column_85=175
Column_12=158
Column_118=145
Column_101=144
Column_135=140
Column_128=138
Column_34=129
Column_68=106
Column_31=98
Column_17=94
Column_6=91
Column_51=80
Column_22=74
Column_48=71
Column_39=62
Column_120=62
Column_32=61
Column_13=60
Column_5=57
Column_56=57
Column_73=56
Column_107=52
Column_0=50
Column_27=50
Column_122=49
Column_130=49
Column_111=45
Column_123=45
Column_24=43
Column_124=38
Column_7=36
Column_9=36
Column_96=36
Column_23=35
Column_121=32
Column_62=28
Column_18=27
Column_90=27
Column_113=25
Column_11=23
Column_28=23
Column_127=23
Column_8=22
Column_109=22
Column_44=21
Column_79=21
Column_41=17
Column_52=17
Column_106=17
Column_58=16
Column_84=15
Column_125=15
Column_43=14
Column_26=13
Column_126=13
Column_30=12
Column_42=12
Column_45=12
Column_59=12
Column_76=12
Column_92=12
Column_93=12
Column_29=11
Column_1=10
Column_25=10
Column_57=10
Column_60=10
Column_70=10
Column_75=10
Column_77=10
Column_87=9
Column_95=9
Column_40=8
Column_61=8
Column_74=8
Column_94=8
Column_112=7
Column_129=7
Column_36=5
Column_46=5
Column_78=5
Column_108=5
Column_20=4
Column_91=4
Column_103=4
Column_104=4
Column_2=3
Column_3=3
Column_35=3
Column_49=3
Column_69=3
Column_72=3
Column_110=3
Column_19=2
Column_53=2
Column_86=2
Column_105=2
Column_37=1
Column_47=1
Column_54=1
Column_63=1
Column_71=1
Column_88=1

parameters:
[boosting: gbdt]
[objective: quantile]
[metric: quantile]
[tree_learner: serial]
[device_type: cpu]
[data_sample_strategy: bagging]
[data: ]
[valid: ]
[num_iterations: 160]
[learning_rate: 0.04]
[num_leaves: 39]
[num_threads: 4]
[seed: 1793]
[deterministic: 0]
[force_col_wise: 0]
[force_row_wise: 0]
[histogram_pool_size: -1]
[max_depth: -1]
[min_data_in_leaf: 20]
[min_sum_hessian_in_leaf: 0.001]
[bagging_fraction: 0.9]
[pos_bagging_fraction: 1]
[neg_bagging_fraction: 1]
[bagging_freq: 0]
[bagging_seed: 12028]
[bagging_by_query: 0]
[feature_fraction: 0.85]
[feature_fraction_bynode: 1]
[feature_fraction_seed: 25270]
[extra_trees: 0]
[extra_seed: 7303]
[early_stopping_round: 0]
[early_stopping_min_delta: 0]
[first_metric_only: 0]
[max_delta_step: 0]
[lambda_l1: 0]
[lambda_l2: 0]
[linear_lambda: 0]
[min_gain_to_split: 0]
[drop_rate: 0.1]
[max_drop: 50]
[skip_drop: 0.5]
[xgboost_dart_mode: 0]
[uniform_drop: 0]
[drop_seed: 4593]
[top_rate: 0.2]
[other_rate: 0.1]
[min_data_per_group: 100]
[max_cat_threshold: 32]
[cat_l2: 10]
[cat_smooth: 10]
[max_cat_to_onehot: 4]
[top_k: 20]
[monotone_constraints: ]
[monotone_constraints_method: basic]
[monotone_penalty: 0]
[feature_contri: ]
[forcedsplits_filename: ]
[refit_decay_rate: 0.9]
[cegb_tradeoff: 1]
[cegb_penalty_split: 0]
[cegb_penalty_feature_lazy: ]
[cegb_penalty_feature_coupled: ]
[path_smooth: 0]
[interaction_constraints: ]
[verbosity: -1]
[saved_feature_importance_type: 0]
[use_quantized_grad: 0]
[num_grad_quant_bins: 4]
[quant_train_renew_leaf: 0]
[stochastic_rounding: 1]
[linear_tree: 0]
[max_bin: 255]
[max_bin_by_feature: ]
[min_data_in_bin: 3]
[bin_construct_sample_cnt: 200000]
[data_random_seed: 5893]
[is_enable_sparse: 1]
[enable_bundle: 1]
[use_missing: 1]
[zero_as_missing: 0]
[feature_pre_filter: 1]
[pre_partition: 0]
[two_round: 0]
[header: 0]
[label_column: ]
[weight_column: ]
[group_column: ]
[ignore_column: ]
[categorical_feature: ]
[forcedbins_filename: ]
[precise_float_parser: 0]
[parser_config_file: ]
[objective_seed: 21735]
[num_class: 1]
[is_unbalance: 0]
[scale_pos_weight: 1]
[sigmoid: 1]
[boost_from_average: 1]
[reg_sqrt: 0]
[alpha: 0.1]
[fair_c: 1]
[poisson_max_delta_step: 0.7]
[tweedie_variance_power: 1.5]
[lambdarank_truncation_level: 30]
[lambdarank_norm: 1]
[label_gain: ]
[lambdarank_position_bias_regularization: 0]
[eval_at: ]
[multi_error_top_k: 1]
[auc_mu_weights: ]
[num_machines: 1]
[local_listen_port: 12400]
[time_out: 120]
[machine_list_filename: ]
[machines: ]
[gpu_platform_id: -1]
[gpu_device_id: -1]
[gpu_use_dp: 0]
[num_gpu: 1]

end of parameters

pandas_categorical:null
