tree
version=v4
num_class=1
num_tree_per_iteration=1
label_index=0
max_feature_idx=135
objective=regression_l1
feature_names=Column_0 Column_1 Column_2 Column_3 Column_4 Column_5 Column_6 Column_7 Column_8 Column_9 Column_10 Column_11 Column_12 Column_13 Column_14 Column_15 Column_16 Column_17 Column_18 Column_19 Column_20 Column_21 Column_22 Column_23 Column_24 Column_25 Column_26 Column_27 Column_28 Column_29 Column_30 Column_31 Column_32 Column_33 Column_34 Column_35 Column_36 Column_37 Column_38 Column_39 Column_40 Column_41 Column_42 Column_43 Column_44 Column_45 Column_46 Column_47 Column_48 Column_49 Column_50 Column_51 Column_52 Column_53 Column_54 Column_55 Column_56 Column_57 Column_58 Column_59 Column_60 Column_61 Column_62 Column_63 Column_64 Column_65 Column_66 Column_67 Column_68 Column_69 Column_70 Column_71 Column_72 Column_73 Column_74 Column_75 Column_76 Column_77 Column_78 Column_79 Column_80 Column_81 Column_82 Column_83 Column_84 Column_85 Column_86 Column_87 Column_88 Column_89 Column_90 Column_91 Column_92 Column_93 Column_94 Column_95 Column_96 Column_97 Column_98 Column_99 Column_100 Column_101 Column_102 Column_103 Column_104 Column_105 Column_106 Column_107 Column_108 Column_109 Column_110 Column_111 Column_112 Column_113 Column_114 Column_115 Column_116 Column_117 Column_118 Column_119 Column_120 Column_121 Column_122 Column_123 Column_124 Column_125 Column_126 Column_127 Column_128 Column_129 Column_130 Column_131 Column_132 Column_133 Column_134 Column_135
feature_infos=[0.10000000149011612:0.99000000953674316] [0:1] [0:1] [0:1] [0:1] [8.9605646280688234e-06:1] [0.72000002861022949:0.94999998807907104] [-2.2304270267486572:4.5799708366394043] [-1.4650466442108154:2.2383532524108887] [-1:1] [-1:1] [-2.2197098731994629:4.5123190879821777] [0.40000000596046448:1.1283930540084839] [0.65454542636871338:1] [0.30887460708618164:0.54773259162902832] [0:1] [0:1] [0.10000000149011612:0.99000000953674316] [0:1] [0:1] [0:1] [0:1] [2.9007594548602356e-06:1] [0.72000002861022949:0.94999998807907104] [-2.2304270267486572:4.5799708366394043] [-1.4650466442108154:2.2383532524108887] [-1:1] [-1:1] [-2.2197098731994629:4.5123190879821777] [0.40000000596046448:1.1283930540084839] [0.65454542636871338:1] [0.30887460708618164:0.54773259162902832] [0:1] [0:1] [0.10000000149011612:0.99000000953674316] [0:1] [0:1] [0:1] [0:1] [2.7974447220913135e-05:1] [0.72000002861022949:0.94999998807907104] [-2.2304270267486572:4.5799708366394043] [-1.4154644012451172:2.2383532524108887] [-1:1] [-1:1] [-2.2197098731994629:4.5123190879821777] [0.40000000596046448:1.1283930540084839] [0.65454542636871338:1] [0.30887460708618164:0.54773259162902832] [0:1] [0:1] [0.10000000149011612:0.99000000953674316] [0:1] [0:1] [0:1] [0:1] [6.3697494624648243e-05:1] [0.72000002861022949:0.94999998807907104] [-2.2304270267486572:4.5799708366394043] [-1.4650466442108154:2.2383532524108887] [-1:1] [-1:1] [-2.2197098731994629:4.5123190879821777] [0.40000000596046448:1.1283930540084839] [0.65454542636871338:1] [0.30887460708618164:0.54773259162902832] [0:1] [0:1] [0.10000000149011612:0.99000000953674316] [0:1] [0:1] [0:1] [0:1] [1.1920928955078125e-07:1] [0.72000002861022949:0.94999998807907104] [-2.2304270267486572:4.5799708366394043] [-1.4650466442108154:2.2383532524108887] [-1:1] [-1:1] [-2.2197098731994629:4.5123190879821777] [0.40000000596046448:1.1283930540084839] [0.65454542636871338:1] [0.30887460708618164:0.54773259162902832] [0:1] [0:1] [0.10000000149011612:0.99000000953674316] [0:1] [0:1] [0:1] [0:1] [5.8809914662560914e-06:0.99999207258224487] [0.72000002861022949:0.94999998807907104] [-2.2304270267486572:4.5799708366394043] [-1.4650466442108154:2.2383532524108887] [-1:1] [-1:1] [-2.2197098731994629:4.5123190879821777] [0.40000000596046448:1.1283930540084839] [0.65454542636871338:1] [0.30887460708618164:0.54773259162902832] [0:1] [0:1] [0.10000000149011612:0.99000000953674316] [0:1] [0:1] [0:1] [0:1] [3.9259593904716894e-05:1] [0.72000002861022949:0.94999998807907104] [-2.2304270267486572:4.5799708366394043] [-1.4650466442108154:2.2383532524108887] [-1:1] [-1:1] [-2.2197098731994629:4.5123190879821777] [0.40000000596046448:1.1283930540084839] [0.65454542636871338:1] [0.30887460708618164:0.54773259162902832] [0:1] [0:1] [0.10000000149011612:0.99000000953674316] [0:1] [0:1] [0:1] [0:1] [1.5894571561148041e-06:1] [0.72000002861022949:0.94999998807907104] [-2.2304270267486572:4.5799708366394043] [-1.4650466442108154:2.2383532524108887] [-1:1] [-1:1] [-2.2197098731994629:4.5123190879821777] [0.40000000596046448:1.1283930540084839] [0.65454542636871338:1] [0.30887460708618164:0.54773259162902832] [0:1] [0:1]
tree_sizes=3245 3332 3367 3434 3414 3516 3516 3530 3567 3606 3602 3614 3610 3617 3617 3607 3608 3609 3618 3601 3611 3598 3609 3603 3594 3612 3580 3607 3629 3633 3628 3620 3621 3630 3614 3589 3595 3588 3601 3587 3611 3616 3601 3603 3605 3614 3610 3619 3620 3610 3615 3613 3604 3612 3619 3618 3601 3641 3633 3639 3637 3629 3635 3637 3639 3648 3651 3584 3637 3640 3619 3628 3632 3643 3646 3649 3640 3634 3641 3637 3651 3627 3640 3659 3636 3655 3647 3665 3649 3643 3613 3655 3650 3646 3660 3641 3662 3649 3636 3612 3635 3626 3616 3630 3643 3649 3629 3650 3655 3637 3658 3622 3640 3651 3642 3643 3643 3614 3637 3653 3626 3625 3639 3644 3636 3638 3638 3629 3607 3613 3663 3631 3643 3647 3608 3654 3656 3655 3580 3599 3658 3620 3625 3645 3601 3524 3517 3499 3530 3484 3473 3542 3516 3502 3507 3503 3498 3502 3497 3501

Tree=0
num_leaves=39
num_cat=0
split_feature=135 15 128 12 102 14 73 119 14 118 14 120 119 122 102 14 119 119 14 119 14 102 14 119 14 119 14 14 119 120 102 14 119 14 119 101 119 14
split_gain=4491.12 4186.79 277.785 84.5486 61.1646 68.5491 50.5712 62.8876 47.0136 40.73 34.2554 33.8673 31.1091 29.0733 26.9353 42.1591 26.7537 23.2763 23.0415 28.5947 38.272 40.2668 30.8465 37.6264 23.4219 28.4904 22.6834 20.3519 53.3326 19.9254 17.7194 18.6757 36.1769 17.0681 18.7167 16.6711 16.6468 22.99
threshold=1.0000000180025095e-35 0.75000000000000011 -0.29012919962406153 0.79704815149307262 0.5541210174560548 0.48630662262439733 0.085450042039155974 0.59593412280082714 0.51995083689689647 1.0000000180025095e-35 0.50125351548194896 1.0000000180025095e-35 0.3721448034048081 1.0000000180025095e-35 0.55805155634880077 0.48630662262439733 0.56429719924926769 0.80682674050331127 0.3239296823740006 0.51532536745071422 0.46458241343498236 0.54245403409004223 0.44344586133956915 0.48508223891258245 0.47904258966445928 0.52763688564300548 0.41325272619724279 0.51995083689689647 0.59288045763969432 1.0000000180025095e-35 0.37993320822715765 0.49548439681530004 0.59593412280082714 0.53494751453399669 0.55587741732597362 1.0000000180025095e-35 0.4717922061681748 0.42232480645179754
decision_type=2 2 2 2 2 2 2 2 2 2 2 2 2 2 2 2 2 2 2 2 2 2 2 2 2 2 2 2 2 2 2 2 2 2 2 2 2 2
left_child=9 -2 3 4 5 12 -4 8 13 -1 11 -6 -3 14 15 -8 -12 -11 -14 22 -21 24 23 26 25 -22 -20 -18 -29 -9 -5 35 33 34 -33 -32 -28 -38
right_child=1 2 6 30 10 -7 7 29 -10 17 16 -13 18 -15 -16 -17 27 -19 19 20 21 -23 -24 -25 -26 -27 36 28 -30 -31 31 32 -34 -35 -36 -37 37 -39
leaf_value=0 0 0 0.28799999237060547 0 0.28799999237060547 0 0.28799999237060547 0 0 0.28799999237060547 0 0.28799999237060547 0.28799999237060547 0.28799999237060547 0.38400001525878907 0 0.44 0 0.38400001525878907 0.38400001525878907 0 0.38400001525878907 0 0.28799999237060547 0 0.38400001525878907 0 0 0.28799999237060547 0.28799999237060547 0.28799999237060547 0 0.28799999237060547 0 0.28799999237060547 0.28799999237060547 0.28799999237060547 0
leaf_weight=27213 9258 151 490 30 905 456 2998 42 306 197 108 1366 276 1048 867 371 277 403 567 371 62 150 402 229 173 85 156 276 438 6682 230 46 384 91 137 2587 79 93
leaf_count=27213 9258 151 490 30 905 456 2998 42 306 197 108 1366 276 1048 867 371 277 403 567 371 62 150 402 229 173 85 156 276 438 6682 230 46 384 91 137 2587 79 93
internal_value=0.0125307 0.0227036 0.0318706 0.0269195 0.0242598 0.0203446 0.0357857 0.0362872 0.0331521 0.000757919 0.0280356 0.030841 0.0226915 0.0340348 0.032559 0.0309409 0.0222384 0.0110667 0.0237003 0.022425 0.0283472 0.020766 0.0191612 0.0225623 0.01275 0.0244898 0.0188603 0.0242987 0.0207283 0.0388935 0.0319429 0.0322072 0.0261398 0.0150365 0.0220765 0.0336244 0.0104878 0.0190698
internal_weight=60000 32187 22929 10125 6620 3250 12804 12314 5590 27813 3370 2271 2794 5284 4236 3369 1099 600 2643 2367 841 470 1526 1124 320 147 895 991 714 6724 3505 3475 658 274 183 2817 328 172
internal_count=60000 32187 22929 10125 6620 3250 12804 12314 5590 27813 3370 2271 2794 5284 4236 3369 1099 600 2643 2367 841 470 1526 1124 320 147 895 991 714 6724 3505 3475 658 274 183 2817 328 172
is_linear=0
shrinkage=0.04


Tree=1
num_leaves=39
num_cat=0
split_feature=118 15 96 5 119 119 119 14 119 120 14 14 119 14 73 14 119 14 119 119 14 119 14 119 119 14 85 14 85 14 119 120 119 14 12 12 119 56
split_gain=3441.16 3197.43 410.71 143.879 149.4 110.395 119.611 104.393 119.903 89.5545 87.8567 76.294 125.138 62.9956 59.9643 52.7679 66.5691 60.769 76.4881 51.1854 73.2195 46.1931 57.9031 96.5026 79.1426 46.4254 59.7382 45.367 67.1288 41.8939 60.6617 41.2996 40.5387 43.9031 38.8734 38.8652 37.227 37.1184
threshold=1.0000000180025095e-35 0.75000000000000011 0.66512560844421398 0.12146756798028947 0.55386900901794445 0.51532536745071422 0.76884824037551891 0.46802867949008947 0.54773756861686718 1.0000000180025095e-35 0.45142881572246557 0.44344586133956915 0.51262366771698009 0.47904258966445928 0.085450042039155974 0.49548439681530004 0.59593412280082714 0.52532190084457409 0.56429719924926769 0.48508223891258245 0.41325272619724279 0.4717922061681748 0.35276135802268987 0.40923309326171881 0.38069936633110052 0.3916513472795487 0.41904774308204656 0.42466887831687933 0.50011277198791515 0.47904258966445928 0.52763688564300548 1.0000000180025095e-35 0.46147063374519354 0.41022963821887976 0.87096264958381664 0.83773252367973339 0.54231527447700512 0.1095455400645733
decision_type=2 2 2 2 2 2 2 2 2 2 2 2 2 2 2 2 2 2 2 2 2 2 2 2 2 2 2 2 2 2 2 2 2 2 2 2 2 2
left_child=-1 -2 3 -3 11 10 7 -7 29 -6 21 19 -13 -14 -8 -10 17 18 -17 20 -5 22 24 -24 -4 26 -25 -23 35 30 -9 -16 -27 -34 -12 -29 -15 -11
right_child=1 2 5 4 9 6 14 8 15 37 34 12 13 36 31 16 -18 -19 -20 -21 -22 27 23 25 -26 32 -28 28 -30 -31 -32 -33 33 -35 -36 -37 -38 -39
leaf_value=0 0 0 0 0.37248001556396482 0.27647999267578127 0.27647999267578127 0 0 0.27647999267578127 0.27647999267578127 0 -0.011519999694824219 0.37248001556396482 0 0.27647999267578127 0 0.27647999267578127 0 0.42240000000000005 0.27647999267578127 0 0.27647999267578127 -0.015360000610351563 -0.015360000610351563 0.36864001464843754 -0.011519999694824219 0.36864001464843754 0 0.27647999267578127 0 0.36864001464843754 0.27647999267578127 0.42463999938964847 0 -0.011519999694824219 -0.011519999694824219 0.27647999267578127 0.28799999237060547
leaf_weight=27793 9293 340 305 1074 330 2483 290 51 1157 377 211 229 684 153 927 239 724 404 416 898 169 648 98 64 596 161 200 162 346 569 142 337 89 123 64 74 304 7476
leaf_count=27793 9293 340 305 1074 330 2483 290 51 1157 377 211 229 684 153 927 239 724 404 416 898 169 648 98 64 596 161 200 162 346 569 142 337 89 123 64 74 304 7476
internal_value=0.01081 0.0197088 0.027735 0.032827 0.0335728 0.0221029 0.0246699 0.0271625 0.0229065 0.0365343 0.0157784 0.0266705 0.0192993 0.0247152 0.014749 0.0265714 0.0222546 0.015864 0.0233893 0.0313872 0.0261303 0.0178507 0.0134474 0.00511565 0.0202442 0.0108006 0.0236364 0.0237073 0.0156014 0.0087664 0.0248705 0.0185127 0.00171582 0.0132075 -0.00581818 -0.000847458 0.0132166 0.0373921
internal_weight=60000 32207 22914 12034 11694 10880 7739 6185 3702 8183 3141 3511 1370 1141 1554 2940 1783 1059 655 2141 1243 2866 1636 735 901 637 264 1230 582 762 193 1264 373 212 275 236 457 7853
internal_count=60000 32207 22914 12034 11694 10880 7739 6185 3702 8183 3141 3511 1370 1141 1554 2940 1783 1059 655 2141 1243 2866 1636 735 901 637 264 1230 582 762 193 1264 373 212 275 236 457 7853
is_linear=0
shrinkage=0.04


Tree=2
num_leaves=39
num_cat=0
split_feature=118 15 79 90 119 31 120 12 119 119 119 31 119 31 119 31 31 119 119 31 119 31 31 119 31 119 10 0 31 31 119 31 120 119 31 119 31 119
split_gain=3199.94 2979.74 403.006 146.734 170.393 182.268 118.909 106.139 121.646 88.1207 99.4943 111.592 84.9753 139.177 78.5714 123.507 76.3752 69.689 66.6161 61.31 54.8814 119.786 46.7858 99.9331 51.4608 89.8693 44.7868 43.9126 57.5795 39.4498 38.0443 42.1257 37.5456 35.4328 128.91 67.799 39.7243 39.3332
threshold=1.0000000180025095e-35 0.75000000000000011 0.6258797049522401 0.07759560272097589 0.59593412280082714 0.50461712479591381 1.0000000180025095e-35 0.87824293971061718 0.51532536745071422 0.77765810489654552 0.59866267442703258 0.51995083689689647 0.55386900901794445 0.47904258966445928 0.560205638408661 0.488080844283104 0.44344586133956915 0.48508223891258245 0.58679655194282543 0.53320875763893139 0.5205402970314027 0.44344586133956915 0.45820383727550512 0.54425701498985302 0.47904258966445928 0.52763688564300548 0.91037616133689891 0.50898274779319774 0.46050065755844122 0.42232480645179754 0.55386900901794445 0.49782148003578192 1.0000000180025095e-35 0.41975449025630956 0.35276135802268987 0.38069936633110052 0.31647910177707678 0.3721448034048081
decision_type=2 2 2 2 2 2 2 2 2 2 2 2 2 2 2 2 2 2 2 2 2 2 2 2 2 2 2 2 2 2 2 2 2 2 2 2 2 2
left_child=-1 -2 3 -3 5 12 -6 8 16 10 11 14 13 20 15 22 17 29 -13 -20 21 -5 -10 24 25 -24 -7 -23 -29 33 -17 -32 -12 34 35 36 37 -4
right_child=1 2 7 4 6 26 -8 -9 9 -11 32 18 -14 -15 -16 30 -18 -19 19 -21 -22 27 23 -25 -26 -27 -28 28 -30 -31 31 -33 -34 -35 -36 -37 -38 -39
leaf_value=0 0 0.26542079296874999 0 0.35374081402587892 0.26542079296874999 0.27647999267578127 0.26542079296874999 0.26542079296874999 0.35758081494140626 0.26542079296874999 -0.011059199707031252 0 0.35712001495361329 0 0.35758081494140626 0 0 0.26542079296874999 0.36096001586914062 0 0.35758081494140626 -0.011059199707031252 0 0.26542079296874999 0 0.3538944140625 -0.011519999694824219 0.35758081494140626 -0.026419200317382811 0 0.27095039282226563 0 0.26542079296874999 0.26542079296874999 -0.014745600585937499 0.3538944140625 -0.011519999694824219 0.27647999267578127
leaf_weight=27793 9293 496 112 1583 378 138 6020 2573 559 1074 53 297 1288 390 821 386 566 361 138 194 794 142 137 367 300 203 184 129 55 160 94 85 1626 559 175 297 114 66
leaf_count=27793 9293 496 112 1583 378 138 6020 2573 559 1074 53 297 1288 390 821 386 566 361 138 194 794 142 137 367 300 203 184 129 55 160 94 85 1626 559 175 297 114 66
internal_value=0.010442 0.0190232 0.0267714 0.0320117 0.0329628 0.0271826 0.0372116 0.0214014 0.0193001 0.0222103 0.0243422 0.0205753 0.0293175 0.0257226 0.0238347 0.0197841 0.0116515 0.0155965 0.00527822 0.0175904 0.0289456 0.0252698 0.0255683 0.0204171 0.010875 0.0215294 -0.00186335 0.00319018 0.016087 0.0117599 0.00375221 0.0189944 0.0323764 0.0140287 0.00842932 0.0173854 0.00369863 0.0155056
internal_weight=60000 32207 22914 11597 11101 4703 6398 11317 8744 6334 5260 3581 4381 3093 2952 2131 2410 1844 629 332 2703 1909 1566 1007 640 340 322 326 184 1483 565 179 1679 1323 764 589 292 178
internal_count=60000 32207 22914 11597 11101 4703 6398 11317 8744 6334 5260 3581 4381 3093 2952 2131 2410 1844 629 332 2703 1909 1566 1007 640 340 322 326 184 1483 565 179 1679 1323 764 589 292 178
is_linear=0
shrinkage=0.04


Tree=3
num_leaves=39
num_cat=0
split_feature=135 15 128 73 119 14 101 119 14 119 122 14 119 14 14 102 14 119 119 14 120 14 119 120 120 14 119 119 17 14 10 12 119 102 120 14 119 119
split_gain=3097.55 2811.22 590.664 206.367 230.629 167.752 128.996 159.754 161.221 113.159 108.033 105.741 99.629 134.659 87.2544 85.7426 115.834 84.2458 70.8158 172.466 69.3205 62.7465 72.8089 62.4039 61.6357 59.6006 104.227 57.5081 52.5319 59.3405 47.2472 45.677 44.9671 41.9699 39.1856 37.5348 101.9 72.2503
threshold=1.0000000180025095e-35 0.75000000000000011 -0.29012919962406153 0.085450042039155974 0.59593412280082714 0.51995083689689647 1.0000000180025095e-35 0.55386900901794445 0.488080844283104 0.51532536745071422 1.0000000180025095e-35 0.50125351548194896 0.55386900901794445 0.47904258966445928 0.44344586133956915 0.52068921923637401 0.44344586133956915 0.59593412280082714 0.4717922061681748 0.41022963821887976 1.0000000180025095e-35 0.47904258966445928 0.54607123136520397 1.0000000180025095e-35 1.0000000180025095e-35 0.51995083689689647 0.56429719924926769 0.8224521577358247 0.50966599583625805 0.45428046584129339 0.88144913315773021 0.80047810077667247 0.58128473162651073 0.37131667137146002 1.0000000180025095e-35 0.33297631144523626 0.40923309326171881 0.38069936633110052
decision_type=2 2 2 2 2 2 2 2 2 2 2 2 2 2 2 2 2 2 2 2 2 2 2 2 2 2 2 2 2 2 2 2 2 2 2 2 2 2
left_child=-1 -2 6 27 5 10 34 8 9 14 12 20 13 15 18 16 33 25 19 35 -9 -11 -23 -19 -6 26 -13 -4 -18 -30 -7 -16 -27 -5 -3 37 -37 -8
right_child=1 2 3 4 24 30 7 11 -10 21 -12 17 -14 -15 31 -17 28 23 -20 -21 -22 22 -24 -25 -26 32 -28 -29 29 -31 -32 -33 -34 -35 -36 36 -38 -39
leaf_value=0 0 0.25480396124999999 0.26586316095703127 -0.011059199707031252 -0.016146431572265627 0.26542079296874999 0 0.25480396124999999 0 0.25480396124999999 0.25480396124999999 0 0.34283521435546876 0 0 0.34327758234375 -0.010616831718750002 0.25480396124999999 0.25480396124999999 -0.010156031730957032 0.25480396124999999 0 0.26202316004150389 0.25480396124999999 0.25480396124999999 0 0.39120076740234377 -0.022136831413574219 0.34327758234375 -0.010002431694335939 -0.011059199707031252 -0.011059199707031252 0 0.26233036011474609 0.34688718326538082 -0.0141557765625 0.34327758234375 0.33959118146484374
leaf_weight=27813 9258 748 306 81 42 126 287 780 431 1135 1048 98 1035 509 430 681 182 138 917 178 2131 291 143 564 6682 149 185 184 113 132 180 58 328 1503 60 132 445 497
leaf_count=27813 9258 748 306 81 42 126 287 780 431 1135 1048 98 1035 509 430 681 182 138 917 178 2131 291 143 564 6682 149 185 184 113 132 180 58 328 1503 60 132 445 497
internal_value=0.0101553 0.0186038 0.0261154 0.0318244 0.0328374 0.0268336 0.0188958 0.0202254 0.0152994 0.0175316 0.0285011 0.0257946 0.0256563 0.0221681 0.0129076 0.0257355 0.0215813 0.0170178 0.0159772 0.0107342 0.0302027 0.0262078 0.0132719 0.0270085 0.0378287 0.00778947 0.0223322 0.00636735 0.00309133 0.0151837 -0.00196078 -0.00254098 -0.000838574 0.0265657 0.00356436 0.0155768 0.00783362 0.0212755
internal_weight=60000 32187 22929 12804 12314 5590 10125 9317 4944 4513 5284 4373 4236 3201 2944 2692 2011 1462 2456 1539 2911 1569 434 702 6724 760 283 490 427 245 306 488 477 1584 808 1361 577 784
internal_count=60000 32187 22929 12804 12314 5590 10125 9317 4944 4513 5284 4373 4236 3201 2944 2692 2011 1462 2456 1539 2911 1569 434 702 6724 760 283 490 427 245 306 488 477 1584 808 1361 577 784
is_linear=0
shrinkage=0.04


Tree=4
num_leaves=39
num_cat=0
split_feature=135 15 128 73 119 14 101 119 14 122 14 119 102 14 14 119 14 119 120 120 119 14 14 119 119 120 12 119 12 90 119 14 119 14 119 14 119 119
split_gain=3075.62 2791.73 600.425 205.658 238.75 186.287 129.803 167.7 157.559 109.174 105.521 100.546 99.9583 126.917 86.9477 84.2458 72.4169 81.8523 69.1339 62.4039 60.924 130.068 59.6006 104.227 57.5081 45.8884 45.677 44.9671 44.4529 46.7035 38.7777 75.0577 46.1373 151.782 65.6463 45.1459 43.9902 36.849
threshold=1.0000000180025095e-35 0.75000000000000011 -0.29012919962406153 0.085450042039155974 0.59593412280082714 0.51995083689689647 1.0000000180025095e-35 0.55386900901794445 0.488080844283104 1.0000000180025095e-35 0.50125351548194896 0.51532536745071422 0.55805155634880077 0.49395371973514562 0.44344586133956915 0.59593412280082714 0.46802867949008947 0.52763688564300548 1.0000000180025095e-35 1.0000000180025095e-35 0.48508223891258245 0.41325272619724279 0.51995083689689647 0.56429719924926769 0.8224521577358247 1.0000000180025095e-35 0.80047810077667247 0.58128473162651073 0.87824293971061718 0.24677592515945437 0.46147063374519354 0.3916513472795487 0.41975449025630956 0.35276135802268987 0.38069936633110052 0.31826511025428778 0.3721448034048081 0.54607123136520397
decision_type=2 2 2 2 2 2 2 2 2 2 2 2 2 2 2 2 2 2 2 2 2 2 2 2 2 2 2 2 2 2 2 2 2 2 2 2 2 2
left_child=-1 -2 6 24 5 9 -3 8 11 12 18 14 13 28 20 22 -13 -18 -9 -17 21 30 23 -12 -4 -6 -16 -24 29 -5 31 32 33 34 35 -8 -37 -19
right_child=1 2 3 4 25 -7 7 10 -10 -11 15 16 -14 -15 26 19 17 37 -20 -21 -22 -23 27 -25 -26 -27 -28 -29 -30 -31 -32 -33 -34 -35 -36 36 -38 -39
leaf_value=0 0 0.2446118028 0.25522863451875 0.32954647905000001 -0.015500574309375003 -0.010616831718749999 0.00046079998779296875 0.2446118028 0 0.2446118028 0 0.25138863360322267 0.32912180578125005 -0.010598399719238283 0 0.2446118028 -0.010192158450000001 0 0.2446118028 0.2446118028 0.2446118028 -0.0097497904617187513 0 0.37555273670625 -0.021251358157031247 0.2446118028 -0.010616831718750002 0 0.33293796797578123 0.24109055267578125 0.33114648057587892 -0.035407134719531247 0.23753391311249999 -0.013589545499999999 0.32615499024140626 0.00046079998779296875 -0.014899200622558595 0.25154223363984374
leaf_weight=27813 9258 808 306 640 42 306 190 780 431 1048 98 951 867 220 430 138 98 354 2131 564 551 349 149 185 184 6682 58 328 766 1743 305 95 242 153 474 33 64 166
leaf_count=27813 9258 808 306 640 42 306 190 780 431 1048 98 951 867 220 430 138 98 354 2131 564 551 349 149 185 184 6682 58 328 766 1743 305 95 242 153 474 33 64 166
internal_value=0.0101207 0.0185392 0.0260247 0.0317807 0.0327919 0.0266834 0.0187457 0.0200794 0.0150324 0.0284406 0.0257855 0.0172391 0.0255807 0.0224636 0.0128804 0.0170178 0.0254175 0.0147573 0.0301889 0.0270085 0.0159446 0.0125564 0.00778947 0.0223322 0.00636735 0.0378703 -0.00254098 -0.000838574 0.0245157 0.0218212 0.0175064 0.0143885 0.0171972 0.0130853 0.0203942 0.00529617 -0.0169072 0.0210769
internal_weight=60000 32187 22929 12804 12314 5590 10125 9317 4944 5284 4373 4513 4236 3369 2944 1462 1569 618 2911 702 2456 1905 760 283 490 6724 488 477 3149 2383 1556 1251 1156 914 761 287 97 520
internal_count=60000 32187 22929 12804 12314 5590 10125 9317 4944 5284 4373 4513 4236 3369 2944 1462 1569 618 2911 702 2456 1905 760 283 490 6724 488 477 3149 2383 1556 1251 1156 914 761 287 97 520
is_linear=0
shrinkage=0.04


Tree=5
num_leaves=39
num_cat=0
split_feature=135 15 128 73 119 14 12 122 102 14 119 120 102 119 14 119 14 101 119 85 14 102 119 14 17 14 14 119 120 102 14 102 119 119 14 119 118 73
split_gain=3057.97 2776.03 607.257 205.002 242.737 185.146 131.736 111.041 101.995 125.953 93.1971 107.715 73.2491 70.1835 83.8664 68.4741 103.736 62.8824 57.5081 49.4454 70.7813 56.9546 48.6125 109.224 60.4282 65.8273 47.3735 107.869 45.8884 42.9852 73.3696 44.4819 40.1389 39.3828 72.3567 58.7332 36.5553 36.2937
threshold=1.0000000180025095e-35 0.75000000000000011 -0.29012919962406153 0.085450042039155974 0.59593412280082714 0.51995083689689647 0.79704815149307262 1.0000000180025095e-35 0.55805155634880077 0.48630662262439733 0.50974160432815563 1.0000000180025095e-35 0.37993320822715765 0.59866267442703258 0.51995083689689647 0.56429719924926769 0.49318374693393713 1.0000000180025095e-35 0.8224521577358247 0.59591841697692882 0.49548439681530004 0.55623358488082897 0.52266719937324535 0.44344586133956915 0.50966599583625805 0.45428046584129339 0.47904258966445928 0.54231527447700512 1.0000000180025095e-35 0.48479545116424566 0.41325272619724279 0.37131667137146002 0.58128473162651073 0.52763688564300548 0.45428046584129339 0.51532536745071422 1.0000000180025095e-35 0.10881865024566652
decision_type=2 2 2 2 2 2 2 2 2 2 2 2 2 2 2 2 2 2 2 2 2 2 2 2 2 2 2 2 2 2 2 2 2 2 2 2 2 2
left_child=-1 -2 6 18 5 7 10 8 9 22 -3 36 -8 14 15 16 -13 -14 -4 20 33 -22 23 29 -25 -26 -24 -28 -6 30 31 -5 -16 34 -19 -36 -12 -30
right_child=1 2 3 4 28 -7 12 -9 -10 -11 11 13 17 -15 32 -17 -18 19 -20 -21 21 -23 26 24 25 -27 27 -29 37 -31 -32 -33 -34 -35 35 -37 -38 -39
leaf_value=0 0 0.22094876865909374 0.24501948913800001 -0.02026045382578125 -0.014880551337000001 -0.010192158450000001 -0.010020863693847654 0.23482733068800002 0.31595693355000004 0.00042393598876953133 -0.031496630256824219 0.23114092980909376 0.23482733068800002 0.23482733068800002 0 0.32714095269727739 0 0.23482733068800002 -0.020401303830749999 0.23482733068800002 -0.010616831718749999 0 0.31636461988800002 -0.019835780557031252 0.31636461988800002 -0.02030272454628906 -0.021163621801855471 0.25577717086171875 0.23482733068800002 0.23113432389609376 -0.031656836206445313 0.31975610881378125 0 0.23455625745587111 -0.010192158450000002 0.38286986420635943 0.23482733068800002 0.23482733068800002
leaf_weight=27813 9258 1894 306 81 42 306 30 1048 867 371 254 1469 271 843 120 507 453 924 184 1450 49 200 650 182 137 166 92 171 883 459 177 883 240 433 55 93 840 5799
leaf_count=27813 9258 1894 306 81 42 306 30 1048 867 371 254 1469 271 843 120 507 453 924 184 1450 49 200 650 182 137 166 92 171 883 459 177 883 240 433 55 93 840 5799
internal_value=0.0100927 0.018487 0.0259514 0.0317401 0.0327497 0.0265903 0.0186311 0.0283422 0.025458 0.0223093 0.0153112 0.0183157 0.0249016 0.02163 0.018573 0.0212433 0.017794 0.0254388 0.00636735 0.0270037 0.0224857 0.00273092 0.02503 0.0216595 0.00503093 0.0159736 0.0327273 0.018403 0.0378703 0.0267 0.0225416 0.026888 0.000555556 0.0257542 0.0216418 -0.00432432 0.00731261 0.0381323
internal_weight=60000 32187 22929 12804 12314 5590 10125 5284 4236 3369 6620 4726 3505 3632 2789 2429 1922 3475 490 3204 1754 249 2998 2085 485 303 913 263 6724 1600 1141 964 360 1505 1072 148 1094 6682
internal_count=60000 32187 22929 12804 12314 5590 10125 5284 4236 3369 6620 4726 3505 3632 2789 2429 1922 3475 490 3204 1754 249 2998 2085 485 303 913 263 6724 1600 1141 964 360 1505 1072 148 1094 6682
is_linear=0
shrinkage=0.04


Tree=6
num_leaves=39
num_cat=0
split_feature=118 15 79 119 14 119 14 90 39 119 119 14 119 14 120 14 119 120 119 14 119 14 14 119 119 102 14 119 14 119 14 56 119 119 119 14 119 14
split_gain=2677.79 2510.53 721.971 318.18 272.821 295.431 307.778 267.399 221.571 198.059 168.269 195.63 144.743 162.036 126.701 119.895 158.568 115.936 89.9698 155.74 87.0827 279.075 69.2412 111.076 58.8478 57.4953 120.476 56.9217 128.074 52.116 92.5996 49.2604 45.8499 45.3615 42.865 90.6133 110.089 79.667
threshold=1.0000000180025095e-35 0.75000000000000011 0.6258797049522401 0.55386900901794445 0.47904258966445928 0.51532536745071422 0.44344586133956915 0.069688767194747939 0.1013208217918873 0.3721448034048081 0.59593412280082714 0.50461712479591381 0.54231527447700512 0.48630662262439733 1.0000000180025095e-35 0.50125351548194896 0.59593412280082714 1.0000000180025095e-35 0.55386900901794445 0.47904258966445928 0.48508223891258245 0.41325272619724279 0.51995083689689647 0.56429719924926769 0.81644856929779064 0.50684645771980297 0.45142881572246557 0.5205402970314027 0.44344586133956915 0.4717922061681748 0.42232480645179754 0.1095455400645733 0.57622584700584423 0.8213065266609193 0.46147063374519354 0.35276135802268987 0.40923309326171881 0.3916513472795487
decision_type=2 2 2 2 2 2 2 2 2 2 2 2 2 2 2 2 2 2 2 2 2 2 2 2 2 2 2 2 2 2 2 2 2 2 2 2 2 2
left_child=-1 -2 7 4 5 6 9 33 24 -4 11 18 -6 -14 -10 -16 22 -12 19 27 21 34 23 -17 -5 -8 -27 28 -9 -23 -31 -19 -24 -3 35 -11 -37 -38
right_child=1 2 3 8 12 -7 25 10 14 20 17 -13 13 -15 15 16 -18 31 -20 -21 -22 29 32 -25 -26 26 -28 -29 -30 30 -32 -33 -34 -35 -36 36 37 -39
leaf_value=0 0 0.26586316095703127 -0.0088563827458754685 0.23521870957247998 -0.0092456371923637509 0.22800420677910893 -0.0088379507463637492 0.30683020490419877 0.22543423746048 0.25656441022287452 0.22543423746048 -0.0097844721120000019 0.2359382949115425 0 0.22543423746048 0 0.22543423746048 0.22543423746048 0.30331865620800003 0.00040697854921875007 0.22598937994163629 -0.018197749589613749 -0.016896000000000001 0.34744498913010885 -0.010616831718749999 0.36369517835939408 -0.0092456371923637509 0.30371003509248001 0.21124824925926519 0.23616384367210499 -0.018640117577895 0.22543423746048 0 -0.010616831718749999 0.30850752812532373 -0.021883914426363751 0.21849200732532376 -0.043383942558269994
leaf_weight=27793 9293 175 179 210 391 1288 242 1583 932 795 379 322 204 404 2816 106 733 377 1289 390 641 177 78 211 154 115 165 794 326 83 114 5798 457 164 353 85 272 112
leaf_count=27793 9293 175 179 210 391 1288 242 1583 932 795 379 322 204 404 2816 106 733 377 1289 390 641 177 78 211 154 115 165 794 326 83 114 5798 457 164 353 85 272 112
internal_value=0.00960467 0.0174546 0.0245666 0.0173792 0.0106263 0.0147241 0.00843684 0.0315806 0.0240407 0.0136748 0.0326346 0.0268622 -0.00832833 0.00388158 0.0261016 0.0289389 0.0201388 0.0367775 0.0290735 0.0253734 0.0164438 0.0123154 0.00840376 0.0232177 -0.00615385 -0.0197701 -0.00742857 0.0287828 0.0250393 -0.0188235 -0.00467005 0.0380955 -0.000373832 -0.00342183 0.0195176 0.0160759 0.0021322 0.01125
internal_weight=60000 32207 22914 11317 5620 4621 3333 11597 5697 2811 11258 4704 999 608 5333 4401 1585 6554 4382 3093 2632 1991 852 317 364 522 280 2703 1909 374 197 6175 535 339 1617 1264 469 384
internal_count=60000 32207 22914 11317 5620 4621 3333 11597 5697 2811 11258 4704 999 608 5333 4401 1585 6554 4382 3093 2632 1991 852 317 364 522 280 2703 1909 374 197 6175 535 339 1617 1264 469 384
is_linear=0
shrinkage=0.04


Tree=7
num_leaves=39
num_cat=0
split_feature=135 15 128 119 48 119 48 101 73 119 48 119 122 102 48 48 119 48 119 48 119 48 119 48 102 48 69 119 48 119 103 119 48 17 48 48 119 73
split_gain=2773.22 2522.7 888.278 280.083 234.421 280.02 281.779 213.4 205.002 242.737 185.146 176.877 111.041 101.995 125.953 101.612 88.4305 162.845 80.1442 76.319 75.0747 243.208 64.2449 94.9592 59.8311 116.881 59.1435 57.5081 55.7812 104.227 51.3138 48.6125 109.224 60.4282 65.8273 47.3735 107.869 43.8015
threshold=1.0000000180025095e-35 0.75000000000000011 -0.29012919962406153 0.55386900901794445 0.47904258966445928 0.51532536745071422 0.44344586133956915 1.0000000180025095e-35 0.085450042039155974 0.59593412280082714 0.51995083689689647 0.3721448034048081 1.0000000180025095e-35 0.55805155634880077 0.48630662262439733 0.50125351548194896 0.54231527447700512 0.48630662262439733 0.59593412280082714 0.49318374693393713 0.48508223891258245 0.41325272619724279 0.4717922061681748 0.42232480645179754 0.50684645771980297 0.45142881572246557 1.0000000180025095e-35 0.8224521577358247 0.51995083689689647 0.56429719924926769 1.0000000180025095e-35 0.52266719937324535 0.44344586133956915 0.50966599583625805 0.45428046584129339 0.47904258966445928 0.54231527447700512 0.10881865024566652
decision_type=2 2 2 2 2 2 2 2 2 2 2 2 2 2 2 2 2 2 2 2 2 2 2 2 2 2 2 2 2 2 2 2 2 2 2 2 2 2
left_child=-1 -2 3 4 5 6 11 -5 27 10 12 -3 13 14 31 30 19 -18 28 -6 21 -13 -23 -24 -8 -26 -20 -4 29 -17 -9 32 -10 -34 -35 -33 -37 -11
right_child=1 2 8 7 16 -7 24 15 9 37 -12 20 -14 -15 -16 18 17 -19 26 -21 -22 22 23 -25 25 -27 -28 -29 -30 -31 -32 35 33 34 -36 36 -38 -39
leaf_value=0 0 -0.0085021274360404502 0.22458418313419878 0.2164168679620608 -0.0088758117046692005 0.21888403850794455 -0.0084844327165091993 0.2164168679620608 0.23118658885521484 0.2164168679620608 -0.0093930932275200028 0.20975232703231078 0.2164168679620608 0.29118590995968002 0.00039069940725000005 0 0.2265007631150808 0 0.2164168679620608 0.00036982548769455006 0.21694980474397083 -0.0174698396060292 0.22671728992522081 -0.017894512874779198 0.34914737122501832 -0.0088758117046692005 0.2164168679620608 -0.019160578408769998 0 0.33354718956490453 0.2164168679620608 0.2915616336887808 -0.027492279305120611 0.29509987074374955 -0.019120790076742947 -0.020333356071750002 0.24552980488528126 0.2164168679620608
leaf_weight=27813 9258 156 306 797 299 1138 217 1018 1600 895 306 1409 1048 867 371 98 170 355 273 76 551 164 79 100 105 136 429 184 477 185 1893 650 182 137 166 92 171 5829
leaf_count=27813 9258 156 306 797 299 1138 217 1018 1600 895 306 1409 1048 867 371 98 170 355 273 76 551 164 79 100 105 136 429 184 477 185 1893 650 182 137 166 92 171 5829
internal_value=0.00962933 0.0176233 0.024739 0.0158854 0.00908981 0.0131887 0.00662324 0.0223985 0.0317401 0.0327497 0.0265903 0.0119886 0.0283422 0.025458 0.0223093 0.0258678 -0.00937778 0.00121905 0.017264 -0.0242133 0.0147807 0.0107306 -0.0194752 -0.00290503 -0.0221834 -0.00846473 0.0270085 0.00636735 0.00826316 0.0223322 0.0301889 0.02503 0.0216595 0.00503093 0.0159736 0.0327273 0.018403 0.0378703
internal_weight=60000 32187 22929 10125 4955 4055 2917 5170 12804 12314 5590 2459 5284 4236 3369 4373 900 525 1462 375 2303 1752 343 179 458 241 702 490 760 283 2911 2998 2085 485 303 913 263 6724
internal_count=60000 32187 22929 10125 4955 4055 2917 5170 12804 12314 5590 2459 5284 4236 3369 4373 900 525 1462 375 2303 1752 343 179 458 241 702 490 760 283 2911 2998 2085 485 303 913 263 6724
is_linear=0
shrinkage=0.04


Tree=8
num_leaves=39
num_cat=0
split_feature=135 15 128 12 85 73 85 122 14 85 120 14 85 14 85 14 120 85 101 68 14 14 85 14 85 68 14 14 14 85 68 14 68 68 85 14 0 14
split_gain=2767.63 2517.72 883.384 269.611 222.68 204.295 173.861 201.678 148.281 107.395 105.006 104.576 151.48 135.298 95.8669 121.091 79.0433 59.0575 62.028 58.236 71.3484 56.9094 87.0024 103.013 59.2018 56.5415 99.0069 56.2551 56.0908 84.4241 48.2673 50.6855 52.9334 46.9387 45.6746 107.058 59.2497 67.048
threshold=1.0000000180025095e-35 0.75000000000000011 -0.29012919962406153 0.79704815149307262 0.55228129029273998 0.085450042039155974 0.59591841697692882 1.0000000180025095e-35 0.51995083689689647 0.37165585160255438 1.0000000180025095e-35 0.47904258966445928 0.51791894435882579 0.42466887831687933 0.55858969688415538 0.48630662262439733 1.0000000180025095e-35 0.38083229959011083 1.0000000180025095e-35 0.54215258359909069 0.49318374693393713 0.3239296823740006 0.47632676362991339 0.41325272619724279 0.41904774308204656 0.50650358200073253 0.45142881572246557 0.48477640748023992 0.35276135802268987 0.3885036855936051 0.59812563657760631 0.49548439681530004 0.55628082156181347 0.77768483757972728 0.52289092540740978 0.44344586133956915 0.50898274779319774 0.46050065755844122
decision_type=2 2 2 2 2 2 2 2 2 2 2 2 2 2 2 2 2 2 2 2 2 2 2 2 2 2 2 2 2 2 2 2 2 2 2 2 2 2
left_child=-1 -2 3 4 9 33 7 8 14 -3 -6 12 13 21 15 34 -8 -5 -19 20 -13 -11 23 24 28 -15 -27 -21 29 -23 31 -20 -33 -4 35 -7 -37 -38
right_child=1 2 5 17 10 6 16 -9 -10 11 -12 19 -14 25 -16 -17 -18 18 30 27 -22 22 -24 -25 -26 26 -28 -29 -30 -31 -32 32 -34 -35 -36 36 37 -39
leaf_value=0 0 -0.0081620423385988326 0.21560081580883078 -0.028272698636301163 0.20776019324357836 0.22193912530100626 -0.031959373500421634 0.29313157567620074 -0.0090173694984192025 0.1934581484225226 0.20776019324357836 -0.0085207792364824335 0.29590871154577519 -0.0081450554078488311 0.2795384735612928 0.00037507143095999999 0.20776019324357836 0.20776019324357836 0.20771667007305575 0.29867816796197366 0.00035503246818676803 -0.041793852834227416 0.20827181255421195 -0.016771046021788031 0.29407739840483088 0.29590871154577519 -0.0085207792364824335 0 -0.029398650930601632 0.28561817039517884 0.20776019324357836 -0.010192158450000001 0.20393862432756271 -0.018394155272419197 0.2795384735612928 -0.026392588132915784 0.27975763885903082 -0.0257239748170984
leaf_weight=27813 9258 148 293 27 1094 1645 42 1667 311 249 2583 219 484 285 836 388 6008 271 1399 86 38 58 256 157 222 117 123 290 128 83 1549 46 213 197 923 182 210 102
leaf_count=27813 9258 148 293 27 1094 1645 42 1667 311 249 2583 219 484 285 836 388 6008 271 1399 86 38 58 256 157 222 117 123 290 128 83 1549 46 213 197 923 182 210 102
internal_value=0.00962 0.0176059 0.0247146 0.0158854 0.011136 0.0316963 0.0327042 0.0280332 0.0237111 0.00293578 0.0176992 0.0046941 0.00888067 0.00319428 0.0256463 0.0227014 0.0375405 0.0248559 0.0253134 -0.00960506 -0.0242802 0.0108586 0.00619469 -0.00160494 0.00741344 -0.0136381 0.000666667 0.000425532 -0.00520446 0.0121986 0.0268662 0.022123 0.00586873 0.00636735 0.025369 0.0221599 0.00582996 0.0164103
internal_weight=60000 32187 22929 10125 6620 12804 12314 6264 4597 2943 3677 2795 2162 1678 4286 3450 6050 3505 3478 633 257 1153 904 648 491 525 240 376 269 141 3207 1658 259 490 3062 2139 494 312
internal_count=60000 32187 22929 10125 6620 12804 12314 6264 4597 2943 3677 2795 2162 1678 4286 3450 6050 3505 3478 633 257 1153 904 648 491 525 240 376 269 141 3207 1658 259 490 3062 2139 494 312
is_linear=0
shrinkage=0.04


Tree=9
num_leaves=39
num_cat=0
split_feature=135 15 128 12 73 119 119 14 14 120 14 119 14 119 122 119 102 14 14 14 119 120 102 14 102 14 119 14 119 120 14 119 118 119 14 119 69 119
split_gain=2631.2 2396.24 1042.73 301.202 204.295 239.166 190.824 185.146 145.523 167.431 123.609 220.058 115.203 114.005 111.041 105.992 101.995 125.953 100.905 84.459 213.437 79.7018 78.4946 127.355 71.1423 68.7584 133.817 62.7122 66.2965 60.1266 58.1373 57.5081 56.4995 54.493 74.3397 57.8788 54.4241 48.6125
threshold=1.0000000180025095e-35 0.75000000000000011 -0.29012919962406153 0.79704815149307262 0.085450042039155974 0.59593412280082714 0.55386900901794445 0.51995083689689647 0.50125351548194896 1.0000000180025095e-35 0.47904258966445928 0.51773032546043407 0.45142881572246557 0.3721448034048081 1.0000000180025095e-35 0.56429719924926769 0.55805155634880077 0.48630662262439733 0.3239296823740006 0.51995083689689647 0.59288045763969432 1.0000000180025095e-35 0.54245403409004223 0.48630662262439733 0.37993320822715765 0.49548439681530004 0.59593412280082714 0.53494751453399669 0.55587741732597362 1.0000000180025095e-35 0.49318374693393713 0.8224521577358247 1.0000000180025095e-35 0.52763688564300548 0.45428046584129339 0.51532536745071422 1.0000000180025095e-35 0.52266719937324535
decision_type=2 2 2 2 2 2 2 2 2 2 2 2 2 2 2 2 2 2 2 2 2 2 2 2 2 2 2 2 2 2 2 2 2 2 2 2 2 2
left_child=-1 -2 3 6 31 7 10 14 9 -8 11 12 13 -3 16 -10 17 37 -15 29 -21 -7 30 -24 -5 32 27 28 -27 -17 -12 -4 -26 34 -34 -36 -22 -6
right_child=1 2 4 24 5 21 8 -9 15 -11 22 -13 -14 18 -16 19 -18 -19 -20 20 36 -23 23 -25 25 26 -28 -29 -30 -31 -32 -33 33 -35 35 -37 -38 -39
leaf_value=0 0 -0.0078355606450548794 0.20697678317647758 -0.027141790690849116 0.20952332323399728 -0.030680998560404769 0.19944978551383521 -0.0086566747184824346 -0.0083104077297431345 0.1995972415489915 -0.0081799480670231364 0.28407236308394423 -0.0079996006292790064 0.18933341902603129 0.19603493021653035 -0.053283847799952599 0.26835693461884108 0.00036006857372160002 0.18807234019576061 -0.0083104077297431345 0.19944978551383521 0.19944978551383521 0.23294966552834628 -0.0083104077297431345 0.22645985755742046 -0.0097844721120000002 0.19944978551383521 -0.0081575449731025092 0.25388404706791312 0.31189489425256522 0.00034083116945929728 -0.01765838906152243 0.1994080032701335 0.19944978551383521 -0.017400243576407314 0.34137087302370062 0.2681695849460381 0.26871762939877786
leaf_weight=27813 9258 154 306 30 2085 42 905 306 102 1200 270 581 176 276 1048 69 867 371 1423 279 188 6682 148 337 125 46 384 91 137 213 49 184 932 1609 58 93 250 913
leaf_count=27813 9258 154 306 30 2085 42 905 306 102 1200 270 581 176 276 1048 69 867 371 1423 279 188 6682 148 337 125 46 384 91 137 213 49 184 932 1609 58 93 250 913
internal_value=0.00938933 0.0171759 0.024111 0.0145185 0.0316963 0.0327042 0.00949849 0.0265903 0.0165066 0.0226698 0.0029174 0.00714176 0.000926565 0.003864 0.0283422 0.00472298 0.025458 0.0223093 0.00685109 0.00868869 0.0013947 0.037787 -0.010796 -0.000659794 0.024 0.0245295 0.0128875 -0.00846715 0.00502732 0.027234 -0.0262069 0.00636735 0.0272488 0.0284695 0.0215328 -0.00450331 0.0188128 0.02503
internal_weight=60000 32187 22929 10125 12804 12314 6620 5590 3206 2105 3414 2610 2029 1853 5284 1101 4236 3369 1699 999 717 6724 804 485 3505 3475 658 274 183 282 319 490 2817 2692 1083 151 438 2998
internal_count=60000 32187 22929 10125 12804 12314 6620 5590 3206 2105 3414 2610 2029 1853 5284 1101 4236 3369 1699 999 717 6724 804 485 3505 3475 658 274 183 282 319 490 2817 2692 1083 151 438 2998
is_linear=0
shrinkage=0.04


Tree=10
num_leaves=39
num_cat=0
split_feature=118 15 79 5 63 102 14 102 102 14 14 102 122 14 103 14 39 102 14 14 102 14 102 85 68 102 14 102 73 5 102 14 102 14 102 14 102 56
split_gain=2608.08 2441.66 794.38 314.234 244.365 213.379 193.979 195.645 135.605 171.229 112.535 111.292 110.041 108.307 107.888 106.974 103.145 86.427 132.281 77.4468 76.4054 147.635 127.266 137.8 92.6788 65.8245 66.9521 139.178 71.2559 61.8849 57.5511 111.775 166.799 96.693 72.7661 55.8549 105.18 54.1541
threshold=1.0000000180025095e-35 0.75000000000000011 0.68530935049057018 0.12146756798028947 0.79704815149307262 0.54245403409004223 0.47904258966445928 0.51809874176979076 0.59573671221733104 0.50461712479591381 0.45591865479946142 0.37131667137146002 1.0000000180025095e-35 0.3239296823740006 1.0000000180025095e-35 0.50125351548194896 0.10550270602107049 0.5541210174560548 0.48630662262439733 0.49318374693393713 0.59573671221733104 0.51995083689689647 0.56428781151771557 0.55228129029273998 0.6779271960258485 0.37993320822715765 0.49548439681530004 0.59573671221733104 0.077669043093919768 0.52862876653671276 0.51004752516746532 0.44344586133956915 0.48479545116424566 0.41325272619724279 0.41940245032310491 0.35276135802268987 0.38775785267353063 0.1095455400645733
decision_type=2 2 2 2 2 2 2 2 2 2 2 2 2 2 2 2 2 2 2 2 2 2 2 2 2 2 2 2 2 2 2 2 2 2 2 2 2 2
left_child=-1 -2 3 -3 5 6 7 10 9 12 11 -4 17 -13 -10 16 -7 18 -5 -8 21 22 23 -17 -22 -6 28 -28 -27 -18 31 32 33 34 35 36 -15 -16
right_child=1 2 4 8 25 15 19 -9 14 -11 -12 13 -14 30 37 20 29 -19 -20 -21 24 -23 -24 -25 -26 26 27 -29 -30 -31 -32 -33 -34 -35 -36 -37 -38 -39
leaf_value=0 0 -0.010192158450000001 -0.0075221382192526831 0.21377836857146718 -0.026056119063215154 -0.010192158450000001 -0.0078527501443422104 0.27270946856058642 0.19147179409328183 0.18759613880818396 -0.0078599640418519755 0.17814648572458044 0.27353612219633916 -0.04764499232868874 0.19147179409328183 0.0003324163091897254 0.20063780508525494 0.25762265723408745 -0.0097218922650280457 0.00032719792268092542 0.28472302500417729 -0.0079779914205534083 0.29941909848246262 -0.0079779914205534083 0.19147179409328183 -0.010192158450000001 -0.0078312431741784077 0.19147179409328183 0.19147179409328183 0.19147179409328183 0.21982221141817251 -0.015342146799365302 0.19241804644421309 -0.02399912103141072 0.27479140886080722 -0.035745598501207988 0.27388301964683132 0.19147179409328183
leaf_weight=27793 9293 384 160 2466 32 205 291 551 500 368 137 289 1322 70 433 66 1043 873 230 60 284 324 201 119 282 71 284 426 2896 1500 128 241 225 340 284 147 103 5579
leaf_count=27793 9293 384 160 2466 32 205 291 551 500 368 137 289 1322 70 433 66 1043 873 230 60 284 324 201 119 282 71 284 426 2896 1500 128 241 225 340 284 147 103 5579
internal_value=0.00946533 0.0172124 0.0242262 0.0312332 0.0163101 0.0119376 0.00391276 0.00758131 0.0323949 0.0276174 0.00207156 0.00448918 0.0295972 0.00729064 0.0362531 0.0179722 0.0224163 0.0259456 0.0224036 -0.0240456 0.00840125 -0.000338028 0.0163731 -0.00756757 0.019364 0.0246212 0.0251183 0.0140845 0.0277587 0.0246166 0.00306892 0.000737589 0.00585115 -0.00152542 0.00807947 -0.005 0.0104046 0.0377379
internal_weight=60000 32207 22914 12155 10759 7050 3026 2675 11771 5259 2124 1987 4891 1827 6512 4024 2748 3569 2696 351 1276 710 386 185 566 3709 3677 710 2967 2543 1538 1410 1169 944 604 320 173 6012
internal_count=60000 32207 22914 12155 10759 7050 3026 2675 11771 5259 2124 1987 4891 1827 6512 4024 2748 3569 2696 351 1276 710 386 185 566 3709 3677 710 2967 2543 1538 1410 1169 944 604 320 173 6012
is_linear=0
shrinkage=0.04


Tree=11
num_leaves=39
num_cat=0
split_feature=135 32 94 12 73 119 119 14 14 120 119 14 119 14 122 102 14 119 102 14 14 119 120 14 119 14 102 14 119 14 119 119 101 119 14 120 119 14
split_gain=2632.76 2397.63 1029.5 298.987 203.233 238.724 188.412 184.271 142.943 168.035 118.056 139.605 179.626 151.674 112.488 103.575 137.186 100.377 85.0129 119.839 82.6225 206.72 74.2744 71.4105 99.7822 81.4081 71.22 71.438 135.208 65.4553 66.2965 64.3107 62.3328 66.5965 74.3397 61.2213 58.8836 64.2916
threshold=1.0000000180025095e-35 0.75000000000000011 -0.38268354535102839 0.79704815149307262 0.085450042039155974 0.59593412280082714 0.55386900901794445 0.51995083689689647 0.50125351548194896 1.0000000180025095e-35 0.3721448034048081 0.47904258966445928 0.51773032546043407 0.42466887831687933 1.0000000180025095e-35 0.55805155634880077 0.48630662262439733 0.56429719924926769 0.54245403409004223 0.48630662262439733 0.51995083689689647 0.59288045763969432 1.0000000180025095e-35 0.3239296823740006 0.48003464937210089 0.41325272619724279 0.37993320822715765 0.49548439681530004 0.59593412280082714 0.53494751453399669 0.55587741732597362 0.4717922061681748 1.0000000180025095e-35 0.52763688564300548 0.45428046584129339 1.0000000180025095e-35 0.41975449025630956 0.35276135802268987
decision_type=2 2 2 2 2 2 2 2 2 2 2 2 2 2 2 2 2 2 2 2 2 2 2 2 2 2 2 2 2 2 2 2 2 2 2 2 2 2
left_child=-1 -2 3 6 -4 7 10 14 9 -8 -3 12 13 23 15 16 -6 -10 -13 -20 35 -22 -7 -12 25 36 -5 32 29 30 -29 -27 -28 34 -34 -19 37 -25
right_child=1 2 4 26 5 22 8 -9 17 -11 11 18 -14 -15 -16 -17 -18 20 19 -21 21 -23 -24 24 -26 31 27 28 -30 -31 -32 -33 33 -35 -36 -37 -38 -39
leaf_value=0 0 -0.0072212526904825757 0.18927197653576927 -0.025013874300686547 0.20065238619697653 -0.0042899575473037514 0.18381292232955054 -0.0083885368872559981 -0.0076588717637312721 0.18380702408814428 0.17463422283600682 -0.0075386401385685222 0.26180108981816297 -0.0075455654801778972 0.18053466124413783 0.24731775094472394 -0.007663567230668712 -0.051152493887954495 0.21597280714348116 -0.0076930958942204725 -0.0076588717637312721 0.18381292232955054 0.18381292232955054 0.25571522918566802 0.18472132458644455 -0.023123932935283475 0.18381292232955054 -0.0090798435005528637 0.18381292232955054 -0.0075179934472112721 0.24404193491216375 0.2027547970594695 0.1837728113755969 0.18381292232955054 -0.024331142979715895 0.28744233454316415 0.26379975250637488 -0.034315774561159675
leaf_weight=27813 9258 166 490 30 2998 74 893 306 102 1199 276 312 581 571 1048 867 371 68 147 333 279 436 6685 163 249 138 220 46 382 91 137 78 932 1498 151 212 248 152
leaf_count=27813 9258 166 490 30 2998 74 893 306 102 1199 276 312 581 571 1048 867 371 68 147 333 279 436 6685 163 249 138 220 46 382 91 137 78 932 1498 151 212 248 152
internal_value=0.009392 0.0171808 0.0241179 0.014557 0.0316317 0.0326342 0.00955323 0.0265188 0.0165444 0.0226769 0.00302285 0.00470443 0.00941368 0.003392 0.0282665 0.0253636 0.0221906 0.00484959 -0.00989899 0.000666667 0.00872362 0.00151049 0.037692 0.0109202 0.00607004 -0.00097561 0.0240321 0.0245647 0.0126829 -0.00875912 0.00502732 -0.0218519 0.0273474 0.0290895 0.0215328 0.0271429 0.00703375 -0.00444444
internal_weight=60000 32187 22929 10090 12839 12349 6603 5590 3189 2092 3414 3248 2456 1875 5284 4236 3369 1097 792 480 995 715 6759 1304 1028 779 3487 3457 656 274 183 216 2801 2581 1083 280 563 315
internal_count=60000 32187 22929 10090 12839 12349 6603 5590 3189 2092 3414 3248 2456 1875 5284 4236 3369 1097 792 480 995 715 6759 1304 1028 779 3487 3457 656 274 183 216 2801 2581 1083 280 563 315
is_linear=0
shrinkage=0.04


Tree=12
num_leaves=39
num_cat=0
split_feature=135 15 128 12 73 119 119 14 14 120 119 14 119 14 122 119 14 119 14 119 120 119 14 14 119 14 14 119 14 119 101 119 14 14 119 119 120 14
split_gain=2634.31 2399.02 1030.34 295.263 203.792 242.233 189.004 184.271 141.428 167.431 118.393 136.7 179.626 151.674 112.488 101.044 128.781 101.019 83.0065 208.003 79.7018 77.6275 132.945 71.4105 99.7822 81.4081 71.1342 69.518 69.1973 134.831 66.7866 66.0469 74.5034 64.8509 66.2965 64.3107 60.1266 59.2814
threshold=1.0000000180025095e-35 0.75000000000000011 -0.29012919962406153 0.79704815149307262 0.085450042039155974 0.59593412280082714 0.55386900901794445 0.51995083689689647 0.50125351548194896 1.0000000180025095e-35 0.3721448034048081 0.47904258966445928 0.51773032546043407 0.42466887831687933 1.0000000180025095e-35 0.560205638408661 0.48630662262439733 0.56429719924926769 0.51995083689689647 0.59288045763969432 1.0000000180025095e-35 0.54231527447700512 0.48630662262439733 0.3239296823740006 0.48003464937210089 0.41325272619724279 0.49318374693393713 0.38069936633110052 0.49548439681530004 0.59593412280082714 1.0000000180025095e-35 0.52763688564300548 0.45428046584129339 0.53494751453399669 0.55587741732597362 0.4717922061681748 1.0000000180025095e-35 0.50125351548194896
decision_type=2 2 2 2 2 2 2 2 2 2 2 2 2 2 2 2 2 2 2 2 2 2 2 2 2 2 2 2 2 2 2 2 2 2 2 2 2 2
left_child=-1 -2 3 6 -4 7 10 14 9 -8 -3 12 13 23 15 16 -6 -10 36 -20 -7 26 -23 -12 25 -25 -13 -5 30 33 -29 32 -32 34 -30 -27 -19 -24
right_child=1 2 4 27 5 20 8 -9 17 -11 11 21 -14 -15 -16 -17 -18 18 19 -21 -22 22 37 24 -26 35 -28 28 29 -31 31 -33 -34 -35 -36 -37 -38 -39
leaf_value=0 0 -0.0069324025828632731 0.18170109747433849 -0.024013319328659084 0.19029442809753838 -0.037124352299667172 0.17646040543636851 -0.0080529954117657589 -0.0073525168931820204 0.17645474312461851 0.16764885392256657 -0.007237094533025781 0.25132904622543645 -0.0072437428609707808 0.17331327479437236 0.23742504090693498 0.0010410842106006065 -0.049106394132436323 -0.0073525168931820204 0.17646040543636851 0.17646040543636851 0.2073338948577419 -0.016264368811136482 0.24533301998162019 0.17733247160298679 -0.022198975617872138 0.00061565561131642923 0.17646040543636851 -0.0087166497605307494 0.17646040543636851 0.17642189892057303 0.17646040543636851 -0.023357897260527255 -0.0072172737093228216 0.23428025751567716 0.1946446051770907 0.27594464116143758 0.0006268434925909552
leaf_weight=27813 9258 166 490 34 3040 42 905 306 102 1200 276 277 581 571 1048 789 407 69 279 438 6682 139 227 563 249 138 59 230 46 384 929 1504 151 90 137 78 213 90
leaf_count=27813 9258 166 490 34 3040 42 905 306 102 1200 276 277 581 571 1048 789 407 69 279 438 6682 139 227 563 249 138 59 230 46 384 929 1504 151 90 137 78 213 90
internal_value=0.00939467 0.0171858 0.0241249 0.0145896 0.0316651 0.0326718 0.00961934 0.0265188 0.0165939 0.0226698 0.00306971 0.00475369 0.00941368 0.003392 0.0282665 0.0253636 0.0224079 0.00497729 0.00884885 0.00161785 0.037787 -0.00969697 0.00105263 0.0109202 0.00607004 -0.00097561 -0.0242857 0.0239772 0.0245347 0.0128463 0.0272637 0.0291022 0.0215556 -0.00864469 0.00502732 -0.0218519 0.027234 -0.0132492
internal_weight=60000 32187 22929 10125 12804 12314 6620 5590 3206 2105 3414 3248 2456 1875 5284 4236 3447 1101 999 717 6724 792 456 1304 1028 779 336 3505 3471 657 2814 2584 1080 273 183 216 282 317
internal_count=60000 32187 22929 10125 12804 12314 6620 5590 3206 2105 3414 3248 2456 1875 5284 4236 3447 1101 999 717 6724 792 456 1304 1028 779 336 3505 3471 657 2814 2584 1080 273 183 216 282 317
is_linear=0
shrinkage=0.04


Tree=13
num_leaves=39
num_cat=0
split_feature=135 15 128 12 73 119 119 14 14 120 119 14 119 14 122 102 14 119 14 119 102 14 120 14 119 14 102 14 119 101 119 14 14 14 119 119 120 119
split_gain=2634.31 2399.02 1030.34 295.263 203.792 242.233 189.004 184.271 141.428 167.431 118.393 136.7 179.626 151.674 112.488 103.575 137.186 101.019 83.0065 208.003 81.793 119.839 79.7018 71.4105 99.7822 81.4081 71.0893 69.9276 135.961 66.6844 66.3862 74.3397 65.4835 65.4553 66.2965 64.3107 60.1266 58.8836
threshold=1.0000000180025095e-35 0.75000000000000011 -0.29012919962406153 0.79704815149307262 0.085450042039155974 0.59593412280082714 0.55386900901794445 0.51995083689689647 0.50125351548194896 1.0000000180025095e-35 0.3721448034048081 0.47904258966445928 0.51773032546043407 0.42466887831687933 1.0000000180025095e-35 0.55805155634880077 0.48630662262439733 0.56429719924926769 0.51995083689689647 0.59288045763969432 0.54245403409004223 0.48630662262439733 1.0000000180025095e-35 0.3239296823740006 0.48003464937210089 0.41325272619724279 0.37993320822715765 0.49548439681530004 0.59593412280082714 1.0000000180025095e-35 0.52763688564300548 0.45428046584129339 0.49318374693393713 0.53494751453399669 0.55587741732597362 0.4717922061681748 1.0000000180025095e-35 0.41975449025630956
decision_type=2 2 2 2 2 2 2 2 2 2 2 2 2 2 2 2 2 2 2 2 2 2 2 2 2 2 2 2 2 2 2 2 2 2 2 2 2 2
left_child=-1 -2 3 6 -4 7 10 14 9 -8 -3 12 13 23 15 16 -6 -10 36 -20 32 -22 -7 -12 25 37 -5 29 33 -28 31 -31 -13 34 -29 -27 -19 -25
right_child=1 2 4 26 5 22 8 -9 17 -11 11 20 -14 -15 -16 -17 -18 18 19 -21 21 -23 -24 24 -26 35 27 28 -30 30 -32 -33 -34 -35 -36 -37 -38 -39
leaf_value=0 0 -0.0066551064795487428 0.17443305357536495 -0.023052786555512718 0.18501451362519597 -0.035639378207680483 0.16940198921891381 -0.0077308755952951282 -0.0070584162174547396 0.1693965533996338 0.16094289976566387 -0.0069476107517047496 0.24127588437641898 -0.0069539931465319492 0.16638074380259746 0.22792803927065755 -0.0073986679098659884 -0.047142138367138868 -0.0070584162174547396 0.16940198921891381 0.19904053906343222 -0.0073762216676660922 0.16940198921891381 -0.042756464377978094 0.17023917273886732 -0.021311016593157255 0.16940198921891381 -0.0083679837701095203 0.16940198921891381 0.16936502296375011 0.16940198921891381 -0.022423581370106166 0.00059102938686377211 -0.006928582760949909 0.22490904721505012 0.18685882097000708 0.26490685551498006 0.24343444160685507
leaf_weight=27813 9258 166 490 30 2998 42 905 306 102 1200 276 265 581 571 1048 867 371 69 279 438 147 333 6682 315 249 138 230 46 384 932 1504 151 47 91 137 78 213 248
leaf_count=27813 9258 166 490 30 2998 42 905 306 102 1200 276 265 581 571 1048 867 371 69 279 438 147 333 6682 315 249 138 230 46 384 932 1504 151 47 91 137 78 213 248
internal_value=0.00939467 0.0171858 0.0241249 0.0145896 0.0316651 0.0326718 0.00961934 0.0265188 0.0165939 0.0226698 0.00306971 0.00475369 0.00941368 0.003392 0.0282665 0.0253636 0.0221906 0.00497729 0.00884885 0.00161785 -0.00969697 0.000666667 0.037787 0.0109202 0.00607004 -0.00097561 0.0239772 0.0245065 0.012766 0.0272488 0.0290839 0.0215328 -0.025641 -0.00875912 0.00502732 -0.0218519 0.027234 0.00703375
internal_weight=60000 32187 22929 10125 12804 12314 6620 5590 3206 2105 3414 3248 2456 1875 5284 4236 3369 1101 999 717 792 480 6724 1304 1028 779 3505 3475 658 2817 2587 1083 312 274 183 216 282 563
internal_count=60000 32187 22929 10125 12804 12314 6620 5590 3206 2105 3414 3248 2456 1875 5284 4236 3369 1101 999 717 792 480 6724 1304 1028 779 3505 3475 658 2817 2587 1083 312 274 183 216 282 563
is_linear=0
shrinkage=0.04


Tree=14
num_leaves=39
num_cat=0
split_feature=135 15 128 12 22 119 119 14 14 120 119 14 119 14 121 102 14 119 14 119 102 14 120 14 119 14 102 14 119 101 119 14 14 14 119 119 120 119
split_gain=2634.31 2399.02 1030.34 295.263 199.202 246.457 189.004 184.244 141.428 167.431 118.393 136.7 179.626 151.674 110.963 103.447 137.354 101.019 83.0065 208.003 81.793 119.839 80.0404 71.4105 99.7822 81.4081 71.0893 69.9276 135.961 66.6844 66.3862 74.3397 65.4835 65.4553 66.2965 64.3107 60.1266 58.8836
threshold=1.0000000180025095e-35 0.75000000000000011 -0.29012919962406153 0.79704815149307262 0.11795619875192644 0.59593412280082714 0.55386900901794445 0.51995083689689647 0.50125351548194896 1.0000000180025095e-35 0.3721448034048081 0.47904258966445928 0.51773032546043407 0.42466887831687933 1.0000000180025095e-35 0.55805155634880077 0.48630662262439733 0.56429719924926769 0.51995083689689647 0.59288045763969432 0.54245403409004223 0.48630662262439733 1.0000000180025095e-35 0.3239296823740006 0.48003464937210089 0.41325272619724279 0.37993320822715765 0.49548439681530004 0.59593412280082714 1.0000000180025095e-35 0.52763688564300548 0.45428046584129339 0.49318374693393713 0.53494751453399669 0.55587741732597362 0.4717922061681748 1.0000000180025095e-35 0.41975449025630956
decision_type=2 2 2 2 2 2 2 2 2 2 2 2 2 2 2 2 2 2 2 2 2 2 2 2 2 2 2 2 2 2 2 2 2 2 2 2 2 2
left_child=-1 -2 3 6 -4 7 10 14 9 -8 -3 12 13 23 -6 16 -16 -10 36 -20 32 -22 -7 -12 25 37 -5 29 33 -28 31 -31 -13 34 -29 -27 -19 -25
right_child=1 2 4 26 5 22 8 -9 17 -11 11 20 -14 -15 15 -17 -18 18 19 -21 21 -23 -24 24 -26 35 27 28 -30 30 -32 -33 -34 -35 -36 -37 -38 -39
leaf_value=0 0 -0.0063889022203667926 0.16262590965015722 -0.022130675093292213 0.16196719304252077 -0.034213803079373266 0.16262590965015722 -0.0074216405714833235 -0.0067760795687565505 0.16262069126364842 0.15450518377503733 -0.0066697063216365595 0.23162484900136221 -0.0066758334206706718 0.17761393308018811 0.21881091769983127 -0.0071027211934713485 -0.04525645283245331 -0.0067760795687565505 0.16262590965015722 0.19107891750089492 -0.0070811728009594482 0.16262590965015722 -0.041046205802858976 0.16342960582931262 -0.020458575929430962 0.16262590965015722 -0.0080332644193051393 0.16262590965015722 0.16259042204520008 0.16262590965015722 -0.021526638115301918 0.00056738821138922117 -0.0066514394505119128 0.21591268532644808 0.17938446813120679 0.25431058129438083 0.23369706394258088
leaf_weight=27813 9258 166 541 30 1058 42 905 306 102 1200 276 265 581 571 2996 858 371 69 279 438 147 333 6632 315 249 138 230 46 384 932 1504 151 47 91 137 78 213 248
leaf_count=27813 9258 166 541 30 1058 42 905 306 102 1200 276 265 581 571 2996 858 371 69 279 438 147 333 6632 315 249 138 230 46 384 932 1504 151 47 91 137 78 213 248
internal_value=0.00939467 0.0171858 0.0241249 0.0145896 0.0316651 0.032713 0.00961934 0.0265164 0.0165939 0.0226698 0.00306971 0.00475369 0.00941368 0.003392 0.0282642 0.0253633 0.0222037 0.00497729 0.00884885 0.00161785 -0.00969697 0.000666667 0.0379023 0.0109202 0.00607004 -0.00097561 0.0239772 0.0245065 0.012766 0.0272488 0.0290839 0.0215328 -0.025641 -0.00875912 0.00502732 -0.0218519 0.027234 0.00703375
internal_weight=60000 32187 22929 10125 12804 12263 6620 5589 3206 2105 3414 3248 2456 1875 5283 4225 3367 1101 999 717 792 480 6674 1304 1028 779 3505 3475 658 2817 2587 1083 312 274 183 216 282 563
internal_count=60000 32187 22929 10125 12804 12263 6620 5589 3206 2105 3414 3248 2456 1875 5283 4225 3367 1101 999 717 792 480 6674 1304 1028 779 3505 3475 658 2817 2587 1083 312 274 183 216 282 563
is_linear=0
shrinkage=0.04


Tree=15
num_leaves=39
num_cat=0
split_feature=135 15 128 29 73 119 119 14 14 103 119 14 119 14 122 102 14 119 14 119 102 14 14 119 14 102 14 119 101 119 14 14 14 119 119 119 14 119
split_gain=2639.77 2403.88 1035.63 295.263 204.497 245.827 189.004 184.271 141.428 135.22 118.393 136.7 179.626 151.674 112.488 103.575 137.186 101.019 83.0065 208.003 81.793 119.839 71.4105 99.7822 81.4081 71.0893 69.9276 135.961 66.6844 66.3862 74.3397 65.4835 65.4553 66.2965 64.3107 58.8836 64.2916 95.1305
threshold=1.0000000180025095e-35 0.75000000000000011 -0.29012919962406153 0.79704815149307262 0.085450042039155974 0.59593412280082714 0.55386900901794445 0.51995083689689647 0.50125351548194896 1.0000000180025095e-35 0.3721448034048081 0.47904258966445928 0.51773032546043407 0.42466887831687933 1.0000000180025095e-35 0.55805155634880077 0.48630662262439733 0.56429719924926769 0.51995083689689647 0.59288045763969432 0.54245403409004223 0.48630662262439733 0.3239296823740006 0.48003464937210089 0.41325272619724279 0.37993320822715765 0.49548439681530004 0.59593412280082714 1.0000000180025095e-35 0.52763688564300548 0.45428046584129339 0.49318374693393713 0.53494751453399669 0.55587741732597362 0.4717922061681748 0.41975449025630956 0.35276135802268987 0.387991413474083
decision_type=2 2 2 2 2 2 2 2 2 2 2 2 2 2 2 2 2 2 2 2 2 2 2 2 2 2 2 2 2 2 2 2 2 2 2 2 2 2
left_child=-1 -2 3 6 -4 7 10 14 9 -8 -3 12 13 22 15 16 -6 -10 -19 -20 31 -22 -12 24 35 -5 28 32 -27 30 -30 -13 33 -28 -26 36 37 -24
right_child=1 2 4 25 5 -7 8 -9 17 -11 11 20 -14 -15 -16 -17 -18 18 19 -21 21 -23 23 -25 34 26 27 -29 29 -31 -32 -33 -34 -35 -36 -37 -38 -39
leaf_value=0 0 -0.0061333461315521212 0.16095069504634407 -0.021245448089560522 0.17050937575698058 0.15612087326415094 0.15612087326415094 -0.0071247749486239914 -0.0065050363860062882 0.15626331964825874 0.14832497642403586 -0.0064029180687710978 0.22235985504130773 -0.0064088000838438443 0.15324682632879269 0.21005848099183802 -0.0068186123457324947 0.24413815804260564 -0.0065050363860062882 0.15612087326415094 0.18343576080085919 -0.0067979258889210702 -0.062429015794999244 0.15689242159614011 -0.019640232892253723 0.15612087326415094 -0.007711933842532933 0.15612087326415094 0.1560868051633921 0.15612087326415094 -0.020665572590689844 0.00054469268293365239 -0.0063853818724914357 0.20727617791339015 0.17220908940595853 0.22434918138487764 -0.039404357570744612 0.25008797465316884
leaf_weight=27813 9258 166 490 30 2998 6724 1060 306 102 1045 276 265 581 571 1048 867 371 282 279 438 147 333 64 249 138 230 46 384 932 1504 151 47 91 137 78 248 152 99
leaf_count=27813 9258 166 490 30 2998 6724 1060 306 102 1045 276 265 581 571 1048 867 371 282 279 438 147 333 64 249 138 230 46 384 932 1504 151 47 91 137 78 248 152 99
internal_value=0.009404 0.0172032 0.0241493 0.0145896 0.0317088 0.0327172 0.00961934 0.0265188 0.0165939 0.0226698 0.00306971 0.00475369 0.00941368 0.003392 0.0282665 0.0253636 0.0221906 0.00497729 0.00884885 0.00161785 -0.00969697 0.000666667 0.0109202 0.00607004 -0.00097561 0.0239772 0.0245065 0.012766 0.0272488 0.0290839 0.0215328 -0.025641 -0.00875912 0.00502732 -0.0218519 0.00703375 -0.00444444 0.0130061
internal_weight=60000 32187 22929 10125 12804 12314 6620 5590 3206 2105 3414 3248 2456 1875 5284 4236 3369 1101 999 717 792 480 1304 1028 779 3505 3475 658 2817 2587 1083 312 274 183 216 563 315 163
internal_count=60000 32187 22929 10125 12804 12314 6620 5590 3206 2105 3414 3248 2456 1875 5284 4236 3369 1101 999 717 792 480 1304 1028 779 3505 3475 658 2817 2587 1083 312 274 183 216 563 315 163
is_linear=0
shrinkage=0.04


Tree=16
num_leaves=39
num_cat=0
split_feature=135 15 128 12 73 119 119 14 14 120 119 14 119 14 122 102 14 119 14 119 102 14 120 14 119 14 102 14 119 101 119 14 14 14 119 119 120 119
split_gain=2634.31 2399.02 1030.34 295.263 203.792 242.233 189.004 184.271 141.428 167.431 118.393 136.7 179.626 151.674 112.488 103.575 137.186 101.019 83.0065 208.003 81.793 119.839 79.7018 71.4105 99.7822 81.4081 71.0893 69.9276 135.961 66.6844 66.3862 74.3397 65.4835 65.4553 66.2965 64.3107 60.1266 58.8836
threshold=1.0000000180025095e-35 0.75000000000000011 -0.29012919962406153 0.79704815149307262 0.085450042039155974 0.59593412280082714 0.55386900901794445 0.51995083689689647 0.50125351548194896 1.0000000180025095e-35 0.3721448034048081 0.47904258966445928 0.51773032546043407 0.42466887831687933 1.0000000180025095e-35 0.55805155634880077 0.48630662262439733 0.56429719924926769 0.51995083689689647 0.59288045763969432 0.54245403409004223 0.48630662262439733 1.0000000180025095e-35 0.3239296823740006 0.48003464937210089 0.41325272619724279 0.37993320822715765 0.49548439681530004 0.59593412280082714 1.0000000180025095e-35 0.52763688564300548 0.45428046584129339 0.49318374693393713 0.53494751453399669 0.55587741732597362 0.4717922061681748 1.0000000180025095e-35 0.41975449025630956
decision_type=2 2 2 2 2 2 2 2 2 2 2 2 2 2 2 2 2 2 2 2 2 2 2 2 2 2 2 2 2 2 2 2 2 2 2 2 2 2
left_child=-1 -2 3 6 -4 7 10 14 9 -8 -3 12 13 23 15 16 -6 -10 36 -20 32 -22 -7 -12 25 37 -5 29 33 -28 31 -31 -13 34 -29 -27 -19 -25
right_child=1 2 4 26 5 22 8 -9 17 -11 11 20 -14 -15 -16 -17 -18 18 19 -21 21 -23 -24 24 -26 35 27 28 -30 30 -32 -33 -34 -35 -36 -37 -38 -39
leaf_value=0 0 -0.0058880122862900366 0.15451266724449028 -0.020395630165978101 0.16368900072670137 -0.039090085886764374 0.1498760383335849 -0.0068397839506790315 -0.0062448349305660369 0.14987102868253646 0.1423919773670744 -0.0061468013460202536 0.21346546083965542 -0.0061524480804900908 0.147116953275641 0.20165614175216448 -0.0065458678519031942 -0.05321172104085941 -0.0062448349305660369 0.1498760383335849 0.17609833036882477 -0.006526008853364228 0.1498760383335849 -0.037828183267914831 0.15061672473229451 -0.018854623576563576 0.1498760383335849 -0.0074034564888316159 0.1498760383335849 0.14984333295685642 0.1498760383335849 -0.019838949687062252 0.00052290497561630631 -0.0061299665975917787 0.19898513079685459 0.16532072582972018 0.23437263172090142 0.21537521412948252
leaf_weight=27813 9258 166 490 30 2998 42 905 306 102 1200 276 265 581 571 1048 867 371 69 279 438 147 333 6682 315 249 138 230 46 384 932 1504 151 47 91 137 78 213 248
leaf_count=27813 9258 166 490 30 2998 42 905 306 102 1200 276 265 581 571 1048 867 371 69 279 438 147 333 6682 315 249 138 230 46 384 932 1504 151 47 91 137 78 213 248
internal_value=0.00939467 0.0171858 0.0241249 0.0145896 0.0316651 0.0326718 0.00961934 0.0265188 0.0165939 0.0226698 0.00306971 0.00475369 0.00941368 0.003392 0.0282665 0.0253636 0.0221906 0.00497729 0.00884885 0.00161785 -0.00969697 0.000666667 0.037787 0.0109202 0.00607004 -0.00097561 0.0239772 0.0245065 0.012766 0.0272488 0.0290839 0.0215328 -0.025641 -0.00875912 0.00502732 -0.0218519 0.027234 0.00703375
internal_weight=60000 32187 22929 10125 12804 12314 6620 5590 3206 2105 3414 3248 2456 1875 5284 4236 3369 1101 999 717 792 480 6724 1304 1028 779 3505 3475 658 2817 2587 1083 312 274 183 216 282 563
internal_count=60000 32187 22929 10125 12804 12314 6620 5590 3206 2105 3414 3248 2456 1875 5284 4236 3369 1101 999 717 792 480 6724 1304 1028 779 3505 3475 658 2817 2587 1083 312 274 183 216 282 563
is_linear=0
shrinkage=0.04


Tree=17
num_leaves=39
num_cat=0
split_feature=135 15 128 29 73 119 119 14 14 120 119 14 119 14 122 102 14 119 14 119 102 14 120 14 119 14 102 14 119 101 119 14 14 14 119 119 120 119
split_gain=2634.31 2399.02 1030.34 295.263 203.792 242.233 189.004 184.271 141.428 167.431 118.393 136.7 179.626 151.674 112.488 103.575 137.186 101.019 83.0065 208.003 81.793 119.839 79.7018 71.4105 99.7822 81.4081 71.0893 69.9276 135.961 66.6844 66.3862 74.3397 65.4835 65.4553 66.2965 64.3107 60.1266 58.8836
threshold=1.0000000180025095e-35 0.75000000000000011 -0.29012919962406153 0.79704815149307262 0.085450042039155974 0.59593412280082714 0.55386900901794445 0.51995083689689647 0.50125351548194896 1.0000000180025095e-35 0.3721448034048081 0.47904258966445928 0.51773032546043407 0.42466887831687933 1.0000000180025095e-35 0.55805155634880077 0.48630662262439733 0.56429719924926769 0.51995083689689647 0.59288045763969432 0.54245403409004223 0.48630662262439733 1.0000000180025095e-35 0.3239296823740006 0.48003464937210089 0.41325272619724279 0.37993320822715765 0.49548439681530004 0.59593412280082714 1.0000000180025095e-35 0.52763688564300548 0.45428046584129339 0.49318374693393713 0.53494751453399669 0.55587741732597362 0.4717922061681748 1.0000000180025095e-35 0.41975449025630956
decision_type=2 2 2 2 2 2 2 2 2 2 2 2 2 2 2 2 2 2 2 2 2 2 2 2 2 2 2 2 2 2 2 2 2 2 2 2 2 2
left_child=-1 -2 3 6 -4 7 10 14 9 -8 -3 12 13 23 15 16 -6 -10 36 -20 32 -22 -7 -12 25 37 -5 29 33 -28 31 -31 -13 34 -29 -27 -19 -25
right_child=1 2 4 26 5 22 8 -9 17 -11 11 20 -14 -15 -16 -17 -18 18 19 -21 21 -23 -24 24 -26 35 27 28 -30 30 -32 -33 -34 -35 -36 -37 -38 -39
leaf_value=0 0 -0.0056524917948384346 0.14833216055471068 -0.019579804959338976 0.15714144069763328 -0.037526482451293801 0.1438809968002415 -0.0065661925926518705 -0.0059950415333433951 0.14387618753523498 0.13669629827239141 -0.005900929292179443 0.2049268424060692 -0.0059063501572704869 0.14123227514461534 0.19358989608207788 -0.0062840331378270662 -0.051083252199225035 -0.0059950415333433951 0.1438809968002415 0.16905439715407181 -0.0062649684992296586 0.1438809968002415 -0.036315055937198241 0.14459205574300271 -0.018100438633501029 0.1438809968002415 -0.0071073182292783511 0.1438809968002415 0.14384959963858215 0.1438809968002415 -0.01904539169957976 0.00050198877659165403 -0.0058847679336881077 0.1910257255649804 0.15870789679653136 0.22499772645206534 0.20676020556430319
leaf_weight=27813 9258 166 490 30 2998 42 905 306 102 1200 276 265 581 571 1048 867 371 69 279 438 147 333 6682 315 249 138 230 46 384 932 1504 151 47 91 137 78 213 248
leaf_count=27813 9258 166 490 30 2998 42 905 306 102 1200 276 265 581 571 1048 867 371 69 279 438 147 333 6682 315 249 138 230 46 384 932 1504 151 47 91 137 78 213 248
internal_value=0.00939467 0.0171858 0.0241249 0.0145896 0.0316651 0.0326718 0.00961934 0.0265188 0.0165939 0.0226698 0.00306971 0.00475369 0.00941368 0.003392 0.0282665 0.0253636 0.0221906 0.00497729 0.00884885 0.00161785 -0.00969697 0.000666667 0.037787 0.0109202 0.00607004 -0.00097561 0.0239772 0.0245065 0.012766 0.0272488 0.0290839 0.0215328 -0.025641 -0.00875912 0.00502732 -0.0218519 0.027234 0.00703375
internal_weight=60000 32187 22929 10125 12804 12314 6620 5590 3206 2105 3414 3248 2456 1875 5284 4236 3369 1101 999 717 792 480 6724 1304 1028 779 3505 3475 658 2817 2587 1083 312 274 183 216 282 563
internal_count=60000 32187 22929 10125 12804 12314 6620 5590 3206 2105 3414 3248 2456 1875 5284 4236 3369 1101 999 717 792 480 6724 1304 1028 779 3505 3475 658 2817 2587 1083 312 274 183 216 282 563
is_linear=0
shrinkage=0.04


Tree=18
num_leaves=39
num_cat=0
split_feature=135 32 128 12 73 119 119 14 14 120 119 14 119 14 121 102 14 119 14 119 102 14 120 14 119 14 102 14 119 101 119 14 14 14 119 119 120 119
split_gain=2634.31 2399.02 1030.34 295.263 203.792 242.233 189.004 184.271 141.428 167.431 118.393 136.7 179.626 151.674 110.915 103.578 137.354 101.019 83.0065 208.003 81.793 119.839 79.7018 71.4105 99.7822 81.4081 71.0893 69.9276 135.961 66.6844 66.3862 74.3397 65.4835 65.4553 66.2965 64.3107 60.1266 58.8836
threshold=1.0000000180025095e-35 0.75000000000000011 -0.29012919962406153 0.79704815149307262 0.085450042039155974 0.59593412280082714 0.55386900901794445 0.51995083689689647 0.50125351548194896 1.0000000180025095e-35 0.3721448034048081 0.47904258966445928 0.51773032546043407 0.42466887831687933 1.0000000180025095e-35 0.55805155634880077 0.48630662262439733 0.56429719924926769 0.51995083689689647 0.59288045763969432 0.54245403409004223 0.48630662262439733 1.0000000180025095e-35 0.3239296823740006 0.48003464937210089 0.41325272619724279 0.37993320822715765 0.49548439681530004 0.59593412280082714 1.0000000180025095e-35 0.52763688564300548 0.45428046584129339 0.49318374693393713 0.53494751453399669 0.55587741732597362 0.4717922061681748 1.0000000180025095e-35 0.41975449025630956
decision_type=2 2 2 2 2 2 2 2 2 2 2 2 2 2 2 2 2 2 2 2 2 2 2 2 2 2 2 2 2 2 2 2 2 2 2 2 2 2
left_child=-1 -2 3 6 -4 7 10 14 9 -8 -3 12 13 23 -6 16 -16 -10 36 -20 32 -22 -7 -12 25 37 -5 29 33 -28 31 -31 -13 34 -29 -27 -19 -25
right_child=1 2 4 26 5 22 8 -9 17 -11 11 20 -14 -15 15 -17 -18 18 19 -21 21 -23 -24 24 -26 35 27 28 -30 30 -32 -33 -34 -35 -36 -37 -38 -39
leaf_value=0 0 -0.0054263921230448976 0.14239887413252225 -0.018796612760965416 0.13782466313085798 -0.036025423153242045 0.13812575692823184 -0.0063035448889457958 -0.0057552398720096586 0.13812114003382558 0.13122844634149577 -0.0056648921204922658 0.19672976870982645 -0.0056700961509796675 0.15085578306972797 0.18584630023879478 -0.0060326718123139833 -0.049039922111256032 -0.0057552398720096586 0.13812575692823184 0.16229222126790896 -0.0060143697592604716 0.13812575692823184 -0.034862453699710312 0.1388083735132826 -0.017376421088160988 0.13812575692823184 -0.0068230255001072168 0.13812575692823184 0.13809561565303885 0.13812575692823184 -0.018283576031596572 0.00048190922552798792 -0.0056493772163405832 0.18338469654238118 0.15235958092467011 0.21599781739398272 0.19848979734173106
leaf_weight=27813 9258 166 490 30 1058 42 905 306 102 1200 276 265 581 571 2996 859 371 69 279 438 147 333 6682 315 249 138 230 46 384 932 1504 151 47 91 137 78 213 248
leaf_count=27813 9258 166 490 30 1058 42 905 306 102 1200 276 265 581 571 2996 859 371 69 279 438 147 333 6682 315 249 138 230 46 384 932 1504 151 47 91 137 78 213 248
internal_value=0.00939467 0.0171858 0.0241249 0.0145896 0.0316651 0.0326718 0.00961934 0.0265188 0.0165939 0.0226698 0.00306971 0.00475369 0.00941368 0.003392 0.0282665 0.0253668 0.0222037 0.00497729 0.00884885 0.00161785 -0.00969697 0.000666667 0.037787 0.0109202 0.00607004 -0.00097561 0.0239772 0.0245065 0.012766 0.0272488 0.0290839 0.0215328 -0.025641 -0.00875912 0.00502732 -0.0218519 0.027234 0.00703375
internal_weight=60000 32187 22929 10125 12804 12314 6620 5590 3206 2105 3414 3248 2456 1875 5284 4226 3367 1101 999 717 792 480 6724 1304 1028 779 3505 3475 658 2817 2587 1083 312 274 183 216 282 563
internal_count=60000 32187 22929 10125 12804 12314 6620 5590 3206 2105 3414 3248 2456 1875 5284 4226 3367 1101 999 717 792 480 6724 1304 1028 779 3505 3475 658 2817 2587 1083 312 274 183 216 282 563
is_linear=0
shrinkage=0.04


Tree=19
num_leaves=39
num_cat=0
split_feature=135 15 128 12 73 119 119 14 14 120 119 14 119 14 122 102 14 119 14 119 102 14 120 14 119 14 123 14 119 120 119 14 119 14 119 85 68 14
split_gain=2637.43 2401.79 1026.53 299.03 203.792 242.233 189.004 184.271 141.428 167.431 118.393 136.7 179.626 151.674 112.488 103.575 137.186 101.019 83.0065 208.003 81.793 119.839 79.7018 71.4105 99.7822 81.4081 67.5603 65.4835 64.3107 60.1266 58.8836 64.2916 95.1305 58.8136 57.5081 57.2858 55.1328 96.0123
threshold=1.0000000180025095e-35 0.75000000000000011 -0.29012919962406153 0.79704815149307262 0.085450042039155974 0.59593412280082714 0.55386900901794445 0.51995083689689647 0.50125351548194896 1.0000000180025095e-35 0.3721448034048081 0.47904258966445928 0.51773032546043407 0.42466887831687933 1.0000000180025095e-35 0.55805155634880077 0.48630662262439733 0.56429719924926769 0.51995083689689647 0.59288045763969432 0.54245403409004223 0.48630662262439733 1.0000000180025095e-35 0.3239296823740006 0.48003464937210089 0.41325272619724279 1.0000000180025095e-35 0.49318374693393713 0.4717922061681748 1.0000000180025095e-35 0.41975449025630956 0.35276135802268987 0.387991413474083 0.50125351548194896 0.8224521577358247 0.55228129029273998 0.50650358200073253 0.45142881572246557
decision_type=2 2 2 2 2 2 2 2 2 2 2 2 2 2 2 2 2 2 2 2 2 2 2 2 2 2 2 2 2 2 2 2 2 2 2 2 2 2
left_child=-1 -2 3 6 34 7 10 14 9 -8 -3 12 13 23 15 16 -6 -10 29 -20 27 -22 -7 -12 25 30 -5 -13 -27 -19 31 32 -25 -23 -4 -35 -15 -38
right_child=1 2 4 26 5 22 8 -9 17 -11 11 20 -14 36 -16 -17 -18 18 19 -21 21 33 -24 24 -26 28 -28 -29 -30 -31 -32 -33 -34 35 -36 -37 37 -39
leaf_value=0 0 -0.0052093364381231013 0.14653634081887057 0.13260072665110256 0.14482155174693884 -0.034584406227112362 0.13260072665110256 -0.0060514030933879635 -0.0055250302771292729 0.13259629443247256 0.12597930848783595 -0.0054382964356725749 0.18886057796143338 -0.012626187752153272 0.13006999761359642 0.17841244822924299 -0.005791364939821424 -0.047078325226805787 -0.0055250302771292729 0.13260072665110256 0.15580053241719258 -0.014011367359914983 0.13260072665110256 -0.055571627447006333 0.13325603857275131 -0.016681364244634549 0.13260072665110256 0.0004626328565068684 0.14626519768768328 0.20735790469822341 0.19055020544806184 -0.033467955551721898 0.24444468338323502 0.0022041964516633559 -0.069113424529609419 -0.0057737949688900529 0.2698588541946243 -0.0054432923049404815
leaf_weight=27813 9258 166 306 2447 2998 42 905 306 102 1200 276 265 581 282 1048 867 371 69 279 438 147 236 6682 64 249 138 1058 47 78 213 248 152 99 63 184 34 157 132
leaf_count=27813 9258 166 306 2447 2998 42 905 306 102 1200 276 265 581 282 1048 867 371 69 279 438 147 236 6682 64 249 138 1058 47 78 213 248 152 99 63 184 34 157 132
internal_value=0.0094 0.0171958 0.0241389 0.0146212 0.0316651 0.0326718 0.00961934 0.0265188 0.0165939 0.0226698 0.00306971 0.00475369 0.00941368 0.003392 0.0282665 0.0253636 0.0221906 0.00497729 0.00884885 0.00161785 -0.00969697 0.000666667 0.037787 0.0109202 0.00607004 -0.00097561 0.0240685 -0.025641 -0.0218519 0.027234 0.00703375 -0.00444444 0.0130061 -0.0126126 0.00636735 0.0136082 -0.0138004 -0.00152249
internal_weight=60000 32187 22929 10125 12804 12314 6620 5590 3206 2105 3414 3248 2456 1875 5284 4236 3369 1101 999 717 792 480 6724 1304 1028 779 3505 312 216 282 563 315 163 333 490 97 571 289
internal_count=60000 32187 22929 10125 12804 12314 6620 5590 3206 2105 3414 3248 2456 1875 5284 4236 3369 1101 999 717 792 480 6724 1304 1028 779 3505 312 216 282 563 315 163 333 490 97 571 289
is_linear=0
shrinkage=0.04


Tree=20
num_leaves=39
num_cat=0
split_feature=135 32 128 12 22 119 119 14 14 120 119 14 119 14 122 102 14 119 14 119 102 14 120 14 119 14 102 14 119 14 119 101 119 14 14 119 120 119
split_gain=2631.2 2396.24 1034.16 291.52 199.202 246.457 189.004 184.244 141.428 167.431 118.393 136.7 179.626 151.674 112.536 103.444 137.186 101.019 83.0065 208.003 81.793 119.839 80.0404 71.4105 99.7822 81.4081 70.8778 74.7026 144.708 68.2726 74.8667 66.6844 66.3862 74.3397 65.4835 64.3107 60.1266 58.8836
threshold=1.0000000180025095e-35 0.75000000000000011 -0.29012919962406153 0.79704815149307262 0.11795619875192644 0.59593412280082714 0.55386900901794445 0.51995083689689647 0.50125351548194896 1.0000000180025095e-35 0.3721448034048081 0.47904258966445928 0.51773032546043407 0.42466887831687933 1.0000000180025095e-35 0.55805155634880077 0.48630662262439733 0.56429719924926769 0.51995083689689647 0.59288045763969432 0.54245403409004223 0.48630662262439733 1.0000000180025095e-35 0.3239296823740006 0.48003464937210089 0.41325272619724279 0.37993320822715765 0.49548439681530004 0.59593412280082714 0.53494751453399669 0.55587741732597362 1.0000000180025095e-35 0.52763688564300548 0.45428046584129339 0.49318374693393713 0.4717922061681748 1.0000000180025095e-35 0.41975449025630956
decision_type=2 2 2 2 2 2 2 2 2 2 2 2 2 2 2 2 2 2 2 2 2 2 2 2 2 2 2 2 2 2 2 2 2 2 2 2 2 2
left_child=-1 -2 3 6 -4 7 10 14 9 -8 -3 12 13 23 15 16 -6 -10 36 -20 34 -22 -7 -12 25 37 -5 31 29 30 -29 -28 33 -33 -13 -27 -19 -25
right_child=1 2 4 26 5 22 8 -9 17 -11 11 20 -14 -15 -16 -17 -18 18 19 -21 21 -23 -24 24 -26 35 27 28 -30 -31 -32 32 -34 -35 -36 -37 -38 -39
leaf_value=0 0 -0.0050009629805981767 0.12729669758505846 -0.023348777316570903 0.13902868967706128 -0.033201029978027867 0.12729669758505846 -0.0058093469696524451 -0.0053040290660441016 0.12729244265517367 0.1209401361483225 -0.0052207645782456728 0.18130615484297605 -0.0052255606127428623 0.12486719770905254 0.17127595030007328 -0.0055597103422285665 -0.045195192217733549 -0.0053040290660441016 0.12729669758505846 0.14956851112050487 -0.0055428431701344504 0.12729669758505846 -0.032129237329653025 0.12792579702984125 -0.016014109674849168 0.12729669758505846 -0.01185413354614703 0.12729669758505846 -0.010727431193731062 0.17074527961464181 0.12726776196087319 0.12729669758505846 -0.022856262056376808 0.00044412754224659365 0.14041458978017596 0.19906358851029449 0.18292819723013934
leaf_weight=27813 9258 166 541 30 2998 42 905 306 102 1200 276 265 581 571 1048 866 371 69 279 438 147 333 6632 315 249 138 230 46 384 91 137 932 1504 151 47 78 213 248
leaf_count=27813 9258 166 541 30 2998 42 905 306 102 1200 276 265 581 571 1048 866 371 69 279 438 147 333 6632 315 249 138 230 46 384 91 137 932 1504 151 47 78 213 248
internal_value=0.00938933 0.0171759 0.024111 0.014558 0.0316651 0.032713 0.00961934 0.0265164 0.0165939 0.0226698 0.00306971 0.00475369 0.00941368 0.003392 0.0282642 0.0253601 0.0221906 0.00497729 0.00884885 0.00161785 -0.00969697 0.000666667 0.0379023 0.0109202 0.00607004 -0.00097561 0.0238859 0.0244144 0.0122796 -0.00992701 0.00415301 0.0272488 0.0290839 0.0215328 -0.025641 -0.0218519 0.027234 0.00703375
internal_weight=60000 32187 22929 10125 12804 12263 6620 5589 3206 2105 3414 3248 2456 1875 5283 4235 3369 1101 999 717 792 480 6674 1304 1028 779 3505 3475 658 274 183 2817 2587 1083 312 216 282 563
internal_count=60000 32187 22929 10125 12804 12263 6620 5589 3206 2105 3414 3248 2456 1875 5283 4235 3369 1101 999 717 792 480 6674 1304 1028 779 3505 3475 658 274 183 2817 2587 1083 312 216 282 563
is_linear=0
shrinkage=0.04


Tree=21
num_leaves=39
num_cat=0
split_feature=135 15 128 12 22 102 122 102 14 14 120 102 14 102 14 102 14 102 102 14 14 102 14 102 14 102 68 14 102 101 102 102 14 14 102 14 85 68
split_gain=2636.65 2401.1 1039.45 291.52 199.936 212.557 186.708 182.554 154.009 133.565 135.469 108.756 117.999 155.715 137.517 102.848 137.186 90.6358 72.3848 132.899 90.4639 70.8778 74.7026 133.745 68.3627 190.065 77.5154 67.185 91.3201 66.6844 66.5198 60.396 61.5401 59.5166 71.4066 58.0692 62.0023 56.8744
threshold=1.0000000180025095e-35 0.75000000000000011 -0.29012919962406153 0.79704815149307262 0.11795619875192644 0.59573671221733104 1.0000000180025095e-35 0.5541210174560548 0.51995083689689647 0.50125351548194896 1.0000000180025095e-35 0.37131667137146002 0.47904258966445928 0.51809874176979076 0.42466887831687933 0.55805155634880077 0.48630662262439733 0.56428781151771557 0.54245403409004223 0.48630662262439733 0.49318374693393713 0.37993320822715765 0.49548439681530004 0.59573671221733104 0.51995083689689647 0.59573671221733104 0.67331635951995861 0.3239296823740006 0.48479545116424566 1.0000000180025095e-35 0.58683568239212047 0.52797222137451183 0.43977364897727972 0.53494751453399669 0.55623358488082897 0.50125351548194896 0.55228129029273998 0.50650358200073253
decision_type=2 2 2 2 2 2 2 2 2 2 2 2 2 2 2 2 2 2 2 2 2 2 2 2 2 2 2 2 2 2 2 2 2 2 2 2 2 2
left_child=-1 -2 3 7 -4 6 8 11 15 10 -9 -3 13 14 27 16 -6 -11 20 -20 -14 -5 29 33 30 -26 -27 -13 -29 -23 -19 32 -31 34 -24 -21 -37 -16
right_child=1 2 4 21 5 -7 -8 9 -10 17 -12 12 18 -15 37 -17 -18 24 19 35 -22 22 23 -25 25 26 -28 28 -30 31 -32 -33 -34 -35 -36 36 -38 -39
leaf_value=0 0 -0.0048009244613742494 0.12220482968165612 -0.022414826223908065 0.13346754208997882 0.12220482968165612 0.20196131910919049 0.12220482968165612 -0.0055769730908663473 -0.0050918679034023372 0.12220074494896672 0.11248893416197998 -0.0050119339951158462 0.17405390864925699 -0.011912117817557426 0.16442491228807035 -0.0053373219285394241 0.1911010449698827 0.14358577067568468 -0.013229198938713008 0.00042636244055672994 0.12220482968165612 -0.01137996820430115 0.12220482968165612 -0.0050918679034023372 0.13573591341420219 0.12174402969386318 0.079611046452750175 0.12280876514864758 0.12217705148243826 0.17243305100193473 0.12220482968165612 0.12174801582625151 -0.010298333945981819 0.16391546843005614 0.0023377423204021999 -0.0053211294433290722 -0.0043095644319326113
leaf_weight=27813 9258 153 541 30 2998 6324 1416 905 302 87 1366 264 260 558 284 852 371 175 131 223 59 230 45 397 289 189 239 799 162 790 120 1572 225 86 130 65 27 265
leaf_count=27813 9258 153 541 30 2998 6324 1416 905 302 87 1366 264 260 558 284 852 371 175 131 223 59 230 45 397 289 189 239 799 162 790 120 1572 225 86 130 65 27 265
internal_value=0.00939867 0.0171933 0.0241354 0.014558 0.0317088 0.0327587 0.0273245 0.00961934 0.0233562 0.0161424 0.0216821 0.00285538 0.00448176 0.00895369 0.00315671 0.0253305 0.0221906 0.00469518 -0.00915033 0.00125561 -0.0236991 0.0238859 0.0244144 0.0122796 0.00806324 0.0013947 0.0183178 0.0106122 0.00570239 0.0272488 0.0242712 0.0290839 0.0214778 -0.00996169 0.00342857 -0.0128254 0.013913 -0.0134791
internal_weight=60000 32187 22929 10125 12804 12263 5939 6620 4523 3370 2271 3250 3097 2332 1774 4221 3369 1099 765 446 319 3505 3475 658 1012 717 428 1225 961 2817 295 2587 1015 261 175 315 92 549
internal_count=60000 32187 22929 10125 12804 12263 5939 6620 4523 3370 2271 3250 3097 2332 1774 4221 3369 1099 765 446 319 3505 3475 658 1012 717 428 1225 961 2817 295 2587 1015 261 175 315 92 549
is_linear=0
shrinkage=0.04


Tree=22
num_leaves=39
num_cat=0
split_feature=135 32 128 12 73 119 119 14 14 120 119 14 119 14 122 102 14 119 14 119 102 14 120 14 119 14 102 14 119 14 101 119 14 119 14 119 120 119
split_gain=2632.76 2397.63 1032.25 293.389 203.792 242.233 189.004 184.271 141.428 167.431 118.393 136.7 179.626 151.674 112.488 103.575 137.186 101.019 83.0065 208.003 81.793 119.839 79.7018 71.4105 99.7822 81.4081 70.9835 72.2954 140.3 71.1176 66.6844 66.3862 74.3397 66.2965 65.4835 64.3107 60.1266 58.8836
threshold=1.0000000180025095e-35 0.75000000000000011 -0.29012919962406153 0.79704815149307262 0.085450042039155974 0.59593412280082714 0.55386900901794445 0.51995083689689647 0.50125351548194896 1.0000000180025095e-35 0.3721448034048081 0.47904258966445928 0.51773032546043407 0.42466887831687933 1.0000000180025095e-35 0.55805155634880077 0.48630662262439733 0.56429719924926769 0.51995083689689647 0.59288045763969432 0.54245403409004223 0.48630662262439733 1.0000000180025095e-35 0.3239296823740006 0.48003464937210089 0.41325272619724279 0.37993320822715765 0.49548439681530004 0.59593412280082714 0.53494751453399669 1.0000000180025095e-35 0.52763688564300548 0.45428046584129339 0.55587741732597362 0.49318374693393713 0.4717922061681748 1.0000000180025095e-35 0.41975449025630956
decision_type=2 2 2 2 2 2 2 2 2 2 2 2 2 2 2 2 2 2 2 2 2 2 2 2 2 2 2 2 2 2 2 2 2 2 2 2 2 2
left_child=-1 -2 3 6 -4 7 10 14 9 -8 -3 12 13 23 15 16 -6 -10 36 -20 34 -22 -7 -12 25 37 -5 30 29 33 -28 32 -32 -29 -13 -27 -19 -25
right_child=1 2 4 26 5 22 8 -9 17 -11 11 20 -14 -15 -16 -17 -18 18 19 -21 21 -23 -24 24 -26 35 27 28 -30 -31 31 -33 -34 -35 -36 -37 -38 -39
leaf_value=0 0 -0.0046088874829192791 0.12086140444379798 -0.021518233174951742 0.12812884040637967 -0.036761181966173 0.11731663649438989 -0.0053538941672316934 -0.0048881931872662441 0.11731271515100805 0.11160297333591039 -0.004811456635311212 0.16709175230328671 -0.0048441556109558425 0.11179405703632281 0.15784791579654756 -0.0051238290513978468 -0.050284706569101598 -0.0048881931872662441 0.1173350684939016 0.13784233984865729 -0.0051082842655959092 0.11731663649438989 -0.034028509694576908 0.11789641454270168 -0.018557987145965207 0.11731663649438989 -0.010924769476129104 0.11731663649438989 -0.0098864005881425469 0.11728996942314072 0.11731663649438989 -0.026811932207171797 0.15735884969285388 0.00040930794293446074 0.13161356433085891 0.1834570031710874 0.17242662748282378
leaf_weight=27813 9258 166 490 30 2998 42 905 306 102 1200 276 265 581 571 1048 867 371 69 279 438 147 333 6682 315 249 138 230 46 384 91 932 1504 151 137 47 78 213 248
leaf_count=27813 9258 166 490 30 2998 42 905 306 102 1200 276 265 581 571 1048 867 371 69 279 438 147 333 6682 315 249 138 230 46 384 91 932 1504 151 137 47 78 213 248
internal_value=0.009392 0.0171808 0.0241179 0.0145738 0.0316651 0.0326718 0.00961934 0.0265188 0.0165939 0.0226698 0.00306971 0.00475369 0.00941368 0.003392 0.0282665 0.0253636 0.0221906 0.00497729 0.00884885 0.00161785 -0.00969697 0.000666667 0.037787 0.0109202 0.00607004 -0.00097561 0.0239315 0.0244604 0.0125228 -0.00934307 0.0272488 0.0290839 0.0215328 0.00502732 -0.025641 -0.0218519 0.027234 0.00703375
internal_weight=60000 32187 22929 10125 12804 12314 6620 5590 3206 2105 3414 3248 2456 1875 5284 4236 3369 1101 999 717 792 480 6724 1304 1028 779 3505 3475 658 274 2817 2587 1083 183 312 216 282 563
internal_count=60000 32187 22929 10125 12804 12314 6620 5590 3206 2105 3414 3248 2456 1875 5284 4236 3369 1101 999 717 792 480 6724 1304 1028 779 3505 3475 658 274 2817 2587 1083 183 312 216 282 563
is_linear=0
shrinkage=0.04


Tree=23
num_leaves=39
num_cat=0
split_feature=135 15 94 12 73 119 119 14 14 103 119 14 119 14 122 102 14 119 14 119 102 14 14 119 14 102 14 119 14 119 14 119 101 119 14 119 14 119
split_gain=2633.53 2398.32 1028.54 297.042 203.233 238.724 187.108 184.271 142.943 135.425 118.393 136.7 179.626 151.674 112.488 103.575 137.186 100.377 82.6225 206.72 81.793 119.839 71.4105 99.7822 81.4081 71.1667 72.6311 137.361 68.2571 66.2965 65.4835 64.3107 62.3328 66.5965 74.3397 58.8836 64.2916 95.1305
threshold=1.0000000180025095e-35 0.75000000000000011 -0.38268354535102839 0.79704815149307262 0.085450042039155974 0.59593412280082714 0.55386900901794445 0.51995083689689647 0.50125351548194896 1.0000000180025095e-35 0.3721448034048081 0.47904258966445928 0.51773032546043407 0.42466887831687933 1.0000000180025095e-35 0.55805155634880077 0.48630662262439733 0.56429719924926769 0.51995083689689647 0.59288045763969432 0.54245403409004223 0.48630662262439733 0.3239296823740006 0.48003464937210089 0.41325272619724279 0.37993320822715765 0.49548439681530004 0.59593412280082714 0.53494751453399669 0.55587741732597362 0.49318374693393713 0.4717922061681748 1.0000000180025095e-35 0.52763688564300548 0.45428046584129339 0.41975449025630956 0.35276135802268987 0.387991413474083
decision_type=2 2 2 2 2 2 2 2 2 2 2 2 2 2 2 2 2 2 2 2 2 2 2 2 2 2 2 2 2 2 2 2 2 2 2 2 2 2
left_child=-1 -2 3 6 -4 7 10 14 9 -8 -3 12 13 22 15 16 -6 -10 -19 -20 30 -22 -12 24 35 -5 32 28 29 -28 -13 -26 -27 34 -34 36 37 -24
right_child=1 2 4 25 5 -7 8 -9 17 -11 11 20 -14 -15 -16 -17 -18 18 19 -21 21 -23 23 -25 31 26 27 -29 -30 -31 -32 -33 33 -35 -36 -37 -38 -39
leaf_value=0 0 -0.0044245319836025082 0.11602694826604605 -0.02065750384795367 0.12300368679012451 0.11262397103461429 0.11262397103461429 -0.0051397384005424252 -0.0046926654597755938 0.11276196472475966 0.10713885440247399 -0.0046189983698987636 0.16040808221115527 -0.0046503893865176091 0.10732229475486989 0.15153399916468566 -0.0049188758893419331 0.17611872304424392 -0.0046926654597755938 0.11264166575414553 0.132328646254711 -0.0049039528949720726 -0.053886894326266886 0.11318055796099362 -0.0178156676601266 0.11262397103461429 -0.010487778697083941 0.11262397103461429 -0.009490944564616844 0.15106449570513975 0.00039293562521708228 0.12634902175762455 0.11259837064621511 0.11262397103461429 -0.025739454918884925 0.16552956238351083 -0.032667369306793835 0.23242517613091615
leaf_weight=27813 9258 166 490 30 2998 6759 1048 306 102 1044 276 265 581 571 1048 867 371 280 279 436 147 333 64 249 138 220 46 382 91 137 47 78 932 1498 151 248 152 99
leaf_count=27813 9258 166 490 30 2998 6759 1048 306 102 1044 276 265 581 571 1048 867 371 280 279 436 147 333 64 249 138 220 46 382 91 137 47 78 932 1498 151 248 152 99
internal_value=0.00939333 0.0171833 0.0241214 0.0145649 0.0316317 0.0326342 0.00957746 0.0265188 0.0165444 0.0226769 0.00306971 0.00475369 0.00941368 0.003392 0.0282665 0.0253636 0.0221906 0.00484959 0.00872362 0.00151049 -0.00969697 0.000666667 0.0109202 0.00607004 -0.00097561 0.0240092 0.0245415 0.012561 -0.00905109 0.00502732 -0.025641 -0.0218519 0.0273474 0.0290895 0.0215328 0.00703375 -0.00444444 0.0130061
internal_weight=60000 32187 22929 10090 12839 12349 6603 5590 3189 2092 3414 3248 2456 1875 5284 4236 3369 1097 995 715 792 480 1304 1028 779 3487 3457 656 274 183 312 216 2801 2581 1083 563 315 163
internal_count=60000 32187 22929 10090 12839 12349 6603 5590 3189 2092 3414 3248 2456 1875 5284 4236 3369 1097 995 715 792 480 1304 1028 779 3487 3457 656 274 183 312 216 2801 2581 1083 563 315 163
is_linear=0
shrinkage=0.04


Tree=24
num_leaves=39
num_cat=0
split_feature=135 15 128 12 73 119 119 14 14 103 119 14 119 14 122 102 14 119 14 119 102 14 14 119 14 102 14 119 14 119 14 119 119 14 119 14 119 85
split_gain=2633.53 2398.32 1031.3 294.325 203.792 242.233 189.004 184.271 141.428 135.22 118.393 136.7 179.626 151.674 112.488 103.575 137.186 101.019 83.0065 208.003 81.793 119.839 71.4105 99.7822 81.4081 71.0364 71.1065 138.122 68.2571 66.2965 65.4835 64.3107 58.8836 64.2916 95.1305 58.8136 57.5081 57.2858
threshold=1.0000000180025095e-35 0.75000000000000011 -0.29012919962406153 0.79704815149307262 0.085450042039155974 0.59593412280082714 0.55386900901794445 0.51995083689689647 0.50125351548194896 1.0000000180025095e-35 0.3721448034048081 0.47904258966445928 0.51773032546043407 0.42466887831687933 1.0000000180025095e-35 0.55805155634880077 0.48630662262439733 0.56429719924926769 0.51995083689689647 0.59288045763969432 0.54245403409004223 0.48630662262439733 0.3239296823740006 0.48003464937210089 0.41325272619724279 0.37993320822715765 0.49548439681530004 0.59593412280082714 0.53494751453399669 0.55587741732597362 0.49318374693393713 0.4717922061681748 0.41975449025630956 0.35276135802268987 0.387991413474083 0.50125351548194896 0.8224521577358247 0.55228129029273998
decision_type=2 2 2 2 2 2 2 2 2 2 2 2 2 2 2 2 2 2 2 2 2 2 2 2 2 2 2 2 2 2 2 2 2 2 2 2 2 2
left_child=-1 -2 3 6 36 7 10 14 9 -8 -3 12 13 22 15 16 -6 -10 -19 -20 30 -22 -12 24 32 -5 -27 28 29 -28 -13 -26 33 34 -24 -23 -4 -37
right_child=1 2 4 25 5 -7 8 -9 17 -11 11 20 -14 -15 -16 -17 -18 18 19 -21 21 35 23 -25 31 26 27 -29 -30 -31 -32 -33 -34 -35 -36 37 -38 -39
leaf_value=0 0 -0.0042475507042584078 0.12121929198705339 -0.019831203694035526 0.11808353931851955 0.1081190121932297 0.1081190121932297 -0.0049341488645207286 -0.0045049588413845704 0.10825148613576929 0.10285330022637502 -0.0044342384351028132 0.15399175892270905 -0.0044643738110569046 0.10302940296467508 0.14547263919809822 -0.0047221208537682555 0.16907397412247416 -0.0045049588413845704 0.10813599912397973 0.12703550040452258 -0.012299541494741769 -0.05173141855321621 0.10865333564255387 -0.017103040953721536 0.1081190121932297 -0.010068267549200583 0.1081190121932297 -0.0091113067820321712 0.14502191587693414 0.00037721820020839903 0.12129506088731958 0.15890837988817041 -0.031360674534522077 0.22312816908567951 0.0026447221140088314 -0.085804482747487379 -0.0047077947791731899
leaf_weight=27813 9258 166 306 30 2998 6724 1060 306 102 1045 276 265 581 571 1048 867 371 282 279 438 147 236 64 249 138 2817 46 384 91 137 47 78 248 152 99 63 184 34
leaf_count=27813 9258 166 306 30 2998 6724 1060 306 102 1045 276 265 581 571 1048 867 371 282 279 438 147 236 64 249 138 2817 46 384 91 137 47 78 248 152 99 63 184 34
internal_value=0.00939333 0.0171833 0.0241214 0.0145817 0.0316651 0.0326718 0.00961934 0.0265188 0.0165939 0.0226698 0.00306971 0.00475369 0.00941368 0.003392 0.0282665 0.0253636 0.0221906 0.00497729 0.00884885 0.00161785 -0.00969697 0.000666667 0.0109202 0.00607004 -0.00097561 0.0239544 0.0244835 0.0126444 -0.00905109 0.00502732 -0.025641 -0.0218519 0.00703375 -0.00444444 0.0130061 -0.0126126 0.00636735 0.0136082
internal_weight=60000 32187 22929 10125 12804 12314 6620 5590 3206 2105 3414 3248 2456 1875 5284 4236 3369 1101 999 717 792 480 1304 1028 779 3505 3475 658 274 183 312 216 563 315 163 333 490 97
internal_count=60000 32187 22929 10125 12804 12314 6620 5590 3206 2105 3414 3248 2456 1875 5284 4236 3369 1101 999 717 792 480 1304 1028 779 3505 3475 658 274 183 312 216 563 315 163 333 490 97
is_linear=0
shrinkage=0.04


Tree=25
num_leaves=39
num_cat=0
split_feature=135 15 128 12 73 119 119 14 14 120 119 14 119 14 122 102 14 119 14 119 102 14 120 14 119 14 102 14 119 14 101 119 14 119 14 119 120 119
split_gain=2633.53 2398.32 1031.3 294.325 203.792 242.233 189.004 184.271 141.428 167.431 118.393 136.7 179.626 151.674 112.488 103.575 137.186 101.019 83.0065 208.003 81.793 119.839 79.7018 71.4105 99.7822 81.4081 71.0364 71.1065 138.122 68.2571 66.6844 66.3862 74.3397 66.2965 65.4835 64.3107 60.1266 58.8836
threshold=1.0000000180025095e-35 0.75000000000000011 -0.29012919962406153 0.79704815149307262 0.085450042039155974 0.59593412280082714 0.55386900901794445 0.51995083689689647 0.50125351548194896 1.0000000180025095e-35 0.3721448034048081 0.47904258966445928 0.51773032546043407 0.42466887831687933 1.0000000180025095e-35 0.55805155634880077 0.48630662262439733 0.56429719924926769 0.51995083689689647 0.59288045763969432 0.54245403409004223 0.48630662262439733 1.0000000180025095e-35 0.3239296823740006 0.48003464937210089 0.41325272619724279 0.37993320822715765 0.49548439681530004 0.59593412280082714 0.53494751453399669 1.0000000180025095e-35 0.52763688564300548 0.45428046584129339 0.55587741732597362 0.49318374693393713 0.4717922061681748 1.0000000180025095e-35 0.41975449025630956
decision_type=2 2 2 2 2 2 2 2 2 2 2 2 2 2 2 2 2 2 2 2 2 2 2 2 2 2 2 2 2 2 2 2 2 2 2 2 2 2
left_child=-1 -2 3 6 -4 7 10 14 9 -8 -3 12 13 23 15 16 -6 -10 36 -20 34 -22 -7 -12 25 37 -5 30 29 33 -28 32 -32 -29 -13 -27 -19 -25
right_child=1 2 4 26 5 22 8 -9 17 -11 11 20 -14 -15 -16 -17 -18 18 19 -21 21 -23 -24 24 -26 35 27 28 -30 -31 31 -33 -34 -35 -36 -37 -38 -39
leaf_value=0 0 -0.0040776486760880715 0.10653709865592209 -0.019037955546274105 0.11336019774577878 -0.044120454016639832 0.1037942517055005 -0.0047367829099398987 -0.0043247604877291873 0.10379048721585395 0.098739168217320025 -0.0042568688976987006 0.14783208856580068 -0.0042857988586146277 0.098908226846088076 0.1396537336301743 -0.004533236019617525 -0.062081026193006254 -0.0043247604877291873 0.10381055915902053 0.12195408038834167 -0.0045194829880062628 0.1037942517055005 -0.030106247553141199 0.1043072022168517 -0.016418919315572673 0.1037942517055005 -0.009665536847232559 0.1037942517055005 -0.0087468545107508826 0.10376967533263731 0.1037942517055005 -0.029034637209858716 0.13922103924185678 0.00036212947220006306 0.11644325845182678 0.16231101515757521 0.15255204469264361
leaf_weight=27813 9258 166 490 30 2998 42 905 306 102 1200 276 265 581 571 1048 867 371 69 279 438 147 333 6682 315 249 138 230 46 384 91 932 1504 151 137 47 78 213 248
leaf_count=27813 9258 166 490 30 2998 42 905 306 102 1200 276 265 581 571 1048 867 371 69 279 438 147 333 6682 315 249 138 230 46 384 91 932 1504 151 137 47 78 213 248
internal_value=0.00939333 0.0171833 0.0241214 0.0145817 0.0316651 0.0326718 0.00961934 0.0265188 0.0165939 0.0226698 0.00306971 0.00475369 0.00941368 0.003392 0.0282665 0.0253636 0.0221906 0.00497729 0.00884885 0.00161785 -0.00969697 0.000666667 0.037787 0.0109202 0.00607004 -0.00097561 0.0239544 0.0244835 0.0126444 -0.00905109 0.0272488 0.0290839 0.0215328 0.00502732 -0.025641 -0.0218519 0.027234 0.00703375
internal_weight=60000 32187 22929 10125 12804 12314 6620 5590 3206 2105 3414 3248 2456 1875 5284 4236 3369 1101 999 717 792 480 6724 1304 1028 779 3505 3475 658 274 2817 2587 1083 183 312 216 282 563
internal_count=60000 32187 22929 10125 12804 12314 6620 5590 3206 2105 3414 3248 2456 1875 5284 4236 3369 1101 999 717 792 480 6724 1304 1028 779 3505 3475 658 274 2817 2587 1083 183 312 216 282 563
is_linear=0
shrinkage=0.04


Tree=26
num_leaves=39
num_cat=0
split_feature=118 15 79 5 12 119 119 14 14 119 120 119 14 119 14 119 102 14 119 14 14 119 14 119 90 14 119 119 14 119 73 13 14 68 14 119 68 14
split_gain=2570.26 2407.42 832.115 314.118 271.121 233.818 176.649 191.944 144.556 140.339 126.314 123.498 139.77 207.008 162.739 114.258 108.525 123.692 98.5358 171.73 87.087 244.208 78.2753 108.562 71.7915 68.3873 82.2161 72.2 68.4291 101.624 65.0525 69.4405 64.2375 61.5226 61.3564 55.1776 54.981 106.331
threshold=1.0000000180025095e-35 0.75000000000000011 0.68530935049057018 0.12146756798028947 0.79704815149307262 0.55386900901794445 0.59593412280082714 0.50461712479591381 0.50125351548194896 0.76648133993148815 1.0000000180025095e-35 0.3721448034048081 0.47904258966445928 0.51773032546043407 0.42466887831687933 0.56429719924926769 0.54245403409004223 0.48630662262439733 0.55386900901794445 0.48630662262439733 0.51995083689689647 0.59288045763969432 0.3239296823740006 0.48508223891258245 0.073773939162492766 0.41325272619724279 0.4717922061681748 0.41975449025630956 0.35276135802268987 0.387991413474083 0.077669043093919768 0.93636366724967968 0.50125351548194896 0.71727970242500316 0.49318374693393713 0.7215886414051057 0.50650358200073253 0.45591865479946142
decision_type=2 2 2 2 2 2 2 2 2 2 2 2 2 2 2 2 2 2 2 2 2 2 2 2 2 2 2 2 2 2 2 2 2 2 2 2 2 2
left_child=-1 -2 3 -3 5 11 7 18 9 -7 -8 -4 13 14 22 -10 34 -18 19 -5 35 -22 -13 25 -11 27 -27 28 29 -24 -6 -32 -19 -23 -14 -17 -16 -38
right_child=1 2 4 6 30 8 10 -9 15 24 -12 12 16 -15 36 20 17 32 -20 -21 21 33 23 -25 -26 26 -28 -29 -30 -31 31 -33 -34 -35 -36 -37 37 -39
leaf_value=0 0 -0.0097844721120000002 -0.0039145427290445487 0.11340063746757956 -0.0097844721120000002 0.10266699359416517 0.099642481637280483 -0.011973027988356796 -0.0041517700682200199 -0.0097844721120000002 0.099642481637280483 0.09117600494821762 -0.0040865941417907526 0.14191880502316864 -0.010705844398169328 0.15581857455127218 0.11670927673312907 -0.011626780515431848 0.13406758428496734 -0.0070129975338215078 -0.0041517700682200199 0.18809088637301258 -0.048457911908961905 0.10013491412817764 0.099642481637280483 -0.015762162542949768 0.11178552811375372 0.14644996290493786 -0.028901997651015549 0.21185066145174994 0.099642481637280483 0.24795608838776878 0.0027197125489687285 0.099642481637280483 0.00034764429331206055 -0.053993700503671756 0.19520781397140302 -0.0041143669042700429
leaf_weight=27793 9293 384 182 3056 85 1449 405 343 109 125 6396 298 286 641 308 244 163 257 1335 236 307 316 67 208 575 146 136 294 161 108 2337 1287 95 154 42 59 220 100
leaf_count=27793 9293 384 182 3056 85 1449 405 343 109 125 6396 298 286 641 308 244 163 257 1335 236 307 316 67 208 575 146 136 294 161 108 2337 1287 95 154 42 59 220 100
internal_value=0.0094 0.0170907 0.0240552 0.0312267 0.0159532 0.0113475 0.0323881 0.0266559 0.0190294 0.025221 0.036577 0.00443966 0.00609632 0.0105545 0.00434018 0.00783852 -0.00811388 0.00333981 0.0287962 0.025079 0.0117778 0.00468468 0.0118477 0.007 0.0105143 0.00105263 -0.0153191 0.00838095 -0.00428571 0.0130286 0.0247075 0.0255188 -0.01 0.0228085 -0.0260976 0.029967 -0.0126115 -0.001
internal_weight=60000 32207 22914 12155 10759 7050 11771 4970 3338 2149 6801 3712 3530 2687 2046 1189 843 515 4627 3292 1080 777 1418 1120 700 912 282 630 336 175 3709 3624 352 470 328 303 628 320
internal_count=60000 32207 22914 12155 10759 7050 11771 4970 3338 2149 6801 3712 3530 2687 2046 1189 843 515 4627 3292 1080 777 1418 1120 700 912 282 630 336 175 3709 3624 352 470 328 303 628 320
is_linear=0
shrinkage=0.04


Tree=27
num_leaves=39
num_cat=0
split_feature=135 32 94 12 73 102 122 102 14 14 120 102 14 102 14 102 14 102 102 14 14 120 102 14 102 14 102 68 102 14 102 14 102 14 85 68 14 118
split_gain=2629.64 2394.85 1031.62 294.712 203.132 201.95 187.133 181.423 156.82 135.028 136.115 108.593 119.366 155.715 137.517 102.979 137.186 90.0683 73.847 132.899 86.0476 73.8023 71.0071 76.2697 132.997 67.9822 188.787 78.6339 68.109 67.185 91.3201 59.5166 71.4066 58.0692 62.0023 56.8744 105.241 51.1707
threshold=1.0000000180025095e-35 0.75000000000000011 -0.38268354535102839 0.79704815149307262 0.085450042039155974 0.59573671221733104 1.0000000180025095e-35 0.5541210174560548 0.51995083689689647 0.50125351548194896 1.0000000180025095e-35 0.37131667137146002 0.47904258966445928 0.51809874176979076 0.42466887831687933 0.55805155634880077 0.48630662262439733 0.56428781151771557 0.54245403409004223 0.48630662262439733 0.49318374693393713 1.0000000180025095e-35 0.37993320822715765 0.49548439681530004 0.59573671221733104 0.51995083689689647 0.59573671221733104 0.67331635951995861 0.58683568239212047 0.3239296823740006 0.48479545116424566 0.53494751453399669 0.55623358488082897 0.50125351548194896 0.55228129029273998 0.50650358200073253 0.45142881572246557 1.0000000180025095e-35
decision_type=2 2 2 2 2 2 2 2 2 2 2 2 2 2 2 2 2 2 2 2 2 2 2 2 2 2 2 2 2 2 2 2 2 2 2 2 2 2
left_child=-1 -2 3 7 -4 6 8 11 15 10 -9 -3 13 14 29 16 -6 -11 20 -20 -14 -7 -5 37 31 28 -27 -28 -19 -13 -31 32 -25 -21 -35 -16 -37 -24
right_child=1 2 4 22 5 21 -8 9 -10 17 -12 12 18 -15 35 -17 -18 25 19 33 -22 -23 23 24 -26 26 27 -29 -30 30 -32 -33 -34 34 -36 36 -38 -39
leaf_value=0 0 -0.0037579610198827662 0.098168934965918594 -0.028194680859933891 0.10132831651500404 -0.0093496428017186741 0.17250468158204144 0.095656782371789262 -0.0090346710064803902 -0.003985699265491219 0.095532187983453171 0.087528964750288915 -0.0039231303761191223 0.13624205282224189 -0.010277610622242554 0.12870488091356866 -0.00388683535821555 0.14958583156922128 0.11240754610348283 -0.011161709294814573 0.00033373852157957817 0.095656782371789262 0.13323102256285357 -0.019197158908854008 0.095656782371789262 -0.003985699265491219 0.10510590972147174 0.095211637539375546 0.13301847921216756 0.044591941500556766 0.096129517563050548 -0.018315223865831599 0.12966649840669128 0.0026109240470099794 -0.0044474921704447615 0.25236738117645602 -0.0039497922280992406 0.095656782371789262
leaf_weight=27813 9258 153 490 30 2998 74 1417 893 302 87 1365 264 260 558 284 853 371 175 131 223 59 6334 119 45 395 289 189 237 118 799 162 86 130 65 27 131 134 2682
leaf_count=27813 9258 153 490 30 2998 74 1417 893 302 87 1365 264 260 558 284 853 371 175 131 223 59 6334 119 45 395 289 189 237 118 799 162 86 130 65 27 131 134 2682
internal_value=0.00938667 0.0171709 0.024104 0.0145332 0.0316255 0.0326277 0.0273153 0.00956535 0.0233422 0.0160931 0.0216829 0.00283077 0.00445593 0.00895369 0.00315671 0.025334 0.0221906 0.00456621 -0.0092549 0.00125561 -0.0239498 0.0375531 0.0239403 0.0244721 0.0121951 0.00793651 0.00128671 0.018216 0.0241638 0.0106122 0.00570239 -0.00996169 0.00342857 -0.0128254 0.013913 -0.0134791 -0.000150943 0.0273474
internal_weight=60000 32187 22929 10090 12839 12349 5941 6603 4524 3353 2258 3250 3097 2332 1774 4222 3369 1095 765 446 319 6408 3487 3457 656 1008 715 426 293 1225 961 261 175 315 92 549 265 2801
internal_count=60000 32187 22929 10090 12839 12349 5941 6603 4524 3353 2258 3250 3097 2332 1774 4222 3369 1095 765 446 319 6408 3487 3457 656 1008 715 426 293 1225 961 261 175 315 92 549 265 2801
is_linear=0
shrinkage=0.04


Tree=28
num_leaves=39
num_cat=0
split_feature=135 15 128 12 73 119 119 31 31 120 119 31 119 31 122 102 31 119 102 31 31 119 120 31 119 31 102 31 119 31 119 101 119 31 119 31 120 119
split_gain=2629.64 2394.85 1034.36 292.014 203.691 242.849 189.659 187.302 141.428 167.431 118.225 138.149 179.626 151.674 112.488 103.575 137.186 101.019 83.3952 119.839 83.0065 208.003 79.7018 71.4105 99.7822 81.4081 70.8778 74.7026 144.708 68.2726 74.8667 66.6844 66.3862 74.3397 64.3107 61.2045 60.1266 58.8836
threshold=1.0000000180025095e-35 0.75000000000000011 -0.29012919962406153 0.79704815149307262 0.085450042039155974 0.59593412280082714 0.55386900901794445 0.51995083689689647 0.50125351548194896 1.0000000180025095e-35 0.3721448034048081 0.47904258966445928 0.51773032546043407 0.42466887831687933 1.0000000180025095e-35 0.55805155634880077 0.48630662262439733 0.56429719924926769 0.54245403409004223 0.48630662262439733 0.51995083689689647 0.59288045763969432 1.0000000180025095e-35 0.3239296823740006 0.48003464937210089 0.41325272619724279 0.37993320822715765 0.49548439681530004 0.59593412280082714 0.53494751453399669 0.55587741732597362 1.0000000180025095e-35 0.52763688564300548 0.45428046584129339 0.4717922061681748 0.49318374693393713 1.0000000180025095e-35 0.41975449025630956
decision_type=2 2 2 2 2 2 2 2 2 2 2 2 2 2 2 2 2 2 2 2 2 2 2 2 2 2 2 2 2 2 2 2 2 2 2 2 2 2
left_child=-1 -2 3 6 -4 7 10 14 9 -8 -3 12 13 23 15 16 -6 -10 35 -20 36 -22 -7 -12 25 37 -5 31 29 30 -29 -28 33 -33 -27 -13 -19 -25
right_child=1 2 4 26 5 22 8 -9 17 -11 11 18 -14 -15 -16 -17 -18 20 19 -21 21 -23 -24 24 -26 34 27 28 -30 -31 -32 32 -34 -35 -36 -37 -38 -39
leaf_value=0 0 -0.0036076425790874558 0.094242177567281871 -0.027066893625536534 0.097275183854403868 -0.046027839648534415 0.09183051107691767 -0.0078337040187743071 -0.0038262712948715699 0.091831880942390434 0.087641402700686946 -0.0037662051610743573 0.13079237070935221 -0.0037918005389752712 0.084066011243471656 0.12355668567702591 -0.0037313619438869286 -0.064918524313772707 0.10791124425934352 -0.0042695924836269709 -0.0038262712948715699 0.091863972025593446 0.09183051107691767 -0.029529595404997201 0.092284336860528532 -0.016915353701254049 0.09183051107691767 -0.018429272552499848 0.09183051107691767 -0.017582614911198332 0.12447983847042363 0.091806917758969001 0.09183051107691767 -0.041617766551846687 0.10553042932918129 0.00032038898071639504 0.14360239830645241 0.13880828672871809
leaf_weight=27813 9258 166 490 30 2998 42 905 306 102 1200 276 265 581 571 1048 867 371 69 147 333 279 438 6682 315 249 138 230 46 384 91 137 932 1504 151 78 47 213 248
leaf_count=27813 9258 166 490 30 2998 42 905 306 102 1200 276 265 581 571 1048 867 371 69 147 333 279 438 6682 315 249 138 230 46 384 91 137 932 1504 151 78 47 213 248
internal_value=0.00938667 0.0171709 0.024104 0.0145501 0.0316589 0.0326653 0.00960725 0.0265045 0.0165939 0.0226698 0.00304628 0.00472906 0.00941368 0.003392 0.0282665 0.0253636 0.0221906 0.00497729 -0.00979798 0.000666667 0.00884885 0.00161785 0.037787 0.0109202 0.00607004 -0.00097561 0.0238859 0.0244144 0.0122796 -0.00992701 0.00415301 0.0272488 0.0290839 0.0215328 -0.0218519 -0.0258974 0.027234 0.00703375
internal_weight=60000 32187 22929 10125 12804 12314 6620 5590 3206 2105 3414 3248 2456 1875 5284 4236 3369 1101 792 480 999 717 6724 1304 1028 779 3505 3475 658 274 183 2817 2587 1083 216 312 282 563
internal_count=60000 32187 22929 10125 12804 12314 6620 5590 3206 2105 3414 3248 2456 1875 5284 4236 3369 1101 792 480 999 717 6724 1304 1028 779 3505 3475 658 274 183 2817 2587 1083 216 312 282 563
is_linear=0
shrinkage=0.04


Tree=29
num_leaves=39
num_cat=0
split_feature=135 15 128 12 73 119 119 14 14 120 119 14 119 14 122 102 14 119 102 14 14 119 120 14 119 14 102 14 119 14 119 101 119 14 119 14 120 119
split_gain=2629.64 2394.85 1034.36 292.014 203.691 242.849 189.659 187.302 141.428 167.431 118.225 138.149 179.626 151.674 112.488 103.575 137.186 101.019 83.3952 119.839 83.0065 208.003 79.7018 71.4105 99.7822 81.4081 70.8778 74.7026 144.708 68.2726 74.8667 66.6844 66.3862 74.3397 64.3107 61.2045 60.1266 58.8836
threshold=1.0000000180025095e-35 0.75000000000000011 -0.29012919962406153 0.79704815149307262 0.085450042039155974 0.59593412280082714 0.55386900901794445 0.51995083689689647 0.50125351548194896 1.0000000180025095e-35 0.3721448034048081 0.47904258966445928 0.51773032546043407 0.42466887831687933 1.0000000180025095e-35 0.55805155634880077 0.48630662262439733 0.56429719924926769 0.54245403409004223 0.48630662262439733 0.51995083689689647 0.59288045763969432 1.0000000180025095e-35 0.3239296823740006 0.48003464937210089 0.41325272619724279 0.37993320822715765 0.49548439681530004 0.59593412280082714 0.53494751453399669 0.55587741732597362 1.0000000180025095e-35 0.52763688564300548 0.45428046584129339 0.4717922061681748 0.49318374693393713 1.0000000180025095e-35 0.41975449025630956
decision_type=2 2 2 2 2 2 2 2 2 2 2 2 2 2 2 2 2 2 2 2 2 2 2 2 2 2 2 2 2 2 2 2 2 2 2 2 2 2
left_child=-1 -2 3 6 -4 7 10 14 9 -8 -3 12 13 23 15 16 -6 -10 35 -20 36 -22 -7 -12 25 37 -5 31 29 30 -29 -28 33 -33 -27 -13 -19 -25
right_child=1 2 4 26 5 22 8 -9 17 -11 11 18 -14 -15 -16 -17 -18 20 19 -21 21 -23 -24 24 -26 34 27 28 -30 -31 -32 32 -34 -35 -36 -37 -38 -39
leaf_value=0 0 -0.0034633368759239575 0.090472490464590577 -0.025984217880515074 0.093384176500227734 -0.044186726062593031 0.088157290633840979 -0.0075203558580233341 -0.0036732204430767073 0.088158605704694817 0.084135746592659474 -0.0036155569546313833 0.12556067588097811 -0.0036401285174162607 0.080703370793732784 0.11861441824994487 -0.0035821074661314513 -0.062321783341221799 0.10359479448896977 -0.0040988087842818918 -0.0036732204430767073 0.088189413144569712 0.088157290633840979 -0.02834841158879731 0.088592963386107407 -0.016238739553203888 0.088157290633840979 -0.017692101650399854 0.088157290633840979 -0.016879310314750401 0.11950064493160667 0.088134641048610227 0.088157290633840979 -0.039953055889772819 0.10130921215601404 0.00030757342148773925 0.13785830237419433 0.13325595525956935
leaf_weight=27813 9258 166 490 30 2998 42 905 306 102 1200 276 265 581 571 1048 867 371 69 147 333 279 438 6682 315 249 138 230 46 384 91 137 932 1504 151 78 47 213 248
leaf_count=27813 9258 166 490 30 2998 42 905 306 102 1200 276 265 581 571 1048 867 371 69 147 333 279 438 6682 315 249 138 230 46 384 91 137 932 1504 151 78 47 213 248
internal_value=0.00938667 0.0171709 0.024104 0.0145501 0.0316589 0.0326653 0.00960725 0.0265045 0.0165939 0.0226698 0.00304628 0.00472906 0.00941368 0.003392 0.0282665 0.0253636 0.0221906 0.00497729 -0.00979798 0.000666667 0.00884885 0.00161785 0.037787 0.0109202 0.00607004 -0.00097561 0.0238859 0.0244144 0.0122796 -0.00992701 0.00415301 0.0272488 0.0290839 0.0215328 -0.0218519 -0.0258974 0.027234 0.00703375
internal_weight=60000 32187 22929 10125 12804 12314 6620 5590 3206 2105 3414 3248 2456 1875 5284 4236 3369 1101 792 480 999 717 6724 1304 1028 779 3505 3475 658 274 183 2817 2587 1083 216 312 282 563
internal_count=60000 32187 22929 10125 12804 12314 6620 5590 3206 2105 3414 3248 2456 1875 5284 4236 3369 1101 792 480 999 717 6724 1304 1028 779 3505 3475 658 274 183 2817 2587 1083 216 312 282 563
is_linear=0
shrinkage=0.04


Tree=30
num_leaves=39
num_cat=0
split_feature=135 15 94 12 73 119 119 14 14 120 119 14 119 14 122 102 14 119 102 14 14 119 120 14 119 14 102 14 119 14 119 119 101 119 14 120 14 119
split_gain=2629.64 2394.85 1031.62 294.712 203.132 239.336 187.759 187.302 142.943 168.035 118.225 138.149 179.626 151.674 112.488 103.575 137.186 100.377 83.3952 119.839 82.6225 206.72 74.2744 71.4105 99.7822 81.4081 71.0071 76.2697 143.921 68.2726 74.8667 64.3107 62.3328 66.5965 74.3397 61.2213 61.2045 58.8836
threshold=1.0000000180025095e-35 0.75000000000000011 -0.38268354535102839 0.79704815149307262 0.085450042039155974 0.59593412280082714 0.55386900901794445 0.51995083689689647 0.50125351548194896 1.0000000180025095e-35 0.3721448034048081 0.47904258966445928 0.51773032546043407 0.42466887831687933 1.0000000180025095e-35 0.55805155634880077 0.48630662262439733 0.56429719924926769 0.54245403409004223 0.48630662262439733 0.51995083689689647 0.59288045763969432 1.0000000180025095e-35 0.3239296823740006 0.48003464937210089 0.41325272619724279 0.37993320822715765 0.49548439681530004 0.59593412280082714 0.53494751453399669 0.55587741732597362 0.4717922061681748 1.0000000180025095e-35 0.52763688564300548 0.45428046584129339 1.0000000180025095e-35 0.49318374693393713 0.41975449025630956
decision_type=2 2 2 2 2 2 2 2 2 2 2 2 2 2 2 2 2 2 2 2 2 2 2 2 2 2 2 2 2 2 2 2 2 2 2 2 2 2
left_child=-1 -2 3 6 -4 7 10 14 9 -8 -3 12 13 23 15 16 -6 -10 36 -20 35 -22 -7 -12 25 37 -5 32 29 30 -29 -27 -28 34 -34 -19 -13 -25
right_child=1 2 4 26 5 22 8 -9 17 -11 11 18 -14 -15 -16 -17 -18 20 19 -21 21 -23 -24 24 -26 31 27 28 -30 -31 -32 -33 33 -35 -36 -37 -38 -39
leaf_value=0 0 -0.0033248034008869993 0.086853590846006953 -0.024944849165294471 0.089648809440218608 -0.0053670744612048299 0.08463099900848732 -0.0072195416237024017 -0.0035262916253536391 0.084632261476507015 0.080770316728953087 -0.003470934676446128 0.12053824884573899 -0.0034945233767196106 0.077475235961983482 0.11386984151994707 -0.003438823167486193 -0.059828912007572933 0.099451002709410971 -0.0039348564329106158 -0.0035262916253536391 0.084661836618786915 0.08463099900848732 -0.02721447512524542 0.085049244850663119 -0.015589189971075732 0.08463099900848732 -0.016984417584383859 0.08463099900848732 -0.016204137902160385 0.11472061913434242 0.097256843669773482 0.084609255406665834 0.08463099900848732 -0.038354933654181911 0.13234397027922654 0.00029527048462822967 0.12792571704918657
leaf_weight=27813 9258 166 490 30 2998 74 893 306 102 1199 276 265 581 571 1048 867 371 68 147 333 279 436 6685 315 249 138 220 46 382 91 137 78 932 1498 151 212 47 248
leaf_count=27813 9258 166 490 30 2998 74 893 306 102 1199 276 265 581 571 1048 867 371 68 147 333 279 436 6685 315 249 138 220 46 382 91 137 78 932 1498 151 212 47 248
internal_value=0.00938667 0.0171709 0.024104 0.0145332 0.0316255 0.0326277 0.00956535 0.0265045 0.0165444 0.0226769 0.00304628 0.00472906 0.00941368 0.003392 0.0282665 0.0253636 0.0221906 0.00484959 -0.00979798 0.000666667 0.00872362 0.00151049 0.037692 0.0109202 0.00607004 -0.00097561 0.0239403 0.0244721 0.0121951 -0.00992701 0.00415301 -0.0218519 0.0273474 0.0290895 0.0215328 0.0271429 -0.0258974 0.00703375
internal_weight=60000 32187 22929 10090 12839 12349 6603 5590 3189 2092 3414 3248 2456 1875 5284 4236 3369 1097 792 480 995 715 6759 1304 1028 779 3487 3457 656 274 183 216 2801 2581 1083 280 312 563
internal_count=60000 32187 22929 10090 12839 12349 6603 5590 3189 2092 3414 3248 2456 1875 5284 4236 3369 1097 792 480 995 715 6759 1304 1028 779 3487 3457 656 274 183 216 2801 2581 1083 280 312 563
is_linear=0
shrinkage=0.04


Tree=31
num_leaves=39
num_cat=0
split_feature=135 15 128 12 73 119 119 14 14 120 14 119 14 122 119 102 14 119 14 102 14 14 119 120 102 14 119 14 101 119 14 119 120 14 119 119 14 85
split_gain=2633.53 2398.32 1031.3 292.893 203.792 242.233 188.349 184.271 141.428 167.431 117.002 218.816 115.791 112.488 111.028 103.575 137.186 101.019 100.476 84.1685 119.993 83.0065 208.003 79.7018 70.9835 72.2954 140.3 71.1176 66.6844 66.3862 74.3397 66.2965 60.1266 58.1373 57.8788 57.5081 55.268 62.2741
threshold=1.0000000180025095e-35 0.75000000000000011 -0.29012919962406153 0.79704815149307262 0.085450042039155974 0.59593412280082714 0.55386900901794445 0.51995083689689647 0.50125351548194896 1.0000000180025095e-35 0.47904258966445928 0.51773032546043407 0.45142881572246557 1.0000000180025095e-35 0.3721448034048081 0.55805155634880077 0.48630662262439733 0.56429719924926769 0.3239296823740006 0.54245403409004223 0.48630662262439733 0.51995083689689647 0.59288045763969432 1.0000000180025095e-35 0.37993320822715765 0.49548439681530004 0.59593412280082714 0.53494751453399669 1.0000000180025095e-35 0.52763688564300548 0.45428046584129339 0.55587741732597362 1.0000000180025095e-35 0.49318374693393713 0.51532536745071422 0.8224521577358247 0.50125351548194896 0.55228129029273998
decision_type=2 2 2 2 2 2 2 2 2 2 2 2 2 2 2 2 2 2 2 2 2 2 2 2 2 2 2 2 2 2 2 2 2 2 2 2 2 2
left_child=-1 -2 3 6 35 7 10 13 9 -8 11 12 14 15 -3 16 -6 -10 -16 33 -21 32 -23 -7 -5 28 27 31 -26 30 -30 -27 -19 -12 -32 -4 -22 -38
right_child=1 2 4 24 5 23 8 -9 17 -11 19 -13 -14 -15 18 -17 -18 21 -20 20 36 22 -24 -25 25 26 -28 -29 29 -31 34 -33 -34 -35 -36 -37 37 -39
leaf_value=0 0 -0.0031918112648515189 0.097710927492062435 -0.02394705519868269 0.086062857062609868 -0.042204574041641116 0.081245759048147834 -0.0069307599587543059 -0.0033852399603394936 0.081246971017446726 -0.0033320972893882829 0.11571671889190942 -0.0033547424416508261 0.074376226523504133 0.077539504059794956 0.10931504785914918 -0.003301270240786745 -0.05743575552727001 0.055107708062804441 0.095289642381195083 -0.010223110614989211 -0.0033852399603394936 0.081275363154035427 0.081245759048147834 0.081245759048147834 -0.016305040881008506 0.081245759048147834 -0.015555972386073969 0.081224885190399193 0.081245759048147834 -0.036852698925381039 0.11013179436896874 0.12705021146805748 0.00028345966524310053 0.30756757301072257 -0.10103189625309668 0.0029986173931623593 -0.0037774621755941916
leaf_weight=27813 9258 154 306 30 2998 42 905 306 102 1200 270 581 176 1048 276 867 371 69 1423 148 237 279 438 6682 230 46 384 91 932 1504 58 137 213 49 93 184 63 37
leaf_count=27813 9258 154 306 30 2998 42 905 306 102 1200 270 581 176 1048 276 867 371 69 1423 148 237 279 438 6682 230 46 384 91 932 1504 58 137 213 49 93 184 63 37
internal_value=0.00939333 0.0171833 0.0241214 0.0145817 0.0316651 0.0326718 0.00963142 0.0265188 0.0165939 0.0226698 0.00309315 0.00720307 0.00100542 0.0282665 0.00395035 0.0253636 0.0221906 0.00497729 0.00689818 -0.0102488 0.000247423 0.00884885 0.00161785 0.037787 0.0239315 0.0244604 0.0125228 -0.00934307 0.0272488 0.0290839 0.0215328 0.00502732 0.027234 -0.0262069 -0.00450331 0.00636735 -0.0129377 0.012
internal_weight=60000 32187 22929 10125 12804 12314 6620 5590 3206 2105 3414 2610 2029 5284 1853 4236 3369 1101 1699 804 485 999 717 6724 3505 3475 658 274 2817 2587 1083 183 282 319 151 490 337 100
internal_count=60000 32187 22929 10125 12804 12314 6620 5590 3206 2105 3414 2610 2029 5284 1853 4236 3369 1101 1699 804 485 999 717 6724 3505 3475 658 274 2817 2587 1083 183 282 319 151 490 337 100
is_linear=0
shrinkage=0.04


Tree=32
num_leaves=39
num_cat=0
split_feature=135 15 128 12 73 119 119 14 14 120 14 119 14 122 119 119 14 119 14 14 119 119 14 120 123 14 120 119 119 14 85 69 119 14 17 14 119 14
split_gain=2632.76 2397.63 1032.25 293.389 203.792 242.233 189.004 184.271 141.428 167.431 116.592 219.436 115.497 112.488 110.733 101.044 128.781 101.019 100.905 83.0065 208.003 81.5072 134.379 79.7018 69.769 62.2111 60.1266 59.4897 57.5081 56.5661 65 54.4241 52.9066 108.671 60.8313 66.1793 45.9552 90.0767
threshold=1.0000000180025095e-35 0.75000000000000011 -0.29012919962406153 0.79704815149307262 0.085450042039155974 0.59593412280082714 0.55386900901794445 0.51995083689689647 0.50125351548194896 1.0000000180025095e-35 0.47904258966445928 0.51773032546043407 0.45142881572246557 1.0000000180025095e-35 0.3721448034048081 0.560205638408661 0.48630662262439733 0.56429719924926769 0.3239296823740006 0.51995083689689647 0.59288045763969432 0.54231527447700512 0.48630662262439733 1.0000000180025095e-35 1.0000000180025095e-35 0.49318374693393713 1.0000000180025095e-35 0.38069936633110052 0.8224521577358247 0.50125351548194896 0.55228129029273998 1.0000000180025095e-35 0.52266719937324535 0.44344586133956915 0.50966599583625805 0.45428046584129339 0.50974160432815563 0.44344586133956915
decision_type=2 2 2 2 2 2 2 2 2 2 2 2 2 2 2 2 2 2 2 2 2 2 2 2 2 2 2 2 2 2 2 2 2 2 2 2 2 2
left_child=-1 -2 3 6 28 7 10 13 9 -8 11 12 14 15 -3 16 32 -10 -16 26 -21 25 -23 -7 27 -12 -19 -5 -4 -24 -31 -22 33 -6 -35 -36 37 -20
right_child=1 2 4 24 5 23 8 -9 17 -11 21 -13 -14 -15 18 -17 -18 19 36 20 31 22 29 -25 -26 -27 -28 -29 -30 30 -32 -33 -34 34 35 -37 -38 -39
leaf_value=0 0 -0.0030641388142574584 0.09380249039237995 -0.022989172990735381 0.08105889702211673 -0.040516391079975476 0.077995928686221919 -0.0066535295604041337 -0.0032498303619259141 0.077997092176748842 -0.0031988133978127515 0.11108805013623303 -0.0032205527439847933 0.071401177462563969 0.074437923897403169 0.10494244594478321 0.0050443380016228787 -0.055138325306179209 0.079442966734124418 -0.0032498303619259141 0.07802434862787401 0.091661376905786726 -0.0098141861903896423 0.077995928686221919 0.077995928686221919 0.00027212127863337647 0.12196820300933517 0.077995928686221919 -0.096990620402972821 0.0028786726974358652 -0.0036263636885704243 0.1466243325554123 0.1068276704571591 -0.15733954787444845 0.13961709945130282 -0.1364250776233113 0.24050543570421004 -0.011633756422540584
leaf_weight=27813 9258 154 306 31 1600 42 905 306 102 1200 283 581 176 1048 276 789 407 69 1130 279 188 139 227 6682 1058 65 213 2416 184 64 26 250 954 182 138 166 90 203
leaf_count=27813 9258 154 306 31 1600 42 905 306 102 1200 283 581 176 1048 276 789 407 69 1130 279 188 139 227 6682 1058 65 213 2416 184 64 26 250 954 182 138 166 90 203
internal_value=0.009392 0.0171808 0.0241179 0.0145738 0.0316651 0.0326718 0.00961934 0.0265188 0.0165939 0.0226698 0.00306971 0.00717241 0.000965993 0.0282665 0.00390718 0.0253636 0.0224079 0.00497729 0.00685109 0.00884885 0.00161785 -0.0102488 0.000877193 0.037787 0.0239315 -0.0248276 0.027234 0.0202207 0.00636735 -0.0135016 0.0133333 0.0188128 0.0252368 0.0216683 0.00510288 0.0160526 0.00255798 0.000690173
internal_weight=60000 32187 22929 10125 12804 12314 6620 5590 3206 2105 3414 2610 2029 5284 1853 4236 3447 1101 1699 999 717 804 456 6724 3505 348 282 2447 490 317 90 438 3040 2086 486 304 1423 1333
internal_count=60000 32187 22929 10125 12804 12314 6620 5590 3206 2105 3414 2610 2029 5284 1853 4236 3447 1101 1699 999 717 804 456 6724 3505 348 282 2447 490 317 90 438 3040 2086 486 304 1423 1333
is_linear=0
shrinkage=0.04


Tree=33
num_leaves=39
num_cat=0
split_feature=135 32 94 12 73 119 119 48 48 120 48 119 48 122 119 102 48 48 119 102 48 48 119 120 102 48 119 48 119 101 119 48 120 48 119 119 69 48
split_gain=2631.2 2396.24 1031.41 294.215 203.233 238.724 187.108 184.271 142.943 168.035 116.592 219.436 115.497 112.488 110.733 103.575 137.186 100.905 100.377 84.1685 119.993 82.6225 206.72 74.2744 71.0071 76.2697 143.921 68.2726 74.8667 62.3328 66.5965 74.3397 61.2213 58.1373 57.8788 57.5081 55.6321 55.268
threshold=1.0000000180025095e-35 0.75000000000000011 -0.38268354535102839 0.79704815149307262 0.085450042039155974 0.59593412280082714 0.55386900901794445 0.51995083689689647 0.50125351548194896 1.0000000180025095e-35 0.47904258966445928 0.51773032546043407 0.45142881572246557 1.0000000180025095e-35 0.3721448034048081 0.55805155634880077 0.48630662262439733 0.3239296823740006 0.56429719924926769 0.54245403409004223 0.48630662262439733 0.51995083689689647 0.59288045763969432 1.0000000180025095e-35 0.37993320822715765 0.49548439681530004 0.59593412280082714 0.53494751453399669 0.55587741732597362 1.0000000180025095e-35 0.52763688564300548 0.45428046584129339 1.0000000180025095e-35 0.49318374693393713 0.51532536745071422 0.8224521577358247 1.0000000180025095e-35 0.50125351548194896
decision_type=2 2 2 2 2 2 2 2 2 2 2 2 2 2 2 2 2 2 2 2 2 2 2 2 2 2 2 2 2 2 2 2 2 2 2 2 2 2
left_child=-1 -2 3 6 35 7 10 13 9 -8 11 12 14 15 -3 16 -6 -16 -10 33 -21 32 -23 -7 -5 29 27 28 -27 -26 31 -31 -20 -12 -33 -4 -24 -22
right_child=1 2 4 24 5 23 8 -9 18 -11 19 -13 -14 -15 17 -17 -18 -19 21 20 37 22 36 -25 25 26 -28 -29 -30 30 -32 34 -34 -35 -36 -37 -38 -39
leaf_value=0 0 -0.0029415732616871601 0.090050390776684738 -0.02206960607110597 0.078347235961819098 -0.0018435528778919727 0.074876091538773046 -0.0063873883779879681 -0.0031198371474488772 0.074877208489678895 -0.0030708608619002416 0.10664452813078371 -0.0030917306342254014 0.06854513036406143 0.071460406941507029 0.10074474810699187 -0.0033709929512201905 0.049725681070927299 -0.052932792293932045 0.087811601609715809 -0.0094216187427740555 -0.0031198371474488772 0.074903374682759039 0.074876091538773046 0.074876091538773046 -0.018772676393217044 0.074876091538773046 -0.018053570638079885 0.10260668544676112 0.074856052635334361 0.074876091538773046 -0.038498428115814678 0.11708947488896179 0.00026123642748804142 0.29214503294284483 -0.093110995586853901 0.1407593592531958 0.00276352578953843
leaf_weight=27813 9258 154 306 30 2998 74 893 306 102 1199 270 581 176 1048 276 867 371 1423 68 148 237 279 186 6685 220 46 382 91 137 932 1498 58 212 49 93 184 250 100
leaf_count=27813 9258 154 306 30 2998 74 893 306 102 1199 270 581 176 1048 276 867 371 1423 68 148 237 279 186 6685 220 46 382 91 137 932 1498 58 212 49 93 184 250 100
internal_value=0.00938933 0.0171759 0.024111 0.0145411 0.0316317 0.0326342 0.00957746 0.0265188 0.0165444 0.0226769 0.00306971 0.00717241 0.000965993 0.0282665 0.00390718 0.0253636 0.0221906 0.00685109 0.00484959 -0.0102488 0.000247423 0.00872362 0.00151049 0.037692 0.0239403 0.0244721 0.0121951 -0.00992701 0.00415301 0.0273474 0.0290895 0.0215328 0.0271429 -0.0262069 -0.00450331 0.00636735 0.0187156 -0.0129377
internal_weight=60000 32187 22929 10090 12839 12349 6603 5590 3189 2092 3414 2610 2029 5284 1853 4236 3369 1699 1097 804 485 995 715 6759 3487 3457 656 274 183 2801 2581 1083 280 319 151 490 436 337
internal_count=60000 32187 22929 10090 12839 12349 6603 5590 3189 2092 3414 2610 2029 5284 1853 4236 3369 1699 1097 804 485 995 715 6759 3487 3457 656 274 183 2801 2581 1083 280 319 151 490 436 337
is_linear=0
shrinkage=0.04


Tree=34
num_leaves=39
num_cat=0
split_feature=135 15 128 12 73 119 14 119 14 119 14 119 122 14 119 14 102 14 103 14 119 102 14 119 119 14 119 85 52 14 119 119 14 102 14 33 102 14
split_gain=2649.14 2412.22 1012.3 280.272 203.792 242.233 184.271 174.665 145.712 130.906 112.747 144.989 112.488 106.849 191.666 108.046 103.575 137.186 84.6032 71.8354 121.605 70.8778 74.7026 144.708 69.3897 135.827 158.281 133.51 83.4505 68.2726 74.8667 65.4352 90.1205 62.6636 107.163 71.0402 61.3639 94.5956
threshold=1.0000000180025095e-35 0.75000000000000011 -0.29012919962406153 0.79704815149307262 0.085450042039155974 0.59593412280082714 0.51995083689689647 0.51532536745071422 0.44344586133956915 0.48508223891258245 0.41325272619724279 0.3721448034048081 1.0000000180025095e-35 0.46458241343498236 0.54425701498985302 0.50125351548194896 0.55805155634880077 0.48630662262439733 1.0000000180025095e-35 0.47904258966445928 0.52763688564300548 0.37993320822715765 0.49548439681530004 0.59593412280082714 0.59593412280082714 0.51995083689689647 0.56429719924926769 0.55228129029273998 1.0000000180025095e-35 0.53494751453399669 0.55587741732597362 0.4717922061681748 0.42232480645179754 0.55181074142456066 0.48630662262439733 1.0000000180025095e-35 0.50684645771980297 0.45142881572246557
decision_type=2 2 2 2 2 2 2 2 2 2 2 2 2 2 2 2 2 2 2 2 2 2 2 2 2 2 2 2 2 2 2 2 2 2 2 2 2 2
left_child=-1 -2 3 7 -4 6 12 8 9 10 11 -3 16 18 19 33 17 -6 -9 20 -15 -5 -23 29 25 26 27 -17 -26 30 -24 -12 -33 34 -16 -35 -10 -38
right_child=1 2 4 21 5 -7 -8 13 36 -11 31 -13 -14 14 15 24 -18 -19 -20 -21 -22 22 23 -25 28 -27 -28 -29 -30 -31 -32 32 -34 35 -36 -37 37 -39
leaf_value=0 0 -0.0028239103312196734 0.072116894865721579 -0.021186821828261732 0.075213346523346339 0.071881047877222146 -0.0061318928428684494 0.071881047877222146 -0.013157433408476051 0.074276220821922367 -0.021875876619153977 0.069229821800280186 0.065803325149498978 -0.23043560365606877 0.10547465394762345 0.0026529847579568932 0.096714958182712182 -0.0032361532331713827 0.071744623111144684 -0.0029480264274242317 0.10889534750593124 0.071881047877222146 -0.01802176933748836 0.071881047877222146 0.071907239695448655 -0.0029950436615509223 0.11240589589340332 -0.0029950436615509223 0.15109600021666963 -0.017331427812556692 0.098502418028890662 0.090121270488502492 -0.025487900317400038 0.071881047877222146 -0.0090447539930630944 0.080916532344524048 0.26816895586344686 -0.0029680614088563855
leaf_weight=27813 9258 143 490 30 2998 6724 306 682 243 252 168 832 1048 64 93 65 867 371 838 350 93 2817 46 384 286 320 185 120 213 91 137 79 94 400 161 717 105 117
leaf_count=27813 9258 143 490 30 2998 6724 306 682 243 252 168 832 1048 64 93 65 867 371 838 350 93 2817 46 384 286 320 185 120 213 91 137 79 94 400 161 717 105 117
internal_value=0.00942 0.017233 0.0241912 0.0147398 0.0316651 0.0326718 0.0265188 0.00989728 0.000137727 0.00596939 0.000911854 0.0078359 0.0282665 0.0142228 0.00992501 0.014375 0.0253636 0.0221906 0.0228947 -0.0125444 0.00993631 0.0238859 0.0244144 0.0122796 0.00555088 -0.00266667 0.0138378 -0.0123243 0.0169138 -0.00992701 0.00415301 -0.0188856 -0.0016185 0.0220277 0.00409449 0.0261056 -0.0195269 -0.00432432
internal_weight=60000 32187 22929 10125 12804 12314 5590 6620 2033 1568 1316 975 5284 4587 3067 2560 4236 3369 1520 507 157 3505 3475 658 1189 690 370 185 499 274 183 341 173 1371 254 1117 465 222
internal_count=60000 32187 22929 10125 12804 12314 5590 6620 2033 1568 1316 975 5284 4587 3067 2560 4236 3369 1520 507 157 3505 3475 658 1189 690 370 185 499 274 183 341 173 1371 254 1117 465 222
is_linear=0
shrinkage=0.04


Tree=35
num_leaves=39
num_cat=0
split_feature=135 15 119 103 14 22 12 94 119 14 122 119 14 119 14 119 14 119 118 14 119 85 12 119 119 14 119 119 14 14 102 14 14 14 119 14 119 9
split_gain=2459.67 2243.41 811.336 533.803 521.534 240.519 230.019 203.287 208.939 181.634 169.548 132.906 111.541 144.989 100.469 245.335 120.16 158.776 80.9072 77.5679 78.0944 135.188 97.485 110.557 74.2078 118.852 68.689 63.9442 90.1205 57.5796 56.2846 105.76 55.194 53.7745 61.1432 64.2916 95.1305 53.4964
threshold=1.0000000180025095e-35 0.75000000000000011 0.59593412280082714 1.0000000180025095e-35 0.52936649322509777 0.11795619875192644 0.87824293971061718 -0.38268354535102839 0.51532536745071422 0.44344586133956915 1.0000000180025095e-35 0.48508223891258245 0.41325272619724279 0.3721448034048081 0.46458241343498236 0.54425701498985302 0.47904258966445928 0.52763688564300548 1.0000000180025095e-35 0.50125351548194896 0.56429719924926769 0.55228129029273998 0.70907047390937816 0.58128473162651073 0.55386900901794445 0.48630662262439733 0.38069936633110052 0.4717922061681748 0.42232480645179754 0.49318374693393713 0.50684645771980297 0.45142881572246557 0.48149017989635473 0.3239296823740006 0.41975449025630956 0.35276135802268987 0.387991413474083 0.35206137597560888
decision_type=2 2 2 2 2 2 2 2 2 2 2 2 2 2 2 2 2 2 2 2 2 2 2 2 2 2 2 2 2 2 2 2 2 2 2 2 2 2
left_child=-1 -2 4 18 6 -5 7 8 9 11 32 12 13 -3 -10 16 17 -16 -4 24 21 -21 -22 -24 25 -17 -8 -14 -29 -18 -11 -32 -9 -15 35 36 -35 -20
right_child=1 2 3 5 -6 -7 26 10 14 30 -12 -13 27 33 15 19 29 -19 37 20 22 -23 23 -25 -26 -27 -28 28 -30 -31 31 -33 -34 34 -36 -37 -38 -39
leaf_value=0 0 -0.0027109539179708863 -0.053691770189992702 0.069232219071092727 -0.0028752419150888855 0.069005805962133238 -0.020339348955131262 0.087282656215174614 0.065335893342948911 -0.012631136072137011 0.056883696635020034 0.071305171989045457 -0.021000841554387816 0.062219201251425924 -0.221218179509826 0.068537946063244135 -0.0028301053703272626 0.098170389140471354 0.069005805962133238 0.0025468653676386176 0.10790966005766719 -0.0028752419150888855 -0.019095401915088885 0.094562321307735037 0.07403133394613802 -0.0086829638333405703 0.069005805962133238 0.086516419668962397 -0.024468384304704039 0.00036870802748548907 0.25744219762890902 -0.010115252431228516 0.083144976973244661 -0.055039820914589546 0.11266844126049368 -0.036266143226961055 0.20031343138437283 -0.092271231558008593
leaf_weight=27813 9258 143 418 522 524 8166 49 2306 687 260 666 319 169 261 77 171 309 145 1564 66 185 120 71 96 574 193 2701 79 94 57 105 141 1094 64 256 152 99 26
leaf_count=27813 9258 143 418 522 524 8166 49 2306 687 260 666 319 169 261 77 171 309 145 1564 66 185 120 71 96 574 193 2701 79 94 57 105 141 1094 64 256 152 99 26
internal_value=0.00909067 0.0166191 0.0233294 0.0313762 0.0162936 0.0356722 0.0180408 0.0149347 0.00944206 7.46965e-05 0.0215445 0.00655257 0.000941534 0.0078359 0.0167357 0.0123256 -0.00952381 0.0136937 0.0127888 0.0210298 0.00892193 -0.012043 0.02 -0.00215569 0.0279744 0.0138462 0.02816 -0.0187135 -0.0016185 -0.0236066 -0.0208696 -0.00715447 0.0179294 0.0142308 0.00735552 -0.00444444 0.0130061 0.0169057
internal_weight=60000 32187 22929 10696 12233 8688 11709 8959 4893 2142 4066 1636 1317 975 2751 2064 588 222 2008 1476 538 186 352 167 938 364 2750 342 173 366 506 246 3400 832 571 315 163 1590
internal_count=60000 32187 22929 10696 12233 8688 11709 8959 4893 2142 4066 1636 1317 975 2751 2064 588 222 2008 1476 538 186 352 167 938 364 2750 342 173 366 506 246 3400 832 571 315 163 1590
is_linear=0
shrinkage=0.04


Tree=36
num_leaves=39
num_cat=0
split_feature=135 15 119 120 14 22 12 94 119 14 122 119 14 119 14 119 14 119 14 119 85 12 119 119 14 119 119 14 26 101 14 14 13 102 85 102 14 119
split_gain=2458.92 2242.74 812.04 651.96 521.359 234.104 227.69 199.129 205.209 178.752 170.635 131.786 107.644 144.989 100.469 245.335 120.16 158.776 77.5679 78.0944 135.188 97.485 110.557 74.2078 118.852 68.5188 60.4922 90.1205 59.3903 70.6587 57.5796 57.4361 56.5082 95.1677 81.4367 75.1093 53.7745 61.1432
threshold=1.0000000180025095e-35 0.75000000000000011 0.59593412280082714 1.0000000180025095e-35 0.52936649322509777 0.11795619875192644 0.87824293971061718 -0.38268354535102839 0.51532536745071422 0.44344586133956915 1.0000000180025095e-35 0.48508223891258245 0.41325272619724279 0.3721448034048081 0.46458241343498236 0.54425701498985302 0.47904258966445928 0.52763688564300548 0.50125351548194896 0.56429719924926769 0.55228129029273998 0.70907047390937816 0.58128473162651073 0.55386900901794445 0.48630662262439733 0.38069936633110052 0.4717922061681748 0.42232480645179754 0.16280831396579745 1.0000000180025095e-35 0.49318374693393713 0.48149017989635473 0.76363638043403637 0.55805155634880077 0.55858969688415538 0.54448121786117565 0.3239296823740006 0.41975449025630956
decision_type=2 2 2 2 2 2 2 2 2 2 2 2 2 2 2 2 2 2 2 2 2 2 2 2 2 2 2 2 2 2 2 2 2 2 2 2 2 2
left_child=-1 -2 4 28 6 -5 7 8 9 11 31 12 13 -3 -10 16 17 -16 23 20 -20 -21 -23 24 -17 -8 -14 -28 29 -4 -18 -9 34 -34 35 -33 -15 -38
right_child=1 2 3 5 -6 -7 25 10 14 -11 -12 -13 26 36 15 18 30 -19 19 21 -22 22 -24 -25 -26 -27 27 -29 -30 -31 -32 32 33 -35 -36 -37 37 -39
leaf_value=0 0 -0.0026025157612520511 0.066245573723647908 0.066462930308249041 -0.0027602322384853301 0.066245573723647908 -0.01952577499692601 0.083791349966567633 0.062722457609230953 -0.010160036101402141 0.054608348769619237 0.068452965109483621 -0.020160807892212303 0.059730433201368886 -0.21236945232943297 0.065796428220714381 -0.0027169011555141722 0.094243573574852496 0.0024449907529330733 0.10359327365536053 -0.0027602322384853301 -0.018331585838485327 0.090779828455425648 0.071070080588292492 -0.0083356452800069473 0.066245573723647908 0.083055762882203898 -0.023489648932515879 -0.049743256869773454 0.066245573723647908 0.00035395970638606953 -0.016500064278575102 -0.0080922240366423041 0.14552054551768487 -0.0064794621117096798 0.072877071982386285 -0.034815497497882611 0.10816170361007395
leaf_weight=27813 9258 143 756 519 524 8450 49 2306 687 506 666 319 169 261 77 171 309 145 66 185 120 71 96 574 193 2701 79 94 48 923 57 75 224 423 200 172 315 256
leaf_count=27813 9258 143 756 519 524 8450 49 2306 687 506 666 319 169 261 77 171 309 145 66 185 120 71 96 574 193 2701 79 94 48 923 57 75 224 423 200 172 315 256
internal_value=0.00908933 0.0166166 0.0233259 0.0313762 0.0162871 0.0357097 0.018034 0.0149436 0.00950746 0.00022409 0.0214855 0.00665037 0.00106302 0.0078359 0.0167357 0.0123256 -0.00952381 0.0136937 0.0210298 0.00892193 -0.012043 0.02 -0.00215569 0.0279744 0.0138462 0.0281018 -0.0182456 -0.0016185 0.00887087 0.0101251 -0.0236066 0.0178588 0.0103108 0.0178671 -0.000626398 0.0147368 0.0142308 0.00735552
internal_weight=60000 32187 22929 10696 12233 8969 11709 8959 4893 2142 4066 1636 1317 975 2751 2064 588 222 1476 538 186 352 167 938 364 2750 342 173 1727 1679 366 3400 1094 647 447 247 832 571
internal_count=60000 32187 22929 10696 12233 8969 11709 8959 4893 2142 4066 1636 1317 975 2751 2064 588 222 1476 538 186 352 167 938 364 2750 342 173 1727 1679 366 3400 1094 647 447 247 832 571
is_linear=0
shrinkage=0.04


Tree=37
num_leaves=39
num_cat=0
split_feature=135 15 119 120 14 12 94 119 22 122 14 119 14 119 14 13 119 14 119 85 12 119 9 101 14 13 119 119 85 119 14 14 119 14 119 14 119 12
split_gain=2393.12 2184.09 875.163 651.96 506.1 252.916 241.977 240.275 234.104 172.453 172.343 107.282 99.8393 106.035 127.341 76.5078 68.3488 67.9002 78.0944 135.188 97.485 110.557 59.3903 70.6587 58.9948 59.837 94.3613 79.8267 68.8118 58.9437 110.593 58.4686 52.028 49.2076 121.4 48.0691 121.605 44.5712
threshold=1.0000000180025095e-35 0.75000000000000011 0.59593412280082714 1.0000000180025095e-35 0.52936649322509777 0.87824293971061718 -0.38268354535102839 0.54425701498985302 0.11795619875192644 1.0000000180025095e-35 0.47904258966445928 0.3721448034048081 0.3239296823740006 0.51532536745071422 0.45428046584129339 0.76363638043403637 0.38069936633110052 0.50125351548194896 0.56429719924926769 0.55228129029273998 0.70907047390937816 0.58128473162651073 0.22695460915565493 1.0000000180025095e-35 0.48149017989635473 0.76363638043403637 0.560205638408661 0.560205638408661 0.54450696706771862 0.55386900901794445 0.488080844283104 0.49318374693393713 0.8224521577358247 0.49548439681530004 0.55587741732597362 0.46458241343498236 0.52763688564300548 0.80047810077667247
decision_type=2 2 2 2 2 2 2 2 2 2 2 2 2 2 2 2 2 2 2 2 2 2 2 2 2 2 2 2 2 2 2 2 2 2 2 2 2 2
left_child=-1 -2 4 22 5 6 7 10 32 24 11 -3 -13 14 -14 37 -7 29 19 -19 -20 -22 23 -4 -8 27 -27 28 -26 30 -9 -12 -5 -18 -35 -17 -37 -15
right_child=1 2 3 8 -6 16 9 17 -10 -11 31 12 13 15 -16 35 33 18 20 -21 21 -23 -24 -25 25 26 -28 -29 -30 -31 -32 -33 -34 34 -36 36 -38 -39
leaf_value=0 0 -0.002498415130801969 0.063595750774702003 0.078135893375814863 -0.0026498229489459171 -0.018744743997048969 0.080439695967904928 0.062255511557463769 0.063595750774702003 0.052424014818834463 -0.002608225109293605 0.057341215873314123 0.007835212577487382 -0.0016133948451642511 -0.0020383274111969037 0.14654661186870294 0.063595750774702003 0.0023471911228157504 0.099449542709146146 -0.0026498229489459171 -0.017598322404945913 0.087148635317208623 -0.047753526594982512 0.063595750774702003 -0.015840061707432098 -0.0061088172213086215 0.13969972369697747 -0.0062202836272413006 0.06996198910309083 0.063214333236862111 -0.0083688599084855951 0.00033980131813062669 -0.097699037533182265 -0.022710953751420074 0.18449462361679281 -0.20387467423625563 0.096842975097081063 0.063679472104389637
leaf_weight=27813 9258 154 756 333 524 49 2306 247 8450 666 347 293 1510 189 142 286 2503 66 185 120 71 96 48 923 77 249 398 191 179 707 161 80 186 86 112 64 93 82
leaf_count=27813 9258 154 756 333 524 49 2306 247 8450 666 347 293 1510 189 142 286 2503 66 185 120 71 96 48 923 77 249 398 191 179 707 161 80 186 86 112 64 93 82
internal_value=0.008972 0.0163979 0.0230189 0.0313762 0.0157116 0.0174327 0.0141757 0.00818312 0.0357097 0.0213871 0.00185185 0.00544614 0.00732606 0.00459848 -0.000968523 0.017479 0.0280436 0.0205929 0.00892193 -0.012043 0.02 -0.00215569 0.00887087 0.0101251 0.0177412 0.0100914 0.0178671 -0.00116331 0.0134375 0.0262242 0.0141176 -0.0218267 0.00963391 0.028893 0.00969697 0.0277201 0.00993631 0.000738007
internal_weight=60000 32187 22929 10696 12233 11709 8959 4893 8969 4066 3240 2813 2659 2366 1652 714 2750 1653 538 186 352 167 1727 1679 3400 1094 647 447 256 1115 408 427 519 2701 198 443 157 271
internal_count=60000 32187 22929 10696 12233 11709 8959 4893 8969 4066 3240 2813 2659 2366 1652 714 2750 1653 538 186 352 167 1727 1679 3400 1094 647 447 256 1115 408 427 519 2701 198 443 157 271
is_linear=0
shrinkage=0.04


Tree=38
num_leaves=39
num_cat=0
split_feature=135 15 119 120 31 29 22 94 119 31 122 119 31 119 31 119 31 30 31 119 85 29 119 119 31 119 31 119 31 30 102 102 85 119 31 31 1 101
split_gain=2411.72 2200.67 864.758 640.756 509.548 251.95 234.104 232.484 230.252 178.142 172.453 110.311 93.117 100.339 100.593 147.452 91.5554 78.5697 67.9002 78.0944 135.188 97.485 110.557 67.4349 90.1205 61.1432 64.2916 95.1305 58.9948 59.837 95.1677 80.608 79.1781 58.9437 110.593 58.4686 56.9763 69.7376
threshold=1.0000000180025095e-35 0.75000000000000011 0.59593412280082714 1.0000000180025095e-35 0.52936649322509777 0.87824293971061718 0.11795619875192644 -0.38268354535102839 0.54425701498985302 0.47904258966445928 1.0000000180025095e-35 0.3721448034048081 0.3239296823740006 0.51532536745071422 0.44344586133956915 0.48508223891258245 0.41325272619724279 0.76363638043403637 0.50125351548194896 0.56429719924926769 0.55228129029273998 0.70907047390937816 0.58128473162651073 0.4717922061681748 0.42232480645179754 0.41975449025630956 0.35276135802268987 0.387991413474083 0.48149017989635473 0.76363638043403637 0.55805155634880077 0.55805155634880077 0.54450696706771862 0.55386900901794445 0.488080844283104 0.49318374693393713 1.0000000180025095e-35 1.0000000180025095e-35
decision_type=2 2 2 2 2 2 2 2 2 2 2 2 2 2 2 2 2 2 2 2 2 2 2 2 2 2 2 2 2 2 2 2 2 2 2 2 2 2
left_child=-1 -2 4 36 5 7 -5 8 9 11 28 -3 -13 14 15 16 25 -15 33 20 -20 -21 -23 -18 -25 26 27 -14 -9 31 -31 32 -30 34 -10 -11 37 -4
right_child=1 2 3 6 -6 -7 -8 10 18 35 -12 12 13 17 -16 -17 23 -19 19 21 -22 22 -24 24 -26 -27 -28 -29 29 30 -32 -33 -34 -35 -36 -37 -38 -39
leaf_value=0 0 -0.00239847852556989 0.061051920743713912 0.061070356245366463 -0.0025438300309880801 0.061051920743713912 0.061051920743713912 0.077222108129188741 0.059765291095165235 -0.0025038961049218605 0.050327054226081087 0.055047567238381563 -0.051759016681190158 0.0019770816807302082 -0.012032897688294939 0.065401438002004791 -0.019667784079623305 0.092969256093197825 0.0022533034779031202 0.095471561000780275 -0.0025438300309880801 -0.016894389508748078 0.083662689904520277 0.079420123863816278 -0.022863471478314738 0.10352182696257149 -0.033736286101066805 0.19338010552581375 -0.015206459239134816 -0.0075241823863242668 0.13411173474909838 -0.0059714722821516374 0.070701746593935938 0.060685759907387615 -0.0080341055121461707 0.00032620926540540164 -0.084680510957098026 0.061051920743713912
leaf_weight=27813 9258 154 766 519 524 2750 8450 2306 247 347 666 293 64 271 441 305 162 443 66 185 120 71 96 79 94 256 152 99 77 224 423 213 157 707 161 80 37 924
leaf_count=27813 9258 154 766 519 524 2750 8450 2306 247 347 666 293 64 271 441 305 162 443 66 185 120 71 96 79 94 256 152 99 77 224 423 213 157 707 161 80 37 924
internal_value=0.00900533 0.0164601 0.0231061 0.0314136 0.0158424 0.0175694 0.0357097 0.0143186 0.00844472 0.00224691 0.0213871 0.00590117 0.00780745 0.00517329 -0.000242131 0.00571429 -0.00238411 0.0177031 0.0205929 0.00892193 -0.012043 0.02 -0.00215569 -0.0189851 -0.0016185 0.00735552 -0.00444444 0.0130061 0.0177412 0.0100914 0.0178671 -0.00116331 0.0150427 0.0262242 0.0141176 -0.0218267 0.00910249 0.0101775
internal_weight=60000 32187 22929 10696 12233 11709 8969 8959 4893 3240 4066 2813 2659 2366 1652 1211 906 714 1653 538 186 352 167 335 173 571 315 163 3400 1094 647 447 234 1115 408 427 1727 1690
internal_count=60000 32187 22929 10696 12233 11709 8969 8959 4893 3240 4066 2813 2659 2366 1652 1211 906 714 1653 538 186 352 167 335 173 571 315 163 3400 1094 647 447 234 1115 408 427 1727 1690
is_linear=0
shrinkage=0.04


Tree=39
num_leaves=39
num_cat=0
split_feature=135 15 119 120 48 12 22 94 119 48 122 119 48 119 48 119 48 13 119 48 119 85 12 119 119 48 119 48 119 9 101 48 13 102 102 85 119 48
split_gain=2413.21 2202 855.544 651.96 510.757 242.838 234.104 225.488 222.874 182.554 172.453 112.61 89.9829 90.5052 78.9966 147.452 91.5554 76.5078 68.2639 67.9002 78.0944 135.188 97.485 110.557 67.4349 90.1205 61.1432 64.2916 95.1305 59.3903 70.6587 58.9948 59.837 95.1677 80.608 79.1781 58.9437 110.593
threshold=1.0000000180025095e-35 0.75000000000000011 0.59593412280082714 1.0000000180025095e-35 0.52936649322509777 0.87824293971061718 0.11795619875192644 -0.38268354535102839 0.54425701498985302 0.47904258966445928 1.0000000180025095e-35 0.3721448034048081 0.3239296823740006 0.51532536745071422 0.44344586133956915 0.48508223891258245 0.41325272619724279 0.76363638043403637 0.38069936633110052 0.50125351548194896 0.56429719924926769 0.55228129029273998 0.70907047390937816 0.58128473162651073 0.4717922061681748 0.42232480645179754 0.41975449025630956 0.35276135802268987 0.387991413474083 0.22695460915565493 1.0000000180025095e-35 0.48149017989635473 0.76363638043403637 0.55805155634880077 0.55805155634880077 0.54450696706771862 0.55386900901794445 0.488080844283104
decision_type=2 2 2 2 2 2 2 2 2 2 2 2 2 2 2 2 2 2 2 2 2 2 2 2 2 2 2 2 2 2 2 2 2 2 2 2 2 2
left_child=-1 -2 4 29 5 7 -5 8 9 11 31 -3 -13 14 15 16 26 -15 -7 36 21 -21 -22 -24 -18 -26 27 28 -14 30 -4 -9 34 -34 35 -33 37 -10
right_child=1 2 3 6 -6 18 -8 10 19 -11 -12 12 13 17 -16 -17 24 -19 -20 20 22 -23 23 -25 25 -27 -28 -29 -30 -31 -32 32 33 -35 -36 -37 -38 -39
leaf_value=0 0 -0.0023025393845470944 0.05860984391396535 0.058627541995551806 -0.0024420768297485572 -0.020437031066915568 0.05860984391396535 0.074133223804021181 0.057374679451358615 -0.002403740260724986 0.048313972057037857 0.052845664548846295 -0.049688656013942553 0.0018979984135010142 -0.01155158178076314 0.062785380481924585 -0.018881072716438373 0.089250485849469929 0.05860984391396535 0.0021631713387869956 0.091652698560749077 -0.0024420768297485572 -0.016218613928398157 0.080316182308339465 0.076243318909263641 -0.021948932619182151 0.099380953884068646 -0.032386834657024133 0.1856449013047812 -0.042456165092899296 0.05860984391396535 -0.014598200869569422 -0.0072232150908712956 0.12874726535913442 -0.0057326133908655666 0.067873676730178509 0.058258329511092097 -0.0077127412916603239
leaf_weight=27813 9258 154 756 519 524 49 8450 2306 247 427 666 293 64 271 441 305 162 443 2701 66 185 120 71 96 79 94 256 152 99 48 923 77 224 423 213 157 707 161
leaf_count=27813 9258 154 756 519 524 49 8450 2306 247 427 666 293 64 271 441 305 162 443 2701 66 185 120 71 96 79 94 256 152 99 48 923 77 224 423 213 157 707 161
internal_value=0.009008 0.016465 0.0231131 0.0313762 0.0158882 0.0176172 0.0357097 0.0144257 0.00864092 0.00254321 0.0213871 0.00624245 0.00816848 0.00557904 0.000435835 0.00571429 -0.00238411 0.017479 0.0280145 0.0205929 0.00892193 -0.012043 0.02 -0.00215569 -0.0189851 -0.0016185 0.00735552 -0.00444444 0.0130061 0.00887087 0.0101251 0.0177412 0.0100914 0.0178671 -0.00116331 0.0150427 0.0262242 0.0141176
internal_weight=60000 32187 22929 10696 12233 11709 8969 8959 4893 3240 4066 2813 2659 2366 1652 1211 906 714 2750 1653 538 186 352 167 335 173 571 315 163 1727 1679 3400 1094 647 447 234 1115 408
internal_count=60000 32187 22929 10696 12233 11709 8969 8959 4893 3240 4066 2813 2659 2366 1652 1211 906 714 2750 1653 538 186 352 167 335 173 571 315 163 1727 1679 3400 1094 647 447 234 1115 408
is_linear=0
shrinkage=0.04


Tree=40
num_leaves=39
num_cat=0
split_feature=135 15 128 29 102 122 124 102 31 31 31 120 102 31 68 30 102 31 102 102 30 101 31 31 102 102 31 102 31 68 102 85 29 102 102 31 102 31
split_gain=2387.93 2179.46 885.442 320.235 276.807 311.228 281.511 242.854 151.383 116.691 114.489 97.263 92.6421 98.2261 71.4538 90.3618 70.9835 72.2954 129.334 67.0138 289.088 66.6844 63.9444 62.2248 62.985 60.396 61.5401 60.206 136.738 88.8593 77.3711 129.014 74.9721 81.199 59.9204 92.0733 58.7457 104.55
threshold=1.0000000180025095e-35 0.75000000000000011 -0.29012919962406153 0.79704815149307262 0.59573671221733104 1.0000000180025095e-35 0.057749181985855109 0.54448121786117565 0.48149017989635473 0.47904258966445928 0.50125351548194896 1.0000000180025095e-35 0.37131667137146002 0.3239296823740006 0.48026643693447119 0.76363638043403637 0.37993320822715765 0.49548439681530004 0.59573671221733104 0.55805155634880077 0.76363638043403637 1.0000000180025095e-35 0.49318374693393713 0.53494751453399669 0.55623358488082897 0.52797222137451183 0.43977364897727972 0.59573671221733104 0.52936649322509777 0.67331635951995861 0.56428781151771557 0.55228129029273998 0.70907047390937816 0.58124107122421276 0.5541210174560548 0.488080844283104 0.52307730913162243 0.44344586133956915
decision_type=2 2 2 2 2 2 2 2 2 2 2 2 2 2 2 2 2 2 2 2 2 2 2 2 2 2 2 2 2 2 2 2 2 2 2 2 2 2
left_child=-1 -2 3 7 5 8 -6 9 19 12 11 -9 -3 -14 15 -15 -5 21 23 36 -21 -18 -11 24 -19 26 -23 28 30 -29 31 -12 -32 -34 35 -13 37 -4
right_child=1 2 4 16 6 -7 -8 10 -10 22 27 34 13 14 -16 -17 17 18 -20 20 -22 25 -24 -25 -26 -27 -28 29 -30 -31 32 -33 33 -35 -36 -37 -38 -39
leaf_value=0 0 -0.002210437809165211 0.055559356478511152 -0.019619549824238944 0.056265450157406749 0.13417859851439112 0.056265450157406749 0.056265450157406749 0.065158729660971387 -0.0023075906502959868 0.0020766444852355157 0.068861252131633327 0.052224720668880509 -0.018125829807780838 0.060273965262647597 0.095405715728705903 0.056265450157406749 -0.026588986187670444 0.056265450157406749 -0.019268424396094198 0.08382476094385681 0.057046615953707018 0.00040931050521818502 -0.016107322541524156 0.077103535016005864 0.056265450157406749 0.055834338580166294 0.056782506449155827 -0.002344393756558615 0.056290594302904222 0.087986590618319135 -0.002344393756558615 -0.015569869371262231 0.33233158641720534 0.056134482381972398 -0.0074042316399939101 0.10781690240433016 0.019959486997161095
leaf_weight=27813 9258 138 1602 30 628 1421 6229 905 1368 317 64 178 278 276 1282 447 230 45 397 128 166 790 87 86 130 1572 225 191 203 352 180 109 51 37 1366 159 768 494
leaf_count=27813 9258 138 1602 30 628 1421 6229 905 1368 317 64 178 278 276 1282 447 230 45 397 128 166 790 87 86 130 1572 225 191 203 352 180 109 51 37 1366 159 768 494
internal_value=0.00896267 0.0163805 0.0229945 0.0141551 0.0299844 0.0236691 0.0354616 0.00897885 0.0185418 9.9115e-05 0.0155889 0.0202761 0.00342007 0.00534385 0.00225436 -0.00780083 0.0239315 0.0244604 0.0125228 0.0233566 0.00517007 0.0272488 -0.019802 -0.00934866 0.00434286 0.0290839 0.0214778 0.00529065 -0.00298137 0.0151013 0.00952381 -0.0113295 0.0229851 -0.00727273 0.0259072 0.0108012 0.0252235 0.0217557
internal_weight=60000 32187 22929 10125 12804 5947 6857 6620 4526 2825 3795 2608 2421 2283 2005 723 3505 3475 658 3158 294 2817 404 261 175 2587 1015 1187 644 543 441 173 268 88 1703 337 2864 2096
internal_count=60000 32187 22929 10125 12804 5947 6857 6620 4526 2825 3795 2608 2421 2283 2005 723 3505 3475 658 3158 294 2817 404 261 175 2587 1015 1187 644 543 441 173 268 88 1703 337 2864 2096
is_linear=0
shrinkage=0.04


Tree=41
num_leaves=39
num_cat=0
split_feature=135 15 128 12 102 122 90 102 14 14 14 102 120 102 14 102 14 120 102 14 102 13 102 85 102 14 102 14 102 13 101 14 102 85 14 102 14 102
split_gain=2350.98 2146.51 882.154 330.671 287.602 323.133 278.97 251.393 178.026 154.964 111.694 111.332 93.9137 78.8916 141.384 110.826 146.661 72.976 70.9835 72.2954 129.334 69.5735 105.578 79.1781 77.9771 133.19 69.3268 80.5986 67.0138 289.088 66.6844 62.2248 62.985 61.5503 89.0473 60.396 61.5401 60.206
threshold=1.0000000180025095e-35 0.75000000000000011 -0.29012919962406153 0.79704815149307262 0.59573671221733104 1.0000000180025095e-35 0.07759560272097589 0.54448121786117565 0.48149017989635473 0.44886726140975958 0.50125351548194896 0.37131667137146002 1.0000000180025095e-35 0.50684645771980297 0.44344586133956915 0.48479545116424566 0.41325272619724279 1.0000000180025095e-35 0.37993320822715765 0.49548439681530004 0.59573671221733104 0.76363638043403637 0.55805155634880077 0.54450696706771862 0.55805155634880077 0.51995083689689647 0.5541210174560548 0.488080844283104 0.55805155634880077 0.76363638043403637 1.0000000180025095e-35 0.53494751453399669 0.55623358488082897 0.47193266451358801 0.42232480645179754 0.52797222137451183 0.43977364897727972 0.59573671221733104
decision_type=2 2 2 2 2 2 2 2 2 2 2 2 2 2 2 2 2 2 2 2 2 2 2 2 2 2 2 2 2 2 2 2 2 2 2 2 2 2
left_child=-1 -2 3 7 5 8 -6 9 28 11 12 -3 -9 14 15 16 -13 -8 -5 30 31 22 23 -10 -23 -26 27 -14 -4 -30 -20 32 -21 -18 -35 36 -32 -12
right_child=1 2 4 18 6 -7 17 10 21 -11 37 13 26 -15 -16 -17 33 -19 19 20 -22 24 -24 -25 25 -27 -28 -29 29 -31 35 -33 -34 34 -36 -37 -38 -39
leaf_value=0 0 -0.0021220202967986023 0.07735826834621061 -0.018834767831269385 0.054014832151110463 0.12881145457381546 -0.022669342103800786 0.054014832151110463 -0.016620622021225499 -0.002215287024284147 -0.0022506180062962702 0.048642849140137195 0.066106802046367999 0.078825015280058641 -0.013500477120038519 0.05786300665214171 -0.017400796615469605 0.054014832151110463 0.054014832151110463 -0.025525426740163625 0.054014832151110463 -0.0097349184828299361 -0.0081096580416697966 0.062552380474532543 0.1209910255583302 -0.011261134166851297 0.053889103086693486 -0.0071080623743941538 -0.018497687420250417 0.080471770506102519 0.054764751315558725 -0.015463029639863188 0.074019393615365636 0.070329569913927623 -0.023481933924920768 0.054014832151110463 0.053600965036959637 0.054038970530788044
leaf_weight=27813 9258 137 2864 30 590 1421 40 905 77 954 644 787 178 287 130 211 150 6227 230 45 397 271 303 157 388 172 1366 159 128 166 790 86 130 79 90 1572 225 543
leaf_count=27813 9258 137 2864 30 590 1421 40 905 77 954 644 787 178 287 130 211 150 6227 230 45 397 271 303 157 388 172 1366 159 128 166 790 86 130 79 90 1572 225 543
internal_value=0.008896 0.0162563 0.02282 0.013997 0.0297969 0.0233597 0.0353799 0.00873716 0.0181352 -0.000297345 0.0154625 0.0063923 0.020092 0.00913495 0.00533518 0.00926348 0.0041953 0.0378554 0.0239315 0.0244604 0.0125228 0.00608187 -0.00513966 0.0150427 0.0133333 0.0218571 0.0256254 0.00937685 0.0233566 0.00517007 0.0272488 -0.00934866 0.00434286 -0.0186834 -0.00213018 0.0290839 0.0214778 0.00529065
internal_weight=60000 32187 22929 10125 12804 5947 6857 6620 4526 2825 3795 1871 2608 1734 1447 1317 1106 6267 3505 3475 658 1368 537 234 831 560 1703 337 3158 294 2817 261 175 319 169 2587 1015 1187
internal_count=60000 32187 22929 10125 12804 5947 6857 6620 4526 2825 3795 1871 2608 1734 1447 1317 1106 6267 3505 3475 658 1368 537 234 831 560 1703 337 3158 294 2817 261 175 319 169 2587 1015 1187
is_linear=0
shrinkage=0.04


Tree=42
num_leaves=39
num_cat=0
split_feature=135 32 119 120 14 12 94 119 22 122 14 119 14 119 14 13 119 14 102 13 14 13 102 102 85 14 14 119 85 12 119 119 14 26 118 12 119 119
split_gain=2329.69 2127.52 939.133 651.96 495.373 285.764 267.629 284.14 234.104 180.194 158.955 92.5778 103.923 118 130.774 101.668 76.1629 134.17 139.302 117.018 76.1529 83.542 120.148 97.2875 79.1781 75.4855 59.4189 75.9477 138.493 97.485 110.557 72.2036 106.596 59.3903 66.8593 54.2502 52.028 51.8176
threshold=1.0000000180025095e-35 0.75000000000000011 0.59593412280082714 1.0000000180025095e-35 0.52936649322509777 0.87824293971061718 -0.38268354535102839 0.54231527447700512 0.11795619875192644 1.0000000180025095e-35 0.47904258966445928 0.3721448034048081 0.3239296823740006 0.51532536745071422 0.45142881572246557 0.76363638043403637 0.48003464937210089 0.44344586133956915 0.50684645771980297 0.76363638043403637 0.48149017989635473 0.76363638043403637 0.55805155634880077 0.55805155634880077 0.54450696706771862 0.49318374693393713 0.50125351548194896 0.56429719924926769 0.55228129029273998 0.70907047390937816 0.58128473162651073 0.55386900901794445 0.48630662262439733 0.16280831396579745 1.0000000180025095e-35 0.84883368015289318 0.8224521577358247 0.4717922061681748
decision_type=2 2 2 2 2 2 2 2 2 2 2 2 2 2 2 2 2 2 2 2 2 2 2 2 2 2 2 2 2 2 2 2 2 2 2 2 2 2
left_child=-1 -2 4 33 5 6 7 10 36 20 11 -3 -13 14 16 -15 19 -18 -19 37 -8 22 24 -23 -22 -12 31 28 -28 -29 -31 32 -9 34 -4 -24 -5 -14
right_child=1 2 3 8 -6 -7 9 26 -10 -11 25 12 13 15 -16 -17 17 18 -20 -21 21 23 35 -25 -26 -27 27 29 -30 30 -32 -33 -34 -35 -36 -37 -38 -39
leaf_value=0 0 -0.0020371394849266582 -0.17822374722374798 0.065811330418804839 -0.0036919527923132225 0.05185423886506605 0.067178189541278202 0.050668480980963583 0.05185423886506605 0.035861811051228064 -0.0021266755433127812 0.046697135174531716 -0.017107344818411092 -0.0038787533495051817 -0.0033357622655212429 0.0833581192859566 0.055548486386056056 -0.013411865639067154 0.24261692262176329 0.089643773133952179 -0.015955797140376479 -0.0091512389343621024 -0.0077852717200029885 0.11615138453599698 0.060050285255551228 0.00048154956598082352 0.0020836034260779462 0.084557151713838222 -0.0021605932860444192 -0.01485704987615989 0.07105861787075099 0.051516785038307734 -0.0064570994397394636 -0.042101762811327548 0.05185423886506605 0.25693746155385982 -0.10299020325383239 -0.019406664765106798
leaf_weight=27813 9258 154 396 333 524 2750 2306 267 8450 666 299 292 220 258 190 439 376 142 102 527 77 224 175 423 157 58 68 185 120 71 96 707 227 48 1283 38 186 95
leaf_count=27813 9258 154 396 333 524 2750 2306 267 8450 666 299 292 220 258 190 439 376 142 102 527 77 224 175 423 157 58 68 185 120 71 96 707 227 48 1283 38 186 95
internal_value=0.00885733 0.0161842 0.0227188 0.0313762 0.0151492 0.016852 0.0133899 0.00708768 0.0357097 0.0209739 -7.61421e-05 0.00313417 0.00489209 0.00209451 -0.00372881 0.0158967 0.000328317 0.0109677 -0.0121311 -0.00750594 0.0172471 0.00855576 -0.00474273 0.0177434 0.0150427 -0.0252101 0.0200574 0.00903704 -0.0114894 0.02 -0.00215569 0.0250125 0.0132794 0.00887087 0.0101251 -0.0264789 0.00963391 -0.0267937
internal_weight=60000 32187 22929 10696 12233 11709 8959 4893 8969 4066 3152 2795 2641 2349 1652 697 1462 620 244 842 3400 1094 447 647 234 357 1741 540 188 352 167 1201 494 1727 1679 213 519 315
internal_count=60000 32187 22929 10696 12233 11709 8959 4893 8969 4066 3152 2795 2641 2349 1652 697 1462 620 244 842 3400 1094 447 647 234 357 1741 540 188 352 167 1201 494 1727 1679 213 519 315
is_linear=0
shrinkage=0.04


Tree=43
num_leaves=39
num_cat=0
split_feature=135 32 119 120 14 77 12 119 22 122 14 14 119 12 119 13 102 102 119 14 85 119 13 14 102 119 102 102 13 119 14 17 14 12 5 101 12 119
split_gain=2315.06 2114.47 962.53 640.756 491.125 288.581 267.836 269.036 234.104 220.781 109.11 86.004 155.152 88.4862 86.6558 84.0556 120.351 117.984 83.7525 120.676 79.1781 75.0914 119.411 106.309 122.788 99.0635 70.1797 64.8732 293.662 61.048 109.779 60.0243 66.5205 57.0211 56.9763 69.7376 53.3136 52.028
threshold=1.0000000180025095e-35 0.75000000000000011 0.59593412280082714 1.0000000180025095e-35 0.52936649322509777 -0.44228866696357721 0.80047810077667247 0.55386900901794445 0.11795619875192644 1.0000000180025095e-35 0.48149017989635473 0.50125351548194896 0.56429719924926769 0.70907047390937816 0.58128473162651073 0.76363638043403637 0.55805155634880077 0.55805155634880077 0.3721448034048081 0.35276135802268987 0.54450696706771862 0.4717922061681748 0.76363638043403637 0.44886726140975958 0.54245403409004223 0.40923309326171881 0.37993320822715765 0.55805155634880077 0.76363638043403637 0.52266719937324535 0.44344586133956915 0.50966599583625805 0.45428046584129339 0.76985624432563793 0.40662854909896856 1.0000000180025095e-35 0.84883368015289318 0.8224521577358247
decision_type=2 2 2 2 2 2 2 2 2 2 2 2 2 2 2 2 2 2 2 2 2 2 2 2 2 2 2 2 2 2 2 2 2 2 2 2 2 2
left_child=-1 -2 4 34 5 6 7 18 37 10 27 -9 -13 -14 -15 17 -17 20 -3 -20 -12 22 -21 -23 -25 -24 -8 29 -29 30 -7 -32 -33 -26 -4 -36 -19 -5
right_child=1 2 3 8 -6 9 26 11 -10 -11 15 12 13 14 -16 16 -18 36 19 21 -22 23 25 24 33 -27 -28 28 -30 -31 31 32 -34 -35 35 -37 -38 -39
leaf_value=0 0 -0.0019556539055295918 -0.082322184694985701 0.063178877202052633 -0.0035442746806206931 0.047555523903871161 -0.020155546672621254 0.057761222303194304 0.049780069310463415 0.037837064660661605 -0.01531756525476142 -0.0020741695546026427 0.0811748656452847 -0.014262767881113494 0.31628600296593901 -0.0089794721861422549 0.11150532915455713 -0.0074738608512028648 0.051913037696456714 -0.016020470958114378 0.057648273845329182 0.067755948339017311 -0.040439054790854981 -0.0020416085215802702 0.0029236124733599753 0.086058022208594098 0.049780069310463415 -0.01863509197321065 0.077436903316915884 0.097722767992657403 -0.17988298841757736 0.10519539301514381 -0.16000584534357221 -0.00656545590182881 0.049780069310463415 0.049780069310463415 0.24665996309170538 -0.098870595123679086
leaf_weight=27813 9258 164 37 333 524 1600 30 619 8450 1051 77 99 185 55 39 271 460 175 493 231 157 811 84 828 422 252 1884 131 173 780 182 137 165 116 766 924 38 186
leaf_count=27813 9258 164 37 333 524 1600 30 619 8450 1051 77 99 185 55 39 271 460 175 493 231 157 811 84 828 422 252 1884 131 173 780 182 137 165 116 766 924 38 186
internal_value=0.00883067 0.0161345 0.022649 0.0314136 0.0149857 0.0166812 0.0108745 0.00543884 0.0357097 0.0234723 0.0194938 0.0237111 0.00867725 0.0239427 -0.00765957 0.00910017 0.0174555 -0.00456376 8.23287e-05 0.00149521 0.0150427 -0.00177843 -0.0147443 0.00159853 -0.0052123 0.00047619 0.0233647 0.0233586 0.00578947 0.0252235 0.0216507 0.00495868 0.015894 0.00966543 0.00910249 0.0101775 -0.0261033 0.00963391
internal_weight=60000 32187 22929 10696 12233 11709 6312 4398 8969 5397 4346 997 378 279 94 1178 731 447 3401 3237 234 2744 567 2177 1366 336 1914 3168 304 2864 2084 484 302 538 1727 1690 213 519
internal_count=60000 32187 22929 10696 12233 11709 6312 4398 8969 5397 4346 997 378 279 94 1178 731 447 3401 3237 234 2744 567 2177 1366 336 1914 3168 304 2864 2084 484 302 538 1727 1690 213 519
is_linear=0
shrinkage=0.04


Tree=44
num_leaves=39
num_cat=0
split_feature=135 15 119 120 14 12 111 119 22 122 14 119 12 119 119 14 119 13 14 102 14 119 14 119 14 13 102 119 9 101 12 119 14 119 14 119 13 119
split_gain=2297.56 2098.86 972.735 651.96 487.909 295.177 262.315 262.099 234.104 188.487 108.765 142.618 97.485 110.557 94.0028 101.174 72.3618 120.345 108.423 120.562 68.9003 68.2639 66.6958 158.06 81.7014 66.1728 360.516 59.6577 59.3903 70.6587 59.3824 56.3721 72.0766 55.126 189.405 52.028 49.8165 73.6202
threshold=1.0000000180025095e-35 0.75000000000000011 0.59593412280082714 1.0000000180025095e-35 0.52936649322509777 0.87824293971061718 -0.32143925130367274 0.55386900901794445 0.11795619875192644 1.0000000180025095e-35 0.50125351548194896 0.56429719924926769 0.70907047390937816 0.58128473162651073 0.3721448034048081 0.3269487619400025 0.47632130980491644 0.76363638043403637 0.44886726140975958 0.54245403409004223 0.48630662262439733 0.38069936633110052 0.47904258966445928 0.53023037314414989 0.49318374693393713 0.76363638043403637 0.55805155634880077 0.50974160432815563 0.22695460915565493 1.0000000180025095e-35 0.84883368015289318 0.56429719924926769 0.50125351548194896 0.50662484765052807 0.44344586133956915 0.8224521577358247 0.93636366724967968 0.51532536745071422
decision_type=2 2 2 2 2 2 2 2 2 2 2 2 2 2 2 2 2 2 2 2 2 2 2 2 2 2 2 2 2 2 2 2 2 2 2 2 2 2
left_child=-1 -2 4 28 5 6 7 14 35 25 -9 -12 -13 -14 -3 -16 17 -17 33 22 -21 -7 23 27 -24 26 -8 -20 29 -4 -28 32 -27 34 -18 -5 -29 -38
right_child=1 2 3 8 -6 21 9 10 -10 -11 11 12 13 -15 15 16 18 -19 19 20 -22 -23 24 -25 -26 31 30 36 -30 -31 -32 -33 -34 -35 -36 -37 37 -39
leaf_value=0 0 -0.0018774277493084082 0.047788866538044879 0.060651722113970519 -0.0034025036933958653 -0.019349324805716404 0.016697584524348698 0.047464910864356898 0.047788866538044879 0.0329138560227525 -0.0019912027724185368 0.077927871019473335 -0.013692257165868955 0.066225070383502421 0.046679186070437952 -0.015840452107582777 0.05061630899705314 0.082615701320250312 -0.010781522512310942 0.047548755574443401 -0.0027879205645952631 0.047799709467330052 -0.0019599441807170593 0.073736314390158889 0.00054395192420480143 0.10915937035756354 -0.0071749064171547517 -0.0037893949098180358 -0.037308125130914478 0.047788866538044879 0.23679356456803718 0.10704511598837485 -0.0096119349099270356 0.069627451963857362 -0.015134221343234984 -0.094915771318731926 -0.0031206674340371826 0.21436864953128093
leaf_weight=27813 9258 165 756 333 524 49 1039 707 8450 666 99 185 71 96 405 276 383 433 127 278 327 2701 265 172 37 1524 251 298 48 923 38 437 111 331 135 186 31 72
leaf_count=27813 9258 165 756 333 524 49 1039 707 8450 666 99 185 71 96 405 276 383 433 127 278 327 2701 265 172 37 1524 251 298 48 923 38 437 111 331 135 186 31 72
internal_value=0.00879867 0.0160748 0.0225653 0.0313762 0.0148614 0.0165514 0.0130327 0.00679338 0.0357097 0.0205411 0.0234197 0.00807095 0.02 -0.00215569 0.00163855 0.0030028 0.000593997 -0.0106629 0.00384365 -0.00226509 0.0118347 0.0280145 -0.0107784 -0.004 -0.0264901 0.0167294 0.00975904 -0.0148485 0.00887087 0.0101251 -0.0297578 0.0211969 0.0177859 0.0154064 0.00725869 0.00963391 -0.0072818 0.016699
internal_weight=60000 32187 22929 10696 12233 11709 8959 4893 8969 4066 1158 451 352 167 3735 3570 3165 709 2456 1607 605 2750 1002 700 302 3400 1328 528 1727 1679 289 2072 1635 849 518 519 401 103
internal_count=60000 32187 22929 10696 12233 11709 8959 4893 8969 4066 1158 451 352 167 3735 3570 3165 709 2456 1607 605 2750 1002 700 302 3400 1328 528 1727 1679 289 2072 1635 849 518 519 401 103
is_linear=0
shrinkage=0.04


Tree=45
num_leaves=39
num_cat=0
split_feature=135 15 119 120 14 122 22 46 42 119 14 119 14 119 14 119 14 119 102 14 46 119 14 102 46 9 5 101 14 41 13 102 119 14 14 119 119 119
split_gain=2315.06 2114.47 962.53 640.756 487.175 275.54 234.104 222.482 146.703 132.054 105.905 134.484 249.987 197.103 217.818 216.75 110.513 95.3925 81.1263 127.518 80.7376 70.7746 96.7472 70.5507 70.2526 82.5033 56.9763 69.7376 55.7124 54.1802 116.018 131.748 57.7829 101.971 55.7414 107.463 52.028 51.1886
threshold=1.0000000180025095e-35 0.75000000000000011 0.59593412280082714 1.0000000180025095e-35 0.52936649322509777 1.0000000180025095e-35 0.11795619875192644 0.87824293971061718 -0.22346451133489606 0.3721448034048081 0.3269487619400025 0.54425701498985302 0.47904258966445928 0.51532536745071422 0.44344586133956915 0.48508223891258245 0.41325272619724279 0.41975449025630956 0.50684645771980297 0.45142881572246557 0.62969112396240245 0.4717922061681748 0.42232480645179754 0.53053137660026561 0.83773252367973339 -0.68322628736495961 0.40662854909896856 1.0000000180025095e-35 0.49318374693393713 -0.063227225095033632 0.76363638043403637 0.55805155634880077 0.56429719924926769 0.49395371973514562 0.51995083689689647 0.58128473162651073 0.8224521577358247 0.56429719924926769
decision_type=2 2 2 2 2 2 2 2 2 2 2 2 2 2 2 2 2 2 2 2 2 2 2 2 2 2 2 2 2 2 2 2 2 2 2 2 2 2
left_child=-1 -2 4 26 5 7 36 9 -7 -3 -11 12 13 14 15 16 17 -12 -16 -20 -15 -18 -23 24 25 -22 -4 -28 -14 30 31 -13 33 -32 37 -36 -5 -31
right_child=1 2 3 6 -6 8 -8 -9 -10 10 11 29 28 20 18 -17 21 -19 19 -21 23 22 -24 -25 -26 -27 27 -29 -30 34 32 -33 -34 -35 35 -37 -38 -39
leaf_value=0 0 -0.0018023306393360719 -0.077536972301949683 0.0582256532294117 -0.0032664035456600304 0.045796397413620585 0.045877311876523094 0.045876878159351694 -5.8494661309105241e-05 0.040885560816874646 -0.042126120652030793 0.046088831813156865 -0.001881546413488377 0.092985719513617338 -0.023421665479180072 0.048591656637171 -0.015206834023279466 0.079311073267440302 0.1403870750581388 -0.010350261611818503 -0.0036378191134253156 0.063021058045574493 -0.029499486316808998 0.070786861814552543 0.21862192368530925 0.0045241689742896085 0.045877311876523094 0.045877311876523094 0.00052219384723660933 0.041879913550876363 0.095954007902944075 -0.0068879101604685643 0.10276331134883983 -0.013978309724229577 -0.013144566879234196 0.063576067568162323 -0.091119140465982656 0.074810756178694357
leaf_weight=27813 9258 217 37 333 524 1073 8450 2347 166 743 360 119 477 396 346 497 226 426 152 203 232 118 151 351 82 174 766 924 84 1128 140 217 299 150 86 114 186 635
leaf_count=27813 9258 217 37 333 524 1073 8450 2347 166 743 360 119 477 396 346 497 226 426 152 203 232 118 151 351 82 174 766 924 84 1128 140 217 299 150 86 114 186 635
internal_value=0.00883067 0.0161345 0.022649 0.0314136 0.0149857 0.0166744 0.0357097 0.0145635 0.0345117 0.0114293 0.0122742 0.0107832 0.00627836 0.0100377 0.00353368 0.0109786 0.00227947 0.0116031 -0.0153495 -0.00191549 0.0230931 -0.0125253 0.00133829 0.0160667 0.00622951 -0.000591133 0.00910249 0.0101775 -0.0186096 0.0174515 0.00947027 -0.00928571 0.0201698 0.00744828 0.0212124 0.0012 0.00963391 0.0234827
internal_weight=60000 32187 22929 10696 12233 11709 8969 10470 1239 8123 7906 7163 4275 3714 2479 1778 1281 786 701 355 1235 495 269 839 488 406 1727 1690 561 2888 925 336 589 290 1963 200 519 1763
internal_count=60000 32187 22929 10696 12233 11709 8969 10470 1239 8123 7906 7163 4275 3714 2479 1778 1281 786 701 355 1235 495 269 839 488 406 1727 1690 561 2888 925 336 589 290 1963 200 519 1763
is_linear=0
shrinkage=0.04


Tree=46
num_leaves=39
num_cat=0
split_feature=135 32 119 120 14 122 22 12 59 119 14 119 60 14 119 30 14 119 14 102 14 119 14 14 102 30 77 102 14 119 12 119 9 118 12 14 119 30
split_gain=2252.67 2058.82 1021.09 651.96 473.593 292.903 234.104 232.602 148.699 126.206 111.659 138.111 120.081 95.3478 80.0504 129.178 86.3543 85.3471 123.881 77.229 137.533 91.6746 67.0112 66.2559 61.5251 59.5347 265.142 121.807 98.4692 214.095 120.417 107.44 59.3903 66.8593 56.1702 53.8231 52.028 45.9635
threshold=1.0000000180025095e-35 0.75000000000000011 0.59593412280082714 1.0000000180025095e-35 0.52936649322509777 1.0000000180025095e-35 0.11795619875192644 0.87824293971061718 -0.27664694190025324 0.3721448034048081 0.3269487619400025 0.55386900901794445 -0.49999997019767756 0.48630662262439733 0.47632130980491644 0.76363638043403637 0.44344586133956915 0.50974160432815563 0.44886726140975958 0.54245403409004223 0.47904258966445928 0.53023037314414989 0.49318374693393713 0.48630662262439733 0.37993320822715765 0.76363638043403637 -0.44228866696357721 0.55805155634880077 0.50125351548194896 0.56429719924926769 0.70907047390937816 0.58128473162651073 0.22695460915565493 1.0000000180025095e-35 0.84883368015289318 0.43977364897727972 0.8224521577358247 0.93636366724967968
decision_type=2 2 2 2 2 2 2 2 2 2 2 2 2 2 2 2 2 2 2 2 2 2 2 2 2 2 2 2 2 2 2 2 2 2 2 2 2 2
left_child=-1 -2 4 32 5 7 36 9 -7 -3 -11 12 14 -14 15 -12 -16 -18 -19 20 21 37 -22 -21 -9 26 -13 -28 -27 -30 -31 -32 33 -4 -29 -26 -5 -20
right_child=1 2 3 6 -6 8 -8 24 -10 10 11 25 13 -15 16 -17 17 18 19 23 22 -23 -24 -25 35 28 27 34 29 30 31 -33 -34 -35 -36 -37 -38 -39
leaf_value=0 0 -0.0017302374137626289 -0.1768326472437993 0.055896627100235213 -0.0031357474038336292 0.043964541517075767 0.044042219401462183 -0.020410426939861816 -5.6154874856741031e-05 0.039250138384199648 -0.014598560662348286 0.039532766797006749 0.04616537901941474 -0.0086683251245607707 0.046647990371684149 0.076138630336742674 -0.013591985870338382 0.063122925104758351 -0.003492306348888299 0.044878148684651543 -0.0018062845569488417 0.067955387341970458 0.00050130609334714487 -0.00213504892387775 0.10926401088110133 0.11423602100540244 0.018853762085988494 -0.0066123937540498194 -0.0035867512035568502 0.071818325931546592 -0.012618784204064828 0.30811544828088333 -0.032714321233599908 0.044042219401462183 0.22638374827940183 0.043581828062374303 -0.087474374847343342 0.11936677630986992
leaf_weight=27813 9258 217 396 333 524 1071 8450 44 168 743 243 424 1800 242 499 410 290 171 296 270 249 167 22 322 1550 684 60 235 158 320 98 62 48 1283 38 753 186 103
leaf_count=27813 9258 217 396 333 524 1071 8450 44 168 743 243 424 1800 242 499 410 290 171 296 270 249 167 22 322 1550 684 60 235 158 320 98 62 48 1283 38 753 186 103
internal_value=0.008716 0.0159207 0.022349 0.0313762 0.014456 0.0161209 0.0357097 0.0139446 0.0345117 0.0107399 0.0115659 0.0100349 0.00648308 0.0139863 0.00144642 -0.0109648 0.00483884 0.000931217 0.00455 0.00069979 -0.00712067 0.00409894 -0.0305535 0.0117568 0.0250362 0.0187205 0.00977543 -0.0169369 0.0238427 0.0125392 0.0258333 -0.0025 0.00887087 0.0101251 -0.0282784 0.0259314 0.00963391 -0.00631579
internal_weight=60000 32187 22929 10696 12233 11709 8969 10470 1239 8123 7906 7163 5084 2042 3042 653 2389 1890 1600 1429 837 566 271 592 2347 2079 757 333 1322 638 480 160 1727 1679 273 2303 519 399
internal_count=60000 32187 22929 10696 12233 11709 8969 10470 1239 8123 7906 7163 5084 2042 3042 653 2389 1890 1600 1429 837 566 271 592 2347 2079 757 333 1322 638 480 160 1727 1679 273 2303 519 399
is_linear=0
shrinkage=0.04


Tree=47
num_leaves=39
num_cat=0
split_feature=135 15 119 120 14 122 22 29 59 119 60 102 14 14 13 111 102 14 119 14 119 119 13 14 119 14 102 14 119 14 14 9 101 102 14 119 119 13
split_gain=2198.25 2010.25 1081.95 651.96 461.024 309.677 234.104 217.192 148.699 123.928 133.564 99.1705 98.2975 85.0683 65.3524 293.613 125.584 98.3275 214.095 120.417 107.44 61.0239 149.73 85.9789 84.9856 124.266 76.1273 137.533 91.6746 67.0112 64.8026 59.3903 70.6587 59.0442 57.2847 52.028 46.3066 45.9635
threshold=1.0000000180025095e-35 0.75000000000000011 0.59593412280082714 1.0000000180025095e-35 0.52936649322509777 1.0000000180025095e-35 0.11795619875192644 0.87824293971061718 -0.27664694190025324 0.55386900901794445 -0.49999997019767756 0.37131667137146002 0.48630662262439733 0.3239296823740006 0.76363638043403637 -0.32143925130367274 0.55805155634880077 0.50125351548194896 0.56429719924926769 0.51995083689689647 0.58128473162651073 0.47632130980491644 0.76363638043403637 0.44344586133956915 0.50974160432815563 0.44886726140975958 0.54245403409004223 0.47904258966445928 0.53023037314414989 0.49318374693393713 0.48630662262439733 0.22695460915565493 1.0000000180025095e-35 0.37993320822715765 0.52532190084457409 0.8224521577358247 0.38069936633110052 0.93636366724967968
decision_type=2 2 2 2 2 2 2 2 2 2 2 2 2 2 2 2 2 2 2 2 2 2 2 2 2 2 2 2 2 2 2 2 2 2 2 2 2 2
left_child=-1 -2 4 31 5 7 35 9 -7 10 11 -3 -12 -13 15 -11 -17 -16 -19 -20 -21 22 -15 -23 -25 -26 27 28 37 -29 -28 32 -4 -9 -18 -5 -24 -27
right_child=1 2 3 6 -6 8 -8 33 -10 14 12 13 -14 21 17 16 34 18 19 20 -22 23 36 24 25 26 30 29 -30 -31 -32 -33 -34 -35 -36 -37 -38 -39
leaf_value=0 0 -0.0016610279172121238 0.042280530625403684 0.053660762016225799 -0.0030103175076802843 0.042205959856392743 0.042280530625403684 -0.01959400986226734 -5.3908679862471394e-05 0.037951456125126487 0.040707228763952302 0.037680132848831677 -0.0083215921195783395 -0.014014618235854355 0.10853144253407536 0.018099611602548967 -0.0063478980038878417 -0.003443281155414576 0.068945592894284716 -0.012114032835902235 0.29579083034964798 0.044782070756816776 -0.064197920212215417 -0.013048306435524846 0.060598008100567993 -0.0033526140949327755 0.043083022737265469 -0.0017340331746708883 0.065237171848291628 0.00048125384961325915 -0.0020496469669226396 -0.031405748384255909 0.042280530625403684 0.042298529910482684 0.21732839834822573 -0.083975399853449609 0.073093085123272949 0.11459210525747515
leaf_weight=27813 9258 120 756 333 524 1071 8450 44 168 441 2170 306 242 243 705 60 251 158 320 98 62 509 45 290 171 296 270 249 167 22 322 48 923 2303 38 186 465 103
leaf_count=27813 9258 120 756 333 524 1071 8450 44 168 441 2170 306 242 243 705 60 251 158 320 98 62 509 45 290 171 296 270 249 167 22 322 48 923 2303 38 186 465 103
internal_value=0.00861467 0.0157318 0.0220838 0.0313762 0.013959 0.0156017 0.0357097 0.0133639 0.0345117 0.0102671 0.00731886 0.00241476 0.0145937 0.00365529 0.0185466 0.00941772 -0.0179943 0.0239166 0.0125392 0.0258333 -0.0025 0.00170051 -0.00823373 0.00481867 0.000888889 0.0045 0.000643807 -0.00712067 0.00409894 -0.0305535 0.0116216 0.00887087 0.0101251 0.0240818 -0.0289273 0.00963391 0.00407843 -0.00631579
internal_weight=60000 32187 22929 10696 12233 11709 8969 10470 1239 8123 5990 3578 2412 3458 2133 790 349 1343 638 480 160 3152 753 2399 1890 1600 1429 837 566 271 592 1727 1679 2347 289 519 510 399
internal_count=60000 32187 22929 10696 12233 11709 8969 10470 1239 8123 5990 3578 2412 3458 2133 790 349 1343 638 480 160 3152 753 2399 1890 1600 1429 837 566 271 592 1727 1679 2347 289 519 510 399
is_linear=0
shrinkage=0.04


Tree=48
num_leaves=39
num_cat=0
split_feature=135 15 119 103 14 12 22 119 77 14 119 14 101 119 13 14 14 119 119 14 102 14 119 14 14 14 119 121 13 77 121 102 119 14 1 14 119 119
split_gain=2179.78 1993.77 1111.99 524.55 455.946 254.616 240.519 174.555 216.619 140.967 97.8182 92.9039 87.6245 86.6324 117.245 81.4001 72.2842 143.407 70.7109 142.509 82.3131 105.152 113.925 71.1275 63.767 62.8682 62.6138 61.8191 59.0184 178.311 264.303 144.887 114.236 239.825 54.6368 53.6158 51.6165 50.4143
threshold=1.0000000180025095e-35 0.75000000000000011 0.59593412280082714 1.0000000180025095e-35 0.52936649322509777 0.87824293971061718 0.11795619875192644 0.55386900901794445 -0.44228866696357721 0.44886726140975958 0.3721448034048081 0.3269487619400025 1.0000000180025095e-35 0.47632130980491644 0.76363638043403637 0.44344586133956915 0.51995083689689647 0.58128473162651073 0.50662484765052807 0.44886726140975958 0.54245403409004223 0.47904258966445928 0.53023037314414989 0.49318374693393713 0.48630662262439733 0.45142881572246557 0.38069936633110052 1.0000000180025095e-35 0.76363638043403637 -0.44228866696357721 1.0000000180025095e-35 0.55805155634880077 0.56429719924926769 0.50125351548194896 1.0000000180025095e-35 0.43977364897727972 0.8224521577358247 0.50002238154411327
decision_type=2 2 2 2 2 2 2 2 2 2 2 2 2 2 2 2 2 2 2 2 2 2 2 2 2 2 2 2 2 2 2 2 2 2 2 2 2 2
left_child=-1 -2 4 12 5 7 36 8 10 27 -3 -12 -4 14 -13 -15 28 -18 25 -20 21 22 -21 -23 -22 -17 -7 -10 29 -9 -31 -32 33 -30 -14 -28 -5 -37
right_child=1 2 3 6 -6 26 -8 16 9 -11 11 13 34 15 -16 18 17 -19 19 20 24 23 -24 -25 -26 -27 35 -29 32 30 31 -33 -34 -35 -36 37 -38 -39
leaf_value=0 0 -0.001594586800523639 0.040589309400387526 0.05151433153557676 -0.0028899048073730729 -0.018810249467776648 0.040589309400387526 0.036433397880121419 0.027088018657733672 0.026172937467295973 0.04009938534562419 -0.013454033506420181 0.040589309400387526 0.042990787926544094 0.070169361718342038 -0.012526374178103853 -0.012305311522466143 0.21277693024816352 0.058174087776545279 -0.0032185095311354672 0.040464004881839023 -0.0016646718476840527 0.062627684974359998 0.00046200369562872877 -0.0019854386590812136 0.0011945123785547427 0.10874494187897611 0.038989652933584723 0.12960085959187173 0.020702398491739799 0.017375627138446995 -0.0060939820837323209 0.09086018256011294 -0.003305549909197993 -0.071870690625157482 -0.23584168073511591 -0.080616383859311636 0.040146613743460055
leaf_weight=27813 9258 164 795 335 524 49 8166 368 339 1055 405 275 1189 504 433 157 127 148 210 440 273 260 172 33 323 83 1867 1380 314 166 60 251 860 159 24 35 187 799
leaf_count=27813 9258 164 795 335 524 49 8166 368 339 1055 405 275 1189 504 433 157 127 148 210 440 273 260 172 33 323 83 1867 1380 314 166 60 251 860 159 24 35 187 799
internal_value=0.00858 0.0156672 0.0219931 0.0314136 0.0137562 0.0153899 0.0356722 0.0121219 0.00869351 0.0171593 0.00240086 0.00378924 0.012988 0.00147961 -0.0108475 0.00503462 0.0212148 0.00189091 0.00133265 0.00418469 -0.000133245 -0.00773481 0.00169935 -0.0274403 0.0114094 -0.019 0.0260364 0.0242234 0.0236547 0.0153846 -0.000754717 -0.022508 0.0288972 0.0131078 0.0197527 0.0268493 0.00934866 0.0184173
internal_weight=60000 32187 22929 10696 12233 11709 8688 8959 6506 2774 3732 3568 2008 3163 708 2455 2453 275 1951 1711 1501 905 612 293 596 240 2750 1719 2178 845 477 311 1333 473 1213 2701 522 834
internal_count=60000 32187 22929 10696 12233 11709 8688 8959 6506 2774 3732 3568 2008 3163 708 2455 2453 275 1951 1711 1501 905 612 293 596 240 2750 1719 2178 845 477 311 1333 473 1213 2701 522 834
is_linear=0
shrinkage=0.04


Tree=49
num_leaves=39
num_cat=0
split_feature=135 15 119 120 14 122 22 12 128 119 90 102 14 119 14 119 14 119 14 14 119 30 12 119 119 14 119 14 14 30 94 102 14 119 12 119 14 14
split_gain=2158.57 1974.84 1127.93 651.96 451.871 326.665 234.104 217.194 139.854 136.37 103.896 91.9676 158.488 98.9677 85.5471 127.275 113.07 86.8867 141.471 132.563 97.8546 92.1232 71.335 90.0983 67.0684 256.002 99.5967 109.969 94.2459 66.2685 296.36 120.374 98.3275 214.095 120.417 107.44 66.2211 64.3921
threshold=1.0000000180025095e-35 0.75000000000000011 0.59593412280082714 1.0000000180025095e-35 0.52936649322509777 1.0000000180025095e-35 0.11795619875192644 0.87824293971061718 -0.49999997019767756 0.55386900901794445 0.2431665509939194 0.37131667137146002 0.35276135802268987 0.40923309326171881 0.36030563712120062 0.4717922061681748 0.44886726140975958 0.54231527447700512 0.47904258966445928 0.48630662262439733 0.53023037314414989 0.76363638043403637 0.78291481733322155 0.45485258102416998 0.50662484765052807 0.44344586133956915 0.48508223891258245 0.42232480645179754 0.43823994696140295 0.76363638043403637 -0.38268354535102839 0.55805155634880077 0.50125351548194896 0.56429719924926769 0.70907047390937816 0.58128473162651073 0.49318374693393713 0.46458241343498236
decision_type=2 2 2 2 2 2 2 2 2 2 2 2 2 2 2 2 2 2 2 2 2 2 2 2 2 2 2 2 2 2 2 2 2 2 2 2 2 2
left_child=-1 -2 4 -4 5 7 -5 9 -7 10 -3 -12 -13 -14 -15 22 24 18 20 37 -18 -22 -16 -24 25 26 27 -17 -26 30 -11 -32 -31 -34 -35 -36 -20 -19
right_child=1 2 3 6 -6 8 -8 -9 -10 29 11 12 13 14 15 16 17 19 36 -21 21 -23 23 -25 28 -27 -28 -29 -30 32 31 -33 33 34 35 -37 -38 -39
leaf_value=0 0 0.084533564164953182 0.038965737024372019 0.035513656878737872 -0.0027743086150781499 0.00026124358370278297 0.038965737024372019 0.039000724164325005 0.036167923786977987 0.034976061964916559 -0.0015308033285026934 0.038441573497416323 -0.049217118913083877 0.07220008070227546 -0.012915872166163373 0.055123381761549697 -0.0029423131147337856 -0.0060436244566296083 -0.0015980849737766906 -0.0066974048359196474 -0.0037560297831954691 0.085632423231008767 -0.28003834752682522 0.15582749726443726 -0.0047825402269273988 -0.023084518918010954 0.041271156409482333 -0.14190434331676641 0.055847124265483501 0.10023881397938261 0.016680602052909103 -0.0058502228003830224 -0.0031733279128300729 0.062553361876108868 -0.011137259061567499 0.27544811992573548 0.00044352354780357965 0.048477421158480534
leaf_weight=27813 9258 624 1727 519 524 170 8450 2347 1069 441 193 777 108 251 308 125 834 27 367 449 96 176 70 66 76 195 356 141 378 705 60 289 158 320 98 62 37 336
leaf_count=27813 9258 624 1727 519 524 170 8450 2347 1069 441 193 777 108 251 308 125 834 27 367 449 96 176 70 66 76 195 356 141 378 705 60 289 158 320 98 62 37 336
internal_value=0.00854 0.0155926 0.0218884 0.0313762 0.0135927 0.0152191 0.0357097 0.0129207 0.0346408 0.00982396 0.00673122 0.00493477 0.00594626 0.00300273 0.00395522 0.00254645 0.00504314 -0.000206718 -0.00588079 0.0103448 0.00151899 0.0223529 -0.0176577 0.00647059 0.0146341 0.00778458 0.0203215 0.00180451 0.0269604 0.0185091 0.00931646 -0.0182235 0.0239166 0.0125392 0.0258333 -0.0025 -0.0261386 0.0283196
internal_weight=60000 32187 22929 10696 12233 11709 8969 10470 1239 8123 5990 5366 5173 4396 4288 4037 3593 2322 1510 812 1106 272 444 136 1271 817 622 266 454 2133 790 349 1343 638 480 160 404 363
internal_count=60000 32187 22929 10696 12233 11709 8969 10470 1239 8123 5990 5366 5173 4396 4288 4037 3593 2322 1510 812 1106 272 444 136 1271 817 622 266 454 2133 790 349 1343 638 480 160 404 363
is_linear=0
shrinkage=0.04


Tree=50
num_leaves=39
num_cat=0
split_feature=118 15 102 39 122 14 103 12 47 102 14 111 102 14 124 102 85 102 14 14 102 14 102 102 22 102 14 79 14 102 12 24 12 102 106 85 102 102
split_gain=2084.96 1967.18 905.471 580.398 556.026 373.669 357.368 199.045 142.691 173.975 128.879 122.89 101.301 94.9298 101.172 83.9933 83.5596 80.0651 124.546 122.804 130.418 81.1365 128.07 80.7687 64.8267 56.5226 58.4662 54.178 54.045 82.0124 52.2097 102.765 86.3162 68.6498 48.9351 43.7197 43.4343 55.7228
threshold=1.0000000180025095e-35 0.75000000000000011 0.59573671221733104 0.1013208217918873 1.0000000180025095e-35 0.52936649322509777 1.0000000180025095e-35 0.87824293971061718 0.76363638043403637 0.56428781151771557 0.51995083689689647 -0.55557009577751149 0.58124107122421276 0.50125351548194896 0.22698456048965457 0.78330385684967052 0.55228129029273998 0.51555371284484874 0.44344586133956915 0.46458241343498236 0.52797222137451183 0.47904258966445928 0.54245403409004223 0.37993320822715765 0.12999680638313296 0.37993320822715765 0.43977364897727972 0.53673160076141369 0.488080844283104 0.5541210174560548 0.71469494700431835 0.035317439585924155 0.62969112396240245 0.52307730913162243 1.0000000180025095e-35 0.50011277198791515 0.56249344348907482 0.47612912952899938
decision_type=2 2 2 2 2 2 2 2 2 2 2 2 2 2 2 2 2 2 2 2 2 2 2 2 2 2 2 2 2 2 2 2 2 2 2 2 2 2
left_child=-1 -2 4 15 5 7 -5 8 30 13 -11 -6 -12 14 -10 -4 27 18 23 -19 -21 -22 -23 -16 -8 -9 -27 -15 -24 -30 32 33 36 -32 -26 -28 37 -3
right_child=1 2 3 6 11 -7 24 25 9 10 12 -13 -14 16 17 -17 -18 19 -20 20 21 22 28 -25 34 26 35 -29 29 -31 31 -33 -34 -35 -36 -37 -38 -39
leaf_value=0 0 -0.0014695711953625857 0.12927744050143805 0.037407107543397128 0.00054276901346965705 -0.0011319767642062216 0.037407107543397128 -0.019617868455638583 0.095018349740718447 0.079695960433567303 -0.010691768699104801 0.10487488619270835 0.26720480240807143 -0.012416988500085172 -0.0014695711953625857 -0.0093930932275199993 -0.0038368987086144575 0.089817677375208377 -0.011101938454259259 -0.18870968359442158 0.073172272181428397 -0.0015341615748256229 0.13490181195238213 0.10047019827476197 0.037407107543397128 0.097291682607705959 -0.22796804247228428 0.00083433664608123514 -0.0070010206407335185 0.1266741413931248 0.01420251179082534 0.031597414665710241 -0.002972076625300666 -0.0056162138883676964 0.037407107543397128 0.036980720227148683 -0.0060319829178071774 0.017992532877265682
leaf_weight=27793 9293 545 305 1709 148 475 662 44 513 730 96 1447 58 32 149 397 177 471 445 139 170 181 135 910 6531 1495 33 75 185 139 76 1089 514 284 1067 697 81 710
leaf_count=27793 9293 545 305 1709 148 475 662 44 513 730 96 1447 58 32 149 397 177 471 445 139 170 181 135 910 6531 1495 33 75 185 139 76 1089 514 284 1067 697 81 710
internal_value=0.00851467 0.0154414 0.0217369 0.030254 0.0143135 0.0110143 0.0327295 0.0126334 0.00963563 0.0141846 0.0301357 0.0363386 -0.00311688 0.0103951 0.0122316 -0.00490028 -0.011831 0.00935705 0.00292553 0.016169 0.00788198 0.0140247 0.0075 0.0103872 0.0361743 0.0230762 0.023964 0.0160748 0.0187364 0.00987654 0.00328584 0.0089717 -0.00116757 -0.00955556 0.0372203 0.0146849 0.00419162 0.0060239
internal_weight=60000 32207 22914 10671 12243 10648 9969 10173 7904 4605 884 1595 154 3721 3437 702 284 2924 1504 1420 949 810 640 1059 8260 2269 2225 107 459 324 3299 1449 1850 360 7598 730 1336 1255
internal_count=60000 32207 22914 10671 12243 10648 9969 10173 7904 4605 884 1595 154 3721 3437 702 284 2924 1504 1420 949 810 640 1059 8260 2269 2225 107 459 324 3299 1449 1850 360 7598 730 1336 1255
is_linear=0
shrinkage=0.04


Tree=51
num_leaves=39
num_cat=0
split_feature=135 15 119 120 31 122 22 12 13 119 59 31 31 119 124 85 102 96 26 101 119 34 28 77 85 31 119 119 85 119 31 119 31 119 31 119 12 12
split_gain=2126.25 1945.98 1166.41 651.96 444.421 332.923 234.104 160.842 182.888 171.625 148.699 130.55 108.703 107.44 85.5578 85.5065 71.5255 65.6687 59.3903 70.6587 57.8188 225.166 105.919 72.0124 81.3705 128.594 118.788 65.2903 65.1944 55.5978 61.8381 123.243 55.0766 109.647 85.6799 77.8209 78.03 72.411
threshold=1.0000000180025095e-35 0.75000000000000011 0.59593412280082714 1.0000000180025095e-35 0.52936649322509777 1.0000000180025095e-35 0.11795619875192644 0.81298899650573742 0.76363638043403637 0.56429719924926769 -0.27664694190025324 0.51995083689689647 0.50125351548194896 0.58128473162651073 0.22698456048965457 0.55228129029273998 0.37993320822715765 0.54809093475341808 0.16280831396579745 1.0000000180025095e-35 0.52266719937324535 0.54410788416862499 0.57604104280471813 -0.44228866696357721 0.47632676362991339 0.36030563712120062 0.3721448034048081 0.54773756861686718 0.55858969688415538 0.55386900901794445 0.35276135802268987 0.40923309326171881 0.46802867949008947 0.51773032546043407 0.44344586133956915 0.50662484765052807 0.61881121993064891 0.61881121993064891
decision_type=2 2 2 2 2 2 2 2 2 2 2 2 2 2 2 2 2 2 2 2 2 2 2 2 2 2 2 2 2 2 2 2 2 2 2 2 2 2
left_child=-1 -2 4 18 5 7 -5 8 20 12 -7 -11 14 -13 -10 17 -16 -14 19 -4 23 -22 28 24 25 26 -3 -24 -23 30 -18 -32 33 34 -33 37 -37 -36
right_child=1 2 3 6 -6 10 -8 -9 9 11 -12 13 15 -15 16 -17 29 -19 -20 -21 21 22 27 -25 -26 -27 -28 -29 -30 -31 31 32 -34 -35 35 36 -38 -39
leaf_value=0 0 -0.0014107883475480824 0.035910823241661234 0.032596826301852462 -0.0026180571999067752 0.030526211387790526 0.035910823241661234 0.035666385106312114 0.089403985627658472 0.076538356325489623 -2.0129364533924581e-05 -0.010264097951140607 -0.011810653741209322 0.25452574790799676 -0.0014107883475480824 -0.0036834227602698787 0.12501250413834991 0.0008009631802379858 -0.034828004607611943 0.035910823241661234 -0.0036762794301116843 0.0080370033990176636 -0.0028531935602886449 0.0084582657356576628 0.036238045676811943 -0.011879654443909362 0.033090072028971282 0.027977629261583419 -0.0053915653328330043 0.11582675542980166 -0.051267242087550999 0.0966749222327659 0.00048714906888446137 0.069293511934726548 -0.021717060623120146 0.21103470248814241 -0.011249675090891616 0.0018041562354191121
leaf_weight=27813 9258 85 756 519 524 1071 8450 2969 492 733 168 98 37 62 149 190 341 70 48 923 470 89 165 585 526 227 159 498 166 215 103 537 699 396 194 111 63 41
leaf_count=27813 9258 85 756 519 524 1071 8450 2969 492 733 168 98 37 62 149 190 341 70 48 923 470 89 165 585 526 227 159 498 166 215 103 537 699 396 194 111 63 41
internal_value=0.00847867 0.0154783 0.0217279 0.0313762 0.0132919 0.0149048 0.0357097 0.0125845 0.0094654 0.0145222 0.0345117 0.0302352 0.0106652 -0.0025 0.0127267 -0.0125253 0.0100667 0.0160748 0.00887087 0.0101251 0.00175084 -0.00420749 0.00732026 0.00697851 0.000441324 -0.0116348 0.00852459 0.0157466 -0.0145882 0.0115556 0.0098672 0.00735075 0.00950514 0.0142474 0.00684989 -0.00694377 0.0133333 -0.0219574
internal_weight=60000 32187 22929 10696 12233 11709 8969 10470 7501 4531 1239 893 3638 160 3341 297 2849 107 1727 1679 2970 1388 918 1582 997 471 244 663 255 2700 2485 2144 2041 1342 946 409 174 235
internal_count=60000 32187 22929 10696 12233 11709 8969 10470 7501 4531 1239 893 3638 160 3341 297 2849 107 1727 1679 2970 1388 918 1582 997 471 244 663 255 2700 2485 2144 2041 1342 946 409 174 235
is_linear=0
shrinkage=0.04


Tree=52
num_leaves=39
num_cat=0
split_feature=135 15 119 120 31 122 22 46 13 59 90 102 119 13 31 85 46 119 9 101 31 119 119 119 119 119 60 102 60 119 31 46 102 31 119 31 119 31
split_gain=2084.46 1908.67 1217.58 651.96 434.796 346.99 234.104 180.102 170.639 148.699 113.594 76.572 59.5604 113.295 85.7103 96.0494 66.6848 75.5957 59.3903 70.6587 59.2687 120.235 113.175 94.587 92.719 128.603 176.657 121.488 76.0733 71.9877 62.6403 57.74 54.4489 70.2035 54.1096 60.2535 126.149 56.5986
threshold=1.0000000180025095e-35 0.75000000000000011 0.59593412280082714 1.0000000180025095e-35 0.52936649322509777 1.0000000180025095e-35 0.11795619875192644 0.81298899650573742 0.76363638043403637 -0.27664694190025324 0.24677592515945437 0.37993320822715765 0.56429719924926769 0.93636366724967968 0.50125351548194896 0.55228129029273998 0.71668395400047313 0.58128473162651073 0.22695460915565493 1.0000000180025095e-35 0.36030563712120062 0.4717922061681748 0.3721448034048081 0.5205402970314027 0.50332656502723705 0.54607123136520397 -0.32143925130367274 0.55805155634880077 -0.49999997019767756 0.52266719937324535 0.42466887831687933 0.80047810077667247 0.48479545116424566 0.44886726140975958 0.55386900901794445 0.35276135802268987 0.40923309326171881 0.46802867949008947
decision_type=2 2 2 2 2 2 2 2 2 2 2 2 2 2 2 2 2 2 2 2 2 2 2 2 2 2 2 2 2 2 2 2 2 2 2 2 2 2
left_child=-1 -2 4 18 5 7 -5 8 20 -7 -10 -12 14 16 34 -16 17 -14 19 -4 22 28 -3 -24 30 29 -27 -28 -22 -26 -23 -31 -32 -34 35 -13 -37 -38
right_child=1 2 3 6 -6 9 -8 -9 10 -11 11 12 13 -15 15 -17 -18 -19 -20 -21 21 24 23 -25 25 26 27 -29 -30 31 32 -33 33 -35 -36 36 37 -39
leaf_value=0 0 -0.001354356813646159 0.034474390311994799 0.031292953249778356 -0.002513334911910504 0.029305162932278889 0.034474390311994799 0.034239729702059629 0.077755089309525724 -1.9324189952567598e-05 -0.001354356813646159 0.12001200397281593 -0.0021981300105086633 0.080636307694041925 0.0007689246530284663 -0.0035360858498590837 0.10720488355135015 0.23388804216441489 -0.033434884423307464 0.034474390311994799 -0.011404468266152988 0.036906891739402141 0.030443789713369539 -0.0070573900906963872 0.00015160787272915145 0.026852994306105805 0.040348303355371089 -0.0061202525901449794 0.0081199351062313605 -0.0035292282529072239 -0.024055192386967232 0.039605300991577316 0.15448082408659261 -0.011071878731094035 0.1111936852126096 -0.049216552404048958 0.056588779201216188 0.00046766310612908295
leaf_weight=27813 9258 122 756 519 524 1071 8450 2969 726 168 150 341 165 346 91 167 92 89 48 923 204 318 340 69 310 505 117 178 109 422 64 100 69 43 214 104 1344 702
leaf_count=27813 9258 122 756 519 524 1071 8450 2969 726 168 150 341 165 346 91 167 92 89 48 923 204 318 340 69 310 505 117 178 109 422 64 100 69 43 214 104 1344 702
internal_value=0.00839867 0.0153292 0.0215186 0.0313762 0.0128995 0.0144948 0.0357097 0.0121261 0.00882549 0.0345117 0.01371 0.0109435 0.012093 0.022659 0.00962538 -0.0124031 0.00647399 -0.00409449 0.00887087 0.0101251 0.00137374 -0.00126281 0.013484 0.0235697 0.00214487 -0.00245098 0.009 -0.0155932 -0.0244089 -0.0134615 0.0173279 -0.0225287 -0.00181818 0.015 0.0117264 0.0100682 0.0075907 0.00977517
internal_weight=60000 32187 22929 10696 12233 11709 8969 10470 7501 1239 4531 3805 3655 692 2963 258 346 254 1727 1679 2970 2439 531 409 2126 1632 800 295 313 832 494 522 176 112 2705 2491 2150 2046
internal_count=60000 32187 22929 10696 12233 11709 8969 10470 7501 1239 4531 3805 3655 692 2963 258 346 254 1727 1679 2970 2439 531 409 2126 1632 800 295 313 832 494 522 176 112 2705 2491 2150 2046
is_linear=0
shrinkage=0.04


Tree=53
num_leaves=39
num_cat=0
split_feature=118 32 119 39 14 120 122 12 59 47 43 119 102 14 119 119 77 102 119 14 119 119 119 14 14 22 119 14 14 47 119 102 119 102 12 102 12 9
split_gain=2013.01 1905.35 1204.72 608.557 432.884 388.345 348.898 161.071 150.733 123.658 130.735 98.3022 89.1283 104.565 77.9947 125.228 199.492 142.565 107.708 118.755 129.863 76.6433 68.8701 101.87 64.3477 62.0988 61.561 84.2756 60.7637 71.8377 92.206 79.6191 70.4794 58.642 57.6219 55.065 95.1627 53.76
threshold=1.0000000180025095e-35 0.75000000000000011 0.59593412280082714 0.1013208217918873 0.52936649322509777 1.0000000180025095e-35 1.0000000180025095e-35 0.81298899650573742 -0.27664694190025324 0.76363638043403637 -0.55557009577751149 0.8213065266609193 0.51555371284484874 0.44344586133956915 0.50332656502723705 0.54607123136520397 -0.38268354535102839 0.55805155634880077 0.48508223891258245 0.41325272619724279 0.3721448034048081 0.52266719937324535 0.4717922061681748 0.42345251142978674 0.48149017989635473 0.12999680638313296 0.56429719924926769 0.49395371973514562 0.50125351548194896 0.93636366724967968 0.56429719924926769 0.55181074142456066 0.58391302824020397 0.37993320822715765 0.80047810077667247 0.50684645771980297 0.61881121993064891 -0.68322628736495961
decision_type=2 2 2 2 2 2 2 2 2 2 2 2 2 2 2 2 2 2 2 2 2 2 2 2 2 2 2 2 2 2 2 2 2 2 2 2 2 2
left_child=-1 -2 4 11 6 -5 7 9 -8 14 12 -4 13 33 18 21 -17 24 19 20 -3 -16 -21 -24 -18 -7 27 -12 -14 32 31 -31 -30 -11 -23 -15 -37 -36
right_child=1 2 3 5 -6 25 8 -9 -10 10 26 -13 28 35 15 16 17 -19 -20 22 -22 34 23 -25 -26 -27 -28 -29 29 30 -32 -33 -34 -35 37 36 -38 -39
leaf_value=0 0 -0.0013001825411003125 0.043692822899151607 0.033095414699515012 -0.0024128015154340839 0.033095414699515012 0.028132956414987725 0.032870140513977228 -0.00023294440645067632 -0.0013001825411003125 0.084531252753602321 -0.0090173694984192008 0.06010134173711016 -0.012052729659212731 0.003387695160744979 0.026101198800005641 -0.0080186768758217213 -0.0062658603996905175 0.035430616069826046 -0.011409089523299843 0.0077951377019821067 -0.0033880591227909208 0.049272947679348533 -0.029227182540352198 0.043714853996383918 0.033095414699515012 0.072623295513603456 -0.0083254934473005211 -0.0026041385035671326 0.00073816766690732772 0.050576402422940633 -0.0026041385035671326 0.22453252047783828 0.055730498051809858 0.038565473013133234 0.20203087916315407 -0.0019251516512453163 -0.0077313993394423621
leaf_weight=27793 9293 122 396 1311 524 664 1071 2969 166 98 1318 309 1144 154 332 491 26 210 284 200 426 449 118 100 111 8001 438 244 180 46 121 80 30 567 70 58 56 30
leaf_count=27793 9293 122 396 1311 524 664 1071 2969 166 98 1318 309 1144 154 332 491 26 210 284 200 426 449 118 100 111 8001 438 244 180 46 121 80 30 567 70 58 56 30
internal_value=0.00838933 0.0151955 0.0213913 0.0312068 0.0128211 0.033745 0.0144128 0.0120397 0.0345028 0.0089191 0.0130745 -0.00470922 0.00704025 -0.00278671 0.00257326 -0.00295521 0.00811456 -0.0151009 0.010176 0.00380952 0.0160584 -0.0134847 -0.0122488 0.00330275 0.0166423 0.0368148 0.02072 0.0170038 0.012767 0.000437637 0.0150607 -0.00888889 -0.0167619 0.00571429 -0.0226594 -0.0238806 -0.00280702 0.0048
internal_weight=60000 32207 22914 10681 12233 9976 11709 10472 1237 7503 4534 705 2534 933 2969 1719 838 347 1250 966 548 881 418 218 137 8665 2000 1562 1601 457 247 126 210 665 549 268 114 100
internal_count=60000 32207 22914 10681 12233 9976 11709 10472 1237 7503 4534 705 2534 933 2969 1719 838 347 1250 966 548 881 418 218 137 8665 2000 1562 1601 457 247 126 210 665 549 268 114 100
is_linear=0
shrinkage=0.04


Tree=54
num_leaves=39
num_cat=0
split_feature=135 15 119 103 14 122 22 12 59 13 43 101 119 14 14 119 119 119 119 77 119 119 43 14 102 102 14 102 14 119 13 12 119 14 119 14 102 12
split_gain=2002.8 1835.72 1331.95 524.55 415.239 376.984 240.519 192.125 148.699 131.058 166.627 87.6245 61.2393 85.1927 60.5944 118.537 113.175 95.0312 122.942 184.245 130.972 94.587 76.0733 62.6403 60.1579 59.4745 104.565 58.642 58.5946 68.3986 87.3008 91.0729 76.7723 65.3909 81.9184 55.3036 55.065 95.1627
threshold=1.0000000180025095e-35 0.75000000000000011 0.59593412280082714 1.0000000180025095e-35 0.52936649322509777 1.0000000180025095e-35 0.11795619875192644 0.81298899650573742 -0.27664694190025324 0.76363638043403637 -0.55557009577751149 1.0000000180025095e-35 0.56429719924926769 0.49395371973514562 0.36030563712120062 0.4717922061681748 0.3721448034048081 0.50332656502723705 0.54607123136520397 -0.38268354535102839 0.55780240893363964 0.5205402970314027 -0.55557009577751149 0.42466887831687933 0.52307730913162243 0.51555371284484874 0.44344586133956915 0.37993320822715765 0.46458241343498236 0.560205638408661 0.93636366724967968 0.71668395400047313 0.58391302824020397 0.488080844283104 0.53999802470207225 0.48149017989635473 0.50684645771980297 0.61881121993064891
decision_type=2 2 2 2 2 2 2 2 2 2 2 2 2 2 2 2 2 2 2 2 2 2 2 2 2 2 2 2 2 2 2 2 2 2 2 2 2 2
left_child=-1 -2 4 11 5 7 -5 9 -7 14 25 -4 13 -12 16 22 -3 23 24 -20 35 -18 -16 -17 -19 26 27 -11 -27 33 31 32 -31 34 -30 -21 -28 -38
right_child=1 2 3 6 -6 8 -8 -9 -10 10 12 -13 -14 -15 15 17 21 18 19 20 -22 -23 -24 -25 -26 28 36 -29 29 30 -32 -33 -34 -35 -36 -37 37 -39
leaf_value=0 0 -0.0012481752394563001 0.031771598111534412 0.028717418531806621 -0.0023162894548167208 0.027007638158388227 0.031771598111534412 0.031555334893418135 -9.2334460964378414e-06 -0.0012481752394563001 0.081150002643458244 0.031771598111534412 0.069718363693059338 -0.0079924737094085006 -0.010491925954574875 0.034013391427033003 0.028914232616755485 0.00083291210961172985 0.024745886151889919 -0.0085417891965724729 -0.0046804581999262494 -0.0066395721221568851 0.0074833321939028257 -0.0010405638476078272 -0.0032362624245100414 0.046107127617021605 -0.011570620472844222 0.053501278129737456 -0.0039150412683175463 -0.0096614432925319505 0.053929346631198742 0.10087666724985521 0.21555121965872479 -0.0024723307856292357 0.10427923159306104 0.041966259836528547 0.1939496439966279 -0.0018481455851955036
leaf_weight=27813 9258 122 795 522 524 1071 8166 2969 168 98 1318 1213 436 243 204 318 340 294 471 23 197 69 109 176 538 349 154 567 249 134 255 81 31 369 133 109 58 56
leaf_count=27813 9258 122 795 522 524 1071 8166 2969 168 98 1318 1213 436 243 204 318 340 294 471 23 197 69 109 176 538 349 154 567 249 134 255 81 31 369 133 109 58 56
internal_value=0.00824 0.0150334 0.0211034 0.0314136 0.0120886 0.0136476 0.0356722 0.0111786 0.0345117 0.00776963 0.0120503 0.012988 0.020691 0.0169891 0.00123906 -0.00142681 0.013484 0.00195673 -0.00269608 0.0085 -0.0144681 0.0235697 -0.0244089 0.0173279 -0.0134615 0.00524073 -0.00278671 0.00571429 0.0099188 0.00587859 0.0173253 0.000325203 -0.0167273 -0.00175766 0.00984293 0.0163636 -0.0238806 -0.00280702
internal_weight=60000 32187 22929 10696 12233 11709 8688 10470 1239 7501 4531 2008 1997 1561 2970 2439 531 2126 1632 800 329 409 313 494 832 2534 933 665 1601 1252 501 246 165 751 382 132 268 114
internal_count=60000 32187 22929 10696 12233 11709 8688 10470 1239 7501 4531 2008 1997 1561 2970 2439 531 2126 1632 800 329 409 313 494 832 2534 933 665 1601 1252 501 246 165 751 382 132 268 114
is_linear=0
shrinkage=0.04


Tree=55
num_leaves=39
num_cat=0
split_feature=118 32 119 39 14 120 122 59 12 119 14 119 14 119 30 119 14 14 119 119 30 119 14 119 14 119 119 85 14 77 30 119 119 14 43 68 14 22
split_gain=1954.09 1848.17 1285.74 608.557 418.207 388.345 371.318 150.733 145.398 111.443 103.112 127.18 159.523 109.617 100.389 125.613 173.37 107.933 110.28 98.3022 81.0459 97.8282 127.326 79.8137 136.928 155.578 99.108 77.8978 72.5222 186.307 266.703 140.158 117.443 67.5138 64.6928 63.5925 85.311 62.0988
threshold=1.0000000180025095e-35 0.75000000000000011 0.59593412280082714 0.1013208217918873 0.52936649322509777 1.0000000180025095e-35 1.0000000180025095e-35 -0.27664694190025324 0.88894206285476696 0.3721448034048081 0.35276135802268987 0.55386900901794445 0.48630662262439733 0.40923309326171881 0.76363638043403637 0.51532536745071422 0.44344586133956915 0.46458241343498236 0.53999802470207225 0.8213065266609193 0.93636366724967968 0.56429719924926769 0.50440177321434032 0.4717922061681748 0.44886726140975958 0.54425701498985302 0.52266719937324535 0.45455639064311987 0.50125351548194896 -0.44228866696357721 0.76363638043403637 0.58679655194282543 0.55780240893363964 0.4682223796844483 -0.55557009577751149 0.48565131425857549 0.42345251142978674 0.12999680638313296
decision_type=2 2 2 2 2 2 2 2 2 2 2 2 2 2 2 2 2 2 2 2 2 2 2 2 2 2 2 2 2 2 2 2 2 2 2 2 2 2
left_child=-1 -2 4 19 6 -5 8 -8 9 -3 -11 12 13 -12 23 16 -16 -17 -19 -4 28 22 -22 27 26 -26 35 -15 29 -13 32 34 -31 -27 -30 36 -25 -7
right_child=1 2 3 5 -6 37 7 -9 -10 10 11 20 -14 14 15 17 -18 18 -20 -21 21 -23 -24 24 25 33 -28 -29 31 30 -32 -33 -34 -35 -36 -37 -38 -39
leaf_value=0 0 -0.0011982482298780481 0.040796413241913271 0.030500734187073029 -0.0022236378766240521 0.030500734187073029 0.025927332632052682 -0.00022325729234879175 0.088026751694767036 0.032048561014072309 -0.051617161355148891 0.031184591003994806 -0.0031915836442968654 0.00032874273824443637 0.083840323941213657 0.070863956985551341 -0.011107795653930453 0.0039324244321989939 0.09554291201297524 -0.0086566747184824329 0.15242605779514384 0.071717189018013772 -0.0098551285959244932 0.02272406310091224 -0.0029200536141889446 -0.011411806758651508 -0.0090118640719663284 -0.010533048904184853 -0.0092749855608306713 0.0094986167455977013 0.022474873249504982 0.18678215451303815 -0.0068820812617723702 0.029358387183724199 0.01070523710479371 0.02272406310091224 -0.024880480882016661 0.030500734187073029
leaf_weight=27793 9293 217 396 1311 524 664 1071 166 2149 915 113 498 653 102 606 522 523 412 215 309 133 455 95 191 689 22 77 219 198 58 170 96 244 172 141 482 105 8001
leaf_count=27793 9293 217 396 1311 524 664 1071 166 2149 915 113 498 653 102 606 522 523 412 215 309 133 455 95 191 689 22 77 219 198 58 170 96 244 172 141 482 105 8001
internal_value=0.00825867 0.0149644 0.0210666 0.0312068 0.0122129 0.033745 0.0137774 0.0345028 0.0113293 0.00893428 0.00969159 0.00808233 0.0046796 0.00738876 0.00840212 0.0141879 0.00471213 0.0234987 0.0123126 -0.00470922 0.0163985 0.0277013 0.00631579 0.00200097 0.0053855 -0.00566251 0.0167953 -0.016324 0.0109039 0.0169897 -0.00101695 -0.00266667 -0.0235762 0.0259794 -0.0147493 0.0210797 0.00648649 0.0368148
internal_weight=60000 32207 22914 10681 12233 9976 11709 1237 10472 8323 8106 7191 5103 4450 4337 2278 1129 1149 627 705 2088 683 228 2059 1738 883 855 321 1405 970 472 435 302 194 339 778 296 8665
internal_count=60000 32207 22914 10681 12233 9976 11709 1237 10472 8323 8106 7191 5103 4450 4337 2278 1129 1149 627 705 2088 683 228 2059 1738 883 855 321 1405 970 472 435 302 194 339 778 296 8665
is_linear=0
shrinkage=0.04


Tree=56
num_leaves=39
num_cat=0
split_feature=135 15 119 120 48 122 5 12 59 119 48 119 13 58 119 48 119 43 85 102 26 101 68 119 95 13 12 102 12 119 48 48 41 119 119 48 48 68
split_gain=1994.66 1828.45 1333.11 651.96 400.295 352.761 233.773 145.23 133.803 109.243 107.764 110.687 124.969 115.809 146.39 117.591 181.567 101.263 73.5188 69.4551 59.3903 70.6587 55.5796 55.4583 53.8358 200.194 98.9368 66.8792 48.1572 47.1918 81.7517 73.3205 43.655 43.0583 40.7129 70.7113 40.5525 66.1731
threshold=1.0000000180025095e-35 0.75000000000000011 0.59593412280082714 1.0000000180025095e-35 0.53320875763893139 1.0000000180025095e-35 0.1294016316533089 0.88894206285476696 -0.27664694190025324 0.3721448034048081 0.35276135802268987 0.40923309326171881 0.76363638043403637 -0.025910884141921994 0.54773756861686718 0.44886726140975958 0.4717922061681748 -0.55557009577751149 0.45455639064311987 0.55805155634880077 0.16280831396579745 1.0000000180025095e-35 0.42083865404129034 0.8224521577358247 0.92387953400611889 0.76363638043403637 0.90145155787467968 0.37993320822715765 0.80047810077667247 0.56429719924926769 0.49395371973514562 0.51995083689689647 -0.10310720652341841 0.51532536745071422 0.51532536745071422 0.44344586133956915 0.47904258966445928 0.54215258359909069
decision_type=2 2 2 2 2 2 2 2 2 2 2 2 2 2 2 2 2 2 2 2 2 2 2 2 2 2 2 2 2 2 2 2 2 2 2 2 2 2
left_child=-1 -2 4 20 5 7 23 9 -7 -3 33 -12 13 19 15 16 18 -14 22 -13 21 -4 -15 -5 27 26 -26 -9 -17 30 34 -31 -32 -11 35 -19 -36 -38
right_child=1 2 3 6 -6 8 -8 24 -10 10 11 12 17 14 -16 28 -18 29 -20 -21 -22 -23 -24 -25 25 -27 -28 -29 -30 31 32 -33 -34 -35 36 -37 37 -39
leaf_value=0 0 -0.001150318300682926 0.029280704819590112 0.035778257009966556 -0.0073547037534949988 0.02489023932677057 0.029280704819590112 -0.027727487393834405 6.6183441371342728e-08 0.070929313181666911 -0.049552474900942944 -0.0014973614052182071 0.037902343500830757 -0.049236344552089417 0.026351842006629517 -0.002183198246508269 0.024051291946414644 0.08196356460566126 -0.010111726948017461 -0.0056296130844281757 -0.035912198926300064 0.029280704819590112 0.00031559302871464467 -0.081433877205649305 0.003674189984419627 0.13294381221696688 -0.012341561400986585 0.039857104346207282 0.036587584353712226 0.064060941584616421 -0.013076391722939496 0.22025675400508515 0.11504637121941529 0.010565568016416086 0.067278371444298588 -0.18087149800614324 -0.17557981387773225 0.11507463906149187
leaf_weight=27813 9258 217 756 360 411 1071 8405 30 171 780 113 656 2325 24 667 530 598 263 167 236 48 923 52 204 64 428 154 1473 127 362 154 107 89 135 415 197 89 128
leaf_count=27813 9258 217 756 360 411 1071 8405 30 171 780 113 656 2325 24 667 530 598 263 167 236 48 923 52 204 64 428 154 1473 127 362 154 107 89 135 415 197 89 128
internal_value=0.008224 0.0150036 0.0210615 0.0313762 0.0120428 0.013392 0.0357097 0.0110246 0.0335588 0.00865852 0.00939859 0.00777641 0.0083941 0.00226366 0.00726097 0.000320427 0.0102259 0.0129329 -0.01893 -0.00986547 0.00887087 0.0101251 0.0136842 0.0107801 0.0203071 0.0106502 -0.0205505 0.0244578 -0.0123592 0.0200443 0.0162097 0.0309595 -0.00477366 0.0223388 0.0208791 0.0118261 0.0274684 0.0134562
internal_weight=60000 32187 22929 10696 12233 11822 8969 10580 1242 8431 8214 7299 7186 3057 2165 1498 841 4129 243 892 1727 1679 76 564 2149 646 218 1503 657 1804 1335 469 243 915 1092 460 632 217
internal_count=60000 32187 22929 10696 12233 11822 8969 10580 1242 8431 8214 7299 7186 3057 2165 1498 841 4129 243 892 1727 1679 76 564 2149 646 218 1503 657 1804 1335 469 243 915 1092 460 632 217
is_linear=0
shrinkage=0.04


Tree=57
num_leaves=39
num_cat=0
split_feature=135 15 119 120 122 14 22 128 29 119 14 119 14 119 119 14 119 14 119 14 14 119 14 119 13 13 119 14 14 77 13 119 119 119 14 14 60 1
split_gain=1921.45 1763.01 1443.26 640.756 394.814 326.044 234.104 171.065 164.944 123.585 317.506 105.975 97.0479 106.298 82.6692 155.247 124.846 196.795 155.636 151.903 101.852 89.6421 102.091 83.486 111.999 80.6593 101.612 121.902 71.5248 201.469 288.356 141.369 108.555 70.7746 96.7472 66.8694 63.8669 56.9763
threshold=1.0000000180025095e-35 0.75000000000000011 0.59593412280082714 1.0000000180025095e-35 1.0000000180025095e-35 0.52936649322509777 0.11795619875192644 -0.49999997019767756 0.88894206285476696 0.55386900901794445 0.48630662262439733 0.3721448034048081 0.35276135802268987 0.40923309326171881 0.54231527447700512 0.44886726140975958 0.50662484765052807 0.44344586133956915 0.48508223891258245 0.41325272619724279 0.46458241343498236 0.50974160432815563 0.47904258966445928 0.53023037314414989 0.76363638043403637 0.93636366724967968 0.56429719924926769 0.50440177321434032 0.50125351548194896 -0.44228866696357721 0.76363638043403637 0.58679655194282543 0.55780240893363964 0.4717922061681748 0.42232480645179754 0.43823994696140295 -0.49999997019767756 1.0000000180025095e-35
decision_type=2 2 2 2 2 2 2 2 2 2 2 2 2 2 2 2 2 2 2 2 2 2 2 2 2 2 2 2 2 2 2 2 2 2 2 2 2 2
left_child=-1 -2 4 37 5 8 -5 -6 9 10 11 -3 -13 -14 15 16 17 18 19 -15 -16 -17 23 -23 -25 28 27 -27 29 -11 32 36 -31 -21 -35 -18 -30 -4
right_child=1 2 3 6 7 -7 -8 -9 -10 25 -12 12 13 14 20 21 35 -19 -20 33 -22 22 -24 24 -26 26 -28 -29 31 30 -32 -33 -34 34 -36 -37 -38 -39
leaf_value=0 0 -0.001104305568655609 0.028109476626806504 0.024513705077918717 -0.00051534860628847288 -0.0021194265953235177 0.028109476626806504 0.023894629753699732 0.079187929138297697 0.028883133683569824 -0.0045800140385582212 0.031919096761691253 -0.047570375904905225 0.04508625028822387 -0.01108056253886458 -0.022101836969420838 0.0056590660067518785 -0.023238777274837721 0.030781841568058611 -0.0097072578700967624 0.04236127857576559 -0.0020958703166479254 -0.0054318303349060338 -0.0056426807238656807 0.065779659839240168 0.12467487554917536 0.066286063793908598 -0.0089378677831699321 -0.010420079878430674 0.0080645983955086112 0.01945356124755598 0.17953605285589377 -0.007961843763659519 0.044070479913200206 -0.027983305127409715 0.054672180342635171 0.0077145899572172993 -0.066575667389521809
leaf_weight=27813 9258 217 1690 519 197 495 8450 1071 2149 523 652 853 113 607 82 205 141 222 468 226 378 703 297 103 211 136 458 95 199 58 184 96 260 118 151 425 140 37
leaf_count=27813 9258 217 1690 519 197 495 8450 1071 2149 523 652 853 113 607 82 205 141 222 468 226 378 703 297 103 211 136 458 95 199 58 184 96 260 118 151 425 140 37
internal_value=0.00807867 0.0147327 0.0206812 0.0314136 0.0112973 0.00885363 0.0357097 0.032429 0.0103534 0.00780195 0.00492547 0.00804348 0.00916462 0.00679551 0.00779341 0.00589115 0.0123155 0.00714286 0.0121274 0.00392015 0.0238261 -0.00408163 -0.000243531 0.00578171 0.0229299 0.0160633 0.027344 0.00571429 0.0107397 0.0165073 -0.00159363 -0.00285057 -0.0246541 -0.0125253 0.00133829 0.0286926 -0.0149853 0.00910249
internal_weight=60000 32187 22929 10696 12233 10965 8969 1268 10470 8321 6172 5520 5303 4450 4337 3877 2358 1792 1570 1102 460 1519 1314 1017 314 2149 689 231 1460 1025 502 435 318 495 269 566 339 1727
internal_count=60000 32187 22929 10696 12233 10965 8969 1268 10470 8321 6172 5520 5303 4450 4337 3877 2358 1792 1570 1102 460 1519 1314 1017 314 2149 689 231 1460 1025 502 435 318 495 269 566 339 1727
is_linear=0
shrinkage=0.04


Tree=58
num_leaves=39
num_cat=0
split_feature=135 15 119 120 14 121 22 13 77 60 12 110 102 14 14 119 119 14 102 14 102 13 12 102 102 14 119 14 102 14 9 101 85 102 102 14 102 119
split_gain=1824.88 1676.65 1573.98 651.96 371.798 247.581 234.104 230.129 250.359 213.565 181.336 167.095 106.903 122.103 102.921 92.3185 91.692 104.464 146.835 258.094 132.519 130.928 83.1463 82.0459 72.6153 67.7928 101.704 111.977 102.144 83.5324 59.3903 70.6587 58.7465 57.1157 56.7193 122.236 56.0225 122.765
threshold=1.0000000180025095e-35 0.75000000000000011 0.59593412280082714 1.0000000180025095e-35 0.52936649322509777 1.0000000180025095e-35 0.11795619875192644 0.76363638043403637 -0.38268354535102839 -0.52778503298759449 0.71469494700431835 -0.10416101291775702 0.52307730913162243 0.48149017989635473 0.41325272619724279 0.55148217082023632 0.38069936633110052 0.50125351548194896 0.5541210174560548 0.488080844283104 0.56428781151771557 0.93636366724967968 0.87824293971061718 0.55805155634880077 0.58407148718833934 0.33297631144523626 0.51532536745071422 0.44344586133956915 0.40952850878238684 0.46050065755844122 0.22695460915565493 1.0000000180025095e-35 0.54450696706771862 0.54245403409004223 0.56428781151771557 0.488080844283104 0.51809874176979076 0.47632130980491644
decision_type=2 2 2 2 2 2 2 2 2 2 2 2 2 2 2 2 2 2 2 2 2 2 2 2 2 2 2 2 2 2 2 2 2 2 2 2 2 2
left_child=-1 -2 4 30 5 11 -5 8 10 16 15 -3 14 -14 -10 36 -9 18 19 25 -19 24 -13 32 -22 -18 27 28 -27 -28 31 -4 -15 -31 35 -11 37 -7
right_child=1 2 3 6 -6 7 -8 9 12 34 -12 22 13 23 -16 -17 17 20 -20 -21 21 -23 -24 -25 -26 26 29 -29 -30 33 -32 -33 -34 -35 -36 -37 -38 -39
leaf_value=0 0 0.022938844563551726 0.026985097561734256 0.023533156874801977 -0.0020346495315105768 -0.0015004807039628787 0.026985097561734256 -0.012350541867467526 -0.0015855174881025391 0.076881572009905877 0.019471997270500304 0.020288208468017998 -0.01619889575654309 -0.014679637757962518 0.0040923417776458845 0.028493187601905456 0.14923393576517696 -0.0031293708544620543 0.14254516430458822 -0.010253717302245391 -0.0053031163781176787 0.039359948608264972 0.021843615475440219 -0.0036742983475347656 0.1907603488375853 -0.045667560868709017 0.093111699231610182 -0.011250026476812959 0.094501655539704008 0.0026801500972740457 -0.031812684273667194 0.026985097561734256 0.035978303806237406 0.11255700254994047 0.058962310104856072 -0.0023188458073317266 -0.0017071591248411567 0.030094763176874047
leaf_weight=27813 9258 1150 756 519 524 418 8450 131 288 1815 1285 733 376 72 450 85 249 174 334 200 119 116 362 201 29 118 262 313 511 322 48 923 135 80 492 361 226 302
leaf_count=27813 9258 1150 756 519 524 418 8450 131 288 1815 1285 733 376 72 450 85 249 174 334 200 119 116 362 201 29 118 262 313 511 322 48 923 135 80 492 361 226 302
internal_value=0.00788267 0.0143673 0.0201683 0.0313762 0.0103687 0.0118439 0.0357097 0.00901099 0.00145909 0.0141628 0.00974093 0.0237862 -0.0111432 -0.0214286 -0.000216802 -0.00275461 0.00676133 0.00827733 0.0115697 0.00757178 -0.00968037 0.00818182 0.0126027 -0.00627451 -0.0167568 0.0122264 0.00921544 0.000764331 0.0104928 0.0212048 0.00887087 0.0101251 0.011401 0.00975124 0.0223688 0.0195956 -0.00634249 -0.000888889
internal_weight=60000 32187 22929 10696 12233 11709 8969 9464 3838 5626 2316 2245 1522 784 738 1031 2958 2827 2389 2055 438 264 1095 408 148 1855 1606 942 629 664 1727 1679 207 402 2668 2176 946 720
internal_count=60000 32187 22929 10696 12233 11709 8969 9464 3838 5626 2316 2245 1522 784 738 1031 2958 2827 2389 2055 438 264 1095 408 148 1855 1606 942 629 664 1727 1679 207 402 2668 2176 946 720
is_linear=0
shrinkage=0.04


Tree=59
num_leaves=39
num_cat=0
split_feature=135 15 119 120 48 122 22 30 79 12 60 59 48 119 119 48 30 119 119 119 119 48 48 119 119 48 119 48 26 12 119 48 48 119 12 119 119 1
split_gain=1782.33 1638.58 1650.06 640.756 361.398 250.836 234.104 208.548 339.799 254.799 201.744 107.916 98.909 137.69 137.472 240.543 134.917 110.297 76.1467 75.1946 74.9634 103.459 72.3268 64.0711 90.7573 121.757 97.6871 74.5595 63.1814 68.5063 58.641 162.473 74.6344 57.9099 65.9808 62.3923 57.038 56.9763
threshold=1.0000000180025095e-35 0.75000000000000011 0.59593412280082714 1.0000000180025095e-35 0.52936649322509777 1.0000000180025095e-35 0.11795619875192644 0.76363638043403637 0.6166246533393861 0.71469494700431835 -0.52778503298759449 -0.27664694190025324 0.50125351548194896 0.56429719924926769 0.55386900901794445 0.488080844283104 0.93636366724967968 0.38069936633110052 0.55148217082023632 0.58391302824020397 0.52266719937324535 0.41325272619724279 0.48149017989635473 0.51773032546043407 0.47632130980491644 0.36030563712120062 0.3721448034048081 0.42466887831687933 -0.63405361771583546 0.90145155787467968 0.51532536745071422 0.44344586133956915 0.46050065755844122 0.55386900901794445 0.80047810077667247 0.52763688564300548 0.54231527447700512 1.0000000180025095e-35
decision_type=2 2 2 2 2 2 2 2 2 2 2 2 2 2 2 2 2 2 2 2 2 2 2 2 2 2 2 2 2 2 2 2 2 2 2 2 2 2
left_child=-1 -2 4 37 5 7 -5 8 20 18 12 -7 14 -14 15 17 19 -9 23 -15 21 -3 -22 24 25 26 -10 -26 29 33 31 -19 -32 34 35 -11 -34 -4
right_child=1 2 3 6 -6 11 -8 10 9 28 -12 -13 13 16 -16 -17 -18 30 -20 -21 22 -23 -24 -25 27 -27 -28 -29 -30 -31 32 -33 36 -35 -36 -37 -38 -39
leaf_value=0 0 -0.0015220967885784375 0.025905693659264876 0.02259183059980991 -0.0019532635502501538 0.022021290781009669 0.025905693659264876 -0.011207896854306539 -0.0010001141177508695 0.021582904582968042 0.069432860819026457 -0.0007908508583654646 -0.0030126366048950372 -0.0097911520281687408 0.13103273687617395 -0.0098435686101555758 0.037785550663934374 0.10018693443042054 0.023667059218923009 0.18312993488408189 -0.015590835051174264 0.0033437565088619082 -0.0035273264136333892 -0.0019437491389883732 0.028890972649799097 -0.0087981483393414009 0.023744483136389469 -0.00053550997317792343 0.00064681950384215981 0.013575608628192128 0.089387231262345782 -0.010800025417740441 0.002572944093383084 0.023483711560641433 0.021129139052459642 -0.0084761307156288671 0.10769617047491817 -0.062640133322994243
leaf_weight=27813 9258 250 1690 519 524 1071 8450 140 80 193 2677 168 186 121 457 210 121 1054 123 30 368 369 360 271 147 267 150 222 243 384 371 337 336 355 400 163 85 37
leaf_count=27813 9258 250 1690 519 524 1071 8450 140 80 193 2677 168 186 121 457 210 121 1054 123 30 368 369 360 271 147 267 150 222 243 384 371 337 336 355 400 163 85 37
internal_value=0.00779467 0.0142032 0.0199381 0.0314136 0.00990436 0.0113588 0.0357097 0.00934479 0.00264212 0.0101401 0.0140996 0.0283777 0.00770302 -0.00960699 0.0103545 0.00671141 0.00852941 0.0104176 -0.00355556 -0.0166887 -0.014046 -0.0038126 -0.0227473 -0.0067898 -0.00147806 -0.0126358 0.00869565 0.0135501 0.020069 0.0231438 0.0126248 0.00767793 0.0213131 0.0181098 0.0118519 -0.000674157 0.00978622 0.00910249
internal_weight=60000 32187 22929 10696 12233 11709 8969 10470 4345 2998 6125 1239 3448 458 2990 2533 272 2323 1260 151 1347 619 728 1137 866 497 230 369 1738 1495 2183 1391 792 1111 756 356 421 1727
internal_count=60000 32187 22929 10696 12233 11709 8969 10470 4345 2998 6125 1239 3448 458 2990 2533 272 2323 1260 151 1347 619 728 1137 866 497 230 369 1738 1495 2183 1391 792 1111 756 356 421 1727
is_linear=0
shrinkage=0.04


Tree=60
num_leaves=39
num_cat=0
split_feature=135 15 119 103 14 13 43 22 75 122 29 29 14 14 119 14 119 13 10 101 122 119 14 119 14 119 119 29 119 119 14 102 119 14 119 14 29 14
split_gain=1770.17 1627.7 1671.34 522.709 358.495 244.366 302.59 240.519 171.503 219.182 205.217 191.59 106.182 99.8174 131.84 249.336 128.869 135.134 91.563 88.3023 85.0868 83.2301 124.889 77.2761 75.6046 74.6466 73.297 68.8776 67.9541 63.102 62.8423 62.0869 103.676 90.0528 82.5527 69.0223 61.3935 59.6552
threshold=1.0000000180025095e-35 0.75000000000000011 0.59593412280082714 1.0000000180025095e-35 0.52936649322509777 0.76363638043403637 -0.55557009577751149 0.11795619875192644 -0.033925989642739289 1.0000000180025095e-35 0.71469494700431835 0.87824293971061718 0.43977364897727972 0.50125351548194896 0.55386900901794445 0.488080844283104 0.56429719924926769 0.93636366724967968 0.7294733226299287 1.0000000180025095e-35 1.0000000180025095e-35 0.51532536745071422 0.44344586133956915 0.55148217082023632 0.46050065755844122 0.52266719937324535 0.58391302824020397 0.90145155787467968 0.38069936633110052 0.55386900901794445 0.41325272619724279 0.51809874176979076 0.47632130980491644 0.36030563712120062 0.3721448034048081 0.44886726140975958 0.80047810077667247 0.48149017989635473
decision_type=2 2 2 2 2 2 2 2 2 2 2 2 2 2 2 2 2 2 2 2 2 2 2 2 2 2 2 2 2 2 2 2 2 2 2 2 2 2
left_child=-1 -2 4 19 5 8 13 -5 9 25 23 -11 -13 14 15 21 -15 26 27 -4 -8 22 28 31 -23 30 -18 29 -7 36 -3 32 33 34 -10 -34 -12 -27
right_child=1 2 3 7 -6 6 20 -9 10 11 18 12 -14 16 -16 -17 17 -19 -20 -21 -22 24 -24 -25 -26 37 -28 -29 -30 -31 -32 -33 35 -35 -36 -37 -38 -39
leaf_value=0 0 -0.0014612129170352972 0.024869465912894278 0.021688157375817526 -0.0018751330082401475 -0.010110957641671992 0.06665761184538585 0.024869465912894278 -0.00096010955304083481 0.0048468179148614962 -0.00032656363654450172 -0.0021480874154273621 0.0005958457099933057 -0.0028836905560877708 0.125791427401127 -0.0094498258657493527 -0.0082314547324083536 0.036274128637377036 -0.00055292493166355424 0.024869465912894278 0.10187359994615519 0.085811742011851919 -0.010368024401030821 0.018715910315788394 0.041972945216181543 -0.014927306524234397 0.17580473748871861 0.013024422729596061 0.096179457053203701 0.022544363098215784 0.0018685773017089958 -0.0018659991734288539 0.027735333743807117 -0.0084462224057677456 0.022794703810933896 -0.0010931078686466369 0.020131741640718508 -0.0033862333570880664
leaf_weight=27813 9258 238 795 522 524 148 2680 8166 83 284 368 106 39 204 462 220 124 124 334 1213 523 379 363 154 426 340 30 397 1061 363 362 323 231 297 164 138 410 334
leaf_count=27813 9258 238 795 522 524 148 2680 8166 83 284 368 106 39 204 462 220 124 124 334 1213 523 379 363 154 426 340 30 397 1061 363 362 323 231 297 164 138 410 334
internal_value=0.00776933 0.014156 0.0198718 0.0314211 0.00977356 0.0112221 0.0161803 0.0356722 0.00448741 -0.00580153 0.00985898 0.0189277 -0.0184828 0.008122 0.0107878 0.00728533 -0.00879668 0.00892086 0.0185043 0.0130279 0.025089 0.011056 0.00569975 -0.00178417 0.0215155 -0.0141287 -0.0161039 0.0226268 0.0118776 0.0176337 -0.00386667 -0.00511327 0.000219058 -0.0108824 0.00696356 0.0165854 0.0112082 -0.0232641
internal_weight=60000 32187 22929 10696 12233 11709 6744 8688 4965 1703 3262 429 145 3541 3059 2597 482 278 1872 2008 3203 2377 1572 1390 805 1274 154 1538 1209 1141 600 1236 913 544 247 369 778 674
internal_count=60000 32187 22929 10696 12233 11709 6744 8688 4965 1703 3262 429 145 3541 3059 2597 482 278 1872 2008 3203 2377 1572 1390 805 1274 154 1538 1209 1141 600 1236 913 544 247 369 778 674
is_linear=0
shrinkage=0.04


Tree=61
num_leaves=39
num_cat=0
split_feature=135 15 102 120 122 22 13 79 14 102 14 12 102 14 102 128 26 14 12 12 13 14 128 102 14 102 14 102 102 14 102 12 12 14 14 102 102 96
split_gain=1817.1 1669.7 1327.96 598.229 406.764 217.159 204.152 380.223 212.735 249.879 197.749 195.642 132.121 193.288 124.623 96.2765 92.8932 88.2808 85.4002 83.2537 136.161 114.958 81.6518 80.0896 79.6281 151.103 106.789 113.051 76.5905 106.987 75.1669 119.441 108.015 74.4654 70.1889 168.551 66.2464 63.8483
threshold=1.0000000180025095e-35 0.75000000000000011 0.59573671221733104 1.0000000180025095e-35 1.0000000180025095e-35 0.11795619875192644 0.76363638043403637 0.6166246533393861 0.488080844283104 0.5541210174560548 0.50125351548194896 0.80047810077667247 0.52068921923637401 0.44344586133956915 0.54978761076927196 -0.49999997019767756 -0.63405361771583546 0.48149017989635473 0.87824293971061718 0.87824293971061718 0.76363638043403637 0.43977364897727972 -0.77259662747383107 0.52307730913162243 0.44886726140975958 0.48479545116424566 0.36030563712120062 0.37131667137146002 0.51555371284484874 0.46050065755844122 0.56428781151771557 0.70907047390937816 0.6161409616470338 0.36030563712120062 0.47904258966445928 0.54245403409004223 0.37993320822715765 0.74703723192214977
decision_type=2 2 2 2 2 2 2 2 2 2 2 2 2 2 2 2 2 2 2 2 2 2 2 2 2 2 2 2 2 2 2 2 2 2 2 2 2 2
left_child=-1 -2 4 -4 6 -5 7 18 12 -10 -11 14 13 36 24 -6 -13 -16 23 -17 21 -21 -7 33 25 26 27 -9 -15 -30 -12 32 37 -3 -14 -36 -8 -32
right_child=1 2 3 5 15 22 8 11 9 10 30 16 34 28 17 19 -18 -19 -20 20 -22 -23 -24 -25 -26 -27 -28 -29 29 -31 31 -33 -34 -35 35 -37 -38 -39
leaf_value=0 0 -0.0007069682853585135 0.023874687276378523 0.020820631080784829 -0.00021393938510789434 0.023874687276378523 -0.0097065193360051111 -0.0009217051709192013 -0.0056009489570574503 0.084004014472696301 -0.0028044256962509368 0.018473037936305517 0.058616292696026091 -0.0099533034249895888 -0.014489237756987254 0.092415958361193623 -0.0053930918765650662 0.016758180970693246 -0.014827743473295171 -0.00080877321321274568 0.14577697621612096 0.0016451813444868435 0.023874687276378523 -0.0045689210454036202 -0.0017913592064916983 0.026625920394054817 -0.0081083735095370344 0.021882915658496531 0.053117387120451588 -0.20728532642893829 0.0047311109555476351 -0.0086399413118703351 0.034823163491881956 0.0048530054054997862 -0.0071035986977833381 0.095982239658365165 0.09162236083839212 -0.0014148437351592237
leaf_weight=27813 9258 129 1727 514 150 1665 205 90 498 534 146 903 1145 535 72 964 144 456 257 153 250 78 6783 665 534 237 371 206 128 71 41 417 219 358 193 196 1836 59
leaf_count=27813 9258 129 1727 514 150 1665 205 90 498 534 146 903 1145 535 72 964 144 456 257 153 250 78 6783 665 534 237 371 206 128 71 41 417 219 358 193 196 1836 59
internal_value=0.00786667 0.0143375 0.0201265 0.0304275 0.0111307 0.0345816 0.00830813 0.00173677 0.0129777 0.00188088 0.010452 0.00975772 0.0179067 0.0126991 0.00231943 0.0299687 0.0237249 0.0189394 -0.0154152 0.0331349 0.0195426 -0.0025974 0.0361174 -0.0107639 -0.00378303 0.00345133 -0.00629685 0.0116216 -0.00490463 0.0162814 -0.00117914 0.00402174 0.0224451 0.00156057 0.0273272 0.0126478 0.0190299 -0.012
internal_weight=60000 32187 22929 10689 12240 8962 10645 4422 6223 1914 1416 3013 4309 2775 1966 1595 1047 528 1409 1445 481 231 8448 1152 1438 904 667 296 734 199 882 736 319 487 1534 389 2041 100
internal_count=60000 32187 22929 10689 12240 8962 10645 4422 6223 1914 1416 3013 4309 2775 1966 1595 1047 528 1409 1445 481 231 8448 1152 1438 904 667 296 734 199 882 736 319 487 1534 389 2041 100
is_linear=0
shrinkage=0.04


Tree=62
num_leaves=39
num_cat=0
split_feature=135 15 119 120 13 14 22 43 21 119 14 13 12 119 58 122 12 14 102 14 119 14 102 13 12 119 14 119 14 14 9 101 119 74 14 119 119 119
split_gain=1704.38 1568.8 1549.22 609.346 329.339 221.723 221.043 188.453 185.214 142.085 206.821 137.427 121.595 100.419 101.334 148.725 118.013 113.404 103.375 102.204 83.4335 134.116 76.1662 133.378 90.3966 69.4827 120.846 67.0955 119.729 61.7352 59.3903 70.6587 55.8364 81.3098 54.7369 74.2454 51.5676 51.0858
threshold=1.0000000180025095e-35 0.75000000000000011 0.59593412280082714 1.0000000180025095e-35 0.76363638043403637 0.488080844283104 0.11795619875192644 -0.55557009577751149 1.0000000180025095e-35 0.560205638408661 0.51995083689689647 0.93636366724967968 0.75789234042167675 0.4717922061681748 -0.035653343424201005 1.0000000180025095e-35 0.87824293971061718 0.53320875763893139 0.52307730913162243 0.43977364897727972 0.51532536745071422 0.44344586133956915 0.59573671221733104 0.76363638043403637 0.84883368015289318 0.55386900901794445 0.44886726140975958 0.52266719937324535 0.44344586133956915 0.48149017989635473 0.22695460915565493 1.0000000180025095e-35 0.58128473162651073 0.81681033968925487 0.46458241343498236 0.53999802470207225 0.54231527447700512 0.8224521577358247
decision_type=2 2 2 2 2 2 2 2 2 2 2 2 2 2 2 2 2 2 2 2 2 2 2 2 2 2 2 2 2 2 2 2 2 2 2 2 2 2
left_child=-1 -2 4 30 8 7 37 20 13 -7 11 -11 -10 -3 15 18 -17 25 -15 -18 21 -6 23 24 -8 26 -16 28 -9 -20 31 -4 -12 -34 -22 -36 -28 -5
right_child=1 2 3 6 5 9 22 27 12 10 32 -13 -14 14 17 16 19 -19 29 -21 34 -23 -24 -25 -26 -27 36 -29 -30 -31 -32 -33 33 -35 35 -37 -38 -39
leaf_value=0 0 -0.0012891110706648513 0.022919699785323395 0.029821227489202615 0.083719422944360494 -0.0026922486684008997 -0.0020514569899609115 0.090262016698333905 0.0071733346796078483 0.0027362086583283228 -0.0087246501052708429 0.055435254150577012 0.011952453632994775 0.00058062793491405525 0.011772797432030604 0.00095630686381927184 -0.00077642228468423726 -0.0006601730365652413 -0.014147457421448878 0.00050620462781409965 0.096461209006781262 -0.0095551712879900063 0.022919699785323395 0.14781410992523655 0.0015793740907073684 0.016826373856853715 -0.0014691179945015877 0.086385716185446201 0.049333269811517366 -0.0030680271809884019 -0.029984337697371646 0.022919699785323395 -0.012328163313486939 0.18520922160743652 -0.0068194547498720039 0.076834512262361335 0.0117898280994973 -0.082702421357788672
leaf_weight=27813 9258 764 756 333 1209 758 119 1123 425 273 175 571 528 364 664 239 89 143 334 37 564 363 8079 207 45 473 503 959 361 385 48 923 108 164 254 151 252 186
leaf_count=27813 9258 764 756 333 1209 758 119 1123 425 273 175 571 528 364 664 239 89 143 334 37 564 363 8079 207 45 473 503 959 361 385 48 923 108 164 254 151 252 186
internal_value=0.00763067 0.0138975 0.0195089 0.0306283 0.00978664 0.0154301 0.0348177 0.0199839 0.00215385 0.00435334 0.0124245 0.0240758 0.0180902 -0.00142218 0.00145851 -0.00662983 0.0154521 0.00721376 -0.014072 -0.015873 0.0123573 0.00666667 0.036374 0.0186523 -0.00829268 0.00980973 0.00538407 0.0279165 0.0225876 -0.0228651 0.00887087 0.0101251 -0.00957494 0.00176471 0.0215893 0.0103704 -0.00556291 0.00947977
internal_weight=60000 32187 22929 10696 12233 7033 8969 4984 5200 2049 1291 844 953 4247 3483 1448 365 2035 1083 126 2541 1572 8450 371 164 1892 1419 2443 1484 719 1727 1679 447 272 969 405 755 519
internal_count=60000 32187 22929 10696 12233 7033 8969 4984 5200 2049 1291 844 953 4247 3483 1448 365 2035 1083 126 2541 1572 8450 371 164 1892 1419 2443 1484 719 1727 1679 447 272 969 405 755 519
is_linear=0
shrinkage=0.04


Tree=63
num_leaves=39
num_cat=0
split_feature=135 15 119 103 13 14 119 73 79 12 14 119 12 119 14 119 14 101 113 102 13 12 119 12 12 12 130 96 14 1 129 12 119 14 12 119 14 119
split_gain=1652.14 1522.02 1629.82 491.296 321.052 231.299 249.319 229.352 203.113 301.402 168.768 176.866 110.681 110.27 135.358 110.22 243.487 92.8612 82.649 75.3509 133.662 90.3966 72.6382 159.998 109.428 71.3785 67.0826 61.3365 59.589 54.6368 51.4748 67.6756 67.4932 65.5697 51.1123 55.5913 90.6069 49.9504
threshold=1.0000000180025095e-35 0.75000000000000011 0.59593412280082714 1.0000000180025095e-35 0.76363638043403637 0.47904258966445928 0.52266719937324535 0.085450042039155974 0.60769328474998485 0.71469494700431835 0.44344586133956915 0.38069936633110052 0.90145155787467968 0.51532536745071422 0.46050065755844122 0.55386900901794445 0.50125351548194896 1.0000000180025095e-35 0.63034516572952282 0.59573671221733104 0.76363638043403637 0.84883368015289318 0.56429719924926769 0.70907047390937816 0.6161409616470338 0.62969112396240245 -0.031352560967206948 0.82026475667953502 0.53494751453399669 1.0000000180025095e-35 0.95642799139022838 0.90145155787467968 0.55386900901794445 0.48913984000682836 0.76985624432563793 0.54231527447700512 0.49434550106525427 0.8224521577358247
decision_type=2 2 2 2 2 2 2 2 2 2 2 2 2 2 2 2 2 2 2 2 2 2 2 2 2 2 2 2 2 2 2 2 2 2 2 2 2 2
left_child=-1 -2 4 17 8 6 10 37 12 25 11 -6 26 -12 -15 34 -17 -4 -13 20 21 -9 -18 24 27 -10 -3 -24 30 -19 31 32 33 -11 35 -7 -37 -5
right_child=1 2 3 7 5 15 -8 19 9 28 13 18 -14 14 -16 16 22 29 -20 -21 -22 -23 23 -25 -26 -27 -28 -29 -30 -31 -32 -33 -34 -35 -36 36 -38 -39
leaf_value=0 0 0.00091805458926650372 0.022002911793910444 0.028628378389634505 -0.011809165100743067 -0.0065466765598771242 0.080490483778847349 -0.0019693987103624622 -0.00037247253346286979 0.015982626703016221 -0.0091729644364704054 0.086651536030400531 -0.0045998720125831841 0.048563292381592404 -0.20246635910547878 0.079553799713796849 -0.0025845587216648635 0.022002911793910444 0.085318607419765449 0.022002911793910444 0.14190154552822709 0.0015161991270790764 0.0044324181709925626 -0.0079453576551846879 0.038848751895720783 -0.0016609401184519612 -0.0011570351806794222 -0.0014676983320860159 -0.0073851370133073413 -0.060884920609750523 0.0021227436820802836 0.011301773959147178 0.020299206381185292 -0.01034374135439663 -0.010920307880447472 0.12334767960301379 -0.00038228316855772385 -0.079394324503477123
leaf_weight=27813 9258 154 795 299 232 266 1322 119 1035 696 568 982 252 196 107 681 161 1189 1153 7844 208 45 45 445 223 419 1514 60 30 24 251 394 367 88 259 112 221 173
leaf_count=27813 9258 154 795 299 232 266 1322 119 1035 696 568 982 252 196 107 681 161 1189 1153 7844 208 45 45 445 223 419 1514 60 30 24 251 394 367 88 259 112 221 173
internal_value=0.00751867 0.0136888 0.0192158 0.0306208 0.00924385 0.0148159 0.0201579 0.0347422 0.00170769 0.0077561 0.0141816 0.0197212 -0.008625 -0.00087256 0.0186139 0.00496563 0.0111207 0.0127888 0.0233255 0.0362999 0.0187097 -0.00829268 -0.00214133 0.00294955 0.0241463 -0.00583219 -0.00489209 -0.00952381 0.0185761 0.0197527 0.01951 0.0222395 0.0173414 0.0107143 -0.00662005 -0.000200334 0.0106907 0.00762712
internal_weight=60000 32187 22929 10696 12233 7033 4560 8688 5200 3280 3238 2367 1920 871 303 2473 1615 2008 2135 8216 372 164 934 773 328 1454 1668 105 1826 1213 1796 1545 1151 784 858 599 333 472
internal_count=60000 32187 22929 10696 12233 7033 4560 8688 5200 3280 3238 2367 1920 871 303 2473 1615 2008 2135 8216 372 164 934 773 328 1454 1668 105 1826 1213 1796 1545 1151 784 858 599 333 472
is_linear=0
shrinkage=0.04


Tree=64
num_leaves=39
num_cat=0
split_feature=135 32 119 120 14 13 22 60 79 12 14 12 119 122 119 102 14 119 13 102 13 12 119 14 119 14 102 122 14 102 12 101 1 119 14 119 51 119
split_gain=1653.37 1523.13 1629.97 606.754 317.702 296.28 223.584 184.063 172.628 228.121 125.098 122.85 107.803 107.222 168.352 115.561 79.0157 77.2364 89.0875 76.1662 133.378 90.3966 71.9012 110.372 70.8297 70.1302 110.163 62.8834 59.3795 68.4781 59.3156 57.6547 68.2752 50.4514 70.4707 50.1522 48.5809 43.6938
threshold=1.0000000180025095e-35 0.75000000000000011 0.59593412280082714 1.0000000180025095e-35 0.52936649322509777 0.76363638043403637 0.11795619875192644 -0.49999997019767756 0.60769328474998485 0.71469494700431835 0.47904258966445928 0.87824293971061718 0.38069936633110052 1.0000000180025095e-35 0.48508223891258245 0.52307730913162243 0.43977364897727972 0.55386900901794445 0.93636366724967968 0.59573671221733104 0.76363638043403637 0.84883368015289318 0.52266719937324535 0.44344586133956915 0.55386900901794445 0.35276135802268987 0.40952850878238684 1.0000000180025095e-35 0.48149017989635473 0.55805155634880077 0.62969112396240245 1.0000000180025095e-35 1.0000000180025095e-35 0.55386900901794445 0.48477640748023992 0.8224521577358247 0.51517280936241161 0.54231527447700512
decision_type=2 2 2 2 2 2 2 2 2 2 2 2 2 2 2 2 2 2 2 2 2 2 2 2 2 2 2 2 2 2 2 2 2 2 2 2 2 2
left_child=-1 -2 4 31 5 8 35 12 11 24 22 13 -7 15 -15 -3 -13 -12 -19 20 21 -8 23 -9 30 -14 -27 -18 -17 37 -10 -4 -33 34 -11 -5 -25 -30
right_child=1 2 3 6 -6 7 19 10 9 33 17 16 25 14 -16 28 27 18 -20 -21 -22 -23 -24 36 -26 26 -28 -29 29 -31 -32 32 -34 -35 -36 -37 -38 -39
leaf_value=0 0 0.0015811565454422905 0.021122795322154032 0.027483243254049123 -0.0070415744498865855 -0.012194668876309602 -0.0018906227619479665 0.08318547458918453 -0.000357573632124355 0.010500184271285136 -0.016372440203667928 -0.0028033966274771415 0.096862004742381949 -0.0017590890585441699 0.00096433599649369483 -0.0073419744449562431 -0.01851836571234898 0.0022157540462762171 0.050783471885234945 0.021122795322154032 0.136225483707098 0.0014555511619959206 0.082044272028174131 -0.18713726522639676 0.019715478730668413 -0.062121929741406352 0.024165575721375704 0.00056585884086180372 -0.0065867295780773129 -0.002899024686521692 -0.0015945025137138913 0.021122795322154032 -0.058449523785360502 0.01848445574079385 -0.0021030311338364051 -0.076218551523338035 0.048371980652113747 0.03666788684375874
leaf_weight=27813 9258 482 766 333 524 159 119 1121 877 1153 331 269 490 67 265 241 111 275 348 8079 207 45 776 212 108 78 2820 46 44 180 344 924 37 484 159 186 134 135
leaf_count=27813 9258 482 766 333 524 159 119 1121 877 1153 331 269 490 67 265 241 111 275 348 8079 207 45 776 212 108 78 2820 46 44 180 344 924 37 484 159 186 134 135
internal_value=0.00752133 0.0136937 0.0192228 0.0306283 0.00925039 0.0106141 0.0348088 0.0160735 0.00319839 0.0089216 0.0230341 -0.00652174 0.00979983 -0.000848656 0.0190361 -0.00695009 -0.0253521 0.0109015 0.0191974 0.036374 0.0186523 -0.00829268 0.0281944 0.0229857 -0.00364184 0.0113105 0.0089441 -0.00280255 -0.0186667 -0.00835655 -0.00638821 0.0089172 0.0154422 0.0182183 0.0141463 0.00932563 0.00323699 0.00916201
internal_weight=60000 32187 22929 10696 12233 11709 8969 6744 4965 3125 3197 1840 3547 1414 332 1082 426 954 623 8450 371 164 2243 1467 1329 3388 2898 157 600 359 1221 1727 961 1796 1312 519 346 179
internal_count=60000 32187 22929 10696 12233 11709 8969 6744 4965 3125 3197 1840 3547 1414 332 1082 426 954 623 8450 371 164 2243 1467 1329 3388 2898 157 600 359 1221 1727 961 1796 1312 519 346 179
is_linear=0
shrinkage=0.04


Tree=65
num_leaves=39
num_cat=0
split_feature=135 15 119 103 13 14 119 73 14 43 96 12 12 121 119 119 101 119 12 12 119 12 119 14 85 122 96 85 13 14 119 68 14 14 119 1 12 119
split_gain=1567.49 1446.16 1773.61 489.514 297.246 303.874 293.683 229.352 205.432 190.653 164.451 263.353 113.202 126.778 142.797 107.649 93.5589 74.6889 153.809 109.428 72.7757 69.6544 67.7875 150.014 66.2657 63.9541 61.3365 55.0636 133.99 54.7369 74.2454 54.6427 59.2342 50.8966 49.9504 48.8249 46.2121 51.1274
threshold=1.0000000180025095e-35 0.75000000000000011 0.59593412280082714 1.0000000180025095e-35 0.76363638043403637 0.488080844283104 0.55386900901794445 0.085450042039155974 0.50125351548194896 -0.55557009577751149 0.6292809545993806 0.71469494700431835 0.90145155787467968 1.0000000180025095e-35 0.48508223891258245 0.38069936633110052 1.0000000180025095e-35 0.56429719924926769 0.70907047390937816 0.6161409616470338 0.52266719937324535 0.62969112396240245 0.51532536745071422 0.44344586133956915 0.47632676362991339 1.0000000180025095e-35 0.82026475667953502 0.57328030467033397 0.76363638043403637 0.46458241343498236 0.53999802470207225 0.48565131425857549 0.53494751453399669 0.48149017989635473 0.8224521577358247 1.0000000180025095e-35 0.87824293971061718 0.55386900901794445
decision_type=2 2 2 2 2 2 2 2 2 2 2 2 2 2 2 2 2 2 2 2 2 2 2 2 2 2 2 2 2 2 2 2 2 2 2 2 2 2
left_child=-1 -2 4 16 10 9 -7 34 -8 15 12 21 13 14 -3 -6 -4 -10 19 26 24 -12 23 -17 -15 -11 -19 28 -9 -24 -31 -13 36 -22 -5 -18 37 -33
right_child=1 2 3 7 5 6 8 27 17 25 11 31 -14 20 -16 22 35 18 -20 -21 33 -23 29 -25 -26 -27 -28 -29 -30 30 -32 32 -34 -35 -36 -37 -38 -39
leaf_value=0 0 -0.0016887254962023946 0.020277883509267874 0.026383913523887161 -0.011706882121257218 -0.0087675137760365104 0.077145955845655936 -0.0018149978514700393 -0.0034477994016532975 0.053432674659540567 -0.00033720423576865348 0.0014642265273246125 -0.0057345552035786085 -0.00085104738313013684 0.00092576255663395562 0.080885922949694419 0.020277883509267874 0.0041664912823018343 -0.0073458803709818355 0.036328178791036905 -0.0079847661336524389 -0.0015307224131653285 0.085508661105660813 -0.0097726688878666187 0.0025501262776822741 0.084116405490010204 -0.0023756134276576545 0.020277883509267874 0.1307764643588141 -0.0072514325263370672 0.069612356754459981 0.010173732219034441 -0.0068080685547795838 -0.0027830636990608328 -0.07316980946240452 -0.056111542833946086 0.012354774744343117 0.018747859896306132
leaf_weight=27813 9258 71 795 299 153 540 575 114 161 1948 1006 275 282 259 328 1061 1189 45 445 223 286 396 564 358 380 495 60 7902 200 254 151 553 28 471 173 24 501 364
leaf_count=27813 9258 71 795 299 153 540 575 114 161 1948 1006 275 282 259 328 1061 1189 45 445 223 286 396 564 358 380 495 60 7902 200 254 151 553 28 471 173 24 501 364
internal_value=0.00733333 0.0133433 0.0187309 0.0306283 0.00832829 0.0136897 0.000722304 0.0347422 0.00978131 0.0190209 0.00107692 0.006878 -0.00764564 -0.00394429 0.0159398 0.0113499 0.0128287 -0.00179872 0.00336352 0.0241463 -0.00962751 -0.00599144 0.0134338 0.00786469 0.000312989 0.0269996 -0.00952381 0.0362999 0.0198726 0.0215893 0.0103704 0.017362 0.0204703 -0.0180185 0.00762712 0.0198186 0.0216079 0.0162704
internal_weight=60000 32187 22929 10696 12233 7033 2049 8688 1509 4984 5200 3123 2077 1795 399 2541 2008 934 773 328 1396 1402 2388 1419 639 2443 105 8216 314 969 405 1721 1446 757 472 1213 1418 917
internal_count=60000 32187 22929 10696 12233 7033 2049 8688 1509 4984 5200 3123 2077 1795 399 2541 2008 934 773 328 1396 1402 2388 1419 639 2443 105 8216 314 969 405 1721 1446 757 472 1213 1418 917
is_linear=0
shrinkage=0.04


Tree=66
num_leaves=39
num_cat=0
split_feature=135 15 119 120 48 30 48 73 119 48 119 30 119 48 79 29 119 29 122 119 119 119 48 48 113 119 29 30 119 68 118 26 29 102 8 121 29 119
split_gain=1531.64 1414.02 1676.82 577.027 286.575 239.323 216.365 212.879 205.424 245.772 198.467 197.71 171.497 170.87 145.488 197.162 131.872 120.979 99.0376 167.749 104.56 95.5026 131.44 85.6049 80.1698 74.5435 76.3516 74.8443 69.3117 64.2152 58.8494 65.1691 58.6858 57.402 96.4395 54.5016 50.7177 61.3377
threshold=1.0000000180025095e-35 0.75000000000000011 0.59593412280082714 1.0000000180025095e-35 0.53320875763893139 0.76363638043403637 0.46802867949008947 0.085450042039155974 0.51532536745071422 0.44344586133956915 0.55386900901794445 0.93636366724967968 0.38069936633110052 0.488080844283104 0.63508617877960216 0.71469494700431835 0.54231527447700512 0.87824293971061718 1.0000000180025095e-35 0.48508223891258245 0.52484917640686046 0.56429719924926769 0.50440177321434032 0.43977364897727972 0.63034516572952282 0.62131977081298839 0.75309807062149059 0.76363638043403637 0.55386900901794445 0.48565131425857549 1.0000000180025095e-35 0.29012924432754522 0.62969112396240245 0.59573671221733104 0.19585125148296359 1.0000000180025095e-35 0.87824293971061718 0.55386900901794445
decision_type=2 2 2 2 2 2 2 2 2 2 2 2 2 2 2 2 2 2 2 2 2 2 2 2 2 2 2 2 2 2 2 2 2 2 2 2 2 2
left_child=-1 -2 4 30 5 14 8 -5 9 12 13 -12 -7 16 17 28 -8 18 20 -20 -3 22 -13 -19 -14 26 27 33 32 -17 -4 -32 -16 -9 -35 -25 37 -31
right_child=1 2 3 7 -6 6 10 25 -10 -11 11 21 24 -15 15 29 -18 23 19 -21 -22 -23 -24 35 -26 -27 -28 -29 -30 36 31 -33 -34 34 -36 -37 -38 -39
leaf_value=0 0 0.0012755203553028061 -0.18189642679991244 0.015495135331282519 -0.006535745812588401 -0.010380736456810671 -0.00059771726570573573 -0.0017423979374112265 0.076911748354882473 -0.0093817621323519524 -0.00021223153218277027 0.11920420842667376 0.076493399386016736 -0.0082003994255355726 -0.00032978251740863469 7.5365957661331577e-05 0.086547285772920909 -0.0027282912646434455 -0.0016211764763543002 0.00088873205436858173 -0.0030006878553753679 0.047299005858184064 -0.0033098874255871658 0.0004938641502287666 0.076258277055053669 0.019466768168897169 0.069545421043250566 0.11500599106928781 0.019286345606140679 0.0097667829302730529 0.019466768168897169 -0.048065903729177809 -0.001469493516638707 0.019005968181104223 -4.7748272480880874e-05 -0.017548248875711891 0.011860583754569377 0.017997945500453874
leaf_weight=27813 9258 514 403 469 411 232 397 78 1493 523 716 155 937 536 867 300 149 271 68 271 591 504 97 47 1118 6989 957 201 107 574 1285 39 339 151 124 112 526 378
leaf_count=27813 9258 514 403 469 411 232 397 78 1493 523 716 155 937 536 867 300 149 271 68 271 591 504 97 47 1118 6989 957 201 107 574 1285 39 339 151 124 112 526 378
internal_value=0.00725333 0.0131941 0.0185215 0.0300898 0.00840677 0.0095483 0.0143911 0.0341666 0.0198652 0.0134947 0.00516836 0.0147283 0.0191517 -0.00783734 0.00286002 0.00819152 0.00791209 -0.00593383 -0.000387812 0.0185251 -0.00619005 0.0289947 0.00888889 -0.0245581 0.0228321 0.0356141 0.0275579 0.0157401 -0.00356436 0.0168729 0.0089172 0.0129909 -0.00630182 0.00464589 0.0132364 -0.00125786 0.0202977 0.0147899
internal_weight=60000 32187 22929 10696 12233 11822 6857 8969 4303 2810 2554 1472 2287 1082 4965 3091 546 1874 1444 339 1105 756 252 430 2055 8500 1511 554 1313 1778 1727 1324 1206 353 275 159 1478 952
internal_count=60000 32187 22929 10696 12233 11822 6857 8969 4303 2810 2554 1472 2287 1082 4965 3091 546 1874 1444 339 1105 756 252 430 2055 8500 1511 554 1313 1778 1727 1324 1206 353 275 159 1478 952
is_linear=0
shrinkage=0.04


Tree=67
num_leaves=39
num_cat=0
split_feature=101 15 102 73 13 122 42 79 12 14 102 14 119 14 85 12 14 119 14 119 13 14 119 119 12 119 68 14 6 12 119 122 102 119 14 119 68 12
split_gain=1484.64 1424.46 1546.64 717.887 405.695 281.173 230.647 200.746 175.146 161.541 117.033 128.011 136.97 111.743 155.164 109.269 87.989 203.161 189.417 152.138 210.134 108.276 109.239 86.5002 73.914 60.6194 73.6342 58.796 57.7348 56.8214 134.489 56.2626 66.1529 63.7741 55.7823 53.6909 51.3606 60.2732
threshold=1.0000000180025095e-35 0.75000000000000011 0.59573671221733104 0.085450042039155974 0.76363638043403637 1.0000000180025095e-35 -0.42445202171802515 0.6258797049522401 0.71469494700431835 0.51995083689689647 0.37993320822715765 0.35276135802268987 0.40923309326171881 0.41325272619724279 0.55858969688415538 0.71392521262168895 0.44344586133956915 0.51532536745071422 0.46458241343498236 0.56429719924926769 0.93636366724967968 0.488080844283104 0.53999802470207225 0.8213065266609193 0.87824293971061718 0.48508223891258245 0.52059498429298412 0.53320875763893139 0.85805171728134166 0.71668395400047313 0.52763688564300548 1.0000000180025095e-35 0.52307730913162243 0.59593412280082714 0.48149017989635473 0.71691182255744945 0.48565131425857549 0.80047810077667247
decision_type=2 2 2 2 2 2 2 2 2 2 2 2 2 2 2 2 2 2 2 2 2 2 2 2 2 2 2 2 2 2 2 2 2 2 2 2 2 2
left_child=-1 -2 4 23 7 9 -5 13 -9 10 -6 -12 -13 24 31 27 -14 -18 -19 21 -21 22 29 28 25 -3 -27 -8 35 -20 -31 32 -15 -33 -34 -4 -10 -38
right_child=1 2 3 6 5 -7 15 8 36 -11 11 12 16 14 -16 -17 17 18 19 20 -22 -23 -24 -25 -26 26 -28 -29 -30 30 -32 33 34 -35 -36 -37 37 -39
leaf_value=0 0 -0.001107611395272805 0.12070877445786397 0.018688097442141293 -0.010823377378134505 0.08381136763874121 0.018688097442141293 -0.00024521090776364219 0.00028199758329332524 -0.0067906153236390269 0.086401946199011342 -0.065922820551940015 0.065777928929150561 0.0023449111284922887 -0.0025564172743442982 0.018688097442141293 -0.0090064916470578744 0.065493113504834777 -0.0069374665346553554 -0.0022545484255812554 0.045407045623856702 -0.0031774919285636792 0.065402175783022293 0 -0.0020974448842766692 0.0014472822925754869 -0.0019363104705350409 -4.5838341581649898e-05 0.12070877445786397 -0.2006078970538088 0.04420142381273294 0.00085318277219382566 -0.0066088773075968985 -0.0016727020199147802 0.030826463137023127 0 0.010972539223255388 0.016083416361854397
leaf_weight=27797 9281 207 127 6411 205 814 811 1393 301 418 858 109 1181 370 427 2023 552 675 169 214 466 857 281 594 285 101 65 140 212 105 135 205 193 23 190 367 551 887
leaf_count=27797 9281 207 127 6411 205 814 811 1393 301 418 858 109 1181 370 427 2023 552 675 169 214 466 857 281 594 285 101 65 140 212 105 135 205 193 23 190 367 551 887
internal_value=0.00729333 0.0131391 0.0184923 0.0296116 0.0087832 0.0150419 0.0334704 0.000307811 0.00669221 0.012151 0.0138798 0.0149661 0.0123946 -0.00937076 -0.00301136 0.0242636 0.0134369 0.0102142 0.0144452 0.00881904 0.0245882 0.00188752 0.0136812 0.00175385 -0.0229787 -0.0112601 0.00674699 0.013081 0.0112181 0.000488998 0.013 0.00574924 0.000478088 0.0231579 -0.0111749 0.0037247 0.0151581 0.0183032
internal_weight=60000 32203 22922 10685 12237 7039 9385 5198 3132 6225 5807 5602 4744 2066 1408 2974 4635 3454 2902 2227 680 1547 690 1300 658 373 166 951 706 409 240 981 753 228 383 494 1739 1438
internal_count=60000 32203 22922 10685 12237 7039 9385 5198 3132 6225 5807 5602 4744 2066 1408 2974 4635 3454 2902 2227 680 1547 690 1300 658 373 166 951 706 409 240 981 753 228 383 494 1739 1438
is_linear=0
shrinkage=0.04


Tree=68
num_leaves=39
num_cat=0
split_feature=135 15 102 120 13 122 73 14 119 14 79 12 85 119 102 14 12 14 119 13 42 14 119 43 101 1 121 119 119 14 43 14 68 12 119 102 12 26
split_gain=1601.77 1469.97 1521.65 552.479 380.48 259.567 216.746 149.665 165.683 217.324 148.702 173.4 134.441 123.965 107.026 92.2781 94.7757 90.7617 123.17 261.26 67.1707 65.0543 139.172 55.4045 54.2655 63.0511 53.0172 63.1873 62.3847 56.1958 52.5021 134.428 50.1103 62.7702 60.458 90.0469 64.9272 47.9539
threshold=1.0000000180025095e-35 0.75000000000000011 0.59573671221733104 1.0000000180025095e-35 0.76363638043403637 1.0000000180025095e-35 0.085450042039155974 0.46802867949008947 0.51532536745071422 0.44344586133956915 0.6258797049522401 0.71469494700431835 0.55858969688415538 0.59593412280082714 0.37993320822715765 0.41325272619724279 0.87824293971061718 0.53617689013481151 0.56429719924926769 0.93636366724967968 1.5879284739494326 0.488080844283104 0.54231527447700512 -0.63405361771583546 1.0000000180025095e-35 1.0000000180025095e-35 1.0000000180025095e-35 0.59593412280082714 0.52484917640686046 0.48149017989635473 -0.55557009577751149 0.53739008307456981 0.48565131425857549 0.80047810077667247 0.55386900901794445 0.52797222137451183 0.79704815149307262 -0.63405361771583546
decision_type=2 2 2 2 2 2 2 2 2 2 2 2 2 2 2 2 2 2 2 2 2 2 2 2 2 2 2 2 2 2 2 2 2 2 2 2 2 2
left_child=-1 -2 4 24 10 7 -5 8 9 14 12 -12 15 -8 -6 16 -3 18 21 -20 -7 22 -9 -16 -4 -26 27 -17 -28 -30 31 -15 -13 34 35 -34 -36 -35
right_child=1 2 3 6 5 20 13 17 -10 -11 11 32 -14 30 23 26 -18 -19 19 -21 -22 -23 -24 -25 25 -27 28 -29 29 -31 -32 -33 33 37 36 -37 -38 -39
leaf_value=0 0 -0.00039427489526765668 0.018688097442141293 0.010046978939716667 -0.010390442283009125 0.085918941518044023 0.014132749408225429 -0.00021354890919519128 0.051448391470142026 -0.011296459971419663 -0.00026653867567531862 0.00027071767996158516 -0.0024541605833705306 0.017940573544455631 0.068633512407194314 0.00081905546130606416 -0.0018758345092640561 -0.0071576095713377398 -0.0020068973175425952 0.0435907637989024 -0.0016079350239597784 -0.0030503922514211325 0.070435992513435158 0.055123241864751371 0.017940573544455631 -0.05194444497142113 0.0018505473120201189 -0.001605793939118172 -0.006741487501367445 0.029967829091607143 0.017940573544455631 -4.4004807918369691e-05 0.012492607932137342 0.016026642632783101 0.016839126111505502 -0.0058395467630341005 -0.0067132175490150804 0.0013636442988387999
leaf_weight=27813 9258 333 766 465 205 758 369 381 1113 506 1396 301 513 1660 1005 206 240 163 466 464 56 860 206 854 924 37 383 23 181 189 6409 59 132 755 193 201 25 132
leaf_count=27813 9258 333 766 465 205 758 369 381 1113 506 1396 301 513 1660 1005 206 240 163 466 464 56 860 206 854 924 37 383 23 181 189 6409 59 132 755 193 201 25 132
internal_value=0.00737733 0.0134526 0.0188844 0.0299111 0.0092549 0.015319 0.0339031 0.0125406 0.0176921 0.0121089 0.00105324 0.00654545 -0.00727273 0.0353584 0.0178682 -0.00141479 -0.014171 0.00507087 0.0070509 0.0184086 0.0365602 -0.000248791 0.010017 0.020893 0.00919514 0.0155255 0.00602851 0.0228821 0.000903054 -0.0108108 0.0363878 0.0301803 0.0149741 0.0180807 0.00747731 -0.00324324 0.0238532 0.0246674
internal_weight=60000 32187 22929 10689 12240 7037 8962 6223 3683 2570 5203 3135 2068 8497 2064 1555 573 2540 2377 930 814 1447 587 1859 1727 961 982 229 753 370 8128 1719 1739 1438 551 333 218 887
internal_count=60000 32187 22929 10689 12240 7037 8962 6223 3683 2570 5203 3135 2068 8497 2064 1555 573 2540 2377 930 814 1447 587 1859 1727 961 982 229 753 370 8128 1719 1739 1438 551 333 218 887
is_linear=0
shrinkage=0.04


Tree=69
num_leaves=39
num_cat=0
split_feature=135 15 119 120 13 73 14 119 14 119 10 12 121 119 119 14 119 13 14 113 119 14 119 14 13 122 14 14 12 8 119 79 14 119 119 14 101 1
split_gain=1624.94 1490.68 1448.32 544.81 263.858 214.093 210.595 160.625 257.727 135.286 135.404 231.674 154.288 151.419 116.208 106.309 137.998 239.093 105.271 93.1484 91.9011 182.587 159.415 85.2383 77.9749 185.682 74.8299 73.0886 71.2328 96.5179 62.0479 91.5757 61.8114 147.515 59.3261 62.4763 54.2655 63.0511
threshold=1.0000000180025095e-35 0.75000000000000011 0.59593412280082714 1.0000000180025095e-35 0.76363638043403637 0.085450042039155974 0.46802867949008947 0.51532536745071422 0.44344586133956915 0.4717922061681748 0.7294733226299287 0.80047810077667247 1.0000000180025095e-35 0.52484917640686046 0.62131977081298839 0.53617689013481151 0.56429719924926769 0.93636366724967968 0.32932195067405706 0.63034516572952282 0.55386900901794445 0.53494751453399669 0.51773032546043407 0.41325272619724279 0.76363638043403637 1.0000000180025095e-35 0.42466887831687933 0.48149017989635473 0.71392521262168895 0.19585125148296359 0.3721448034048081 0.68530935049057018 0.488080844283104 0.54231527447700512 0.560205638408661 0.52532190084457409 1.0000000180025095e-35 1.0000000180025095e-35
decision_type=2 2 2 2 2 2 2 2 2 2 2 2 2 2 2 2 2 2 2 2 2 2 2 2 2 2 2 2 2 2 2 2 2 2 2 2 2 2
left_child=-1 -2 4 36 9 -5 7 8 19 18 11 20 -12 23 24 16 32 -18 30 -6 22 -22 26 -14 25 28 -11 -15 29 -7 -3 -32 33 -8 -29 -36 -4 -38
right_child=1 2 3 5 6 14 15 -9 -10 10 12 -13 13 27 -16 -17 17 -19 -20 -21 21 -23 -24 -25 -26 -27 -28 34 -30 -31 31 -33 -34 -35 35 -37 37 -39
leaf_value=0 0 -0.00075692122116770039 0.017940573544455631 0.01004895684686204 0.066644451044304637 0.016780582614396168 -0.002515443075123156 0.06708178970825035 -0.0098369392922874263 0.025166322981099578 0.00070328965205597178 0.014956541271284998 -0.002377523966950559 -0.012670368901804672 0.017222950602677402 -0.0095911797566722874 0.00014815823475180544 0.041847133246946271 -0.0051401419839607063 0.06059623519566202 0.014460088348437025 -4.1816250496812855e-05 -0.0018486393701323146 0.0036435786450986995 0.1107590273880939 -0.0014970831777585403 -0.0054921164746896765 0.012875638322513368 0.015219804487703251 -4.2244615601632066e-05 -0.00094434678264462943 0.020797016945060528 -0.002928376561364287 0.067960184894755152 -0.0032956403932000813 -0.0073102784745195963 0.017222950602677402 -0.049866667172564293
leaf_weight=27813 9258 123 766 469 1016 119 397 1493 523 256 423 886 110 359 6989 176 532 504 546 1271 383 84 506 430 719 186 243 247 382 105 128 204 904 217 145 127 924 37
leaf_count=27813 9258 123 766 469 1016 119 397 1493 523 256 423 886 110 359 6989 176 532 504 546 1271 383 84 506 430 719 186 243 247 382 105 128 204 904 217 145 127 924 37
internal_value=0.007428 0.0135471 0.019017 0.0297681 0.00961661 0.0337295 0.014668 0.0201813 0.014548 0.00278462 0.00593475 0.0122816 -0.00219446 -0.00851904 0.0351812 0.00597802 0.00805012 0.019305 -0.0104296 0.0203411 0.00255435 0.0172163 -0.00425871 0.00814815 0.0251224 0.0164646 0.0117836 -0.0187699 0.0271947 0.00928571 0.00378022 0.0127711 0.000368906 0.0101629 -0.00917148 -0.0220588 0.00919514 0.0155255
internal_weight=60000 32187 22929 10696 12233 8969 7033 4303 2810 5200 4199 2358 1841 1418 8500 2730 2554 1036 1001 2287 1472 467 1005 540 1511 792 499 878 606 224 455 332 1518 614 519 272 1727 961
internal_count=60000 32187 22929 10696 12233 8969 7033 4303 2810 5200 4199 2358 1841 1418 8500 2730 2554 1036 1001 2287 1472 467 1005 540 1511 792 499 878 606 224 455 332 1518 614 519 272 1727 961
is_linear=0
shrinkage=0.04


Tree=70
num_leaves=39
num_cat=0
split_feature=135 15 102 120 13 122 73 102 12 119 119 14 0 12 14 119 13 119 14 14 119 60 14 17 102 102 121 119 14 9 42 60 119 102 12 102 119 101
split_gain=1566.12 1438.09 1579 552.479 330.75 281.878 216.746 140.68 134.467 128.56 123.965 115.11 100.252 115.794 99.0462 141.472 82.2073 220.563 88.5811 82.6949 79.5988 79.0631 69.7156 68.6833 67.6217 63.9915 92.3231 91.2353 88.1951 82.4698 63.0098 62.3205 127.346 64.617 60.5284 60.3645 58.7643 54.2655
threshold=1.0000000180025095e-35 0.75000000000000011 0.59573671221733104 1.0000000180025095e-35 0.76363638043403637 1.0000000180025095e-35 0.085450042039155974 0.56878516077995311 0.93004098534584057 0.4717922061681748 0.59593412280082714 0.53617689013481151 0.58871507644653331 0.80047810077667247 0.44886726140975958 0.54231527447700512 0.93636366724967968 0.56429719924926769 0.49548439681530004 0.488080844283104 0.45485258102416998 -0.44228866696357721 0.48149017989635473 0.5602087974548341 0.37993320822715765 0.52797222137451183 1.0000000180025095e-35 0.48508223891258245 0.42345251142978674 -0.68322628736495961 1.5879284739494326 -0.49999997019767756 0.55780240893363964 0.54028829932212841 0.57509493827819835 0.5541210174560548 0.387991413474083 1.0000000180025095e-35
decision_type=2 2 2 2 2 2 2 2 2 2 2 2 2 2 2 2 2 2 2 2 2 2 2 2 2 2 2 2 2 2 2 2 2 2 2 2 2 2
left_child=-1 -2 4 37 7 8 -5 9 11 20 -8 16 -9 -14 25 22 19 18 36 31 -3 35 -16 -23 -10 27 -27 28 29 -11 -7 33 -33 -6 -31 -17 -18 -4
right_child=1 2 3 6 5 30 10 12 24 14 -12 -13 13 -15 15 21 17 -19 -20 -21 -22 23 -24 -25 -26 26 -28 -29 -30 34 -32 32 -34 -35 -36 -37 -38 -39
leaf_value=0 0 -0.00011393077374368233 0.017222950602677402 0.0092431415082534947 0.00049693268887786247 0.080879303132610658 0.012969177781045005 -0.0021285283703077339 -0.031131283872585222 0.0071949700245403396 0.016534032578570289 -0.0064876579982173386 -0.0022028341456691793 0.015107838298172247 -0.001316298217830294 0.013186162018560061 -0.092833452841866809 0.04017324791706841 -0.0028112414989097155 -0.0021075681289291735 -0.0074539461874477278 0.00074683754453634069 -0.0025741500138065873 -0.00221946490684676 0.097420559154695288 0.00075816165677160545 -0.01122947704836804 0.0058289335661035578 -0.028914308142989009 0.025531888726282474 -0.0011501400513098904 0.033862392718123219 -0.0064418956650421676 0.046557682388021535 -0.0069512302947048353 0.01890560565374667 0.088368146453520077 0.016534032578570289
leaf_weight=27813 9258 700 766 465 1051 758 369 509 44 166 8128 163 187 143 671 270 54 495 388 795 284 328 191 92 801 219 142 843 108 41 56 885 84 148 60 249 1315 961
leaf_count=27813 9258 700 766 465 1051 758 369 509 44 166 8128 163 187 143 671 270 54 495 388 795 284 328 191 92 801 219 142 843 108 41 56 885 84 148 60 249 1315 961
internal_value=0.00729867 0.013306 0.0186785 0.0299111 0.00886928 0.0145232 0.0339031 0.00122237 0.0116278 0.00410632 0.0353584 0.00929714 -0.0137783 0.00339394 0.00781065 0.00139922 0.0103317 0.0160924 0.00944792 0.00595343 -0.00861789 0.0121406 -0.0103016 -0.000761905 0.0264615 0.0151235 0.00033241 0.0195074 0.00309333 0.0154307 0.0366585 0.01 0.0175439 0.00390325 -0.0130693 0.0225819 0.0142294 0.00919514
internal_weight=60000 32187 22929 10689 12240 7037 8962 5203 6223 4364 8497 5378 839 330 3380 1801 5215 2252 1757 2963 984 939 862 420 845 1579 361 1218 375 267 814 2168 969 1199 101 519 1369 1727
internal_count=60000 32187 22929 10689 12240 7037 8962 5203 6223 4364 8497 5378 839 330 3380 1801 5215 2252 1757 2963 984 939 862 420 845 1579 361 1218 375 267 814 2168 969 1199 101 519 1369 1727
is_linear=0
shrinkage=0.04


Tree=71
num_leaves=39
num_cat=0
split_feature=135 15 102 120 30 122 73 79 12 12 85 12 119 119 14 119 119 14 60 119 14 12 78 14 12 102 75 14 119 119 14 14 119 14 119 101 1 43
split_gain=1557.13 1430.05 1593.74 552.479 323.638 283.43 216.746 183.675 154.132 135.783 129.85 139.915 128.227 123.965 113.871 98.1911 94.1185 90.774 75.8922 90.9063 101.054 77.8768 75.6567 74.2973 75.0702 67.3568 62.8216 62.3383 67.993 61.9908 115.155 88.343 123.17 55.3383 144.549 54.2655 63.0511 52.5021
threshold=1.0000000180025095e-35 0.75000000000000011 0.59573671221733104 1.0000000180025095e-35 0.76363638043403637 1.0000000180025095e-35 0.085450042039155974 0.6258797049522401 0.80047810077667247 0.93004098534584057 0.55858969688415538 0.87824293971061718 0.41975449025630956 0.59593412280082714 0.53617689013481151 0.55386900901794445 0.51773032546043407 0.43977364897727972 -0.49999997019767756 0.560205638408661 0.50125351548194896 0.6161409616470338 0.89687275886535656 0.53320875763893139 0.67058354616165172 0.37993320822715765 1.1747627258300783 0.488080844283104 0.52763688564300548 0.48508223891258245 0.44886726140975958 0.36030563712120062 0.3721448034048081 0.47904258966445928 0.53999802470207225 1.0000000180025095e-35 1.0000000180025095e-35 -0.55557009577751149
decision_type=2 2 2 2 2 2 2 2 2 2 2 2 2 2 2 2 2 2 2 2 2 2 2 2 2 2 2 2 2 2 2 2 2 2 2 2 2 2
left_child=-1 -2 4 35 7 9 -5 10 15 14 11 -3 -10 -8 18 16 29 -13 19 27 -21 -22 -14 -17 -25 -11 -7 28 -6 31 -31 32 -9 -30 -35 -4 -37 -15
right_child=1 2 3 6 5 26 13 8 12 25 -12 17 22 37 -16 23 -18 -19 -20 20 21 -23 -24 24 -26 -27 -28 -29 33 30 -32 -33 -34 34 -36 36 -38 -39
leaf_value=0 0 0.00025506456884361484 0.016534032578570289 0.0088734158479233469 0.00014006899618167868 0.076878001568164336 0.012450410669803205 -0.00072208714137124517 -0.00063903613094030477 -0.029886032517681814 -0.0027328419022346396 -0.0019100164162945178 0.014117936029750843 0.015872671275427484 -0.0062281516782886452 0.015197573746636871 -0.0014132273132826429 0.00024020868759915714 0.035382983395826385 0.10502551930735017 -0.0020232654037720009 0.018506438672059887 -0.0032922541690039611 4.4997534335369011e-05 -0.00043579921912655382 0.093523736788507464 -0.0011041344492574946 -0.0028147622470820473 0.044037346544328955 0.023775514773498346 -0.0091660009974214793 -0.0071523592993844821 0.019969693498207874 -0.0065706855014515207 0.096820464439848597 0.015872671275427484 -0.048533361788804533 0.015872671275427484
leaf_weight=27813 9258 1180 766 465 1471 765 369 95 60 44 513 240 879 1719 163 283 534 135 2338 237 69 284 146 68 74 801 49 417 223 204 154 417 221 77 99 924 37 6409
leaf_count=27813 9258 1180 766 465 1471 765 369 95 60 44 513 240 879 1719 163 283 534 135 2338 237 69 284 146 68 74 801 49 417 223 204 154 417 221 77 99 924 37 6409
internal_value=0.00727867 0.0132687 0.0186262 0.0299111 0.00877124 0.0143641 0.0339031 0.001207 0.007311 0.0114607 -0.00804642 -0.00228939 0.0195023 0.0353584 0.00911863 0.000858537 -0.00361846 -0.0235733 0.0101477 0.00579771 0.0197966 0.00623229 0.0228293 0.0179765 -0.0056338 0.0263669 0.0365602 0.00218627 0.00530481 0.00311641 0.0167598 -0.00354707 0.0124051 0.0199499 0.00318182 0.00919514 0.0155255 0.0363878
internal_weight=60000 32187 22929 10689 12240 7037 8962 5203 3135 6223 2068 1555 1085 8497 5378 2050 1625 375 5215 2877 590 353 1025 425 142 845 814 2287 1870 1091 358 733 316 399 176 1727 961 8128
internal_count=60000 32187 22929 10689 12240 7037 8962 5203 3135 6223 2068 1555 1085 8497 5378 2050 1625 375 5215 2877 590 353 1025 425 142 845 814 2287 1870 1091 358 733 316 399 176 1727 961 8128
is_linear=0
shrinkage=0.04


Tree=72
num_leaves=39
num_cat=0
split_feature=135 15 102 120 13 73 14 119 14 102 119 41 119 14 119 14 14 119 13 119 79 12 119 14 14 119 14 119 119 14 14 119 14 13 122 95 12 51
split_gain=1562.52 1434.87 1580.67 551.681 302.124 216.456 136.135 219.914 165.078 131.788 126.139 103.556 98.6376 105.766 96.8732 93.9857 90.6113 183.45 124.657 135.215 106.11 160.453 92.7617 143.622 92.3108 118.208 111.722 90.1421 79.8508 135.636 74.6117 71.0474 64.0033 63.6972 103.157 57.6611 90.5354 55.9289
threshold=1.0000000180025095e-35 0.75000000000000011 0.59573671221733104 1.0000000180025095e-35 0.93636366724967968 0.085450042039155974 0.53617689013481151 0.56429719924926769 0.48106098175048834 0.56428781151771557 0.59593412280082714 0.17584291100502017 0.5205402970314027 0.45428046584129339 0.3721448034048081 0.50125351548194896 0.44344586133956915 0.50662484765052807 0.76363638043403637 0.48508223891258245 0.60769328474998485 0.87824293971061718 0.40923309326171881 0.35276135802268987 0.44886726140975958 0.54231527447700512 0.47904258966445928 0.38069936633110052 0.52763688564300548 0.46458241343498236 0.488080844283104 0.387991413474083 0.43977364897727972 0.76363638043403637 1.0000000180025095e-35 0.92387953400611889 0.80047810077667247 0.47182519733905798
decision_type=2 2 2 2 2 2 2 2 2 2 2 2 2 2 2 2 2 2 2 2 2 2 2 2 2 2 2 2 2 2 2 2 2 2 2 2 2 2
left_child=-1 -2 4 -4 9 -5 7 8 12 14 -7 33 13 27 -3 -13 18 -18 19 31 21 -21 23 -20 -19 26 28 -6 -26 -30 -27 -16 -23 -11 -35 -31 -37 -33
right_child=1 2 3 5 6 10 -8 -9 -10 11 -12 15 -14 -15 16 -17 17 24 22 20 -22 32 -24 -25 25 30 -28 -29 29 35 -32 37 -34 34 -36 36 -38 -39
leaf_value=0 0 -0.0010317014857273033 0.0152377644244104 0.0085184792140064053 -0.02869059121697454 0.011952394243011071 -0.0092300858762755997 0.063038984750811336 -0.0021964295931006408 -0.0020250100959450634 0.0152377644244104 0.010662895335197859 0.092178116155652176 -0.022642691518061881 0.017139782825915228 -0.00051372291636349527 -0.018885575785060914 0.026235473245844715 0.044583303638945825 0.0014297640395336232 0.013553218588560796 -0.001187237714522773 0.042148983699378417 -0.068480577701379053 -0.0013964279674644332 0.015430877374969293 -0.0034444981923699358 0.096480892039907715 -0.0019443275406209892 0.022958863507563976 0.00048549682520592462 -0.0014641254461767162 0.00042200367332334565 -0.0053404067505128253 0.052805508658810965 0.035733385158944843 -0.01198966172700004 0.00033120403393915865
leaf_weight=27813 9258 217 1727 465 88 369 95 727 687 538 8128 333 479 248 166 492 332 397 301 351 593 161 813 109 482 794 331 1066 100 234 554 586 69 258 76 50 52 461
leaf_count=27813 9258 217 1727 465 88 369 95 727 687 538 8128 333 479 248 166 492 332 397 301 351 593 161 813 109 482 794 331 1066 100 234 554 586 69 258 76 50 52 461
internal_value=0.00729067 0.0132911 0.0186576 0.0298962 0.00884314 0.0338853 0.0189971 0.0203581 0.0148598 0.00495367 0.0353395 -0.00506777 0.0209888 0.0156348 0.00733119 0.00509091 0.00815456 0.00339146 0.0125429 0.00722245 0.0168995 0.00475043 0.0229272 0.00741463 0.00651971 0.00377358 -0.00509207 0.0207279 0.0020915 0.0144954 0.0119881 -0.00214345 -0.0212174 -0.0146789 -0.000958084 0.0266667 0.00156863 -0.00599809
internal_weight=60000 32187 22929 10689 12240 8962 3390 3295 2568 8850 8497 1697 1881 1402 7153 825 6936 3326 3610 2387 1174 581 1223 410 2994 2597 1249 1154 918 436 1348 1213 230 872 334 336 102 1047
internal_count=60000 32187 22929 10689 12240 8962 3390 3295 2568 8850 8497 1697 1881 1402 7153 825 6936 3326 3610 2387 1174 581 1223 410 2994 2597 1249 1154 918 436 1348 1213 230 872 334 336 102 1047
is_linear=0
shrinkage=0.04


Tree=73
num_leaves=39
num_cat=0
split_feature=118 15 102 39 13 103 48 119 48 102 10 119 48 22 119 119 119 48 119 13 119 79 12 26 48 119 48 119 48 96 48 119 44 102 12 48 48 44
split_gain=1457.32 1391.17 1627.23 572.898 340.371 328.797 136.648 218.593 163.927 115.815 101.355 97.5697 101.079 94.5254 92.5117 90.1421 82.6587 97.2048 136.941 94.8298 162.983 95.2141 131.697 91.4386 108.56 79.6844 149.603 76.2097 149.264 75.7819 110.244 69.9397 76.3259 74.1404 76.6498 70.0171 66.3422 63.8057
threshold=1.0000000180025095e-35 0.75000000000000011 0.59573671221733104 0.1013208217918873 0.93636366724967968 1.0000000180025095e-35 0.53617689013481151 0.56429719924926769 0.48106098175048834 0.56428781151771557 0.86602547764778148 0.5205402970314027 0.45428046584129339 0.2511600553989411 0.8213065266609193 0.38069936633110052 0.3721448034048081 0.44344586133956915 0.50662484765052807 0.76363638043403637 0.48508223891258245 0.65509474277496349 0.87824293971061718 -0.65934595465660084 0.41325272619724279 0.40923309326171881 0.35276135802268987 0.54425701498985302 0.47904258966445928 0.67680585384368908 0.53739008307456981 0.53023037314414989 0.81241148710250866 0.51809874176979076 0.71392521262168895 0.46458241343498236 0.49395371973514562 0.83146971464157116
decision_type=2 2 2 2 2 2 2 2 2 2 2 2 2 2 2 2 2 2 2 2 2 2 2 2 2 2 2 2 2 2 2 2 2 2 2 2 2 2
left_child=-1 -2 4 14 9 -5 7 8 11 13 -11 12 15 -3 -4 -6 -15 19 -19 20 23 22 -22 24 -18 26 -21 28 31 -7 -31 32 33 34 -20 -33 -29 -37
right_child=1 2 3 5 6 29 -8 -9 -10 10 -12 -13 -14 16 -16 -17 17 18 27 25 21 -23 -24 -25 -26 -27 -28 36 -30 30 -32 35 -34 -35 -36 37 -38 -39
leaf_value=0 0 0.024700304284458668 0.022839512675409849 0.014628253847433968 -0.027542967568295555 0.014628253847433968 -0.0088608824412245765 0.06065684743266523 -0.0021085724093766155 6.6718780630951882e-05 -0.002045459890338215 0.088490991509426062 -0.021736983857339406 -0.00099043342629821112 -0.0083104077297431345 0.092621656358311391 0.0037750946116187479 -0.018130152753658476 0.13403156264546107 0.042799971493387975 0.0013973427113999294 0.013396286261125639 -0.00062617042058441539 -0.0014885640191275229 -0.0068076999095620337 0.037139192468796905 -0.065741354593323892 0.015353029940491751 -0.0040304584319011032 0.014628253847433968 -0.0019463335621139066 -0.0027281328259467588 0.01095546432953725 -0.001855053964248441 -0.00076184577009730475 0.022040508967261445 -0.0027215916302070022 0.019376334232163474
leaf_weight=27793 9293 558 393 1709 88 5824 95 729 688 1064 633 479 248 216 309 1066 467 309 119 291 276 554 213 436 286 670 105 963 400 2360 76 58 287 335 109 206 194 101
leaf_count=27793 9293 558 393 1709 88 5824 95 729 688 1064 633 479 248 216 309 1066 467 309 119 291 276 554 213 436 286 670 105 963 400 2360 76 58 287 335 109 206 194 101
internal_value=0.00718133 0.0129723 0.0182666 0.0296842 0.00831496 0.0321436 0.0190864 0.0204488 0.014963 0.00418531 -0.00520919 0.0210739 0.0157489 0.00641409 -0.00524217 0.0207279 0.00507657 0.00590061 0.000791951 0.0106731 0.00598566 0.0175264 0.00466258 -0.00413793 0.00430279 0.0204878 0.00626263 0.0036075 -0.00200619 0.0354479 0.0295238 0.00497119 -0.00131765 -0.00987567 0.0077193 0.0196164 0.0114434 0.0272313
internal_weight=60000 32207 22914 10671 12243 9969 3393 3298 2569 8850 1697 1881 1402 7153 702 1154 6595 6379 3081 3298 2232 1043 489 1189 753 1066 396 2772 1615 8260 2436 1215 850 563 228 365 1157 307
internal_count=60000 32207 22914 10671 12243 9969 3393 3298 2569 8850 1697 1881 1402 7153 702 1154 6595 6379 3081 3298 2232 1043 489 1189 753 1066 396 2772 1615 8260 2436 1215 850 563 228 365 1157 307
is_linear=0
shrinkage=0.04


Tree=74
num_leaves=39
num_cat=0
split_feature=135 15 102 103 13 73 48 119 48 13 79 122 48 12 119 102 119 48 119 48 119 119 48 48 119 119 43 48 48 12 26 102 119 48 118 48 119 119
split_gain=1444.82 1329.55 1771.89 512.534 392.271 241.199 132.125 217.174 165.853 111.529 347.265 239.035 146.321 128.744 131.603 116.756 99.4719 104.052 96.5076 96.4986 91.8891 90.1421 90.1345 85.5383 84.8763 104.37 76.57 135.039 73.1173 75.0702 72.7802 71.3776 69.2006 84.259 63.9821 62.1195 115.119 54.7227
threshold=1.0000000180025095e-35 0.75000000000000011 0.59573671221733104 1.0000000180025095e-35 0.93636366724967968 0.085450042039155974 0.53617689013481151 0.56429719924926769 0.48106098175048834 0.76363638043403637 0.6258797049522401 1.0000000180025095e-35 0.44344586133956915 0.80047810077667247 0.41975449025630956 0.50684645771980297 0.40923309326171881 0.35276135802268987 0.5205402970314027 0.45428046584129339 0.55780240893363964 0.38069936633110052 0.41325272619724279 0.488080844283104 0.55386900901794445 0.51773032546043407 -0.55557009577751149 0.53739008307456981 0.53320875763893139 0.67058354616165172 -0.65934595465660084 0.37993320822715765 0.48508223891258245 0.44886726140975958 1.0000000180025095e-35 0.36030563712120062 0.3721448034048081 0.55780240893363964
decision_type=2 2 2 2 2 2 2 2 2 2 2 2 2 2 2 2 2 2 2 2 2 2 2 2 2 2 2 2 2 2 2 2 2 2 2 2 2 2
left_child=-1 -2 4 34 9 -5 7 8 18 10 20 12 16 24 -15 -14 17 31 19 21 22 -6 -3 37 25 32 27 -7 -26 -30 -16 -11 35 -34 -4 36 -12 -17
right_child=1 2 3 5 6 26 -8 -9 -10 11 13 -13 15 14 30 23 -18 -19 -20 -21 -22 -23 -24 -25 28 -27 -28 -29 29 -31 -32 -33 33 -35 -36 -37 -38 -39
leaf_value=0 0 -0.0011815887759879828 -0.072395711543282032 0.0065719412660940968 -0.026441248865563732 0.014043123693536615 -0.0085064471435755927 0.058091151463472247 -0.0020242295130015507 -0.002350106825803033 -0.00061231825923537485 0.054994409295147977 -0.017404946643512137 -0.00070591345232038803 0.012475238394573367 0.021158888608570976 0.030952771296141109 -0.063111700409590937 0.084951351849049034 -0.020867504503045833 -0.0018425883043016711 0.088916790103978946 0.00043017034321380266 -0.0024732248567712499 0.013553271313107303 -0.0016802645567737784 0.014043123693536615 -0.0018684802196293404 6.1077798391255992e-05 -0.00040048708493218996 -0.0028209658144250404 0.037367168398374631 0.021746513988570994 -0.007481924340421834 0.014043123693536615 -0.0065353919131795526 0.018672808490789058 -0.0063965037760463873
leaf_weight=27813 9258 495 421 468 88 1616 95 727 687 129 95 431 211 60 865 927 658 109 479 248 753 1066 820 870 283 534 6405 58 68 74 160 241 204 154 1721 417 221 71
leaf_count=27813 9258 495 421 468 88 1616 95 727 687 129 95 431 211 60 865 927 658 109 479 248 753 1066 820 870 283 534 6405 58 68 74 160 241 204 154 1721 417 221 71
internal_value=0.007024 0.012794 0.0179598 0.0298587 0.00756863 0.0342436 0.0191386 0.0204795 0.0150156 0.00313672 -0.000622718 0.00850014 0.00475124 0.00777033 0.0189124 -0.00155844 0.0162885 0.00242171 0.021159 0.0158631 -0.0133462 0.0207279 -0.00696578 0.00162741 0.00187317 -0.00228923 0.0358609 0.0282437 0.0177882 -0.0056338 0.0222829 0.0125405 0.00480293 0.0192179 0.0123623 -0.00223738 0.0111392 0.00961924
internal_weight=60000 32187 22929 10689 12240 8547 3390 3295 2568 8850 5203 3647 3216 3135 1085 2079 1137 479 1881 1402 2068 1154 1315 1868 2050 1625 8079 1674 425 142 1025 370 1091 358 2142 733 316 998
internal_count=60000 32187 22929 10689 12240 8547 3390 3295 2568 8850 5203 3647 3216 3135 1085 2079 1137 479 1881 1402 2068 1154 1315 1868 2050 1625 8079 1674 425 142 1025 370 1091 358 2142 733 316 998
is_linear=0
shrinkage=0.04


Tree=75
num_leaves=39
num_cat=0
split_feature=135 32 102 120 30 73 14 119 14 119 119 119 14 119 119 14 30 119 119 28 102 119 14 27 14 27 30 122 119 14 29 101 1 43 14 17 14 30
split_gain=1440.21 1325.42 1735.81 541.753 391.753 284.763 132.528 215.538 167.701 126.035 108.719 94.9254 89.8269 90.1421 81.0431 95.6236 158.905 160.387 124.287 106.229 89.5414 88.9831 143.622 77.4406 103.487 64.6721 67.0026 131.341 60.4746 64.5962 54.9719 54.2655 63.0511 53.751 134.007 53.2522 82.8881 68.7167
threshold=1.0000000180025095e-35 0.75000000000000011 0.59573671221733104 1.0000000180025095e-35 0.93636366724967968 0.085450042039155974 0.53617689013481151 0.56429719924926769 0.48106098175048834 0.59593412280082714 0.56429719924926769 0.5205402970314027 0.45428046584129339 0.38069936633110052 0.3721448034048081 0.44344586133956915 0.76363638043403637 0.48508223891258245 0.50662484765052807 0.81087088584899913 0.52797222137451183 0.40923309326171881 0.35276135802268987 0.77259653806686412 0.32932195067405706 0.84874761104583751 0.76363638043403637 1.0000000180025095e-35 0.41975449025630956 0.41325272619724279 0.87824293971061718 1.0000000180025095e-35 1.0000000180025095e-35 -0.55557009577751149 0.53739008307456981 0.54399833083152782 0.47904258966445928 0.76363638043403637
decision_type=2 2 2 2 2 2 2 2 2 2 2 2 2 2 2 2 2 2 2 2 2 2 2 2 2 2 2 2 2 2 2 2 2 2 2 2 2 2
left_child=-1 -2 4 31 10 -5 7 8 11 -7 14 12 13 -6 -3 16 17 23 -17 20 30 22 -18 24 -16 -12 -27 -28 -26 -30 -19 -4 -33 34 -11 36 37 -20
right_child=1 2 3 5 6 9 -8 -9 -10 33 25 -13 -14 -15 15 18 21 19 35 -21 -22 -23 -24 -25 28 26 27 -29 29 -31 -32 32 -34 -35 -36 -37 -38 -39
leaf_value=0 0 -0.00092632335887686784 0.014116305596812246 0.0070012818877859574 -0.025383598910941184 0.010327443371651838 -0.0081661892578325686 0.05576750540493336 -0.0019432603324814888 0.013481398745795162 5.8634686455605752e-05 0.081553297775087047 -0.020032804322923998 0.085360118499819754 0.017925896151157483 -0.016708748777771652 0.03959328589771751 0.0014175057981357852 -0.0010098473370463168 0.0104440456206871 -0.005438612835730776 0.034872089622804053 -0.060587232393207298 -0.0013817579073229069 -0.00067767691422758957 -0.0015281276314289016 -0.008248230482315648 0.052882590129737464 0.00074526983063194052 -0.0062739762366523701 -6.8340134722362226e-05 0.013481398745795162 -0.047430846532780499 0.013481398745795162 -0.0017937410108441654 0.012362854088053439 -0.0026982790750006151 0.021201198370063779
leaf_weight=27813 9258 217 766 465 88 369 95 727 687 1660 975 479 248 1066 201 332 301 243 519 628 150 796 109 439 79 516 202 95 195 299 133 924 37 6409 59 1482 345 594
leaf_count=27813 9258 217 766 465 88 369 95 727 687 1660 975 479 248 1066 201 332 301 243 519 628 150 796 109 439 79 516 202 95 195 299 133 924 37 6409 59 1482 345 594
internal_value=0.00701333 0.0127741 0.0179319 0.029709 0.00764706 0.0336621 0.0192094 0.0205524 0.015109 0.0353301 0.00321808 0.0212865 0.0160342 0.0207279 0.00544888 0.00621183 0.0107361 0.00471483 0.00127139 0.0153899 0.00212928 0.0225539 0.00741463 -0.00544106 0.00217054 -0.00559284 -0.0139237 0.00121212 -0.00649215 -0.00129555 0.0125532 0.00919514 0.0155255 0.0363681 0.0300873 0.00389116 -0.00153635 0.00377358
internal_weight=60000 32187 22929 10689 12240 8962 3390 3295 2568 8497 8850 1881 1402 1154 7062 6845 3573 2367 3272 1154 526 1206 410 1213 774 1788 813 297 573 494 376 1727 961 8128 1719 2940 1458 1113
internal_count=60000 32187 22929 10689 12240 8962 3390 3295 2568 8497 8850 1881 1402 1154 7062 6845 3573 2367 3272 1154 526 1206 410 1213 774 1788 813 297 573 494 376 1727 961 8128 1719 2940 1458 1113
is_linear=0
shrinkage=0.04


Tree=76
num_leaves=39
num_cat=0
split_feature=135 32 102 103 13 22 14 119 14 13 79 122 14 102 12 102 119 14 119 102 14 119 119 14 119 119 43 14 101 102 14 12 119 119 102 14 14 14
split_gain=1440.78 1325.94 1734.78 503.802 392.91 296.003 132.662 214.994 166.014 101.973 320.8 235.329 144.13 116.12 104.214 122.774 96.4666 104.052 94.9254 93.0736 89.8269 90.1421 89.0638 85.6559 81.4805 106.752 78.3999 135.039 73.3712 71.3776 71.2099 75.8388 63.6653 53.1622 52.9875 66.7785 52.9773 51.5032
threshold=1.0000000180025095e-35 0.75000000000000011 0.59573671221733104 1.0000000180025095e-35 0.93636366724967968 0.11795619875192644 0.53617689013481151 0.56429719924926769 0.48106098175048834 0.76363638043403637 0.69750291109085094 1.0000000180025095e-35 0.44344586133956915 0.50684645771980297 0.80047810077667247 0.50004643201828014 0.40923309326171881 0.35276135802268987 0.5205402970314027 0.53053137660026561 0.45428046584129339 0.38069936633110052 0.48508223891258245 0.488080844283104 0.55386900901794445 0.51773032546043407 -0.55557009577751149 0.53739008307456981 1.0000000180025095e-35 0.37993320822715765 0.53320875763893139 0.67058354616165172 0.3721448034048081 0.41975449025630956 0.54245403409004223 0.49434550106525427 0.43823994696140295 0.36030563712120062
decision_type=2 2 2 2 2 2 2 2 2 2 2 2 2 2 2 2 2 2 2 2 2 2 2 2 2 2 2 2 2 2 2 2 2 2 2 2 2 2
left_child=-1 -2 4 28 9 -5 7 8 18 10 19 12 16 -14 24 33 17 29 20 22 21 -6 -3 -15 25 32 27 -7 -4 -11 -26 -32 -12 -16 -10 -36 -35 -34
right_child=1 2 3 5 6 26 -8 -9 34 11 14 -13 13 23 15 -17 -18 -19 -20 -21 -22 -23 -24 -25 30 -27 -28 -29 -30 -31 31 -33 37 36 35 -37 -38 -39
leaf_value=0 0 -0.0013199790924591603 0.013551653372939754 0.0092658348940570442 -0.024368254954503534 0.012942142795963356 -0.0078395416875192657 0.053536805188736027 -0.0094918069580607386 -0.0022190496184158366 -0.00055077259451088523 0.051113528689850654 -0.016040398826660786 0.016504878210807056 -0.00065056983765849458 0.011868339924531313 0.02831977685938334 -0.058163743097479008 0.078291165864083537 -0.0017564800006762127 -0.019231492150007041 0.081945713759826969 0.00064196858313625427 -0.0022898576121051731 0.012757458828430331 -0.0019007909849403266 0.012942142795963356 -0.0017219913704104074 0.012942142795963356 0.034288750226530954 5.6289298997381517e-05 -0.00038681298899312665 0.017208860305111175 0.0030952704981457657 0.10010006622027583 -0.0022553016751516333 -0.24284782145047262 0.00053133246199219995
leaf_weight=27813 9258 434 802 517 88 1616 95 727 133 129 99 431 211 998 58 731 658 109 479 1159 248 1066 608 870 267 512 6356 58 1340 241 64 69 225 201 82 472 52 724
leaf_count=27813 9258 434 802 517 88 1616 95 727 133 129 99 431 211 998 58 731 658 109 479 1159 248 1066 608 870 267 512 6356 58 1340 241 64 69 225 201 82 472 52 724
internal_value=0.00701467 0.0127766 0.0179354 0.029709 0.00765359 0.0340564 0.019233 0.0205766 0.0151402 0.00321808 -0.000376706 0.00834659 0.00462687 -0.0016354 0.00812791 0.0183493 0.0160774 0.00242171 0.0212865 -0.0119764 0.0160342 0.0207279 -0.00330134 0.00154176 0.00269388 -0.0014359 0.0359452 0.0282437 0.0123623 0.0125405 0.0188 -0.00511278 0.00587786 -0.00270096 -0.0016885 0.00375451 0.00521739 0.00906217
internal_weight=60000 32187 22929 10689 12240 8547 3390 3295 2568 8850 5203 3647 3216 2079 3002 1042 1137 479 1881 2201 1402 1154 1042 1868 1960 1560 8030 1674 2142 370 400 133 1048 311 687 554 253 949
internal_count=60000 32187 22929 10689 12240 8547 3390 3295 2568 8850 5203 3647 3216 2079 3002 1042 1137 479 1881 2201 1402 1154 1042 1868 1960 1560 8030 1674 2142 370 400 133 1048 311 687 554 253 949
is_linear=0
shrinkage=0.04


Tree=77
num_leaves=39
num_cat=0
split_feature=135 15 102 120 13 73 14 119 14 119 119 14 119 119 119 14 119 119 13 9 27 14 28 13 12 102 14 119 119 14 10 13 121 14 5 119 43 14
split_gain=1388.26 1278.9 1826.14 540.963 433.844 284.429 132.662 214.994 166.014 125.828 94.9254 89.8269 90.1421 83.6564 73.8842 60.8389 120.426 100.755 131.653 119.21 79.5581 102.622 64.8225 97.8442 78.356 70.617 60.2417 121.981 57.2687 64.5962 56.3306 102.081 140.502 91.026 72.6274 58.8592 55.0145 133.586
threshold=1.0000000180025095e-35 0.75000000000000011 0.59573671221733104 1.0000000180025095e-35 0.93636366724967968 0.085450042039155974 0.53617689013481151 0.56429719924926769 0.48106098175048834 0.59593412280082714 0.5205402970314027 0.45428046584129339 0.38069936633110052 0.56429719924926769 0.3721448034048081 0.44344586133956915 0.50662484765052807 0.48508223891258245 0.76363638043403637 -0.68322628736495961 0.77259653806686412 0.32932195067405706 0.94571664929389965 0.76363638043403637 0.87824293971061718 0.52797222137451183 0.35276135802268987 0.46147063374519354 0.41975449025630956 0.41325272619724279 0.7294733226299287 0.76363638043403637 1.0000000180025095e-35 0.50125351548194896 0.33895449340343481 0.58391302824020397 -0.55557009577751149 0.53739008307456981
decision_type=2 2 2 2 2 2 2 2 2 2 2 2 2 2 2 2 2 2 2 2 2 2 2 2 2 2 2 2 2 2 2 2 2 2 2 2 2 2
left_child=-1 -2 4 -4 13 -5 7 8 10 -7 11 12 -6 14 -3 17 -17 18 20 26 21 -16 23 24 25 -19 -20 -28 -23 -30 33 -32 -33 34 -15 -35 37 -11
right_child=1 2 3 5 6 9 -8 -9 -10 36 -12 -13 -14 30 15 16 -18 22 19 -21 -22 28 -24 -25 -26 -27 27 -29 29 -31 31 32 -34 35 -36 -37 -38 -39
leaf_value=0 0 -0.0008672395207413576 0.012424457084124825 0.0063505972165122417 -0.023393524756323392 0.0093966599249472437 -0.0075259600200184955 0.051395332981186571 -0.0014858576408597996 0.012424457084124825 0.075159519229520202 -0.018462232464006759 0.07866788520943388 -0.00033570307056566054 0.016520505892906739 -0.015398782873594353 0.0043793261978913199 0.0013351268228849022 0.059597479086617111 0.029193731902639259 -0.0013538657896958383 -0.00062454704415216612 0.011324923144905271 0.043823732341143541 -0.00055151782125633991 -0.004203338663312621 -0.055566987962730983 0.050835491424722011 0.00063545738100529553 -0.0060442704856659623 -0.0014824740382428914 0.048722745376953966 -0.0050459907725126383 -0.001736276710895055 0.01200862293360494 5.7009958051944075e-05 0.012424457084124825 -0.0016531117155939867
leaf_weight=27813 9258 217 1727 465 88 369 95 727 687 1660 479 248 1066 142 201 332 2940 265 225 435 439 79 625 172 230 91 232 85 195 299 632 123 257 230 156 248 6409 59
leaf_count=27813 9258 217 1727 465 88 369 95 727 687 1660 479 248 1066 142 201 332 2940 265 225 435 439 79 625 172 230 91 232 85 195 299 632 123 257 230 156 248 6409 59
internal_value=0.006892 0.0125479 0.0176144 0.0296941 0.00706536 0.0336443 0.019233 0.0205766 0.0151402 0.0353113 0.0212865 0.0160342 0.0207279 0.00240452 0.00436137 0.00508985 0.00114914 0.00869857 0.00336073 0.0142886 -0.00544106 0.0022739 0.0171511 0.0092876 0.00150171 0.0132584 0.00177122 -0.00946372 -0.00635253 -0.00129555 -0.00532438 -0.0115415 0.00484211 0.00278351 0.0201342 -0.00803347 0.0363484 0.0299942
internal_weight=60000 32187 22929 10689 12240 8962 3390 3295 2568 8497 1881 1402 1154 8850 7062 6845 3272 3573 2190 977 1213 774 1383 758 586 356 542 317 573 494 1788 1012 380 776 298 478 8128 1719
internal_count=60000 32187 22929 10689 12240 8962 3390 3295 2568 8497 1881 1402 1154 8850 7062 6845 3272 3573 2190 977 1213 774 1383 758 586 356 542 317 573 494 1788 1012 380 776 298 478 8128 1719
is_linear=0
shrinkage=0.04


Tree=78
num_leaves=39
num_cat=0
split_feature=135 32 102 120 13 22 14 119 14 119 14 13 79 119 119 14 14 119 119 14 119 119 10 85 43 14 85 13 101 8 102 14 29 60 56 17 119 14
split_gain=1428.13 1314.61 1748.61 540.173 402.554 279.652 132.797 214.451 166.629 131.336 105.078 208.86 157.362 189.239 138.603 110.038 108.887 98.5001 94.4009 90.2969 86.2931 66.6955 63.3809 78.3431 56.6194 133.586 56.5665 55.715 54.2655 63.0511 52.9875 66.7785 48.0709 144.873 49.3065 42.2211 56.2488 36.857
threshold=1.0000000180025095e-35 0.75000000000000011 0.59573671221733104 1.0000000180025095e-35 0.93636366724967968 0.11795619875192644 0.53617689013481151 0.56429719924926769 0.48106098175048834 0.59593412280082714 0.44344586133956915 0.76363638043403637 0.6258797049522401 0.48508223891258245 0.40923309326171881 0.35276135802268987 0.41325272619724279 0.50662484765052807 0.5205402970314027 0.45428046584129339 0.38069936633110052 0.38069936633110052 0.94693017005920421 0.55858969688415538 -0.55557009577751149 0.53739008307456981 0.55228129029273998 0.76363638043403637 1.0000000180025095e-35 -0.54589682817459095 0.54245403409004223 0.49434550106525427 0.80047810077667247 -0.49999997019767756 0.19529243558645251 0.46232315897941595 0.48508223891258245 0.41325272619724279
decision_type=2 2 2 2 2 2 2 2 2 2 2 2 2 2 2 2 2 2 2 2 2 2 2 2 2 2 2 2 2 2 2 2 2 2 2 2 2 2
left_child=-1 -2 4 28 10 -5 7 8 18 -7 11 12 16 37 15 21 35 -12 19 20 -6 -13 32 27 25 -11 -18 -24 -4 -30 -10 -32 34 -34 -19 36 -3 -14
right_child=1 2 3 5 6 9 -8 -9 30 24 17 14 13 -15 -16 -17 26 22 -20 -21 -22 -23 23 -25 -26 -27 -28 -29 29 -31 31 -33 33 -35 -36 -37 -38 -39
leaf_value=0 0 -0.0010187603988748605 0.012512608954657197 0.0083982232149297786 -0.022457783766070456 0.0090207935279493518 -0.0072249216192177557 0.049339519661939092 -0.0090527003741039166 0.011927478800759844 -0.014782831558650579 -0.0020955980528495487 0.00048466086827232859 0.0087026018292966252 0.034577853499200589 -0.053614513855070607 0.0010286439568225169 0.024320276822679149 0.072153138460339369 -0.01772374316544649 0.075521169801056512 0.035470255176641957 -0.0012247072343698662 -0.0043716067609679242 0.011927478800759844 -0.0015869872469702173 -0.0045259631828128378 0.020530375617438919 -0.046548276666672807 0.011927478800759844 0.096155497877099164 -0.0021056553025111759 0.012178399080978864 -0.0065973050603529339 -0.00023005869388271095 -0.0015343681308583612 0.00025693214864064729 -0.0058024996662393233
leaf_weight=27813 9258 242 766 514 88 369 95 727 133 1660 342 140 623 688 898 110 432 208 479 248 1066 242 241 331 6360 59 85 213 37 924 82 472 396 152 2772 303 114 318
leaf_count=27813 9258 242 766 514 88 369 95 727 133 1660 342 140 623 688 898 110 432 208 479 248 1066 242 241 331 6360 59 85 213 37 924 82 472 396 152 2772 303 114 318
internal_value=0.00698533 0.0127219 0.0178586 0.0296791 0.00753595 0.0336264 0.0192566 0.0206009 0.0151713 0.0353693 0.00304633 0.00763766 0.00135472 0.00940454 0.0203165 0.00325203 -0.00979592 -0.0010913 0.0213291 0.0160913 0.0207972 0.0134031 0.000547183 -0.00973248 0.0364352 0.0299942 0.00394584 0.00105727 0.00919514 0.0155255 -0.0016885 0.00375451 0.00283447 0.0137226 0.000832215 -0.0205766 -0.011236 -0.00225292
internal_weight=60000 32187 22929 10689 12240 8962 3390 3295 2568 8448 8850 4195 2805 1629 1390 492 1176 4655 1881 1402 1154 382 4313 785 8079 1719 517 454 1727 961 687 554 3528 548 2980 659 356 941
internal_count=60000 32187 22929 10689 12240 8962 3390 3295 2568 8448 8850 4195 2805 1629 1390 492 1176 4655 1881 1402 1154 382 4313 785 8079 1719 517 454 1727 961 687 554 3528 548 2980 659 356 941
is_linear=0
shrinkage=0.04


Tree=79
num_leaves=39
num_cat=0
split_feature=135 15 102 120 13 73 14 119 14 119 14 13 94 119 14 119 14 119 119 14 119 102 119 10 85 43 14 101 1 13 12 12 60 102 14 14 119 12
split_gain=1427.56 1314.1 1749.64 540.173 407.884 284.096 133.2 212.825 163.884 130.438 104.117 206.957 154.191 169.693 144.098 136.739 110.038 98.3363 89.8204 91.7142 75.25 72.3708 66.6955 61.9042 76.8701 55.0145 133.586 54.2655 63.0511 52.9426 50.5402 49.7752 141.573 48.5501 66.7785 47.9051 79.7836 69.5385
threshold=1.0000000180025095e-35 0.75000000000000011 0.59573671221733104 1.0000000180025095e-35 0.93636366724967968 0.085450042039155974 0.53617689013481151 0.56429719924926769 0.48106098175048834 0.59593412280082714 0.44344586133956915 0.76363638043403637 -0.4124861061573028 0.48508223891258245 0.41325272619724279 0.40923309326171881 0.35276135802268987 0.50662484765052807 0.5205402970314027 0.45428046584129339 0.38069936633110052 0.57617363333702099 0.38069936633110052 0.94693017005920421 0.55858969688415538 -0.55557009577751149 0.53739008307456981 1.0000000180025095e-35 1.0000000180025095e-35 0.76363638043403637 0.87824293971061718 0.80047810077667247 -0.49999997019767756 0.54245403409004223 0.49434550106525427 0.41325272619724279 0.3721448034048081 0.90145155787467968
decision_type=2 2 2 2 2 2 2 2 2 2 2 2 2 2 2 2 2 2 2 2 2 2 2 2 2 2 2 2 2 2 2 2 2 2 2 2 2 2
left_child=-1 -2 4 27 10 -5 7 8 18 -7 11 12 13 35 30 16 22 -12 19 20 -6 -16 -13 31 29 26 -11 -4 -29 -25 -14 -19 -33 -10 -35 36 -3 -38
right_child=1 2 3 5 6 9 -8 -9 33 25 17 15 14 -15 21 -17 -18 23 -20 -21 -22 -23 -24 24 -26 -27 -28 28 -30 -31 -32 32 -34 34 -36 -37 37 -39
leaf_value=0 0 -0.00051343854463168867 0.012012104596470898 0.0057606443992545666 -0.02155947241542764 0.0086599617868313682 -0.0069359247544490453 0.047365938875461498 -0.0086905923591397601 0.011450379648729445 -0.014191518296304556 -0.0020117741307355669 -0.00053815813367471318 0.010718854342238942 0.0010930433715975951 0.033194739359232554 -0.051469933300867785 6.3931907485174756e-05 0.069267012921925761 -0.01701479343882863 0.072500323009014239 -0.0026643317263264875 0.034051444969576253 -0.0011757189449950545 -0.0041967424905292074 0.011450379648729445 -0.0015235077570914157 0.011450379648729445 -0.044686345600005895 0.019709160592741384 -0.0027939798924658276 0.011691263117739723 -0.0063334128579388069 0.092309277962015199 -0.0020214290904107292 -0.0055703996795897501 0.0094607706530894474 -0.00037028364043734997
leaf_weight=27813 9258 85 766 465 88 369 95 727 133 1660 342 140 430 581 569 898 110 2980 479 248 1066 50 242 241 331 6409 59 924 37 213 332 396 152 82 472 290 336 132
leaf_count=27813 9258 85 766 465 88 369 95 727 133 1660 342 140 430 581 569 898 110 2980 479 248 1066 50 242 241 331 6409 59 924 37 213 332 396 152 82 472 290 336 132
internal_value=0.006984 0.0127194 0.0178551 0.0296791 0.00752941 0.0336264 0.0193274 0.0206737 0.0152648 0.0352925 0.00301017 0.00758045 0.0013262 0.0105618 -0.00819696 0.0202014 0.00325203 -0.00110849 0.0213716 0.0162625 0.0210052 0.00613893 0.0134031 0.000528634 -0.00963057 0.0363484 0.0299942 0.00919514 0.0155255 0.00105727 -0.0198425 0.00278912 0.0138686 -0.0014556 0.00375451 -0.000901542 0.00600362 0.0124786
internal_weight=60000 32187 22929 10689 12240 8962 3390 3295 2568 8497 8850 4195 2805 1424 1381 1390 492 4655 1881 1402 1154 619 382 4313 785 8128 1719 1727 961 454 762 3528 548 687 554 843 553 468
internal_count=60000 32187 22929 10689 12240 8962 3390 3295 2568 8497 8850 4195 2805 1424 1381 1390 492 4655 1881 1402 1154 619 382 4313 785 8128 1719 1727 961 454 762 3528 548 687 554 843 553 468
is_linear=0
shrinkage=0.04


Tree=80
num_leaves=39
num_cat=0
split_feature=135 15 102 120 13 73 14 102 14 43 14 102 58 102 14 121 13 110 13 122 102 102 96 12 14 12 14 60 26 102 12 102 13 14 102 12 85 101
split_gain=1388.26 1278.9 1821.61 540.173 444.759 284.096 133.604 151.073 144.707 118.823 130.964 82.9584 90.8549 82.5997 80.7075 66.4879 116.389 76.7938 63.1882 74.8932 62.5661 60.3725 58.9738 56.3425 55.6929 75.5993 86.0955 67.9749 64.1883 138.623 132.33 215.932 113.901 89.9441 63.6789 61.368 55.5465 54.2655
threshold=1.0000000180025095e-35 0.75000000000000011 0.59573671221733104 1.0000000180025095e-35 0.93636366724967968 0.085450042039155974 0.53617689013481151 0.56428781151771557 0.48106098175048834 -0.55557009577751149 0.53739008307456981 0.56878516077995311 0.017390768975019458 0.52068921923637401 0.46050065755844122 1.0000000180025095e-35 0.76363638043403637 1.5955432653427126 0.76363638043403637 1.0000000180025095e-35 0.37131667137146002 0.46151123940944677 0.76725447177886974 0.71392521262168895 0.32932195067405706 0.71469494700431835 0.33297631144523626 -0.49999997019767756 -0.63405361771583546 0.56034687161445629 0.80047810077667247 0.5541210174560548 0.76363638043403637 0.42345251142978674 0.55623358488082897 0.9525643289089204 0.58898150920867931 1.0000000180025095e-35
decision_type=2 2 2 2 2 2 2 2 2 2 2 2 2 2 2 2 2 2 2 2 2 2 2 2 2 2 2 2 2 2 2 2 2 2 2 2 2 2
left_child=-1 -2 4 37 11 -5 7 8 13 10 23 15 18 14 22 16 21 -18 -13 -20 -17 -3 -6 -7 -22 27 -27 -26 30 32 31 -28 33 -30 -29 -35 -14 -4
right_child=1 2 3 5 6 9 -8 -9 -10 -11 -12 12 36 -15 -16 20 17 -19 19 -21 24 -23 -24 -25 25 26 28 34 29 -31 -32 -33 -34 35 -36 -37 -38 -39
leaf_value=0 0 -0.0010742534636439417 0.011531620412612078 0.0055302186232843911 0.069600310088653639 0.011764894738619667 -0.0066584877642710842 0.038687955691147663 0.00049716779555155743 0.010992364462780273 -0.0014625674468077676 -0.0017391170656059884 -0.00036400356528511999 0.070908308926679806 -0.20680991736364035 -0.0008313988328573288 0.045476555200392996 0.0097265818650282658 -0.0042483482947088189 0.042948334164980437 0.016206024727219662 0.00044385591724640963 0.062902205365713115 0.010992364462780273 -0.0016082420538938891 -0.00060414025149945871 -0.0023667912840807173 0.0060834549438833468 -0.0065820875616996238 -0.0093912287699298956 0.010290100168549402 0.02111965513318495 0.023151698511690241 0.0012932245215260707 -0.011517715535651316 -0.016043622612210626 0.010378508491215523 0.010992364462780273
leaf_weight=27813 9258 169 766 465 665 526 95 705 693 6432 63 423 432 492 56 188 341 147 197 55 583 671 684 1476 1400 108 655 946 121 125 729 190 474 411 112 51 322 961
leaf_count=27813 9258 169 766 465 665 526 95 705 693 6432 63 423 432 492 56 188 341 147 197 55 583 671 684 1476 1400 108 655 946 121 125 729 190 474 411 112 51 322 961
internal_value=0.006892 0.0125479 0.0176144 0.0296791 0.00707843 0.0336264 0.0193982 0.0207466 0.016278 0.0352925 0.0269443 0.00235932 -0.00646606 0.0219926 0.0170534 0.00405875 0.0121687 0.0277049 -0.0171259 -0.00126984 0.00229115 0.00314286 0.0190067 0.0287313 0.00301439 0.00172867 0.00614525 -0.00341741 0.00751814 0.000473773 0.0128081 0.0020355 0.00518448 -0.00665523 0.0042344 0.00138528 0.00307692 0.00919514
internal_weight=60000 32187 22929 10689 12240 8962 3390 3295 2590 8497 2065 8850 1429 1897 1405 7421 1328 488 675 252 6093 840 1349 2002 5905 5322 2864 2458 2756 1182 1574 845 1057 583 1058 462 754 1727
internal_count=60000 32187 22929 10689 12240 8962 3390 3295 2590 8497 2065 8850 1429 1897 1405 7421 1328 488 675 252 6093 840 1349 2002 5905 5322 2864 2458 2756 1182 1574 845 1057 583 1058 462 754 1727
is_linear=0
shrinkage=0.04


Tree=81
num_leaves=39
num_cat=0
split_feature=135 32 102 120 13 73 14 119 14 119 43 102 102 119 58 119 14 121 13 113 119 13 122 12 68 43 14 101 1 79 12 9 13 102 12 14 14 119
split_gain=1311.86 1210.43 1959.43 538.595 325.908 283.43 217.052 153.183 181.772 130.016 112.82 109.303 96.76 87.7563 74.3883 68.7695 102.799 64.4247 114.194 77.1517 64.7317 62.2471 74.8932 60.5413 71.0382 55.9484 133.166 54.2655 63.0511 49.4815 49.1928 150.38 151.967 91.483 64.1712 50.3382 47.4592 44.5498
threshold=1.0000000180025095e-35 0.75000000000000011 0.59573671221733104 1.0000000180025095e-35 0.93636366724967968 0.085450042039155974 0.50440177321434032 0.55386900901794445 0.48106098175048834 0.59593412280082714 -0.55557009577751149 0.55181074142456066 0.56878516077995311 0.38069936633110052 0.017390768975019458 0.52266719937324535 0.45428046584129339 1.0000000180025095e-35 0.76363638043403637 1.1302170753479006 0.48508223891258245 0.76363638043403637 1.0000000180025095e-35 0.80047810077667247 0.58677977323532116 -0.55557009577751149 0.53739008307456981 1.0000000180025095e-35 1.0000000180025095e-35 0.67384967207908641 0.81298899650573742 -0.68322628736495961 0.76363638043403637 0.40952850878238684 0.90145155787467968 0.43823994696140295 0.44886726140975958 0.56429719924926769
decision_type=2 2 2 2 2 2 2 2 2 2 2 2 2 2 2 2 2 2 2 2 2 2 2 2 2 2 2 2 2 2 2 2 2 2 2 2 2 2
left_child=-1 -2 4 27 12 -5 7 8 13 -7 11 -8 17 -6 21 16 -15 18 20 -20 29 -14 -23 -16 -25 26 -11 -4 -29 -3 -19 33 34 -32 35 -33 -22 -12
right_child=1 2 3 5 6 9 10 -9 -10 25 37 -13 14 15 23 -17 -18 30 19 -21 36 22 -24 24 -26 -27 -28 28 -30 -31 31 32 -34 -35 -36 -37 -38 -39
leaf_value=0 0 -0.0011142869158960523 0.01107035559610761 0.0053090098783530239 -0.023213181733439055 0.0078738687368469229 0.0012394783004707874 0.082075937316720915 -0.0083628553765962323 0.010552669884269079 -0.017149733026606832 -0.0013490205328366756 -0.001669552382981756 0.066929064195579355 -0.00034944342267371516 0.061318788493523617 -0.010199051016701577 0.00011459941837679694 0.04365749299237727 0.039155671547985237 0.00084439726890735752 -0.0040784143629204548 0.041230400798381195 -0.074390759100577672 0.010790126053578852 0.010552669884269079 -0.001404064748935454 0.010552669884269079 -0.043338586354516873 -0.00030552408838814825 -0.00057997464143948467 -0.0026039151408222237 0.025077469812521683 0.0097402376641843001 -0.012951733476078503 0.00099831766657606743 -0.0002599930866300326 0.019038650477963586
leaf_weight=27813 9258 85 766 465 88 369 55 715 344 1660 64 250 423 1081 563 370 276 4850 309 179 428 197 55 56 135 6409 59 924 37 154 91 77 122 629 146 178 173 147
leaf_count=27813 9258 85 766 465 88 369 55 715 344 1660 64 250 423 1081 563 370 276 4850 309 179 428 197 55 56 135 6409 59 924 37 154 91 77 122 629 146 178 173 147
internal_value=0.00670933 0.0122074 0.0171364 0.0296492 0.00620915 0.0335907 0.0167552 0.0210438 0.0157295 0.0352548 -0.00713178 -0.0226885 0.00216949 0.0207824 -0.00736179 0.0227678 0.0185999 0.00400485 0.011988 0.027377 0.00304762 -0.0170074 -0.00126984 0.00127321 0.020733 0.0363091 0.0299011 0.00919514 0.0155255 -0.0145607 0.00226489 0.00936444 -0.00695985 0.0212222 -0.0188529 -0.0067451 0.0100499 0.0153555
internal_weight=60000 32187 22929 10689 12240 8962 3390 2874 2159 8497 516 305 8850 1815 1429 1727 1357 7421 1328 488 840 675 252 754 191 8128 1719 1727 961 239 6093 1243 523 720 401 255 601 211
internal_count=60000 32187 22929 10689 12240 8962 3390 2874 2159 8497 516 305 8850 1815 1429 1727 1357 7421 1328 488 840 675 252 754 191 8128 1719 1727 961 239 6093 1243 523 720 401 255 601 211
is_linear=0
shrinkage=0.04


Tree=82
num_leaves=39
num_cat=0
split_feature=135 15 102 120 13 73 14 119 14 119 60 102 102 119 14 119 58 12 119 14 119 13 9 119 27 14 102 121 119 14 13 122 14 119 68 26 14 101
split_gain=1309.66 1208.46 1963.8 538.595 327.525 283.43 217.052 151.055 182.277 130.016 112.82 109.303 88.2643 86.3419 90.2969 86.2931 74.9497 68.5754 68.4529 68.0635 135.727 157.717 122.995 113.784 78.3239 121.537 75.9111 71.1054 66.8005 107.575 61.9461 73.7455 60.9077 119.397 56.6957 54.8909 132.515 54.2655
threshold=1.0000000180025095e-35 0.75000000000000011 0.59573671221733104 1.0000000180025095e-35 0.93636366724967968 0.085450042039155974 0.50440177321434032 0.55386900901794445 0.48106098175048834 0.59593412280082714 -0.49999997019767756 0.55181074142456066 0.56878516077995311 0.5205402970314027 0.45428046584129339 0.38069936633110052 0.017390768975019458 0.80047810077667247 0.3721448034048081 0.44344586133956915 0.48508223891258245 0.76363638043403637 -0.68322628736495961 0.50662484765052807 0.77259653806686412 0.32932195067405706 0.52797222137451183 1.0000000180025095e-35 0.4717922061681748 0.42345251142978674 0.76363638043403637 1.0000000180025095e-35 0.35276135802268987 0.46147063374519354 0.58677977323532116 -0.63405361771583546 0.53739008307456981 1.0000000180025095e-35
decision_type=2 2 2 2 2 2 2 2 2 2 2 2 2 2 2 2 2 2 2 2 2 2 2 2 2 2 2 2 2 2 2 2 2 2 2 2 2 2
left_child=-1 -2 4 37 12 -5 7 8 13 -7 11 -8 18 14 15 -6 30 -18 -3 20 21 24 32 -21 25 -20 -22 -28 -27 -30 -14 -32 -23 -34 -19 36 -11 -4
right_child=1 2 3 5 6 9 10 -9 -10 35 -12 -13 16 -15 -16 -17 17 34 19 23 26 22 -24 -25 -26 28 27 -29 29 -31 31 -33 33 -35 -36 -37 -38 -39
leaf_value=0 0 -0.00080272685627810758 0.010627541372263316 0.005096649483218911 -0.022284654464101498 0.0075589139873730457 0.0011898991684519558 0.078792899824052048 -0.0080283411615323826 0.010130563088898299 0.01727425098741989 -0.0012950597115231944 -0.0016027702876624873 0.058866036953782695 -0.018442327875235944 0.06413913511728439 -0.00033546568576676658 -0.071415128736554562 0.014825231019969501 -0.01356411185903169 0.0058210416354629044 0.052477421780783191 0.023816610618630635 0.0016224889629769025 -0.0017046272843052534 -0.0025481490344276027 0.0017533253310158515 -0.00754130893029755 0.0043011216182082994 -0.019922819090259888 -0.003915277788403628 0.039581184766445933 -0.049066013867959807 0.045289954540086372 0.010358521011435685 0.010130563088898299 -0.0013479021589780516 0.010130563088898299
leaf_weight=27813 9258 217 766 465 88 369 55 715 344 1546 211 250 423 413 248 1066 563 56 201 332 982 225 435 3218 439 346 312 170 156 71 197 55 232 85 135 6523 59 961
leaf_count=27813 9258 217 766 465 88 369 55 715 344 1546 211 250 423 413 248 1066 563 56 201 332 982 225 435 3218 439 346 312 170 156 71 197 55 232 85 135 6523 59 961
internal_value=0.006704 0.0121975 0.0171224 0.0296492 0.00618301 0.0335907 0.0167552 0.0210438 0.0157666 0.0352548 -0.00713178 -0.0226885 0.00213333 0.0208264 0.0160913 0.0207972 -0.00696991 0.00169761 0.00388627 0.00455303 0.00838533 0.00208219 0.014043 0.000608451 -0.00755153 0.000103359 0.0178142 0.00481328 -0.00928447 0.00757709 -0.0166519 -0.000952381 0.00132841 -0.00996845 0.0224084 0.0363091 0.0296822 0.00919514
internal_weight=60000 32187 22929 10689 12240 8962 3390 2874 2159 8497 516 305 8850 1815 1402 1154 1429 754 7421 7204 3654 2190 977 3550 1213 774 1464 482 573 227 675 252 542 317 191 8128 1605 1727
internal_count=60000 32187 22929 10689 12240 8962 3390 2874 2159 8497 516 305 8850 1815 1402 1154 1429 754 7421 7204 3654 2190 977 3550 1213 774 1464 482 573 227 675 252 542 317 191 8128 1605 1727
is_linear=0
shrinkage=0.04


Tree=83
num_leaves=39
num_cat=0
split_feature=135 15 119 120 73 12 14 13 60 119 122 119 60 85 85 14 12 119 13 10 85 60 119 12 13 119 122 26 119 14 14 119 14 14 119 10 118 9
split_gain=1343.38 1238.69 1876.74 546.779 285.589 260.412 172.667 198.016 193.34 224.395 156.361 102.808 94.4629 105.705 89.9294 96.7311 83.8013 120.215 78.1253 322.907 76.8877 75.3613 201.161 70.0215 85.1621 65.7135 63.7361 100.565 62.0853 112.296 60.6423 61.8878 85.5545 72.5937 127.011 59.9741 59.2574 60.1746
threshold=1.0000000180025095e-35 0.75000000000000011 0.59593412280082714 1.0000000180025095e-35 0.085450042039155974 0.91245013475418102 0.50125351548194896 0.76363638043403637 -0.44228866696357721 0.55386900901794445 1.0000000180025095e-35 0.62131977081298839 -0.49999997019767756 0.55228129029273998 0.55858969688415538 0.41325272619724279 0.80047810077667247 0.51773032546043407 0.76363638043403637 0.7294733226299287 0.50011277198791515 -0.49999997019767756 0.55386900901794445 0.75309807062149059 0.76363638043403637 0.38069936633110052 1.0000000180025095e-35 -0.63405361771583546 0.58391302824020397 0.53320875763893139 0.488080844283104 0.52763688564300548 0.44344586133956915 0.47904258966445928 0.53999802470207225 0.93540483713150036 1.0000000180025095e-35 0.35206137597560888
decision_type=2 2 2 2 2 2 2 2 2 2 2 2 2 2 2 2 2 2 2 2 2 2 2 2 2 2 2 2 2 2 2 2 2 2 2 2 2 2
left_child=-1 -2 5 36 -5 6 7 8 9 16 21 23 13 -8 15 -10 17 -3 19 -7 -18 22 30 24 26 -20 27 -6 -15 -30 31 32 -9 -33 -35 -14 -4 -38
right_child=1 2 3 4 11 18 12 10 14 -11 -12 -13 35 28 -16 -17 20 -19 25 -21 -22 -23 -24 -25 -26 -27 -28 -29 29 -31 -32 33 -34 34 -36 -37 37 -39
leaf_value=0 0 0.004794946744273729 -0.17906354388931434 0.0056250909217432365 -0.0012939860726189423 0.0068792745878430853 0.0011423032017138777 0.001280744918082064 -0.00091852675709013453 0.010728573417928046 0.045317273968804063 0.0097253405653423639 0.017586134419348271 -0.0018546954288419673 -0.0061193403789683741 0.00031064829211889132 -0.0004106945064049583 -0.0023605066044996813 -0.021393268285537434 -0.0099456062297986498 0.0096482309284879973 0.021702843403995972 0.071904896545373798 0.03123350515775826 0.094830420265592116 0.059419442647208102 -0.00068013844083200322 0.0093006672965923794 0.01327026581313529 -0.0046249873303393406 -0.0089125003504369384 0.026555066409882037 -0.0024838802768463353 -0.0077072075150710871 0.085124786572439923 -0.0060991672089805646 0.0097253405653423639 -0.042010265423892135
leaf_weight=27813 9258 1037 403 469 145 287 97 815 536 423 426 6989 342 500 265 1036 222 510 49 203 333 1900 408 957 201 1163 82 126 124 162 210 192 621 78 76 218 1285 39
leaf_count=27813 9258 1037 403 469 145 287 97 815 536 423 426 6989 342 500 265 1036 222 510 49 203 333 1900 408 957 201 1163 82 126 124 162 210 192 621 78 76 218 1285 39
internal_value=0.00678533 0.0123491 0.0173353 0.0295737 0.0335422 0.00663451 0.00428829 0.00632923 0.000183402 0.00736634 0.0120017 0.0352188 -0.00856549 -0.0167157 -0.00968971 -0.00605598 0.00201713 -0.00276665 0.0211516 0.00767347 0.0153514 0.00971163 0.005 0.0257578 0.0144404 0.0266007 0.00260623 0.0119557 -0.0215776 -0.00671329 -0.000240964 0.00215488 -0.00150418 0.017341 -0.00311688 0.00428571 0.00896352 0.0130514
internal_weight=60000 32187 22929 10696 8969 12233 10531 9088 4362 2525 4726 8500 1443 883 1837 1572 2102 1547 1702 490 555 4300 2400 1511 554 1212 353 271 786 286 1992 1782 1436 346 154 560 1727 1324
internal_count=60000 32187 22929 10696 8969 12233 10531 9088 4362 2525 4726 8500 1443 883 1837 1572 2102 1547 1702 490 555 4300 2400 1511 554 1212 353 271 786 286 1992 1782 1436 346 154 560 1727 1324
is_linear=0
shrinkage=0.04


Tree=84
num_leaves=39
num_cat=0
split_feature=135 15 102 120 13 60 9 73 14 122 119 29 119 85 14 14 119 119 14 119 102 13 102 85 14 119 14 14 119 102 13 102 14 119 14 85 14 101
split_gain=1352.86 1247.18 1884 529.663 330.215 346.293 304.217 286.312 233.146 202.649 195.841 192.91 132.349 129.308 105.252 98.0928 104.57 85.6393 158.3 118.303 79.0416 76.6008 81.9842 73.8569 90.088 69.7946 69.4592 60.0229 123.15 58.973 93.0769 62.1095 94.4907 57.5482 67.5643 78.578 67.1382 56.8271
threshold=1.0000000180025095e-35 0.75000000000000011 0.59573671221733104 1.0000000180025095e-35 0.76363638043403637 -0.49999997019767756 -0.68322628736495961 0.085450042039155974 0.50125351548194896 1.0000000180025095e-35 0.55386900901794445 0.80047810077667247 0.59593412280082714 0.55228129029273998 0.47904258966445928 0.44344586133956915 0.38069936633110052 0.55386900901794445 0.53320875763893139 0.51773032546043407 0.50004643201828014 0.93636366724967968 0.5541210174560548 0.55858969688415538 0.41325272619724279 0.48508223891258245 0.44886726140975958 0.36030563712120062 0.3721448034048081 0.55805155634880077 0.93636366724967968 0.52068921923637401 0.44344586133956915 0.50662484765052807 0.488080844283104 0.52505451440811168 0.45591865479946142 1.0000000180025095e-35
decision_type=2 2 2 2 2 2 2 2 2 2 2 2 2 2 2 2 2 2 2 2 2 2 2 2 2 2 2 2 2 2 2 2 2 2 2 2 2 2
left_child=-1 -2 4 37 6 8 11 -5 10 14 15 17 -9 -10 29 16 -6 19 -19 25 -13 -16 -23 24 -8 27 -27 28 -3 31 -31 32 -7 36 35 -35 -17 -4
right_child=1 2 3 7 5 9 23 12 13 -11 -12 20 -14 -15 21 33 -18 18 -20 -21 -22 22 -24 -25 -26 26 -28 -29 -30 30 -32 -33 -34 34 -36 -37 -38 -39
leaf_value=0 0 -0.0006239178217870247 0.0098134260947590948 0.0046677798670204142 -0.0059541557266215095 0.029905894607833119 -0.0008817856868065377 0.0068274144911610081 0.0010966110736453224 0.057050542234054973 0.072398347529596091 0.00040166857885861164 0.0093363269427286615 -0.0017740679555876683 -0.0033208144265722693 -0.01292219217359657 0.044807253268093206 0.013619190920438236 -0.00014136985091166027 -0.0026501840260209522 0.0091717453994887427 -0.016910747056680133 0.015764586835768528 -0.0026205983231336206 -6.7091182209253475e-05 0.01899388724900767 -0.0055626558141201252 -0.0053777098953793215 0.014194550142636472 -0.012037384989611511 0.014531230443609716 0.027862812863623462 0.021108492758017194 -0.0027127331528271981 -0.0087524272487090587 0.021479844960225591 0.0051718782052436428 0.0093363269427286615
leaf_weight=27813 9258 84 766 465 146 897 678 369 88 730 354 278 8128 540 477 159 1147 225 120 459 657 173 363 594 1239 176 126 373 194 65 65 414 315 398 217 448 41 961
leaf_count=27813 9258 84 766 465 146 897 678 369 88 730 354 278 8128 540 477 159 1147 225 120 459 657 173 363 594 1239 176 126 373 194 65 65 414 315 398 217 448 41 961
internal_value=0.006808 0.0123913 0.0173946 0.0296641 0.00667974 0.0123291 -0.000960984 0.0335729 0.0035048 0.0212518 0.00827491 0.00838039 0.0352454 -0.0185987 0.0163091 0.00441315 0.0121578 0.000569152 0.0184348 -0.00379603 0.0230588 0.00604146 0.0164179 -0.0109757 -0.00715702 0.00423924 0.0201325 -0.00313364 0.0109353 0.0222323 -0.00369231 0.024305 0.019736 -0.00351544 0.000188147 0.00529551 -0.0232 0.00938043
internal_weight=60000 32187 22929 10689 12240 7037 5203 8962 3538 3499 2910 2692 8497 628 2769 2556 1293 1757 345 1412 935 1013 536 2511 1917 953 302 651 278 1756 130 1626 1212 1263 1063 846 200 1727
internal_count=60000 32187 22929 10689 12240 7037 5203 8962 3538 3499 2910 2692 8497 628 2769 2556 1293 1757 345 1412 935 1013 536 2511 1917 953 302 651 278 1756 130 1626 1212 1263 1063 846 200 1727
is_linear=0
shrinkage=0.04


Tree=85
num_leaves=39
num_cat=0
split_feature=135 15 102 120 30 73 14 43 14 43 85 12 26 30 14 85 60 30 7 14 122 102 14 102 102 121 102 14 102 14 51 14 102 12 101 68 9 104
split_gain=1295.41 1195.69 1978.19 526.54 313.838 307.931 210.667 120.529 130.429 112.82 122.87 83.9939 229.906 232.981 89.0159 84.4642 101.18 267.424 85.1618 80.0549 76.1626 76.1385 76.3193 171.03 71.4992 65.8944 65.4024 125.506 63.8388 141.883 63.2528 62.3463 61.0964 58.2052 56.8271 55.6782 53.3027 88.3622
threshold=1.0000000180025095e-35 0.75000000000000011 0.59573671221733104 1.0000000180025095e-35 0.93636366724967968 0.085450042039155974 0.50440177321434032 -0.55557009577751149 0.53739008307456981 -0.55557009577751149 0.55228129029273998 0.81298899650573742 -0.65934595465660084 0.76363638043403637 0.43823994696140295 0.55858969688415538 -0.49999997019767756 0.76363638043403637 0.50510114431381237 0.50125351548194896 1.0000000180025095e-35 0.5541210174560548 0.35276135802268987 0.37131667137146002 0.50004643201828014 1.0000000180025095e-35 0.47165453433990484 0.42466887831687933 0.5541210174560548 0.49434550106525427 0.52053794264793407 0.43823994696140295 0.37993320822715765 0.71392521262168895 1.0000000180025095e-35 0.42083865404129034 -0.68322628736495961 1.0000000180025095e-35
decision_type=2 2 2 2 2 2 2 2 2 2 2 2 2 2 2 2 2 2 2 2 2 2 2 2 2 2 2 2 2 2 2 2 2 2 2 2 2 2
left_child=-1 -2 4 34 11 -5 20 8 33 10 -8 15 24 14 -14 16 21 35 -17 36 28 22 23 -3 31 -19 -24 -28 29 32 -16 -13 -6 -7 -4 -18 37 -20
right_child=1 2 3 5 6 7 9 -9 -10 -11 -12 12 13 -15 30 18 17 25 19 -21 -22 -23 26 -25 -26 -27 27 -29 -30 -31 -32 -33 -34 -35 -36 -37 -38 -39
leaf_value=0 0 -0.00093745893892645141 0.0094208890509687396 0.0044810686723396036 -0.020299371325051076 0.0097045029298253385 0.0010527466306995096 0.0089628738650195314 -0.0016156797074233253 0.016081415427470915 -0.0017031052373641842 0.0026227879713145797 -0.0024442268181362969 0.02510035317717808 0.0009589788841870828 -0.0027574936737710231 -0.00084651425933426341 0.040340884329762898 0.00029606124464624626 -0.00056109325334608167 0.076267607323032324 0.017301760868804691 -0.005162601499564148 0.015720978013509353 0.0086436877996045776 0.019204032649269179 0.018234131759047364 -0.0013461047796214515 0.056654360338929982 -0.015708026205992473 -0.0064123534836970468 -0.23539745790673741 0.053514191534192575 0.0089628738650195314 0.0089628738650195314 -6.4736988187057422e-05 -0.0093217208125744473 0.013615359989898473
leaf_weight=27813 9258 120 766 465 76 526 59 6432 63 211 246 397 334 206 156 869 198 251 205 376 355 109 437 357 610 963 225 1375 572 186 278 45 1685 1476 961 1117 43 179
leaf_count=27813 9258 120 766 465 76 526 59 6432 63 211 246 397 334 206 156 869 198 251 205 376 355 109 437 357 610 963 225 1375 572 186 278 45 1685 1476 961 1117 43 179
internal_value=0.00666933 0.0121328 0.0170317 0.0296043 0.00605229 0.0335015 0.0164012 0.035236 0.0268281 -0.00713178 -0.0226885 0.00208814 0.00923988 -0.00476386 -0.0148958 -3.517e-05 0.0025 0.00820878 -0.00784689 0.00154421 0.0206263 -0.00300419 -0.00442323 0.00997904 0.0222053 0.0217463 -0.00779578 -0.00405 0.0181818 0.0147304 -0.00294931 0.00995475 0.0182396 0.0286114 0.00938043 -0.00428897 0.0133958 0.018125
internal_weight=60000 32187 22929 10689 12240 8962 3390 8497 2065 516 305 8850 2026 974 768 6824 5152 2529 1672 803 2874 2623 2514 477 1052 1214 2037 1600 2519 1947 434 442 1761 2002 1727 1315 427 384
internal_count=60000 32187 22929 10689 12240 8962 3390 8497 2065 516 305 8850 2026 974 768 6824 5152 2529 1672 803 2874 2623 2514 477 1052 1214 2037 1600 2519 1947 434 442 1761 2002 1727 1315 427 384
is_linear=0
shrinkage=0.04


Tree=86
num_leaves=39
num_cat=0
split_feature=135 15 102 10 12 73 101 56 13 122 45 60 14 119 14 102 102 13 10 119 119 12 12 127 75 119 14 14 68 119 14 119 14 119 102 121 10 14
split_gain=1288.87 1189.82 1991.39 459.133 309.366 165.042 163.043 119.987 117.694 344.986 208.093 151.349 131.846 274.143 118.709 110.665 94.6535 74.8122 248.074 67.1451 66.1915 72.0033 65.2043 65.5397 60.9773 60.6492 66.6621 59.0264 68.7626 68.6052 58.9743 89.8943 58.2844 77.9432 113.376 54.1351 49.8341 49.6314
threshold=1.0000000180025095e-35 0.75000000000000011 0.59573671221733104 0.25881896913051611 0.91245013475418102 0.085450042039155974 1.0000000180025095e-35 0.09360742568969728 0.76363638043403637 1.0000000180025095e-35 0.86721748113632213 -0.49999997019767756 0.50125351548194896 0.55386900901794445 0.47904258966445928 0.55181074142456066 0.55805155634880077 0.76363638043403637 0.7294733226299287 0.38069936633110052 0.4717922061681748 0.80047810077667247 0.71392521262168895 1.492284417152405 1.1747627258300783 0.51773032546043407 0.44344586133956915 0.35276135802268987 0.45372331142425543 0.38069936633110052 0.32932195067405706 0.3721448034048081 0.42466887831687933 0.55386900901794445 0.57617363333702099 1.0000000180025095e-35 0.7294733226299287 0.41325272619724279
decision_type=2 2 2 2 2 2 2 2 2 2 2 2 2 2 2 2 2 2 2 2 2 2 2 2 2 2 2 2 2 2 2 2 2 2 2 2 2 2
left_child=-1 -2 4 6 8 -5 -4 -8 10 11 37 12 13 27 16 -14 25 18 -6 -19 30 32 23 -9 -11 26 -13 29 -29 -10 31 -12 -22 -34 36 -20 -35 -3
right_child=1 2 3 5 17 -7 7 22 9 24 20 14 15 -15 -16 -17 -18 19 35 -21 21 -23 -24 -25 -26 -27 -28 28 -30 -31 -32 -33 33 34 -36 -37 -38 -39
leaf_value=0 0 -0.00081265368896090708 0.0090440534889300039 0.010822044165246059 0.0066722431442743256 0.0086043589104187398 -0.041061822839246379 0.0099251911987249565 -0.0016460873247771627 0.042512705723061754 -0.00056146275135848561 0.022424462725849387 0.0010106367654715291 0.067236239214855054 0.0029135628124127779 -0.0016349810278695998 -0.0084560057017707638 -0.019487396472049036 -1.8630986699399445e-05 0.054928769981306726 0.016142710719346098 0.00764081096408443 0.0086043589104187398 0.0085413446179064684 -0.0063191137996954777 0.01995147907412452 -0.16982262555678507 -0.048995423606950979 -0.0012922605884365934 0.057820626848722724 -0.0032135866928461689 0.012827615193696573 -0.0009918957618143447 0.012617864020791956 -0.0001132713267413506 -0.014981823206780796 -0.0094549773241815772 -0.00060772319109615226
leaf_weight=27813 9258 591 805 242 271 6173 197 450 107 569 94 596 61 323 1013 539 95 49 99 1166 289 657 2176 646 49 373 235 207 1372 283 336 206 711 198 143 125 23 1460
leaf_count=27813 9258 591 805 242 271 6173 197 450 107 569 94 596 61 323 1013 539 95 49 99 1166 289 657 2176 646 49 373 235 207 1372 283 336 206 711 198 143 125 23 1460
internal_value=0.00665333 0.012103 0.0169898 0.0296043 0.00597386 0.036371 0.0194478 0.0232113 0.00341121 0.00721402 -0.00129142 0.00385857 -0.00224066 0.00212914 0.0114879 -0.0189333 0.0194919 0.0217544 0.00864646 0.0270947 0.0060971 0.00963879 0.0250367 0.0170803 0.0354693 0.0225249 0.0165102 -0.00347384 -0.00691577 0.0104615 -0.00515723 0.00773333 0.00439883 0.000111628 0.0151648 -0.0225 0.0331222 -0.010863
internal_weight=60000 32187 22929 10689 12240 6415 4274 3469 10530 5822 4708 5204 2892 2292 2312 600 1299 1710 495 1215 2657 2021 3272 1096 618 1204 831 1969 1579 390 636 300 1364 1075 364 224 221 2051
internal_count=60000 32187 22929 10689 12240 6415 4274 3469 10530 5822 4708 5204 2892 2292 2312 600 1299 1710 495 1215 2657 2021 3272 1096 618 1204 831 1969 1579 390 636 300 1364 1075 364 224 221 2051
is_linear=0
shrinkage=0.04


Tree=87
num_leaves=39
num_cat=0
split_feature=135 15 102 120 73 12 119 13 122 79 14 25 85 13 10 75 85 12 14 43 14 118 121 113 119 102 13 14 26 14 119 14 119 14 13 119 12 102
split_gain=1371.34 1263.74 1841.98 528.491 289.04 278.763 137.076 117.729 319.31 214.402 131.965 83.2346 135.418 78.2989 245.506 60.9773 57.7683 57.3509 57.2325 55.9484 133.166 54.2864 54.1351 51.8168 169.518 123.551 84.9498 57.9455 56.1185 56.0769 71.3475 79.625 125.853 65.3568 61.7076 55.4373 50.3514 77.5272
threshold=1.0000000180025095e-35 0.75000000000000011 0.59573671221733104 1.0000000180025095e-35 0.085450042039155974 0.91245013475418102 0.59593412280082714 0.76363638043403637 1.0000000180025095e-35 0.66376754641532909 0.50125351548194896 -0.1745466664433479 0.55228129029273998 0.76363638043403637 0.7294733226299287 1.1747627258300783 0.55858969688415538 0.71469494700431835 0.41325272619724279 -0.55557009577751149 0.53739008307456981 1.0000000180025095e-35 1.0000000180025095e-35 0.63034516572952282 0.55386900901794445 0.55805155634880077 0.93636366724967968 0.488080844283104 -0.65934595465660084 0.488080844283104 0.54231527447700512 0.47904258966445928 0.52763688564300548 0.44344586133956915 0.93636366724967968 0.51532536745071422 0.62969112396240245 0.47612912952899938
decision_type=2 2 2 2 2 2 2 2 2 2 2 2 2 2 2 2 2 2 2 2 2 2 2 2 2 2 2 2 2 2 2 2 2 2 2 2 2 2
left_child=-1 -2 5 21 -5 7 -6 9 10 16 23 -12 -13 14 -7 -10 18 36 -3 20 -8 -4 -16 25 29 27 -27 -9 -26 30 31 32 33 -25 -35 -36 37 -11
right_child=1 2 3 4 6 13 19 8 15 17 11 12 -14 -15 22 -17 -18 -19 -20 -21 -22 -23 -24 24 28 26 -28 -29 -30 -31 -32 -33 -34 34 35 -37 -38 -39
leaf_value=0 0 -0.00078014754140248504 -0.17303213687912805 0.0046012515766892647 0.0058516286004970299 0.0064053534185033456 0.0082601845540019887 0.01988891551146061 0.040812197494139259 -0.0005390042413041462 0.0036950976861929346 0.00097021129485266801 -0.0015760214428554304 0.051023598349036026 -1.7885747231431992e-05 -0.0060663492477076586 -0.0023836212746723719 0.0056655081363395964 -5.5118753836644884e-05 0.0082601845540019887 -0.0018952268755431589 0.0082601845540019887 -0.01438255027850957 0.0014952129090860728 0.06454678964626083 -0.011055915897512493 0.0076531276187147062 -0.0097927880203663338 -0.0010397153627553736 -0.0082967955440383743 0.05641930839998658 -0.0080265320388397191 0.036162077475552508 -0.0024986892119917316 -0.010934408561667375 0.13524965755218671 -0.00077315598684670308 0.0096401596436960276
leaf_weight=27813 9258 513 403 465 369 271 1660 1255 569 412 498 58 464 1215 99 49 478 1389 967 6409 59 1324 125 842 296 139 185 182 57 221 107 128 156 443 102 71 387 562
leaf_count=27813 9258 513 403 465 369 271 1660 1255 569 412 498 58 464 1215 99 49 478 1389 967 6409 59 1324 125 842 296 139 185 182 57 221 107 128 156 443 102 71 387 562
internal_value=0.006852 0.0124734 0.0175097 0.0296417 0.0335461 0.00691503 0.0352266 0.00448243 0.00828581 -0.000220901 0.00505765 -0.00784314 -0.0190038 0.0218947 0.00848485 0.0354693 -0.0103371 0.00698182 -0.00643243 0.0363091 0.0299011 0.00938043 -0.0225 0.00820268 0.00440776 0.0134242 -0.00888889 0.0184551 0.0300283 3.86473e-05 0.00231476 0.000367394 0.00277571 -0.000877915 -0.0107792 0.00947977 0.00114622 0.00599589
internal_weight=60000 32187 22929 10689 8962 12240 8497 10530 5822 4708 5204 1020 522 1710 495 618 1958 2750 1480 8128 1719 1727 224 4184 2423 1761 324 1437 353 2070 1849 1742 1614 1458 616 173 1361 974
internal_count=60000 32187 22929 10689 8962 12240 8497 10530 5822 4708 5204 1020 522 1710 495 618 1958 2750 1480 8128 1719 1727 224 4184 2423 1761 324 1437 353 2070 1849 1742 1614 1458 616 173 1361 974
is_linear=0
shrinkage=0.04


Tree=88
num_leaves=39
num_cat=0
split_feature=135 15 102 120 73 13 122 31 9 12 102 119 102 31 119 119 119 31 79 85 31 85 31 119 75 31 119 43 31 101 1 12 60 12 102 85 10 31
split_gain=1314.61 1212.9 1942.28 536.626 289.04 282.436 361.317 240.631 239.055 157.423 141.68 137.076 128.124 102.592 201.35 136.041 99.6702 128.495 79.6764 137.827 70.919 70.1891 66.8865 66.7012 62.8216 60.979 89.1691 55.9484 133.166 54.2655 63.0511 53.1861 52.9222 51.6502 51.0019 61.4052 49.9655 49.6175
threshold=1.0000000180025095e-35 0.75000000000000011 0.59573671221733104 1.0000000180025095e-35 0.085450042039155974 0.76363638043403637 1.0000000180025095e-35 0.44344586133956915 -0.68322628736495961 0.80047810077667247 0.37993320822715765 0.59593412280082714 0.50004643201828014 0.53320875763893139 0.55386900901794445 0.51773032546043407 0.50662484765052807 0.50125351548194896 0.86798107624053966 0.55228129029273998 0.45591865479946142 0.55858969688415538 0.41325272619724279 0.3721448034048081 1.1747627258300783 0.36030563712120062 0.47632130980491644 -0.55557009577751149 0.53739008307456981 1.0000000180025095e-35 1.0000000180025095e-35 0.88894206285476696 -0.70710662007331837 0.70907047390937816 0.52068921923637401 0.54239150881767284 0.91037616133689891 0.42345251142978674
decision_type=2 2 2 2 2 2 2 2 2 2 2 2 2 2 2 2 2 2 2 2 2 2 2 2 2 2 2 2 2 2 2 2 2 2 2 2 2 2
left_child=-1 -2 5 29 -5 8 7 10 9 13 -7 -6 31 14 15 23 20 -18 36 -20 -9 22 -10 -3 -8 -25 -27 28 -13 -4 -31 -11 -12 -21 -24 -36 -19 -28
right_child=1 2 3 4 11 6 24 16 21 12 32 27 -14 -15 -16 -17 17 18 19 33 -22 -23 34 25 -26 26 37 -29 -30 30 -32 -33 -34 -35 35 -37 -38 -39
leaf_value=0 0 -0.0005174440716519804 0.0083518839672127154 0.0044172015136216911 0.0056175634564771572 -0.002016234674058539 0.052918833793203321 -0.012199822303450717 -0.00074894163974636996 0.003492273507712227 0.038893414863618289 0.007929777171841899 0.0079360242090138651 -0.00034603935541927726 0.012017658402262156 -0.0026772769687762833 0.014817783940815446 0.014341649060675294 0.00093140284305856123 -0.0013221896997144 0.0033135021816703531 -0.002288276423685467 0.00094713340661691349 0.012741729256473669 -0.0058236952777993524 -0.0048059938022155689 0.016657430184260705 0.007929777171841899 -0.0018194178005214213 0.007929777171841899 -0.039749757307836607 -0.00065747703389529733 0.027880748916672964 -0.0058338585241651973 -0.0019220598909879883 0.00064081674090544995 -0.0051050644803387456 0.01508640345502176
leaf_weight=27813 9258 90 766 465 369 205 765 246 678 112 920 1660 657 123 225 458 2557 249 64 276 47 594 541 204 49 261 118 6409 59 924 37 166 1228 238 357 341 193 278
leaf_count=27813 9258 90 766 465 369 205 765 246 678 112 920 1660 657 123 225 458 2557 249 64 276 47 594 541 204 49 261 118 6409 59 924 37 166 1228 238 357 341 193 278
internal_value=0.006716 0.0122198 0.0171538 0.0296118 0.0335461 0.00627451 0.0114992 0.00822112 -0.000791851 0.00748886 0.0183085 0.0352266 0.0207487 0.000432555 0.00308446 -0.00252661 0.00208786 0.00392508 -0.00807843 -0.0178547 -0.0203413 -0.00966945 -0.00594679 0.00609884 0.0365602 0.00952381 0.00359209 0.0363091 0.0299011 0.00919514 0.0155255 -0.00201439 0.0213408 -0.0247471 -0.000419693 -0.00756447 0.00470588 0.0155556
internal_weight=60000 32187 22929 10689 8962 12240 7037 6223 5203 2692 2353 8497 935 1757 1634 1409 3870 3577 1020 578 293 2511 1917 951 814 861 657 8128 1719 1727 961 278 2148 514 1239 698 442 396
internal_count=60000 32187 22929 10689 8962 12240 7037 6223 5203 2692 2353 8497 935 1757 1634 1409 3870 3577 1020 578 293 2511 1917 951 814 861 657 8128 1719 1727 961 278 2148 514 1239 698 442 396
is_linear=0
shrinkage=0.04


Tree=89
num_leaves=39
num_cat=0
split_feature=135 15 102 120 12 73 31 119 13 122 79 96 119 13 27 31 102 12 12 43 119 119 31 9 85 101 31 119 85 121 42 12 119 31 119 12 31 102
split_gain=1272.03 1174.72 2020.92 525.761 291.386 287.865 162.458 136.32 112.441 330.079 160.572 137.283 107.721 94.2887 208.098 85.0055 78.5781 75.0606 108.323 72.428 67.1451 61.0324 59.8832 100.297 57.936 56.8271 56.7398 132.515 83.684 56.3672 54.3666 54.0757 53.9456 53.364 91.3997 53.2719 51.9848 49.394
threshold=1.0000000180025095e-35 0.75000000000000011 0.59573671221733104 1.0000000180025095e-35 0.91245013475418102 0.085450042039155974 0.53320875763893139 0.59593412280082714 0.76363638043403637 1.0000000180025095e-35 0.63508617877960216 0.84217259287834179 0.55386900901794445 0.76363638043403637 0.75183969736099254 0.47904258966445928 0.55805155634880077 0.61881121993064891 0.50244787335395824 -0.55557009577751149 0.38069936633110052 0.55148217082023632 0.53739008307456981 -0.44228866696357721 0.56063726544380199 1.0000000180025095e-35 0.44886726140975958 0.48508223891258245 0.58643448352813732 1.0000000180025095e-35 1.5879284739494326 0.88894206285476696 0.52266719937324535 0.41325272619724279 0.3721448034048081 0.80047810077667247 0.44344586133956915 0.52797222137451183
decision_type=2 2 2 2 2 2 2 2 2 2 2 2 2 2 2 2 2 2 2 2 2 2 2 2 2 2 2 2 2 2 2 2 2 2 2 2 2 2
left_child=-1 -2 4 25 6 -5 8 -7 10 11 24 15 26 14 -6 16 32 18 -13 -14 -15 37 -9 -24 -3 -4 27 31 -29 -16 -11 33 36 34 -12 -28 -10 -20
right_child=1 2 3 5 13 7 -8 22 9 30 12 17 19 20 29 -17 -18 -19 21 -21 -22 -23 23 -25 -26 -27 35 28 -30 -31 -32 -33 -34 -35 -36 -37 -38 -39
leaf_value=0 0 -0.00057461767443049542 0.0080178086085242132 0.0042405134530768152 0.0058316983134026404 0.0053928609182180764 -0.0037659312318747162 0.0076125860849682071 0.020210623044082113 0.037062956242645557 -0.0004967463087859012 0.061372206702777772 0.010305237900161758 -0.020668195160166172 1.2787348247691455e-05 0.0044448992792501234 -0.0087907587944663131 0.0014109869752822488 -0.00065262970428143162 -0.0011804578171243385 0.049425091922955675 -0.001316412471773205 -0.0017441205168000806 0.0071517860971752611 -0.0018551236171697205 0.0076125860849682071 -0.0011608114220185652 0.0076999906310071609 -0.01653040365511952 -0.013730365871729688 -0.0041292506719120574 -0.00063117795253948123 0.014816946554696814 -0.0046137540501269463 0.0033525825674037436 0.011057017666349757 0.018925891120532796 0.00089414672933621877
leaf_weight=27813 9258 1478 766 465 271 369 409 7936 641 551 95 96 368 49 99 1007 96 1778 527 88 1166 197 70 122 334 961 658 487 43 125 52 93 299 309 375 149 327 73
leaf_count=27813 9258 1478 766 465 271 369 409 7936 641 551 95 96 368 49 99 1007 96 1778 527 88 1166 197 70 122 334 961 658 487 43 125 52 93 299 309 375 149 327 73
internal_value=0.006612 0.012026 0.0168817 0.0295893 0.00578431 0.0334836 0.00329725 0.0351606 0.00429602 0.00805103 -0.000437793 0.00470542 0.00580863 0.0210994 0.00638384 0.0117131 0.0182245 -0.00151254 -0.0109742 0.0235088 0.0270947 -0.0158093 0.0362402 0.0141667 -0.00962472 0.00938043 0.00215482 0.00701854 0.0227925 -0.0221429 0.0360199 -0.00256881 0.0208682 0.000872914 0.0093617 -0.00629492 0.016281 -0.00946667
internal_weight=60000 32187 22929 10689 12240 8962 10530 8497 10121 5644 4477 5041 2665 1710 495 2370 1363 2671 893 456 1215 797 8128 192 1812 1727 2209 1402 530 224 603 872 1267 779 470 807 968 600
internal_count=60000 32187 22929 10689 12240 8962 10530 8497 10121 5644 4477 5041 2665 1710 495 2370 1363 2671 893 456 1215 797 8128 192 1812 1727 2209 1402 530 224 603 872 1267 779 470 807 968 600
is_linear=0
shrinkage=0.04


Tree=90
num_leaves=39
num_cat=0
split_feature=118 32 119 73 120 29 119 14 122 13 119 13 10 122 13 122 29 26 108 119 119 8 119 119 85 0 13 29 56 14 6 119 85 119 14 14 119 29
split_gain=1249.32 1200.7 1927.31 638.756 314.158 285.453 103.937 102.448 103.227 141.795 79.4532 70.9067 189.451 75.8641 69.6351 124.574 84.206 88.0145 68.4193 66.3178 65.4926 57.3468 52.624 44.7309 41.8616 40.0761 39.474 42.3204 39.5728 36.232 33.2843 45.6792 31.6445 31.3904 78.453 64.5926 47.7864 54.2494
threshold=1.0000000180025095e-35 0.75000000000000011 0.59593412280082714 0.085450042039155974 1.0000000180025095e-35 0.91245013475418102 0.62131977081298839 0.53494751453399669 1.0000000180025095e-35 0.76363638043403637 0.8213065266609193 0.76363638043403637 0.7294733226299287 1.0000000180025095e-35 0.76363638043403637 1.0000000180025095e-35 0.71392521262168895 -0.63405361771583546 0.84863853454589855 0.48508223891258245 0.38069936633110052 -0.0050861546769738189 0.61388990283012401 0.48508223891258245 0.46157070994377142 0.82441669702529918 0.93636366724967968 0.81298899650573742 0.29048770666122442 0.49782148003578192 0.86958384513854992 0.7215886414051057 0.65913671255111705 0.55386900901794445 0.49434550106525427 0.49782148003578192 0.51532536745071422 0.87096264958381664
decision_type=2 2 2 2 2 2 2 2 2 2 2 2 2 2 2 2 2 2 2 2 2 2 2 2 2 2 2 2 2 2 2 2 2 2 2 2 2 2
left_child=-1 -2 5 10 29 7 14 8 18 19 30 12 23 -14 15 16 17 -6 -3 -10 -13 -11 -17 24 -7 -12 27 -20 -28 -5 31 -4 -16 34 36 -35 37 -30
right_child=1 2 3 4 6 11 -8 -9 9 21 25 20 13 -15 32 22 -18 -19 26 -21 -22 -23 -24 -25 -26 -27 28 -29 33 -31 -32 -33 -34 35 -36 -37 -38 -39
leaf_value=0 0 -0.0001999803751434115 0.10214627048331704 0.0073106032132699639 -0.0016768762678285398 0.0011159567827220584 0.0073080826415694846 -0.0052782547558920092 -0.00069599926717931024 0.032676658217377155 -0.0079779914205534083 -0.019841467353759527 -0.013509448744356263 0.00037551589543038943 0.091880090366517855 -0.00085249051825755375 0.0045247357874976758 0.0069003963035694938 0.00069593601682264253 0.00038786015859232137 0.046623803796760586 0.022142789551528923 0.0013177560090182894 0.007219152742471451 -0.0022647450264418369 -0.0079779914205534083 0.038070404402377495 0.0098930283841552943 0.0031245226153922491 -0.1511752276384096 0.11247316277249518 -0.024369719158109444 0.092227771265587816 0.0617486102340132 -0.023819869338836668 -0.00090509437038427626 0.044600643470057655 -0.051509130942914587
leaf_weight=27793 9293 4158 123 1080 123 27 6971 326 137 376 207 49 127 76 605 121 381 101 3206 404 1162 81 65 234 26 166 242 544 297 225 139 261 113 234 139 81 244 63
leaf_count=27793 9293 4158 123 1080 123 27 6971 326 137 376 207 49 127 76 605 121 381 101 3206 404 1162 81 65 234 26 166 242 544 297 225 139 261 113 234 139 81 244 63
internal_value=0.006684 0.0120458 0.0169643 0.0293793 0.0323393 0.00612442 0.0351509 0.00366882 0.0043739 0.0165932 -0.00294643 0.0213286 0.0084898 -0.0210837 0.0256329 0.0174463 0.0262479 0.00678571 0.00304952 0.00273567 0.0265235 0.0329978 -0.0111828 0.0294077 -0.00377358 -0.0170509 0.00617822 0.004096 0.0121846 0.014069 0.00711281 0.00104167 0.0346518 0.00884688 0.0043607 0.0194286 0.010596 0.00133333
internal_weight=60000 32207 22914 10681 9785 12233 8480 10532 10206 998 896 1701 490 203 1509 791 605 224 9208 541 1211 457 186 287 53 373 5050 3750 1300 1305 523 384 718 1058 743 315 604 360
internal_count=60000 32207 22914 10681 9785 12233 8480 10532 10206 998 896 1701 490 203 1509 791 605 224 9208 541 1211 457 186 287 53 373 5050 3750 1300 1305 523 384 718 1058 743 315 604 360
is_linear=0
shrinkage=0.04


Tree=91
num_leaves=39
num_cat=0
split_feature=135 15 102 103 73 12 122 13 13 10 125 43 31 101 119 42 119 119 12 31 121 31 13 12 56 22 85 13 12 12 102 92 85 12 45 119 31 119
split_gain=1274.73 1177.15 1963.42 478.92 336.566 248.955 120.084 307.748 118.264 169.943 86.5191 78.6993 130.794 75.68 66.3763 60.8279 58.7472 56.3005 52.6717 54.0965 52.3992 50.3864 43.1284 48.1253 38.9804 38.2763 34.8101 33.8246 32.1807 32.3122 58.6337 39.8067 60.88 46.7432 34.2138 31.0168 77.995 89.5595
threshold=1.0000000180025095e-35 0.75000000000000011 0.59573671221733104 1.0000000180025095e-35 0.085450042039155974 0.91245013475418102 1.0000000180025095e-35 0.76363638043403637 0.76363638043403637 0.7294733226299287 0.84864932298660289 -0.52778503298759449 0.53739008307456981 1.0000000180025095e-35 0.38069936633110052 1.5879284739494326 0.59593412280082714 0.48508223891258245 0.71392521262168895 0.53320875763893139 1.0000000180025095e-35 0.53494751453399669 0.93636366724967968 0.81298899650573742 0.29048770666122442 0.12999680638313296 0.52289092540740978 0.76363638043403637 0.89765292406082164 0.71668395400047313 0.45443418622016912 0.053042057901620872 0.55858969688415538 0.87824293971061718 0.9640735685825349 0.55386900901794445 0.48106098175048834 0.51532536745071422
decision_type=2 2 2 2 2 2 2 2 2 2 2 2 2 2 2 2 2 2 2 2 2 2 2 2 2 2 2 2 2 2 2 2 2 2 2 2 2 2
left_child=-1 -2 5 13 27 6 10 16 9 26 21 12 18 -4 -10 -9 17 -8 19 -6 -11 28 23 -12 -24 -13 -7 -5 29 -3 34 32 33 -32 -31 36 37 -26
right_child=1 2 3 4 11 8 7 15 14 20 22 25 -14 -15 -16 -17 -18 -19 -20 -21 -22 -23 24 -25 35 -27 -28 -29 -30 30 31 -33 -34 -35 -36 -37 -38 -39
leaf_value=0 0 -0.00061852530110443802 0.0074046721356524616 -0.0083377371007410869 0.0094653565224735569 0.00071531036225914947 -0.00066815929649212792 0.034255716867078477 -0.019047808659609144 -2.7447814994374653e-06 0.00026891019625145538 0.0070157593359067155 -0.0016098012171153898 0.0070157593359067155 0.045583136094167004 -0.0048497922270967324 -0.00079583756612226612 0.00036819029654004963 0.0070157593359067155 -0.009536085587767076 -0.012640773287086234 -0.0052387367436879211 0.036547588226282388 0.0094973072487890779 0.0015663405926675516 0.0070157593359067155 0.0069353614145137498 0.097928477924320426 -0.00059793161943218816 0.010705032827392885 0.013810372767120001 0.0058080075593579753 -0.0033239851606459148 -0.00093220055997438327 -0.048699592037586677 0.052898092333775612 -0.012459105544600134 0.043283357364296011
leaf_weight=27813 9258 2378 802 227 333 72 128 562 49 99 3243 476 63 1340 1166 56 142 403 1267 64 125 164 242 530 356 5876 199 241 127 98 273 768 110 133 157 282 214 164
leaf_count=27813 9258 2378 802 227 333 72 128 562 49 99 3243 476 63 1340 1166 56 142 403 1267 64 125 164 242 530 356 5876 199 241 127 98 273 768 110 133 157 282 214 164
internal_value=0.00661867 0.0120384 0.0168991 0.0294246 0.0336633 0.00596078 0.00366192 0.0150891 0.020117 0.00363636 0.00206516 0.0355737 0.0280023 0.0125117 0.0268313 0.0354693 -0.00362556 0.00248588 0.0301442 0.0174307 -0.0221429 -0.0021673 0.00560525 0.00346674 0.0120191 0.0376322 0.0249446 0.000683761 -0.00128586 -0.00064335 0.00387264 0.00735202 -0.00124031 0.00591133 -0.0136471 0.00858268 0.00425068 0.0126154
internal_weight=60000 32187 22929 10689 8547 12240 10530 1291 1710 495 9239 8079 1727 2142 1215 618 673 531 1664 397 224 4208 5031 3773 1258 6352 271 468 4044 3917 1539 1284 516 406 255 1016 734 520
internal_count=60000 32187 22929 10689 8547 12240 10530 1291 1710 495 9239 8079 1727 2142 1215 618 673 531 1664 397 224 4208 5031 3773 1258 6352 271 468 4044 3917 1539 1284 516 406 255 1016 734 520
is_linear=0
shrinkage=0.04


Tree=92
num_leaves=39
num_cat=0
split_feature=135 32 102 120 124 12 119 13 10 122 13 125 14 9 75 14 101 121 12 119 119 119 12 119 5 92 102 13 12 13 10 34 85 13 102 60 12 85
split_gain=1288.32 1189.33 1931.51 516.456 314.129 241.165 134.538 117.593 169.943 116.937 305.88 78.6075 61.2635 104.15 60.9773 60.9474 56.8271 52.3992 52.0745 50.9467 54.842 48.5638 47.8086 48.0201 46.5296 39.3427 77.6757 46.866 37.1865 45.8184 36.0783 34.9116 34.8101 32.9307 30.0585 52.6916 107.088 59.5897
threshold=1.0000000180025095e-35 0.75000000000000011 0.59573671221733104 1.0000000180025095e-35 0.053983211517333991 0.91245013475418102 0.59593412280082714 0.76363638043403637 0.7294733226299287 1.0000000180025095e-35 0.76363638043403637 0.86345562338829052 0.53739008307456981 -0.44228866696357721 1.1747627258300783 0.53494751453399669 1.0000000180025095e-35 1.0000000180025095e-35 0.90145155787467968 0.59593412280082714 0.48508223891258245 0.38069936633110052 0.71469494700431835 0.40923309326171881 0.1371320113539696 0.063110232353210463 0.56034687161445629 0.76363638043403637 0.81298899650573742 0.93636366724967968 0.25881896913051611 0.58615493774414074 0.52289092540740978 0.76363638043403637 0.51809874176979076 -0.49999997019767756 0.42494811117649084 0.54012989997863781
decision_type=2 2 2 2 2 2 2 2 2 2 2 2 2 2 2 2 2 2 2 2 2 2 2 2 2 2 2 2 2 2 2 2 2 2 2 2 2 2
left_child=-1 -2 5 16 33 9 -6 8 32 11 19 15 30 -14 -12 18 -4 -10 22 20 -11 -9 34 -24 -18 26 27 -25 29 -13 -8 -28 -7 -5 -3 36 -36 -38
right_child=1 2 3 4 6 7 12 21 17 10 14 28 13 -15 -16 -17 24 -19 -20 -21 -22 -23 23 25 -26 -27 31 -29 -30 -31 -32 -33 -34 -35 35 -37 37 -39
leaf_value=0 0 0.0019813912974813164 0.0071084852502263729 -0.00762702604380511 0.0049045153230587958 0.00068669794776878847 0.006735128962470434 -0.018285896313224779 -2.6349902394429136e-06 -0.00064143292463242579 0.032867833395229196 0.00031884433828878401 -0.0015428885967303074 0.0062927609741892003 -0.0064829946230093999 -0.0050291872739404043 -0.040501135855715707 -0.012135142355602788 -0.00077667491921786793 -0.00076400406347737265 0.00035346268467844054 0.043759810650400299 -0.046751608356083205 -0.00089491253757540085 0.0067350281396024057 0.0052303002169263382 -0.0086829127442284281 0.014399479237285889 0.010783308261783926 0.012992038549090524 0.006735128962470434 0.11638076552182212 0.0066579469579331986 0.0941000462175407 0.058950058661716584 0.0020147637034563458 -0.0034220859463241532 -0.0008723541433343485
leaf_weight=27813 9258 1199 766 220 369 72 2020 49 99 128 569 2653 70 122 49 176 26 125 155 142 403 1166 121 217 935 1063 126 340 774 614 5924 32 199 237 97 807 244 621
leaf_count=27813 9258 1199 766 220 369 72 2020 49 99 128 569 2653 70 122 49 176 26 125 155 142 403 1166 121 217 935 1063 126 340 774 614 5924 32 199 237 97 807 244 621
internal_value=0.006652 0.0121005 0.0169863 0.0294097 0.0332694 0.00613725 0.0350053 0.0200702 0.00363636 0.00387464 0.015151 0.00229895 0.0360767 0.01375 0.0354693 -0.000954213 0.00938043 -0.0221429 -0.000143369 -0.00350669 0.00218456 0.0267654 0.000583522 0.00553976 0.0158585 0.0071991 -5.59441e-05 0.00696589 0.00648354 0.00461586 0.0366163 -0.0248101 0.0249446 0.000962801 -0.0025876 -0.00590164 -0.0122245 -0.0166936
internal_weight=60000 32187 22929 10689 8962 12240 8505 1710 495 10530 1291 9239 8136 192 618 5198 1727 224 5022 673 531 1215 4867 1899 961 1778 715 557 4041 3267 7944 158 271 457 2968 1769 962 865
internal_count=60000 32187 22929 10689 8962 12240 8505 1710 495 10530 1291 9239 8136 192 618 5198 1727 224 5022 673 531 1215 4867 1899 961 1778 715 557 4041 3267 7944 158 271 457 2968 1769 962 865
is_linear=0
shrinkage=0.04


Tree=93
num_leaves=39
num_cat=0
split_feature=135 15 102 120 73 13 122 12 9 60 14 26 14 14 102 85 102 12 102 85 12 14 102 75 12 13 118 102 85 102 85 14 14 102 14 14 12 14
split_gain=1258.53 1162.61 1965.73 512.219 304.864 217.119 392.788 241.453 199.641 135.413 131.264 123.941 132.173 97.0792 212.554 128.867 92.7362 67.3219 64.4311 91.3809 68.5536 121.758 90.4155 62.8216 60.1179 57.5126 54.2864 53.24 55.7251 65.7965 51.0722 73.8604 49.8632 67.9583 78.5866 47.5641 45.7918 44.4568
threshold=1.0000000180025095e-35 0.75000000000000011 0.59573671221733104 1.0000000180025095e-35 0.085450042039155974 0.76363638043403637 1.0000000180025095e-35 0.87096264958381664 -0.68322628736495961 -0.49999997019767756 0.488080844283104 -0.49999997019767756 0.53739008307456981 0.50125351548194896 0.5541210174560548 0.55228129029273998 0.55805155634880077 0.61881121993064891 0.5541210174560548 0.56866914033889782 0.80047810077667247 0.41022963821887976 0.51809874176979076 1.1747627258300783 0.71392521262168895 0.93636366724967968 1.0000000180025095e-35 0.37131667137146002 0.40200284123420721 0.47612912952899938 0.52062875032424938 0.41325272619724279 0.47904258966445928 0.52797222137451183 0.46458241343498236 0.53320875763893139 0.70907047390937816 0.42466887831687933
decision_type=2 2 2 2 2 2 2 2 2 2 2 2 2 2 2 2 2 2 2 2 2 2 2 2 2 2 2 2 2 2 2 2 2 2 2 2 2 2
left_child=-1 -2 5 26 -5 8 7 9 18 13 16 12 24 14 17 -15 -11 -7 20 -20 22 -22 27 -8 35 -18 -4 -3 -29 -30 31 -10 33 34 -19 -6 -17 -31
right_child=1 2 3 4 11 6 23 -9 30 10 -12 -13 -14 15 -16 36 25 32 19 -21 21 -23 -24 -25 -26 -27 -28 28 29 37 -32 -33 -34 -35 -36 -37 -38 -39
leaf_value=0 0 -0.00052339188128380375 -0.16734616540242755 0.0025670455619186683 0.010307268928668041 -0.0011238454072774659 0.045327553852581984 0.036660809638548744 -0.00070489375176514108 0.017222953771154757 -0.0024177068047684714 0.006465723803971599 -0.0014836936245615818 0.00091567844802713737 0.056632204056228805 -0.0013398021054984212 -0.011832505358968745 0.0024172065451062356 0.009473325329909521 0.00024540001486984581 -0.00012657163890921196 0.0065590857230161956 -0.0012078853255924572 -0.0062236748380890237 0.006465723803971599 0.0041092401360355527 0.0064656270140183028 0.012182367585469738 -0.0044805515101763848 0.015447807219498523 -0.0015122154382875763 0.00090838955627461362 -0.0030881121915454267 0.014855182278975079 -0.026280639966951902 -0.0094240473227552354 -0.0048280197829827882 0.0043465622620294181
leaf_weight=27813 9258 91 403 465 478 583 765 1547 548 1220 747 6339 72 68 311 286 79 541 229 390 203 494 446 49 1538 41 1324 136 292 208 1380 583 313 147 94 70 246 203
leaf_count=27813 9258 91 403 465 478 583 765 1547 548 1220 747 6339 72 68 311 286 79 541 229 390 203 494 446 49 1538 41 1324 136 292 208 1380 583 313 147 94 70 246 203
internal_value=0.00657867 0.0119638 0.0167945 0.0293273 0.0331712 0.00584967 0.0104306 0.00701269 -0.000345954 0.00248075 0.0100623 0.034897 0.0266172 -0.00363075 0.000623429 -0.0177333 0.0175522 -0.00500596 0.0072214 0.018546 0.00383985 0.0140603 -0.00133721 0.0365602 0.0284564 -0.016 0.00938043 0.00576344 0.00891538 0.00438122 -0.00845878 -0.00215738 0.000840183 0.00624041 0.000566929 0.0170803 -0.0243609 0.0146959
internal_weight=60000 32187 22929 10689 8962 12240 7037 6223 5203 4676 2087 8497 2158 2589 1989 600 1340 1678 2692 619 2073 697 1376 814 2086 120 1727 930 839 703 2511 1131 1095 782 635 548 532 411
internal_count=60000 32187 22929 10689 8962 12240 7037 6223 5203 4676 2087 8497 2158 2589 1989 600 1340 1678 2692 619 2073 697 1376 814 2086 120 1727 930 839 703 2511 1131 1095 782 635 548 532 411
is_linear=0
shrinkage=0.04


Tree=94
num_leaves=39
num_cat=0
split_feature=135 15 119 103 73 12 13 119 14 13 122 79 119 27 101 13 102 12 79 113 119 102 13 14 14 119 122 119 14 119 13 14 119 26 14 119 102 12
split_gain=1261.76 1165.51 1970.81 401.973 310.696 205.777 130.93 119.625 108.342 102.549 193.639 127.403 184.346 97.9794 91.7303 91.5 143.749 91.3145 92.4658 90.7919 153.182 108.062 102.435 89.0249 67.9068 78.9917 67.5885 63.4394 63.0872 74.9259 71.0683 61.421 132.295 57.2532 55.9082 129.703 64.5676 53.2602
threshold=1.0000000180025095e-35 0.75000000000000011 0.59593412280082714 1.0000000180025095e-35 0.085450042039155974 0.91245013475418102 0.76363638043403637 0.62131977081298839 0.49782148003578192 0.76363638043403637 1.0000000180025095e-35 0.63508617877960216 0.55386900901794445 0.79335334897041332 1.0000000180025095e-35 0.76363638043403637 0.59573671221733104 0.71392521262168895 0.69750291109085094 0.63034516572952282 0.55386900901794445 0.55805155634880077 0.93636366724967968 0.46607483923435217 0.488080844283104 0.52763688564300548 1.0000000180025095e-35 0.38069936633110052 0.35276135802268987 0.38069936633110052 0.93636366724967968 0.47904258966445928 0.54231527447700512 -0.63405361771583546 0.44886726140975958 0.48508223891258245 0.54245403409004223 0.88894206285476696
decision_type=2 2 2 2 2 2 2 2 2 2 2 2 2 2 2 2 2 2 2 2 2 2 2 2 2 2 2 2 2 2 2 2 2 2 2 2 2 2
left_child=-1 -2 5 14 -5 8 13 15 9 11 19 -3 34 23 -4 16 -6 18 -18 21 24 -11 -23 -7 25 28 -15 -8 29 -21 -30 -27 -33 -14 35 37 -37 -13
right_child=1 2 3 4 7 6 27 -9 -10 10 -12 12 33 26 -16 -17 17 -19 -20 20 -22 22 -24 -25 -26 31 -28 -29 30 -31 -32 32 -34 -35 -36 36 -38 -39
leaf_value=0 0 -0.00059825671445235429 0.0065655207596565998 0.0024643637394419216 -0.00069415179894509297 -0.00011091793420611395 -0.019020892846237737 0.0062070948518127269 -0.00099471265854297994 0.016302318249209833 0.02687154772408647 0.00035325834992889327 0.0070263615575445826 -0.011753396797595066 0.0062070948518127269 0.087396222267763155 0.0058157159673327286 0.0035350818719037847 -0.0014218253078786347 -0.0017638783240572324 0.049021513548810916 -0.011315708831020501 0.008726970288961482 0.0066641737076992063 -0.0094881906769509559 0.024640262613163769 0.00040330282262949878 0.039929565805802342 -0.0024408250760428983 0.048299748560342338 0.0023205182833019862 -0.0086639187678875032 0.078866439457834406 -0.0011582333586515503 -0.00042018522646106507 0.0076185495397376362 -0.0080421051981403296 -0.00074054505689279181
leaf_weight=27813 9258 1679 795 472 151 152 49 6735 1649 1415 411 788 383 126 1213 701 80 410 139 114 360 143 131 141 190 202 71 1163 716 284 389 94 71 61 820 458 80 93
leaf_count=27813 9258 1679 795 472 151 152 49 6735 1649 1415 411 788 383 126 1213 701 80 410 139 114 360 143 131 141 190 202 71 1163 716 284 389 94 71 61 820 458 80 93
internal_value=0.00658667 0.0119787 0.0168154 0.0293568 0.0330847 0.00584975 0.0187544 0.0348978 0.00376412 0.00551227 0.00973451 0.00113709 0.00654491 0.00130612 0.0132271 0.024605 0.0151795 0.023593 0.00273973 0.00711609 0.00214876 0.0142333 -0.00875912 0.0159727 -0.00205825 0.000256684 -0.0205076 0.0258086 -0.00380572 0.00984925 -0.00872398 0.0168937 -0.00121212 0.0300901 0.00187584 0.00668076 0.0221561 -0.00276958
internal_weight=60000 32187 22929 10696 8688 12233 1702 8216 10531 8882 4520 4362 2683 490 2008 1481 780 629 219 4109 2420 1689 274 293 2060 1870 197 1212 1503 398 1105 367 165 444 2239 1419 538 881
internal_count=60000 32187 22929 10696 8688 12233 1702 8216 10531 8882 4520 4362 2683 490 2008 1481 780 629 219 4109 2420 1689 274 293 2060 1870 197 1212 1503 398 1105 367 165 444 2239 1419 538 881
is_linear=0
shrinkage=0.04


Tree=95
num_leaves=39
num_cat=0
split_feature=135 15 119 120 124 29 119 13 14 13 122 62 119 27 14 13 102 29 96 60 119 102 13 121 14 119 101 1 14 29 14 68 29 119 14 119 14 119
split_gain=1269.32 1172.29 1941.46 520.914 302.088 177.19 120.604 114.582 109.23 101.447 189.732 130.588 191.222 93.6652 89.0249 85.9616 137.695 89.8779 86.4668 82.8115 187.519 137.734 106.645 64.1167 61.5371 114.378 54.2655 63.0511 52.6581 75.5559 52.1858 48.8585 48.5823 46.847 96.2125 92.1023 69.868 43.2195
threshold=1.0000000180025095e-35 0.75000000000000011 0.59593412280082714 1.0000000180025095e-35 0.053983211517333991 0.91245013475418102 0.62131977081298839 0.76363638043403637 0.49782148003578192 0.76363638043403637 1.0000000180025095e-35 0.8764311969280244 0.55386900901794445 0.79335334897041332 0.46607483923435217 0.76363638043403637 0.59573671221733104 0.71392521262168895 0.57420122623443615 -0.49999997019767756 0.55386900901794445 0.55805155634880077 0.93636366724967968 1.0000000180025095e-35 0.44886726140975958 0.48508223891258245 1.0000000180025095e-35 1.0000000180025095e-35 0.488080844283104 0.61881121993064891 0.488080844283104 0.62111151218414318 0.80047810077667247 0.54231527447700512 0.47904258966445928 0.52763688564300548 0.46458241343498236 0.38069936633110052
decision_type=2 2 2 2 2 2 2 2 2 2 2 2 2 2 2 2 2 2 2 2 2 2 2 2 2 2 2 2 2 2 2 2 2 2 2 2 2 2
left_child=-1 -2 5 26 -5 8 15 13 9 11 19 -3 24 14 -7 16 -6 18 -18 20 28 30 -23 -15 25 -13 -4 -28 29 -11 -21 -27 -26 34 35 36 -31 -9
right_child=1 2 3 4 6 7 -8 37 -10 10 -12 12 -14 23 -16 -17 17 -19 -20 21 -22 22 -24 -25 32 31 27 -29 -30 33 -32 -33 -34 -35 -36 -37 -38 -39
leaf_value=0 0 -0.00056364958899845163 0.0063028999292703246 0.0034393779444152985 -0.00066638572698728637 -0.00010648121683786372 0.005958811057740228 -0.018260057132388225 -0.00095492415220128641 -0.00056853625801572577 0.025796685815123014 -0.0002457116386130984 0.006561607905218203 0.00038717070972431599 0.0063976067593912236 0.083900373377052626 0.0055830873286394226 0.0033936785970276164 -0.0013649522955634908 0.017010031331848766 0.052416911885136558 -0.010678700200042641 0.0056099174058326894 -0.011283260925691253 -0.0011376041466372713 0.0079492094213129503 0.0059587181393850842 -0.03731264461594061 -0.0085454786128710287 0.0026681234420342752 -0.016362631839178 -0.016540934745411313 0.0095615415219350904 0.048891371344573428 -0.0077149166906498425 0.032053092648155403 -0.10596550255662106 0.038332383173570225
leaf_weight=27813 9258 1927 766 461 151 152 6997 49 1649 582 411 808 398 71 141 719 76 417 148 1349 339 159 130 126 611 430 924 37 182 740 168 46 142 95 120 149 96 1163
leaf_count=27813 9258 1927 766 461 151 152 6997 49 1649 582 411 808 398 71 141 719 76 417 148 1349 339 159 130 126 611 430 924 37 182 740 168 46 142 95 120 149 96 1163
internal_value=0.00660533 0.0120135 0.0168642 0.0293119 0.0331854 0.00598054 0.0348942 0.0179553 0.0040452 0.0058005 0.01 0.00144888 0.00760575 0.00163265 0.0159727 0.0246459 0.0155556 0.0236505 0.00321429 0.00740813 0.0023795 0.0138206 -0.0114879 -0.0196954 0.00265096 0.00797508 0.00919514 0.0155255 -0.00236253 -0.00026936 0.0186421 0.0235294 -0.00642762 0.00546667 0.00314932 0.00726904 0.00210526 0.0245545
internal_weight=60000 32187 22929 10696 8969 12233 8508 1702 10531 8882 4520 4362 2435 490 293 1511 792 641 224 4109 2303 1806 289 197 2037 1284 1727 961 1964 1782 1517 476 753 1200 1105 985 836 1212
internal_count=60000 32187 22929 10696 8969 12233 8508 1702 10531 8882 4520 4362 2435 490 293 1511 792 641 224 4109 2303 1806 289 197 2037 1284 1727 961 1964 1782 1517 476 753 1200 1105 985 836 1212
is_linear=0
shrinkage=0.04


Tree=96
num_leaves=39
num_cat=0
split_feature=135 15 119 120 73 12 119 14 13 122 79 119 13 13 102 27 14 12 79 60 119 102 13 12 14 26 101 121 14 14 119 102 12 5 130 119 102 102
split_gain=1285.6 1186.89 1888.18 507.913 315.945 171.087 131.902 112.562 116.678 180.768 126.763 176.932 106.231 95.2923 125.631 85.3283 89.0249 75.305 87.4393 66.1465 171.289 134.738 104.459 64.3746 83.4991 60.9089 56.8271 53.0369 51.9244 49.5761 106.52 54.7865 47.1678 46.5296 45.6507 42.7867 104.92 59.259
threshold=1.0000000180025095e-35 0.75000000000000011 0.59593412280082714 1.0000000180025095e-35 0.085450042039155974 0.91245013475418102 0.62131977081298839 0.49782148003578192 0.76363638043403637 1.0000000180025095e-35 0.63508617877960216 0.55386900901794445 0.76363638043403637 0.76363638043403637 0.59573671221733104 0.79335334897041332 0.46607483923435217 0.71392521262168895 0.69750291109085094 -0.49999997019767756 0.55386900901794445 0.55805155634880077 0.93636366724967968 0.61881121993064891 0.48106098175048834 -0.63405361771583546 1.0000000180025095e-35 1.0000000180025095e-35 0.488080844283104 0.44886726140975958 0.48508223891258245 0.53760418295860302 0.80047810077667247 0.1371320113539696 -0.031352560967206948 0.51773032546043407 0.50684645771980297 0.46729126572608953
decision_type=2 2 2 2 2 2 2 2 2 2 2 2 2 2 2 2 2 2 2 2 2 2 2 2 2 2 2 2 2 2 2 2 2 2 2 2 2 2
left_child=-1 -2 5 26 -5 7 13 8 10 19 34 29 15 14 -6 16 -7 18 -16 20 23 28 -23 35 -25 -13 -4 -17 -21 30 -12 -32 -31 -28 -3 36 37 -10
right_child=1 2 3 4 6 12 -8 -9 9 -11 11 25 -14 -15 17 27 -18 -19 -20 21 -22 22 -24 24 -26 -27 33 -29 -30 32 31 -33 -34 -35 -36 -37 -38 -39
leaf_value=0 0 0.0004199197133277366 0.0060507839320995058 0.0022282140720876241 -0.00063973029790780349 -0.00010222196816435769 0.0057204586154306018 -0.00091672718611320644 -0.00041232410193998704 0.024764818382518074 -0.00038928811390819836 0.0066119982926538517 0.035285612071390665 0.080544358441970512 0.0053597638354938582 0.00037168388133533624 0.0061417024890155856 0.0032579314531465189 -0.0013103542037409355 0.016329630078574839 0.050320235409731073 -0.010251552192040948 0.0053855207095993762 0.0044560897667256308 -0.007820550921720567 -0.001136810190863642 -0.037895493511482692 -0.010831930488663596 -0.01570812656561088 -0.0010972583376448243 0.0068267115489582513 -0.0070231165626118046 0.0091790798610576728 0.0057203694138096848 -0.00073590565648210318 -0.0037393664980276855 0.17738323103090831 -0.0005790457468789474
leaf_weight=27813 9258 169 766 469 151 152 6989 1649 215 411 881 383 1212 719 83 71 141 417 141 1349 339 159 130 1115 267 61 26 126 168 673 447 91 147 935 1510 132 108 127
leaf_count=27813 9258 169 766 469 151 152 6989 1649 215 411 881 383 1212 719 83 71 141 417 141 1349 339 159 130 1115 267 61 26 126 168 673 447 91 147 935 1510 132 108 127
internal_value=0.00664533 0.0120881 0.0169689 0.0292446 0.0330695 0.00623559 0.0348329 0.00433387 0.00611574 0.0106195 0.00144888 0.00684309 0.0180024 0.0241165 0.0145455 0.00228571 0.0159727 0.0222777 0.00357143 0.00808956 0.00359531 0.0138206 -0.0112111 -0.000936864 0.00376266 0.0299099 0.00938043 -0.0180711 0.0185893 0.00226887 0.00679352 0.0208178 -0.00556098 0.0158585 -0.00717094 -0.0120962 -0.00622222 -0.017076
internal_weight=60000 32187 22929 10696 8969 12233 8500 10531 8882 4520 4362 2683 1702 1511 792 490 293 641 224 4109 2303 1806 289 1964 1382 444 1727 197 1517 2239 1419 538 820 961 1679 582 450 342
internal_count=60000 32187 22929 10696 8969 12233 8500 10531 8882 4520 4362 2683 1702 1511 792 490 293 641 224 4109 2303 1806 289 1964 1382 444 1727 197 1517 2239 1419 538 820 961 1679 582 450 342
is_linear=0
shrinkage=0.04


Tree=97
num_leaves=39
num_cat=0
split_feature=135 15 119 120 73 13 14 119 13 102 12 79 119 12 119 14 12 26 85 13 119 14 14 119 14 13 43 101 119 14 119 12 54 0 0 60 14 102
split_gain=1272.03 1174.72 1903.54 503.641 314.887 155.223 219.691 138.41 85.2248 127.182 71.6103 83.6465 68.3613 69.6035 67.5362 69.3759 78.4666 97.4083 101.996 116.667 83.6582 81.9733 76.0477 69.2349 117.696 58.4176 108.617 57.4768 53.7746 109.361 103.881 70.7177 47.028 46.0727 50.5398 45.4483 67.7438 65.6655
threshold=1.0000000180025095e-35 0.75000000000000011 0.59593412280082714 1.0000000180025095e-35 0.085450042039155974 0.93636366724967968 0.49782148003578192 0.62131977081298839 0.76363638043403637 0.59573671221733104 0.71392521262168895 0.69750291109085094 0.38069936633110052 0.93004098534584057 0.3721448034048081 0.32932195067405706 0.71469494700431835 -0.63405361771583546 0.55858969688415538 0.76363638043403637 0.40923309326171881 0.42345251142978674 0.53494751453399669 0.55386900901794445 0.48477640748023992 0.76363638043403637 -0.55557009577751149 1.0000000180025095e-35 0.55386900901794445 0.48106098175048834 0.5205402970314027 0.87096264958381664 1.0000000180025095e-35 0.52211818099021923 0.54526808857917797 -0.49999997019767756 0.44886726140975958 0.55805155634880077
decision_type=2 2 2 2 2 2 2 2 2 2 2 2 2 2 2 2 2 2 2 2 2 2 2 2 2 2 2 2 2 2 2 2 2 2 2 2 2 2
left_child=-1 -2 5 27 -5 14 12 8 9 -6 11 -11 -7 28 -3 25 35 20 19 21 -18 -19 23 24 -22 26 -16 -4 29 30 31 -14 -28 -23 -35 -17 37 -37
right_child=1 2 3 4 7 6 -8 -9 -10 10 -12 -13 13 -15 15 16 17 18 -20 -21 22 33 -24 -25 -26 -27 32 -29 -30 -31 -32 -33 -34 34 -36 36 -38 -39
leaf_value=0 0 -0.00082968437993966308 0.0058087525748155141 0.0021390855092041148 -0.00061414108599148424 -0.018941079329948325 -0.00066921333350677514 0.0054916402708133916 0.077322584104291686 0.0051453732820741036 0.0031276141950206692 -0.0012579400355912896 0.042008907787677179 0.038833852395034757 0.011573000212751535 -0.00048454984143091152 -0.0019184522368335345 -0.0016578618822234859 -0.0067287883983010131 0.011148902730562966 0.0046905768856706585 0.00087710982659263694 -0.0057953997504004194 0.0065424751699020333 -0.0027872241734244697 0.018917924998976689 -0.00064090398476949421 0.0054915546372572878 0.047986068289230598 -0.010732357942091028 0.035112642555532293 -0.056215020216040516 0.00090503776520801439 -0.0044018364222833204 0.0086063071507143894 0.0054817586632285222 -0.0011406682183072547 -0.010636754616825854
leaf_weight=27813 9258 225 766 469 151 89 723 6989 719 83 417 141 610 759 246 1898 140 285 455 618 1289 270 70 613 240 412 207 961 424 285 334 151 73 190 146 722 700 59
leaf_count=27813 9258 225 766 469 151 89 723 6989 719 83 417 141 610 759 246 1898 140 285 455 618 1289 270 70 613 240 412 207 961 424 285 334 151 73 190 146 722 700 59
internal_value=0.006612 0.012026 0.0168817 0.0292072 0.0330159 0.0061048 0.0134044 0.0347765 0.0237988 0.0147475 0.0225273 0.00428571 0.018733 0.0199298 0.00332355 0.00388741 0.00263548 0.00620945 -0.000366599 0.00463883 0.0117007 -0.00462402 0.0135986 0.0149393 0.0103859 0.0141578 0.00532319 0.00942675 0.0156541 0.0118261 0.0175708 0.00940867 -0.0117143 0.00369637 -0.00619048 -0.00192956 0.00332208 0.0114213
internal_weight=60000 32187 22929 10696 8969 12233 3375 8500 1511 792 641 224 2652 2563 8858 8633 7695 4316 1964 1509 2352 891 2212 2142 1529 938 526 1727 1804 1380 1095 761 280 606 336 3379 1481 781
internal_count=60000 32187 22929 10696 8969 12233 3375 8500 1511 792 641 224 2652 2563 8858 8633 7695 4316 1964 1509 2352 891 2212 2142 1529 938 526 1727 1804 1380 1095 761 280 606 336 3379 1481 781
is_linear=0
shrinkage=0.04


Tree=98
num_leaves=39
num_cat=0
split_feature=118 15 119 124 103 119 14 13 13 85 12 79 119 119 13 94 119 14 119 121 121 119 119 14 12 119 14 14 119 130 12 14 119 14 110 85 14 119
split_gain=1196.8 1152.5 1835.75 647.233 225.178 175.022 155.534 245.155 90.837 135.228 85.1666 83.0781 68.209 58.9002 58.1784 181.782 166.851 122.413 97.269 86.1114 61.7582 74.9135 74.1054 68.6043 61.1129 142.553 134.64 68.4101 91.9324 52.9035 51.0917 48.6939 58.7019 51.5699 46.8587 44.8103 86.4781 44.4832
threshold=1.0000000180025095e-35 0.75000000000000011 0.59593412280082714 0.053983211517333991 1.0000000180025095e-35 0.62131977081298839 0.49782148003578192 0.93636366724967968 0.76363638043403637 0.59591841697692882 0.71392521262168895 0.69750291109085094 0.8213065266609193 0.3721448034048081 0.76363638043403637 -0.38268354535102839 0.55386900901794445 0.35276135802268987 0.40923309326171881 1.0000000180025095e-35 1.0000000180025095e-35 0.48508223891258245 0.560205638408661 0.41325272619724279 0.80047810077667247 0.51773032546043407 0.41022963821887976 0.36030563712120062 0.47632130980491644 0.12075973302125932 0.9525643289089204 0.42345251142978674 0.48508223891258245 0.44886726140975958 1.5391894578933718 0.50011277198791515 0.43823994696140295 0.38069936633110052
decision_type=2 2 2 2 2 2 2 2 2 2 2 2 2 2 2 2 2 2 2 2 2 2 2 2 2 2 2 2 2 2 2 2 2 2 2 2 2 2
left_child=-1 -2 6 12 -5 8 7 13 9 -6 11 -11 -4 -3 15 16 24 -16 -19 34 21 -17 23 -22 25 27 -26 -15 -29 -9 -25 -30 -33 -34 -20 36 -28 -31
right_child=1 2 3 4 5 -7 -8 29 -10 10 -12 -13 -14 14 17 20 -18 18 19 -21 22 -23 -24 30 26 -27 35 28 31 37 -32 32 33 -35 -36 -37 -38 -39
leaf_value=0 0 -0.00079649700474207648 0.015221184134038897 0.0052744130234674818 -0.00032942157328168519 0.005271974659980856 -0.0008085454288267968 0.043864216735786707 0.074229680740120013 0.0049395583507911315 0.0030025096272198581 -0.0012076224341676324 -0.0076588717637312721 0.011417749442577545 0.017578591897943311 -0.00056310591765576848 0.0057929246433404561 -0.048505532949283572 0.022830714010621308 0.0018107980099374588 -0.0017043635781814359 0.00040731114156059792 -0.0098305986556685449 0.00037353226317929258 -0.00029634700401132364 -0.0024227868337361614 0.0023462293204181963 -0.004270677800008396 0.014142308811277537 -0.018183436156750391 -0.0093683137430670277 -0.0259535337452278 0.013491895094217412 -0.0061028937397482053 0.022006661736615245 0.0062452741791279819 -0.22857481131916288 0.036238543958314655
leaf_weight=27793 9293 223 518 1574 203 6738 1652 338 701 72 369 136 370 213 605 81 459 114 204 1928 356 449 273 916 221 481 82 274 121 84 51 50 107 136 141 398 48 2228
leaf_count=27793 9293 223 518 1574 203 6738 1652 338 701 72 369 136 370 213 605 81 459 114 204 1928 356 449 273 916 221 481 82 274 121 84 51 50 107 136 141 398 48 2228
internal_value=0.006552 0.0117999 0.0166187 0.0287351 0.0317002 0.0343545 0.0060394 0.00782157 0.0219041 0.0125128 0.0223917 0.00192308 -0.00396396 0.00430211 0.00488843 0.00212044 0.00923552 0.00925134 0.00517805 0.00698636 -0.00654751 0.00528302 -0.0104762 -0.00656085 0.0045237 -0.000463097 0.013725 0.00892342 0.0027907 0.0183547 -0.00103413 0.014686 0.00587031 0.0139918 0.0253913 0.024697 0.00430769 0.0161938
internal_weight=60000 32207 22914 10681 9793 8219 12233 10581 1481 780 577 208 888 7931 7708 4716 2590 2992 2387 2273 2126 530 1596 1323 2131 1382 749 901 688 2650 967 414 293 243 345 528 130 2312
internal_count=60000 32207 22914 10681 9793 8219 12233 10581 1481 780 577 208 888 7931 7708 4716 2590 2992 2387 2273 2126 530 1596 1323 2131 1382 749 901 688 2650 967 414 293 243 345 528 130 2312
is_linear=0
shrinkage=0.04


Tree=99
num_leaves=39
num_cat=0
split_feature=135 15 102 120 73 119 13 14 119 14 14 121 119 101 74 14 119 14 119 14 62 14 79 29 75 14 29 102 14 0 5 85 119 14 119 13 22 121
split_gain=1231.75 1138.58 1908.19 491.602 309.732 185.413 138.833 181.59 88.6931 225.067 65.5577 65.0149 62.2072 57.4768 50.3053 53.1507 53.0629 48.652 74.1104 88.9828 60.1884 116.667 45.2115 43.3049 58.317 88.3159 59.3964 49.6622 47.8758 42.8995 41.4012 40.7845 39.9137 34.491 37.8596 32.3663 31.9851 31.6375
threshold=1.0000000180025095e-35 0.75000000000000011 0.59573671221733104 1.0000000180025095e-35 0.085450042039155974 0.62131977081298839 0.93636366724967968 0.48106098175048834 0.51532536745071422 0.45428046584129339 0.53739008307456981 1.0000000180025095e-35 0.38069936633110052 1.0000000180025095e-35 0.86907416582107555 0.35351052880287176 0.38069936633110052 0.53617689013481151 0.55587741732597362 0.49782148003578192 1.1451349258422854 0.50440177321434032 0.69750291109085094 0.71469494700431835 0.067654374986886992 0.40148113667964941 0.87824293971061718 0.56034687161445629 0.53494751453399669 0.46247483789920812 0.1371320113539696 0.52505451440811168 0.40923309326171881 0.50440177321434032 0.56429719924926769 0.76363638043403637 0.12999680638313296 1.0000000180025095e-35
decision_type=2 2 2 2 2 2 2 2 2 2 2 2 2 2 2 2 2 2 2 2 2 2 2 2 2 2 2 2 2 2 2 2 2 2 2 2 2 2
left_child=-1 -2 6 13 35 10 14 8 9 12 11 -6 -8 -4 23 16 -16 18 -9 -20 33 -22 -12 -3 26 -26 27 -25 29 -27 -15 -18 -17 -21 -35 -5 -7 -28
right_child=1 2 3 4 5 36 7 17 -10 -11 22 -13 -14 30 15 32 31 -19 19 20 21 -23 -24 24 25 28 37 -29 -30 -31 -32 -33 -34 34 -36 -37 -38 -39
leaf_value=0 0 -0.00042613929454148584 0.0053654259508841666 -0.0084443158404971901 0.0028824092421310611 0.0050610956735816261 -0.017456098710480376 -0.0023574719788258557 0.04399489840823733 -0.041981230724383048 0.0047781027358024634 0.056108276474492062 0.0358309565409008 -0.036292981085964425 -0.00090405478823857993 -0.046565311631312223 0.011544471999195416 -0.0044611340812958349 0.039632599002882504 -0.0021472336222100809 0.054867173503045381 -0.00077620361167372919 -0.0011618381085014206 0.005611628983524213 -0.00039427073031948366 -0.31808174769110353 -1.4008179455302639e-05 -0.0019196088361870878 -0.0028023163363583166 0.0049187175081178581 0.0050609159308282869 5.0518243724546607e-05 0.00059349383566294374 -0.037459534686102199 0.01487328782766383 0.08912496612020171 0.0050610956735816261 -0.0055403453841718076
leaf_weight=27813 9258 2624 766 224 600 468 88 488 787 186 29 866 1021 26 131 54 476 95 275 87 60 140 67 458 397 29 182 235 54 1126 935 115 2680 35 128 241 6467 289
leaf_count=27813 9258 2624 766 224 600 468 88 488 787 186 29 866 1021 26 131 54 476 95 275 87 60 140 67 458 397 29 182 235 54 1126 935 115 2680 35 128 241 6467 289
internal_value=0.006512 0.0118396 0.01662 0.0289681 0.0327338 0.0344733 0.0058366 0.0127198 0.0200576 0.0136216 0.022023 0.0241201 0.0204509 0.00942675 0.0032 0.00696759 0.0166205 0.00103976 0.00319868 0.0113103 0.000355556 -0.016 -0.01 0.000786059 0.00427437 0.00921544 -0.00254296 0.0049062 0.0145906 0.0163117 0.0159417 0.0217259 0.00441843 0.01344 0.0242945 0.000946237 0.0372776 -0.0135032
internal_weight=60000 32187 22929 10689 8962 8497 12240 3390 2082 1295 1562 1466 1109 1727 8850 3456 722 1308 1213 725 450 200 96 5394 2770 1606 1164 693 1209 1155 961 591 2734 250 163 465 6935 471
internal_count=60000 32187 22929 10689 8962 8497 12240 3390 2082 1295 1562 1466 1109 1727 8850 3456 722 1308 1213 725 450 200 96 5394 2770 1606 1164 693 1209 1155 961 591 2734 250 163 465 6935 471
is_linear=0
shrinkage=0.04


Tree=100
num_leaves=39
num_cat=0
split_feature=135 15 119 120 124 119 29 13 85 13 10 31 125 121 29 96 101 31 8 85 31 122 13 119 119 39 29 29 119 13 22 29 85 119 0 29 61 31
split_gain=1200.51 1110.55 1915.47 494.487 305.87 173.497 143.044 98.834 97.717 130.001 89.6566 89.1866 88.7198 81.0661 80.5762 91.2188 57.4768 54.5648 72.3714 89.3319 54.0579 52.0068 94.1173 43.6385 43.01 41.4012 35.5613 54.9194 40.8228 34.7514 34.3174 34.0406 32.0361 29.7222 28.6002 28.3914 27.7895 26.8909
threshold=1.0000000180025095e-35 0.75000000000000011 0.59866267442703258 1.0000000180025095e-35 0.053983211517333991 0.62131977081298839 0.91245013475418102 0.93636366724967968 0.59591841697692882 0.76363638043403637 0.7294733226299287 0.40148113667964941 0.84864932298660289 1.0000000180025095e-35 0.70447996258735668 0.57420122623443615 1.0000000180025095e-35 0.50125351548194896 -0.21651202440261838 0.55228129029273998 0.53320875763893139 1.0000000180025095e-35 0.76363638043403637 0.38069936633110052 0.46714878082275396 0.11721701547503473 0.71668395400047313 0.89765292406082164 0.40923309326171881 0.76363638043403637 0.12999680638313296 0.75789234042167675 0.46157070994377142 0.48508223891258245 0.7098783850669862 0.65512958168983471 0.96592578291893016 0.45820383727550512
decision_type=2 2 2 2 2 2 2 2 2 2 2 2 2 2 2 2 2 2 2 2 2 2 2 2 2 2 2 2 2 2 2 2 2 2 2 2 2 2
left_child=-1 -2 6 16 29 8 12 10 9 31 11 32 17 -12 15 -10 -4 26 36 -20 -17 35 33 -9 -13 -18 -3 28 -28 -5 -7 -6 -8 -23 -34 -14 -19 -37
right_child=1 2 3 4 5 30 7 23 14 -11 13 24 21 -15 -16 20 25 18 19 -21 -22 22 -24 -25 -26 -27 27 -29 -30 -31 -32 -33 34 -35 -36 37 -38 -39
leaf_value=0 0 -0.00024473261258730619 0.0051508089128488163 -0.0081065432068773199 -0.00015453000832652109 0.0048586518466383665 0.00087308752328315361 -0.016757854762061163 0.004586978626370382 0.037872803066552975 0.00060027716058488781 -0.30535847778345943 0.00037822263153314148 -0.0070730732686292794 0.0067312393924498434 0.068677174102076674 -0.034841261842525846 0.0058009032530016349 0.0011367782947078074 -0.0011904929443261113 -0.0011153645841613625 -0.00063168524650190959 0.0218398102999382 0.033957211641386924 0.0057987145116381459 0.0048584792935951531 -0.043132837572295336 -0.00058116046566969004 0.0020036160029034988 0.085604321180490189 0.0048586518466383665 -0.0013008613733888907 -0.00034674662122851529 0.00051736391953660643 0.00021687196750530546 0.0091875854765588027 -0.0036794589550991799 0.0024430766223822991
leaf_weight=27813 9258 2089 766 221 90 477 28 49 100 183 103 38 1872 190 680 57 26 260 66 427 103 81 272 957 228 935 102 171 1640 240 6520 103 106 221 20 1374 95 2039
leaf_count=27813 9258 2089 766 221 90 477 28 49 100 183 103 38 1872 190 680 57 26 260 66 427 103 81 272 957 228 935 102 171 1640 240 6520 103 106 221 20 1374 95 2039
internal_value=0.00643333 0.0116929 0.0164141 0.0289915 0.0328425 0.0346012 0.00578693 0.016498 0.0212766 0.00404255 0.00510519 0.0169524 0.00406761 -0.0118771 0.0281702 0.00923077 0.00942675 6.59794e-05 -0.00915094 -0.0190669 -0.0095 0.0073801 0.0188153 0.0245726 0.0309774 0.0159417 0.00201899 0.00595923 0.00808266 0.00112798 0.0371073 -0.0188601 -0.00727273 0.00344371 -0.015873 0.00613813 0.00461972 0.00830941
internal_weight=60000 32187 22929 10501 8774 8313 12428 1719 1316 376 713 420 10709 293 940 260 1727 4850 848 493 160 5859 574 1006 266 961 4002 1913 1742 461 6997 193 154 302 126 5285 355 3413
internal_count=60000 32187 22929 10501 8774 8313 12428 1719 1316 376 713 420 10709 293 940 260 1727 4850 848 493 160 5859 574 1006 266 961 4002 1913 1742 461 6997 193 154 302 126 5285 355 3413
is_linear=0
shrinkage=0.04


Tree=101
num_leaves=39
num_cat=0
split_feature=135 15 119 120 73 13 122 119 79 29 77 119 31 31 119 85 31 119 31 8 29 101 29 31 119 29 119 31 119 29 119 119 31 119 5 85 31 31
split_gain=1142.84 1058.76 1895.1 568.212 358.098 176.464 235.72 229.791 207.705 186.489 111.185 138.114 120.196 108.659 201.355 128.157 90.5396 78.9621 72.3644 62.5648 57.6523 57.4768 55.7567 47.9472 65.6164 46.6062 46.136 87.7935 45.2838 59.9099 44.3657 109.442 53.9122 67.0461 41.4012 39.4522 37.114 53.6435
threshold=1.0000000180025095e-35 0.75000000000000011 0.62131977081298839 1.0000000180025095e-35 0.085450042039155974 0.76363638043403637 1.0000000180025095e-35 0.59593412280082714 0.78822937607765209 0.87096264958381664 -0.4711442738771438 0.55780240893363964 0.50125351548194896 0.50125351548194896 0.55386900901794445 0.55228129029273998 0.488080844283104 0.55386900901794445 0.52532190084457409 -0.088193777948617921 0.61881121993064891 1.0000000180025095e-35 0.87824293971061718 0.47904258966445928 0.52763688564300548 0.70907047390937816 0.54231527447700512 0.488080844283104 0.58391302824020397 0.78930434584617626 0.51773032546043407 0.50662484765052807 0.35351052880287176 0.38069936633110052 0.1371320113539696 0.56428876519203197 0.48477640748023992 0.46607483923435217
decision_type=2 2 2 2 2 2 2 2 2 2 2 2 2 2 2 2 2 2 2 2 2 2 2 2 2 2 2 2 2 2 2 2 2 2 2 2 2 2
left_child=-1 -2 5 21 -5 8 7 9 22 10 13 16 -13 14 20 -15 -12 36 -19 -8 30 -4 -3 24 -22 35 -25 -28 -17 -30 31 32 33 -7 -23 -14 37 -10
right_child=1 2 3 4 -6 6 19 -9 17 -11 11 12 25 15 -16 28 -18 18 -20 -21 23 34 -24 26 -26 -27 27 -29 29 -31 -32 -33 -34 -35 -36 -37 -38 -39
leaf_value=0 0 -0.0001262760119387707 0.0049447765563348511 0.002106709085369367 0.004664305772772828 -0.082788789800472495 0.035656390402115865 0.07310921228119234 0.0004709306476910058 0.02672823382257164 0.013548460352901373 -0.0053070355349743182 -0.079773004899692024 0.0011016439678384158 0.049026012200830422 -0.0015632031750812271 -0.015973988570178007 0.0038392684826804671 0.00033779648719440165 0.0012289130743066961 0.00047695127749383372 -0.033447611368824813 -0.00076599132398776255 -0.0076107786641479852 0.011260470425649984 -0.0025684128328063191 0.069485507257144058 -0.0075901346566340736 0.16166544076312542 -0.004235069000270957 -0.003013667313904378 0.17026168673921688 -0.00058130062406419342 0.052090990920791141 0.0046641401218513326 0.011752909230854841 -0.0021344809491244316 0.0054508175263291749
leaf_weight=27813 9258 2083 766 464 6989 41 707 551 1715 1594 1221 307 39 68 322 419 218 595 439 96 675 26 591 155 149 175 63 106 72 70 157 87 249 76 935 139 222 348
leaf_count=27813 9258 2083 766 464 6989 41 707 551 1715 1594 1221 307 39 68 322 419 218 595 439 96 675 26 591 155 149 175 63 106 72 70 157 87 249 76 935 139 222 348
internal_value=0.00628533 0.011417 0.0160269 0.0301002 0.0348906 0.0066303 0.0106137 0.00824392 0.00147505 0.00611059 0.0021797 0.00909004 -0.00606061 -0.0031746 0.00123077 -0.0177424 0.0160389 0.00815908 0.0173308 0.0311333 -0.00409556 0.00942675 -0.00682124 0.00118467 0.00631068 0.00985836 -0.0118519 0.00260355 -0.0240285 -0.00450704 -0.0140328 -0.00768212 -0.0172678 0.00512821 0.0159417 0.0242697 0.00400875 0.00568105
internal_weight=60000 32187 22929 9180 7453 13749 7756 6953 5993 6402 4808 2099 660 2709 2080 629 1439 3319 1034 803 1758 1727 2674 1148 824 353 324 169 561 142 610 453 366 117 961 178 2285 2063
internal_count=60000 32187 22929 9180 7453 13749 7756 6953 5993 6402 4808 2099 660 2709 2080 629 1439 3319 1034 803 1758 1727 2674 1148 824 353 324 169 561 142 610 453 366 117 961 178 2285 2063
is_linear=0
shrinkage=0.04


Tree=102
num_leaves=39
num_cat=0
split_feature=135 15 119 120 73 13 122 119 79 14 14 119 119 119 14 8 12 60 101 12 102 119 14 14 119 9 119 119 14 119 102 12 62 85 12 12 5 26
split_gain=1143.87 1059.69 1893.22 568.212 358.098 176.347 224.183 225.836 199.469 177.5 97.3341 114.837 104 73.1549 67.0135 60.5246 59.8453 124.244 57.4768 53.4509 52.5116 63.3645 57.7837 49.2278 128.209 104.749 65.6591 91.0047 65.5361 72.6977 59.5418 78.9393 45.4263 63.7785 98.8264 41.8055 41.4012 39.3953
threshold=1.0000000180025095e-35 0.75000000000000011 0.62131977081298839 1.0000000180025095e-35 0.085450042039155974 0.76363638043403637 1.0000000180025095e-35 0.59593412280082714 0.78822937607765209 0.49782148003578192 0.35276135802268987 0.38069936633110052 0.40923309326171881 0.55386900901794445 0.52532190084457409 -0.088193777948617921 0.61881121993064891 -0.49999997019767756 1.0000000180025095e-35 0.87824293971061718 0.5541210174560548 0.50662484765052807 0.44344586133956915 0.47904258966445928 0.55386900901794445 -0.68322628736495961 0.52266719937324535 0.55587741732597362 0.45428046584129339 0.4717922061681748 0.56034687161445629 0.9068988859653474 1.1451349258422854 0.55228129029273998 0.50244787335395824 0.50244787335395824 0.1371320113539696 -0.65934595465660084
decision_type=2 2 2 2 2 2 2 2 2 2 2 2 2 2 2 2 2 2 2 2 2 2 2 2 2 2 2 2 2 2 2 2 2 2 2 2 2 2
left_child=-1 -2 5 18 -5 8 7 9 19 10 11 -7 -12 -10 -15 -8 17 -14 -4 -3 21 22 -19 26 -25 -26 28 -28 29 -18 -27 -32 -11 35 -35 -34 -20 -21
right_child=1 2 3 4 -6 6 15 -9 13 32 12 -13 16 14 -16 -17 23 20 36 37 -22 -23 -24 24 25 30 27 -29 -30 -31 31 -33 33 34 -36 -37 -38 -39
leaf_value=0 0 -0.00012122497146123123 0.0047469854940814576 0.002022440721954588 0.0044777335418619306 -0.0023492822408062177 0.034230134786031242 0.070184843789944648 0.00061520881853990514 -1.8277409874419213e-05 -0.044694576046358493 0.029601723774689434 -0.00055804859910162574 0.0036856977433732396 0.00032428462770662554 0.0011797565513344283 0.00054073279537774971 0.012885466482115361 -0.03210970691407182 0.0026764622389167415 -0.010189436571264174 0.014639602012634114 -0.17948939964622135 -0.0072964383939753885 0.046505027518063645 0.026545661800927718 0.021859993446568068 -0.0024974773314499644 -0.013812832444842755 0.033942571725501129 -0.0091173388802695855 0.017678584098354974 -0.0014849922361087114 0.050721235379393902 -0.0018815537768960651 0.0010679150140437998 0.0044775745169772915 -0.0010838743176502241
leaf_weight=27813 9258 2083 766 464 6989 223 707 551 2285 646 109 872 445 595 439 96 441 49 26 37 32 161 91 622 257 75 582 144 402 483 134 35 23 58 465 53 935 554
leaf_count=27813 9258 2083 766 464 6989 223 707 551 2285 646 109 872 445 595 439 96 441 49 26 37 32 161 91 622 257 75 582 144 402 483 134 35 23 58 465 53 935 554
internal_value=0.006288 0.011422 0.0160338 0.0301002 0.0348906 0.00664194 0.010624 0.00831296 0.0014884 0.00619806 0.00947062 0.0200548 0.00661743 0.00803857 0.0168665 0.0306351 0.00768024 -0.00226221 0.00942675 -0.00664174 0.0162162 0.0213953 0.00171429 0.0101165 0.00338379 0.0184431 0.0138012 0.0234711 0.00850679 0.0143723 -0.000327869 -0.0134911 -0.00735743 -0.0152922 -0.0202677 0.0189474 0.0159417 -0.0172589
internal_weight=60000 32187 22929 9180 7453 13749 7756 6953 5993 6402 5157 1095 4062 3319 1034 803 3953 778 1727 2674 333 301 140 3175 1123 501 2052 726 1326 924 244 169 1245 599 523 76 961 591
internal_count=60000 32187 22929 9180 7453 13749 7756 6953 5993 6402 5157 1095 4062 3319 1034 803 3953 778 1727 2674 333 301 140 3175 1123 501 2052 726 1326 924 244 169 1245 599 523 76 961 591
is_linear=0
shrinkage=0.04


Tree=103
num_leaves=39
num_cat=0
split_feature=118 15 119 124 120 13 122 119 79 14 14 119 119 119 119 12 77 8 14 102 119 14 12 62 85 12 12 14 119 9 119 119 14 119 102 12 0 102
split_gain=1094.64 1058.61 1840.01 704.186 369.586 184.531 213.829 222.629 192.802 176.665 93.9404 114.837 105.279 66.3817 65.9696 62.8045 124.244 60.1886 59.9953 52.5116 63.3645 57.7837 51.1822 44.1425 62.4336 99.7701 41.8055 40.5292 123.362 97.3748 60.3162 88.2088 61.5539 72.6977 54.7932 70.1525 39.0669 39.0227
threshold=1.0000000180025095e-35 0.75000000000000011 0.62131977081298839 0.053983211517333991 1.0000000180025095e-35 0.76363638043403637 1.0000000180025095e-35 0.59593412280082714 0.78822937607765209 0.49782148003578192 0.35276135802268987 0.38069936633110052 0.40923309326171881 0.8213065266609193 0.55386900901794445 0.61881121993064891 -0.44228866696357721 -0.088193777948617921 0.52532190084457409 0.5541210174560548 0.50662484765052807 0.44344586133956915 0.87824293971061718 1.1451349258422854 0.55228129029273998 0.50244787335395824 0.50244787335395824 0.47904258966445928 0.55386900901794445 -0.68322628736495961 0.52266719937324535 0.55587741732597362 0.45428046584129339 0.4717922061681748 0.55805155634880077 0.9068988859653474 0.82871991395950328 0.50684645771980297
decision_type=2 2 2 2 2 2 2 2 2 2 2 2 2 2 2 2 2 2 2 2 2 2 2 2 2 2 2 2 2 2 2 2 2 2 2 2 2 2
left_child=-1 -2 5 13 -5 8 7 9 22 10 11 -7 -12 -4 -10 16 37 -8 -16 20 21 -18 -3 -11 26 -26 -25 30 -29 -30 32 -32 33 -17 -31 -36 -15 -14
right_child=1 2 3 4 -6 6 17 -9 14 23 12 -13 15 36 18 27 19 -19 -20 -21 -22 -23 -24 24 25 -27 -28 28 29 34 31 -33 -34 -35 35 -37 -38 -39
leaf_value=0 0 -0.00011637597260278909 0.014232990043947923 0.0043009921079986673 0.0042986242001874691 -0.002255310951173969 0.032860929394589962 0.067377450038346859 0.00059060046579830329 0.00010668375952384649 -0.04290679300450416 0.028417654823701854 -0.00046519092295938891 -0.0073525168931820204 0.00353826983363831 0.00051910348356265957 0.012370047822830727 0.00017067812450965317 0.00031131324259836053 -0.0097818591084135771 0.014054017932128744 -0.17230982366037251 -0.00069199669832222812 -0.0014255925466643629 0.048692385964218161 -0.0018062916258202225 0.0010251984134820478 -0.0070045808582163719 0.044644826417341077 0.23202459245511903 0.020985593708705324 -0.0023975782381919332 -0.013260319147049044 0.032584868856481111 -0.0084802725090823827 0.016971440734420754 -0.0073525168931820204 -0.0023641676324307782
leaf_weight=27793 9293 2082 512 1305 6979 223 706 551 2285 648 109 872 200 212 594 441 49 95 439 32 161 91 591 23 59 465 53 622 257 56 582 144 402 483 151 37 158 245
leaf_count=27793 9293 2082 512 1305 6979 223 706 551 2285 648 109 872 200 212 594 441 49 95 439 32 161 91 591 23 59 465 53 622 257 56 582 144 402 483 151 37 158 245
internal_value=0.00628667 0.0113056 0.0159239 0.0298058 0.0334235 0.00666861 0.0107413 0.00848764 0.00139543 0.00638876 0.00965678 0.0200548 0.00685377 -0.00417234 0.00783605 0.0079231 -0.00226221 0.0303121 0.0162246 0.0162162 0.0213953 0.00171429 -0.00659933 -0.00711538 -0.0149333 -0.0198473 0.0189474 0.0104189 0.00430988 0.0190818 0.0137622 0.0230303 0.00868778 0.0143723 0.000983607 -0.0093617 -0.0170811 -0.0160899
internal_weight=60000 32207 22914 9166 8284 13748 7757 6956 5991 6405 5157 1095 4062 882 3318 3953 778 801 1033 333 301 140 2673 1248 600 524 76 3175 1123 501 2052 726 1326 924 244 188 370 445
internal_count=60000 32207 22914 9166 8284 13748 7757 6956 5991 6405 5157 1095 4062 882 3318 3953 778 801 1033 333 301 140 2673 1248 600 524 76 3175 1123 501 2052 726 1326 924 244 188 370 445
is_linear=0
shrinkage=0.04


Tree=104
num_leaves=39
num_cat=0
split_feature=135 15 119 120 73 13 60 29 79 121 119 102 14 29 14 29 119 14 119 101 1 14 55 102 14 14 29 119 14 119 119 13 121 119 29 102 119 14
split_gain=1143.36 1059.22 1880.11 575.547 357.646 177.426 172.881 182.902 166.389 156.771 118.84 181.27 70.6596 66.7491 79.6973 63.3968 71.7133 93.0719 138.993 54.9003 58.035 51.2582 49.3958 49.2913 74.4559 46.8152 57.1585 64.297 45.2728 45.1601 43.2928 71.9031 42.813 40.5566 74.0843 63.9993 57.1681 41.4739
threshold=1.0000000180025095e-35 0.75000000000000011 0.62131977081298839 1.0000000180025095e-35 0.085450042039155974 0.76363638043403637 -0.49999997019767756 0.61881121993064891 0.78822937607765209 1.0000000180025095e-35 0.59593412280082714 0.54616177082061779 0.47904258966445928 0.71469494700431835 0.41022963821887976 0.93004098534584057 0.59593412280082714 0.50461712479591381 0.55386900901794445 1.0000000180025095e-35 1.0000000180025095e-35 0.49548439681530004 1.0000000180025095e-35 0.52068921923637401 0.40148113667964941 0.35351052880287176 0.50244787335395824 0.560205638408661 0.46050065755844122 0.38069936633110052 0.59593412280082714 0.93636366724967968 1.0000000180025095e-35 0.55386900901794445 0.80047810077667247 0.52797222137451183 0.50002238154411327 0.43823994696140295
decision_type=2 2 2 2 2 2 2 2 2 2 2 2 2 2 2 2 2 2 2 2 2 2 2 2 2 2 2 2 2 2 2 2 2 2 2 2 2 2
left_child=-1 -2 5 19 -5 8 7 25 -3 30 11 12 23 -10 22 16 17 18 21 -4 -21 -9 -15 24 -11 -7 27 -27 -13 -17 -8 -32 -28 34 35 -16 37 -36
right_child=1 2 3 4 -6 6 9 15 13 10 -12 28 -14 14 33 29 -18 -19 -20 20 -22 -23 -24 -25 -26 26 32 -29 -30 -31 31 -33 -34 -35 36 -37 -38 -39
leaf_value=0 0 -0.00023840523482437703 0.004385066389998222 0.0013722234913185005 0.0041266792321799526 0.047274253566642131 0.027762278039644386 0.0012772700989184954 1.4505461130841029e-05 0.015751223963652521 0.064682352036812996 -0.0091195024534907534 -0.016015990215764261 0.00077109442507062198 0.0065039576488003445 -0.016972486196802371 0.051976425104751839 -0.0025868525369492391 0.042859033360647419 0.0041264318519782248 -0.028455863281601958 -0.050381985381276043 -0.00042232307976114214 0.01625046709288263 0.020374213524461879 -0.0017951891071251638 0.016780171806076077 0.046744690525649446 0.00059518324945081243 0.029649525316770779 -0.0039208258662463179 0.036607434794692396 -0.00070144389254785718 0.0025321968479272883 0.0019012309618408453 -0.0055314883496578203 0.0053005008587459204 -0.21977578180411839
leaf_weight=27813 9258 2674 766 464 6989 135 530 1451 1445 696 260 132 184 163 135 33 246 402 326 924 37 42 223 365 516 44 114 66 880 505 79 95 655 619 107 178 401 48
leaf_count=27813 9258 2674 766 464 6989 135 530 1451 1445 696 260 132 184 163 135 33 246 402 326 924 37 42 223 365 516 44 114 66 880 505 79 95 655 619 107 178 401 48
internal_value=0.00628667 0.0114195 0.0160304 0.0300479 0.0348692 0.00667103 0.0106653 0.00490669 0.00150175 0.0168584 0.0129113 0.0104868 0.0182396 0.00748418 0.0124653 0.00986356 0.00715039 0.00488068 0.00873007 0.00924146 0.0156087 0.0035633 -0.00373057 0.0209765 0.0170957 -0.00978304 -0.0131513 0.0138182 -0.00300395 0.0223048 0.0338636 0.0165517 -0.0170091 0.0166667 0.0110932 -0.00447284 0.0198561 -0.000774194
internal_weight=60000 32187 22929 9180 7453 13749 7756 4019 5993 3737 3033 2773 1761 3319 1874 3005 2467 2221 1819 1727 961 1493 386 1577 1212 1014 879 110 1012 538 704 174 769 1488 869 313 556 155
internal_count=60000 32187 22929 9180 7453 13749 7756 4019 5993 3737 3033 2773 1761 3319 1874 3005 2467 2221 1819 1727 961 1493 386 1577 1212 1014 879 110 1012 538 704 174 769 1488 869 313 556 155
is_linear=0
shrinkage=0.04


Tree=105
num_leaves=39
num_cat=0
split_feature=135 15 119 120 73 13 122 119 12 79 14 25 85 119 102 101 77 14 119 119 68 12 119 119 119 13 12 5 68 12 102 10 68 12 14 119 119 119
split_gain=1134.65 1051.4 1903.1 566.776 357.42 173.129 209.352 226.683 168.405 162.676 90.9446 79.3797 131.516 65.3276 62.9878 57.4768 56.3295 50.0528 87.6197 62.4568 79.4915 47.9746 81.8815 85.8473 45.2871 74.2748 41.8658 41.4012 39.7495 46.1142 46.1128 39.5961 38.0415 36.6161 97.0058 77.3689 55.5843 52.5713
threshold=1.0000000180025095e-35 0.75000000000000011 0.62131977081298839 1.0000000180025095e-35 0.085450042039155974 0.76363638043403637 1.0000000180025095e-35 0.59593412280082714 0.87096264958381664 0.78822937607765209 0.50125351548194896 -0.25507298111915583 0.55228129029273998 0.55386900901794445 0.56878516077995311 1.0000000180025095e-35 -0.49999997019767756 0.35276135802268987 0.40923309326171881 0.387991413474083 0.5478598177433015 0.58427134156227123 0.50662484765052807 0.51773032546043407 0.59593412280082714 0.93636366724967968 0.70907047390937816 0.1371320113539696 0.42083865404129034 0.79597324132919323 0.59790590405464183 0.91037616133689891 0.51285532116889965 0.80047810077667247 0.41022963821887976 0.51773032546043407 0.50002238154411327 0.48508223891258245
decision_type=2 2 2 2 2 2 2 2 2 2 2 2 2 2 2 2 2 2 2 2 2 2 2 2 2 2 2 2 2 2 2 2 2 2 2 2 2 2
left_child=-1 -2 5 15 -5 9 7 8 10 28 17 31 -13 33 -15 -4 -8 19 -19 -7 -21 22 -20 -24 -18 -26 -14 -17 -3 30 32 -12 -30 35 -35 37 -36 -11
right_child=1 2 3 4 -6 6 16 -9 -10 13 11 12 26 14 -16 27 24 18 21 20 -22 -23 23 -25 25 -27 -28 -29 29 -31 -32 -33 -34 34 36 -37 -38 -39
leaf_value=0 0 -0.00087592716555690237 0.0042096637343982833 0.001317334551665752 0.0039616120628927481 0.00072174367506205959 0.021745512644736315 0.062095057955340496 0.02291459268037329 -6.154246189766736e-06 0.0060068313513609445 0.0010669909685828941 -0.00079567754985703377 0.0069327406703857978 0.00022860495923630709 -0.029392983430517584 0.027101352989558018 -0.041162463528622073 -0.011477725237370355 0.033599950562146146 -0.01317215723986152 0.0024742299577182854 0.16359616567461141 -0.0012967612805127818 -0.0039578795848219531 0.035143137402904687 -0.0038146783226734979 0.0039613745778990864 0.00056323659272901946 -0.00026809096814013839 0.0023382571003580568 -0.0036010281958756131 -0.0007866557844323197 -0.00035416960326269733 -0.00019445971819333609 -0.0018760745485466703 0.0050884808243960933 0.012166720271257337
leaf_weight=27813 9258 217 766 464 6989 256 108 551 1594 681 304 58 267 266 768 26 524 109 163 274 71 2423 87 371 77 94 230 935 525 1026 136 195 770 223 155 495 401 330
leaf_count=27813 9258 217 766 464 6989 256 108 551 1594 681 304 58 267 266 768 26 524 109 163 274 71 2423 87 371 77 94 230 935 525 1026 136 195 770 223 155 495 401 330
internal_value=0.006264 0.0113773 0.015971 0.0300741 0.0348584 0.00655466 0.0105003 0.00826694 0.00614808 0.00144836 0.00241265 -0.00796964 -0.0183784 0.00736366 0.015706 0.00942675 0.0298381 0.00532765 0.00331113 0.0159068 0.0270145 0.00457293 -0.00534622 0.00331878 0.0340144 0.0161404 -0.0250302 0.0159417 -0.00589379 -0.00444444 0.000195667 0.00360721 -0.00213127 0.00358862 0.010629 -5.31208e-05 0.0195683 0.0062908
internal_weight=60000 32187 22929 9180 7453 13749 7756 6953 6402 5993 4808 1054 555 3319 1034 1727 803 3754 3153 601 345 3044 621 458 695 171 497 961 2674 2457 1431 499 1295 2285 779 1506 556 1011
internal_count=60000 32187 22929 9180 7453 13749 7756 6953 6402 5993 4808 1054 555 3319 1034 1727 803 3754 3153 601 345 3044 621 458 695 171 497 961 2674 2457 1431 499 1295 2285 779 1506 556 1011
is_linear=0
shrinkage=0.04


Tree=106
num_leaves=39
num_cat=0
split_feature=135 15 119 120 22 13 122 119 14 79 85 13 12 12 14 8 101 55 119 13 39 14 119 119 85 119 12 102 119 14 85 119 62 85 12 12 12 12
split_gain=1090.6 1011.81 1761.96 521.776 339.725 177.614 204.985 224.358 169.78 156.835 132.882 235.48 87.2476 61.8609 75.5513 60.2677 57.4768 49.3958 43.8469 74.2748 41.4012 40.7899 91.6883 59.1689 76.2445 39.4389 77.0303 57.9202 55.5843 41.4739 38.8657 50.3008 37.9435 59.8602 93.9747 45.7845 41.8055 37.4831
threshold=1.0000000180025095e-35 0.75000000000000011 0.62131977081298839 1.0000000180025095e-35 0.11795619875192644 0.76363638043403637 1.0000000180025095e-35 0.59593412280082714 0.49782148003578192 0.78822937607765209 0.59591841697692882 0.76363638043403637 0.87096264958381664 0.71469494700431835 0.41022963821887976 -0.088193777948617921 1.0000000180025095e-35 1.0000000180025095e-35 0.59593412280082714 0.93636366724967968 0.11721701547503473 0.35276135802268987 0.40923309326171881 0.387991413474083 0.50678190588951122 0.55386900901794445 0.80047810077667247 0.52797222137451183 0.50002238154411327 0.43823994696140295 0.58898150920867931 0.55386900901794445 1.1451349258422854 0.55228129029273998 0.50244787335395824 0.70907047390937816 0.50244787335395824 0.78930434584617626
decision_type=2 2 2 2 2 2 2 2 2 2 2 2 2 2 2 2 2 2 2 2 2 2 2 2 2 2 2 2 2 2 2 2 2 2 2 2 2 2
left_child=-1 -2 5 16 -5 9 7 8 12 -3 11 -6 21 30 17 18 -4 -15 -8 -20 -18 23 -23 -7 -25 26 27 -16 29 -28 31 -11 -10 36 -35 -36 -34 -37
right_child=1 2 3 4 10 6 15 -9 32 13 -12 -13 -14 14 25 -17 20 -19 19 -21 -22 22 -24 24 -26 -27 28 -29 -30 -31 -32 -33 33 34 35 37 -38 -39
leaf_value=0 0 -0.00022598485401406521 0.0040412771850223449 0.0012646411695991233 -7.2507704720834452e-05 0.0006928739280595772 0.027200159609171132 0.059611255637126846 -0.00010979908920963085 8.8968224627474193e-05 0.0038031475803770223 0.095927515183462764 0.021998008973158394 0.00075441743219830217 0.0063188423247902041 -2.7947726871324214e-05 -0.028217264093296883 -0.00039126337244017152 -0.003799564401429052 0.033737411906788493 0.0038029195947831343 -0.039515964987477191 0.0016883989902846904 0.033864752062945203 -0.0016871752695307052 0.0023998885307555894 0.001832960112094959 -0.0052351858337296164 0.0048849415914202507 -0.21097697214322592 -0.0011168896202090651 0.00035351374445916935 -0.0012448908292922705 0.044926773355843962 -0.00076385044786275236 0.00024519629394881975 0.0010243113298395784 -0.0036620911897665576
leaf_weight=27813 9258 2674 766 513 116 256 536 551 646 1033 6655 169 1594 163 135 96 26 223 77 94 935 109 2853 255 90 619 107 178 401 48 285 127 23 58 253 129 53 83
leaf_count=27813 9258 2674 766 513 116 256 536 551 646 1033 6655 169 1594 163 135 96 26 223 77 94 935 109 2853 255 90 619 107 178 401 48 285 127 23 58 253 129 53 83
internal_value=0.006148 0.011161 0.0156675 0.0292375 0.033828 0.00660703 0.0106034 0.0083935 0.00628554 0.00143501 0.0361499 0.00940351 0.00948614 0.00724315 0.0120384 0.0297385 0.00942675 -0.00373057 0.0337765 0.0161404 0.0159417 0.00600617 0.00407833 0.0155075 0.0263188 0.016129 0.0106329 -0.00523962 0.0195683 -0.000774194 0.00102422 0.00427586 -0.00697189 -0.0142237 -0.019044 -0.0250323 0.0189474 -0.0113208
internal_weight=60000 32187 22929 9180 7453 13749 7756 6953 6402 5993 6940 285 5157 3319 1874 803 1727 386 707 171 961 3563 2962 601 345 1488 869 313 556 155 1445 1160 1245 599 523 465 76 212
internal_count=60000 32187 22929 9180 7453 13749 7756 6953 6402 5993 6940 285 5157 3319 1874 803 1727 386 707 171 961 3563 2962 601 345 1488 869 313 556 155 1445 1160 1245 599 523 465 76 212
is_linear=0
shrinkage=0.04


Tree=107
num_leaves=39
num_cat=0
split_feature=135 15 119 120 22 13 85 13 14 119 102 122 13 119 122 13 41 102 13 14 12 10 14 12 119 102 12 101 119 12 119 119 14 119 14 62 12 12
split_gain=1072.62 995.656 1828.42 503.044 328.715 161.901 143.061 197.059 140.999 90.4272 78.7844 68.3677 61.0491 58.1564 99.4599 120.361 63.2857 92.5475 93.2757 70.8161 66.9309 60.9152 85.1488 65.9627 83.9131 118.187 66.0999 57.4768 56.2097 51.1375 47.3967 47.0805 46.5293 54.6735 82.1502 50.5159 111.048 46.4789
threshold=1.0000000180025095e-35 0.75000000000000011 0.61388990283012401 1.0000000180025095e-35 0.11795619875192644 0.93636366724967968 0.59591841697692882 0.76363638043403637 0.48106098175048834 0.59866267442703258 0.59573671221733104 1.0000000180025095e-35 0.76363638043403637 0.59593412280082714 1.0000000180025095e-35 0.76363638043403637 0.026029755361378196 0.5541210174560548 0.76363638043403637 0.48630662262439733 0.71469494700431835 0.7294733226299287 0.40148113667964941 0.80047810077667247 0.55386900901794445 0.58124107122421276 0.74055260419845592 1.0000000180025095e-35 0.48508223891258245 0.90145155787467968 0.38069936633110052 0.62131977081298839 0.53617689013481151 0.55587741732597362 0.49782148003578192 1.1451349258422854 0.6161409616470338 0.90145155787467968
decision_type=2 2 2 2 2 2 2 2 2 2 2 2 2 2 2 2 2 2 2 2 2 2 2 2 2 2 2 2 2 2 2 2 2 2 2 2 2 2
left_child=-1 -2 5 27 -5 10 7 31 11 32 13 30 -12 14 16 28 17 18 -3 -19 -18 22 37 24 26 -26 -24 -4 -16 -23 -7 -6 33 -10 -35 -36 -37 -22
right_child=1 2 3 4 6 8 -8 -9 9 -11 12 -13 -14 -15 15 -17 20 19 -20 -21 21 29 23 -25 25 -27 -28 -29 -30 -31 -32 -33 -34 34 35 36 -38 -39
leaf_value=0 0 -0.0011756924867100339 0.0038796260976214471 0.0012140555228151585 4.6977239387757663e-06 -0.018090090815071545 0.0036510216771619497 0.087670471342142384 -0.0017255699084144482 0.10826328294790863 0.0001234652196366426 0.039272919674401767 0.048060965731245985 -0.00083050227685095741 -0.00060216143170311654 0.010610472138333833 -2.6952480455672435e-05 -0.010030578332655794 0.004949043457288198 -0.0011860393302894178 0.00072125002022119136 0.00031952816512697879 0.010239227829639432 0.0044035981926307775 0.0081934771412355192 -0.0055798108770193332 -0.0025678240640300012 0.00365080281099182 0.00043563878948097215 -0.0074020846072089521 0.025777068664078799 -6.9607396531985442e-05 -0.0035156075421758953 0.029673166689265146 0.0095763163359397652 0.043129702421610218 -0.00045768876295948502 -0.00037561283754257603
leaf_weight=27813 9258 851 766 515 58 84 6859 237 497 121 691 277 339 177 130 336 2549 301 753 402 284 438 205 782 266 98 373 961 486 102 1811 116 114 271 239 60 146 234
leaf_count=27813 9258 851 766 515 58 84 6859 237 497 121 691 277 339 177 130 336 2549 301 753 402 284 438 205 782 266 98 373 961 486 102 1811 116 114 271 239 60 146 234
internal_value=0.0061 0.0110716 0.0155419 0.0289571 0.0332897 0.00603115 0.0354773 0.0125547 0.0132597 0.00359116 0.00336021 0.0197053 0.0138252 0.00213072 0.00259837 0.0147899 0.00107882 -0.004456 0.00084788 -0.0165576 0.00347402 0.0077642 0.010669 0.014942 0.00781316 0.0228571 -0.0016609 0.00942675 0.00428571 -0.0042963 0.0169921 -0.0197701 0.00057272 0.00286892 0.00994413 -0.000629213 -0.0151456 -0.00355212
internal_weight=60000 32187 22929 9512 7785 13417 7270 411 3620 1448 9797 2172 1030 8767 8590 952 7638 2307 1604 703 5331 2782 2242 1724 942 364 578 1727 616 540 1895 174 1327 1213 716 445 206 518
internal_count=60000 32187 22929 9512 7785 13417 7270 411 3620 1448 9797 2172 1030 8767 8590 952 7638 2307 1604 703 5331 2782 2242 1724 942 364 578 1727 616 540 1895 174 1327 1213 716 445 206 518
is_linear=0
shrinkage=0.04


Tree=108
num_leaves=39
num_cat=0
split_feature=135 32 119 120 22 30 12 102 30 119 14 102 30 101 119 122 30 7 102 14 125 12 14 10 12 122 119 12 119 102 12 119 119 119 5 75 25 28
split_gain=1042.02 968.133 1850.78 496.136 325.224 144.022 135.767 124.671 154.458 93.4218 92.6293 80.6395 61.0491 57.4768 57.4571 96.2806 118.616 60.5995 80.6393 81.1123 70.9296 65.7108 56.3975 52.9322 75.1138 52.4643 52.0776 51.7309 51.5041 89.4121 52.5074 43.8965 42.6957 42.2497 41.4012 34.1902 33.2371 33.0519
threshold=1.0000000180025095e-35 0.75000000000000011 0.61388990283012401 1.0000000180025095e-35 0.11795619875192644 0.93636366724967968 0.91245013475418102 0.62132039666175853 0.76363638043403637 0.59866267442703258 0.49782148003578192 0.59573671221733104 0.76363638043403637 1.0000000180025095e-35 0.59593412280082714 1.0000000180025095e-35 0.76363638043403637 0.51917079091072094 0.53053137660026561 0.46458241343498236 0.87313088774681102 0.71469494700431835 0.40148113667964941 0.7294733226299287 0.80047810077667247 1.0000000180025095e-35 0.48508223891258245 0.90145155787467968 0.55386900901794445 0.57617363333702099 0.74055260419845592 0.38069936633110052 0.48508223891258245 0.59593412280082714 0.1371320113539696 0.97900050878524791 -0.27189691364765162 0.67332410812377941
decision_type=2 2 2 2 2 2 2 2 2 2 2 2 2 2 2 2 2 2 2 2 2 2 2 2 2 2 2 2 2 2 2 2 2 2 2 2 2 2
left_child=-1 -2 5 13 -5 11 9 8 -6 10 25 14 -13 -4 15 17 26 18 20 36 -3 -19 27 24 28 -7 37 -23 30 -30 32 -8 -24 -14 -15 -18 -20 -17
right_child=1 2 3 4 7 6 31 -9 -10 -11 -12 12 33 34 -16 16 35 21 19 -21 -22 22 23 -25 -26 -27 -28 -29 29 -31 -32 -33 -34 -35 -36 -37 -38 -39
leaf_value=0 0 -0.00030104817859168522 0.0037244410537165961 0.0011654933019025649 -6.6823100670703185e-05 0.020628590955773411 -0.017366487182468682 0.0035049808100754733 0.088583595722438555 0.10393275162999231 -0.00013723040575641221 0.00011852661085118399 0.036033784557049663 -0.027234605642004684 -0.00079728218577692191 -0.00080776422750595601 0.011117445534257158 -2.5874381237445536e-05 -0.010056718430119602 -0.0012827382854064843 0.0048748755929804589 0.0023100463740197696 -0.15918102579759613 -0.0015977995478264262 0.0043931707781673171 0.047552066376842284 0.00041821323790172118 -0.00037692505520446672 0.0082216796328006235 -0.0015380031259910943 -0.0020547167730298457 0.025635957491395588 0.010015147388400614 0.051027837807680283 0.0035047706985521644 -0.0075385800081633203 -0.0015274257225907206 0.00066517400017407661
leaf_weight=27813 9258 1110 766 515 299 1548 49 6620 351 162 745 691 106 26 177 75 305 2116 306 1184 474 302 24 263 725 118 486 240 214 105 341 998 155 233 935 31 79 55
leaf_count=27813 9258 1110 766 515 299 1548 49 6620 351 162 745 691 106 26 177 75 305 2116 306 1184 474 302 24 263 725 118 486 240 214 105 341 998 155 233 935 31 79 55
internal_value=0.00601733 0.0109175 0.0153256 0.0288225 0.0331252 0.00575688 0.0125746 0.0353012 0.0185846 0.00763311 0.0056574 0.00323773 0.0138252 0.00942675 0.00199384 0.00245867 0.0144538 0.000963603 -0.00328576 -0.00971319 0.00308081 0.00395095 0.0085268 0.0118883 0.0146803 0.0109004 0.00402597 -0.00280443 0.00653159 0.019185 -0.00123077 0.0247182 0.0163128 0.0277286 0.0159417 0.0335714 -0.0256623 -0.0184615
internal_weight=60000 32187 22929 9512 7785 13417 3620 7270 650 2573 2411 9797 1030 1727 8767 8590 952 7638 3153 1569 1584 4485 2369 1827 1564 1666 616 542 839 319 520 1047 179 339 961 336 385 130
internal_count=60000 32187 22929 9512 7785 13417 3620 7270 650 2573 2411 9797 1030 1727 8767 8590 952 7638 3153 1569 1584 4485 2369 1827 1564 1666 616 542 839 319 520 1047 179 339 961 336 385 130
is_linear=0
shrinkage=0.04


Tree=109
num_leaves=39
num_cat=0
split_feature=135 15 85 10 73 13 121 12 101 12 73 28 62 14 85 85 110 14 85 14 58 121 14 85 12 85 60 17 125 85 56 13 14 14 85 14 78 14
split_gain=1012.35 941.43 1779.86 497.839 157.471 145.575 181.425 133.731 130.508 116.818 73.0982 70.8385 67.36 62.871 144.393 113.923 59.3884 54.0672 51.4421 90.2214 72.8057 58.5319 54.2114 65.8612 50.5276 47.8834 46.1861 69.372 41.2247 49.5393 43.4982 53.0022 42.7236 40.7551 49.5953 58.7705 60.6371 46.7412
threshold=1.0000000180025095e-35 0.75000000000000011 0.59591841697692882 0.32143938541412359 0.085450042039155974 0.93636366724967968 1.0000000180025095e-35 0.87096264958381664 1.0000000180025095e-35 0.71392521262168895 0.081620417535305037 0.93491411209106456 0.98303905129432689 0.50440177321434032 0.55228129029273998 0.55228129029273998 1.3438241481781008 0.53320875763893139 0.51791894435882579 0.45820383727550512 0.017390768975019458 1.0000000180025095e-35 0.50125351548194896 0.57582581043243419 0.6161409616470338 0.54806599020957958 -0.49999997019767756 0.5602087974548341 0.85755446553230297 0.50678190588951122 0.37535394728183752 0.76363638043403637 0.44344586133956915 0.47904258966445928 0.52783364057540905 0.46458241343498236 0.89687275886535656 0.46458241343498236
decision_type=2 2 2 2 2 2 2 2 2 2 2 2 2 2 2 2 2 2 2 2 2 2 2 2 2 2 2 2 2 2 2 2 2 2 2 2 2 2
left_child=-1 -2 5 8 -5 18 16 12 -4 17 -11 -6 24 15 -15 -14 -7 -10 28 21 -21 -20 25 -24 -8 33 -27 -28 29 32 31 -30 -3 34 37 -36 -37 -22
right_child=1 2 3 4 11 6 7 -9 9 10 -12 -13 13 14 -16 -17 -18 -19 19 20 22 -23 23 -25 -26 26 27 -29 30 -31 -32 -33 -34 -35 35 36 -38 -39
leaf_value=0 0 0.0001594915265737029 0.0035754634115679452 0.0078634991715396292 0.0033647815776724601 0.037965378717191176 -0.0031907716292268163 0.021980355958557105 0.0033645798706100649 -0.072961703739481992 0.0033647815776724601 0.0033647328104027176 -0.0011205831835537452 0.0010578508892128296 -0.0019405947888657237 0.041410003540976063 0.032810468450607574 -0.0010831539944704538 -2.1068910087045366e-05 -0.00032920280210102959 0.0045818517516014977 -0.002293092972403521 -0.0027139151401769541 0.00025476004694078316 0.019597730917410346 0.0064025215524626238 0.019863172892512607 -0.0086273895241275687 0.00055185946242545473 0.0025311189882142671 0.00066727204540491887 0.007861126515386516 -0.0033986057129876458 -0.00063762414298083794 -0.017038996045167901 0.0085418512086717167 -0.0052041446377858241 -0.19082875414361866
leaf_weight=27813 9258 1597 819 239 5341 427 92 1098 1247 87 2443 412 461 47 215 157 128 138 678 1292 33 752 163 408 734 574 93 62 289 379 1117 359 243 395 26 245 58 81
leaf_count=27813 9258 1597 819 239 5341 427 92 1098 1247 87 2443 412 461 47 215 157 128 138 678 1292 33 752 163 408 734 574 93 62 289 379 1117 359 243 395 26 245 58 81
internal_value=0.005936 0.0107658 0.0151127 0.0269998 0.0346595 0.00466443 0.0117535 0.00761769 0.0173046 0.0203423 0.0254545 0.0359812 0.000609613 -0.00709091 -0.0235115 -0.00012945 0.0326486 0.0110036 0.00197196 -0.000790123 0.00272886 -0.00923077 0.00725912 -0.00329247 0.00881356 0.011104 0.0186008 -0.000774194 0.00534137 0.00171248 0.00990368 0.0181481 -0.001 0.00458234 0.012912 0.0207903 0.0257426 -0.00982456
internal_weight=60000 32187 22929 10726 5992 12203 3359 2804 4734 3915 2530 5753 1706 880 262 618 555 1385 8844 4860 3430 1430 2138 571 826 1567 729 155 3984 2219 1765 648 1840 838 443 329 303 114
internal_count=60000 32187 22929 10726 5992 12203 3359 2804 4734 3915 2530 5753 1706 880 262 618 555 1385 8844 4860 3430 1430 2138 571 826 1567 729 155 3984 2219 1765 648 1840 838 443 329 303 114
is_linear=0
shrinkage=0.04


Tree=110
num_leaves=39
num_cat=0
split_feature=135 15 119 103 22 13 119 122 29 85 13 94 14 119 101 14 60 85 85 8 29 85 29 14 119 119 14 119 14 119 14 119 119 85 10 121 121 14
split_gain=984.527 916.387 1956.89 419.153 338.38 196.155 182.788 234.778 185.203 124.362 222.498 116.412 100.206 111.728 97.1012 88.8406 85.6111 119.205 83.6855 72.1804 61.9646 63.0118 59.3423 118.914 90.7006 59.3876 61.7898 57.5568 67.189 88.3729 53.9091 82.0336 57.0264 74.0266 53.7551 50.6121 49.9953 48.6939
threshold=1.0000000180025095e-35 0.75000000000000011 0.62131977081298839 1.0000000180025095e-35 0.11795619875192644 0.76363638043403637 0.59593412280082714 1.0000000180025095e-35 0.87096264958381664 0.59591841697692882 0.76363638043403637 -0.38268354535102839 0.52532190084457409 0.55386900901794445 1.0000000180025095e-35 0.50125351548194896 -0.49999997019767756 0.55228129029273998 0.59827139973640453 -0.088193777948617921 0.79597324132919323 0.59591841697692882 0.80047810077667247 0.41022963821887976 0.51773032546043407 0.50002238154411327 0.43823994696140295 0.3721448034048081 0.36030563712120062 0.47632130980491644 0.35276135802268987 0.40923309326171881 0.387991413474083 0.50678190588951122 0.91037616133689891 1.0000000180025095e-35 1.0000000180025095e-35 0.42345251142978674
decision_type=2 2 2 2 2 2 2 2 2 2 2 2 2 2 2 2 2 2 2 2 2 2 2 2 2 2 2 2 2 2 2 2 2 2 2 2 2 2
left_child=-1 -2 5 14 -5 11 7 8 15 10 -6 12 13 22 -4 30 17 -17 -14 -9 21 -13 24 -24 27 26 -25 -3 -29 -30 32 -32 -7 -34 -18 -22 -8 -31
right_child=1 2 3 4 9 6 36 19 -10 -11 -12 20 18 -15 -16 16 34 -19 -20 -21 35 -23 23 25 -26 -27 -28 28 29 37 31 -33 33 -35 -36 -37 -38 -39
leaf_value=0 0 -0.00047453337971546813 0.0034324448751052116 0.00088233035348569185 -6.3307420240406027e-05 0.00063652632966186508 0.023853001961215696 0.024445222386044491 0.018487380240769652 0.0032301903145655689 0.085053420005625074 -0.00023609800735684418 8.9321769952267532e-05 0.0032332563053858723 0.0032300927800260836 0.0010155368536443163 0.011626862665264427 -0.0014866734028290817 -0.00019238604545599003 -0.0017676827158143737 -2.0226153683573499e-05 0.0021094952741778882 -0.00031699641975531991 0.0014085775357548869 -0.0019185451145378298 0.0041690080674828423 -0.20289614367739173 0.010561947115562874 -0.0042342595289082859 0.013132450486133002 -0.03795990419532657 0.00075267886799565528 0.030297545035632256 -0.0018365398404851163 -0.0040903908232513249 -0.0025922529586221901 0.053165875452555723 0.00958785061104841
leaf_weight=27813 9258 99 793 516 116 256 287 536 1594 6401 169 1532 226 592 1185 68 230 561 214 95 328 117 221 101 481 383 44 213 274 121 109 3044 255 90 195 754 436 293
leaf_count=27813 9258 99 793 516 116 256 287 536 1594 6401 169 1532 226 592 1185 68 230 561 214 95 328 117 221 101 481 383 44 213 274 121 109 3044 255 90 195 754 436 293
internal_value=0.00585867 0.0106217 0.0149104 0.0292113 0.0336906 0.00536184 0.00956163 0.00759278 0.00529834 0.0360993 0.0102456 -7.3419e-05 0.00502759 0.00779589 0.0129019 0.00138103 -0.00888046 -0.0182512 -0.0127273 0.0308716 -0.00616624 -0.00128563 0.00369507 0.0128705 -0.000945307 0.0231818 0.00137931 0.00592 0.009101 0.00302326 0.00426212 0.00216936 0.0152413 0.0258551 0.00498824 -0.0136044 0.0287137 0.014686
internal_weight=60000 32187 22929 9180 7202 13749 7756 7033 6402 6686 285 5993 3262 2822 1978 4808 1054 629 440 631 2731 1649 2230 749 1481 528 145 1000 901 688 3754 3153 601 345 425 1082 723 414
internal_count=60000 32187 22929 9180 7202 13749 7756 7033 6402 6686 285 5993 3262 2822 1978 4808 1054 629 440 631 2731 1649 2230 749 1481 528 145 1000 901 688 3754 3153 601 345 425 1082 723 414
is_linear=0
shrinkage=0.04


Tree=111
num_leaves=39
num_cat=0
split_feature=118 15 102 73 103 13 122 102 12 79 102 14 14 102 14 102 85 102 25 44 14 85 102 9 68 12 77 6 102 14 12 102 102 14 102 26 102 102
split_gain=970.872 944.552 1778.4 658.667 338.815 233.295 238.158 194.175 152.37 110.938 97.4072 68.9652 55.3115 73.8005 54.2536 52.9493 66.5781 51.5176 48.6837 46.6341 44.317 42.9046 41.19 39.0724 38.3147 61.7697 41.8705 37.9861 37.6741 54.7928 46.6745 84.1136 44.6768 45.6329 42.8106 39.261 38.8148 47.1485
threshold=1.0000000180025095e-35 0.75000000000000011 0.61664462089538585 0.085450042039155974 1.0000000180025095e-35 0.76363638043403637 1.0000000180025095e-35 0.59573671221733104 0.87096264958381664 0.78822937607765209 0.59790590405464183 0.53617689013481151 0.35276135802268987 0.40952850878238684 0.48477640748023992 0.38775785267353063 0.50678190588951122 0.78330385684967052 1.7055045366287234 0.13052627444267276 0.49782148003578192 0.59591841697692882 0.60369193553924572 -0.68322628736495961 0.59812563657760631 0.79597324132919323 -0.32143925130367274 0.8256819248199464 0.48479545116424566 0.41022963821887976 0.80047810077667247 0.50004643201828014 0.50004643201828014 0.52532190084457409 0.58683568239212047 -0.63405361771583546 0.45443418622016912 0.47165453433990484
decision_type=2 2 2 2 2 2 2 2 2 2 2 2 2 2 2 2 2 2 2 2 2 2 2 2 2 2 2 2 2 2 2 2 2 2 2 2 2 2
left_child=-1 -2 5 17 20 9 7 8 11 21 28 12 15 -14 -12 -7 -17 27 -8 -6 -5 22 -3 -16 -23 26 -26 -4 36 -30 31 -31 -32 35 -35 -34 -11 -38
right_child=1 2 3 4 19 6 18 -9 -10 10 14 -13 13 -15 23 16 -18 -19 -20 -21 -22 24 -24 -25 25 -27 -28 -29 29 30 32 -33 33 34 -36 -37 37 -39
leaf_value=0 0 -0.0003804478948858403 -0.040414140347505026 0.0031033135362851282 0.0031009827019829574 0.00059600349065436372 0.024189810722448756 0.051002026988875571 0.017442858120040015 0.00070247091098519121 0.0017107501744932918 -0.0032324032965908105 -0.03644150802751351 8.0997667811731896e-05 -0.00035323918092711182 0.029085643234206985 -0.0044607260335835621 -0.0070584162174547396 -0.0083656810682723806 0.0031009827019829574 0.0031008890688250545 0.0027830548706198502 -6.0775123430794055e-05 8.288635234588781e-05 -0.00410380473954632 -8.8697877801884316e-05 0.0023841816292385688 0.091023841040942244 -0.00027968770025047716 0.012241183910480836 -0.0029232897276061467 0.00015026594480175421 0.0039783991709579783 -0.20915223318019871 0.0078510516224126557 -0.0004391324302324051 -0.0044238352307193396 0.0013450481862860998
leaf_weight=27793 9293 2406 177 1398 1489 245 913 482 1547 451 71 163 105 3827 176 265 74 486 45 5259 307 74 88 20 39 88 81 217 197 151 79 1007 460 34 47 50 162 234
leaf_count=27793 9293 2406 177 1398 1489 245 913 482 1547 451 71 163 105 3827 176 265 74 486 45 5259 307 74 88 20 39 88 81 217 197 151 79 1007 460 34 47 50 162 234
internal_value=0.005948 0.0106747 0.0150371 0.0284796 0.0319082 0.00579928 0.0104044 0.00774001 0.00584645 -0.000169062 0.00498248 0.00224834 0.00317095 0.0014649 -0.0181273 0.0146575 0.0248968 -0.00445455 0.0290605 0.0359336 0.0159765 -0.00599424 -0.0076664 -0.0289796 0.00879433 0 0.0186667 0.00629442 0.00713092 0.0100938 0.0122538 0.00739206 0.0206567 0.0244332 -0.00345679 0.0288627 4.72255e-05 -0.00909091
internal_weight=60000 32207 22914 9333 8453 13581 7666 6708 6226 5915 3139 4679 4516 3932 267 584 339 880 958 6748 1705 2776 2494 196 282 208 120 394 2872 2025 1828 1158 670 591 81 510 847 396
internal_count=60000 32207 22914 9333 8453 13581 7666 6708 6226 5915 3139 4679 4516 3932 267 584 339 880 958 6748 1705 2776 2494 196 282 208 120 394 2872 2025 1828 1158 670 591 81 510 847 396
is_linear=0
shrinkage=0.04


Tree=112
num_leaves=39
num_cat=0
split_feature=135 15 119 120 22 13 122 12 119 14 101 1 119 25 13 24 13 34 12 119 12 14 12 12 26 0 14 119 119 121 12 51 79 14 119 43 14 28
split_gain=1034.2 961.093 1818.16 521.897 370.164 168.488 124.561 93.9117 87.3922 57.955 54.9003 58.035 53.5977 46.1363 43.127 40.5381 110.106 96.4016 95.475 66.6121 60.3096 52.7224 50.9089 36.9402 75.1285 45.5538 43.5206 36.7416 53.0599 46.2925 61.1632 48.2221 41.6457 37.16 36.0425 69.0859 44.2485 37.6631
threshold=1.0000000180025095e-35 0.75000000000000011 0.62131977081298839 1.0000000180025095e-35 0.11795619875192644 0.93636366724967968 1.0000000180025095e-35 0.91245013475418102 0.59866267442703258 0.53617689013481151 1.0000000180025095e-35 1.0000000180025095e-35 0.38069936633110052 1.7833555936813357 0.76363638043403637 0.51330077648162853 0.76363638043403637 0.45523864030838018 0.71469494700431835 0.59866267442703258 1.0297048687934878 0.40148113667964941 0.90145155787467968 0.80047810077667247 -0.65934595465660084 0.46247483789920812 0.52532190084457409 0.48508223891258245 0.5205402970314027 1.0000000180025095e-35 0.79704815149307262 0.59594130516052257 0.79956138134002697 0.45820383727550512 0.56429719924926769 -0.58216583728790272 0.49548439681530004 0.82209035754203807
decision_type=2 2 2 2 2 2 2 2 2 2 2 2 2 2 2 2 2 2 2 2 2 2 2 2 2 2 2 2 2 2 2 2 2 2 2 2 2 2
left_child=-1 -2 5 10 14 15 7 8 9 34 -4 -12 -9 -8 -5 16 27 -18 -17 21 -19 22 -20 -23 25 -25 -27 -3 -29 -30 31 33 -32 -31 35 -7 -37 -36
right_child=1 2 3 4 -6 6 13 12 -10 -11 11 -13 -14 -15 -16 18 17 20 19 -21 -22 23 -24 24 -26 26 -28 28 29 30 32 -33 -34 -35 37 36 -38 -39
leaf_value=0 0 -0.0010967519798620628 0.0031710145386496082 -0.0077002642311268235 0.0029769433939036459 -0.00057524800698274705 0.033212548114742543 -0.018988251467944608 0.10027259089116036 -0.0033207934737946618 0.0029766523548507354 -0.020998265649068367 0.02105485377165664 -0.011945289510526504 0.083523231165959319 -6.9898872048336781e-06 0.0058890343092306095 0.0033768900345298647 0.0016223646867390329 0.001451265744222212 -0.0029408102787331102 0.0022664374838079057 -0.00036730996254487282 -0.29903360650932087 -0.0029322227442078307 0.0035842314107709327 -0.0036490211621565648 0.00092653652404074195 9.8025832433421562e-05 -0.0039339112073340492 -0.006311237469810607 0.0019297481980412102 7.9570898252043776e-05 -0.00025812619237647566 0.0011517836022924399 0.026865864304591688 -0.015775939013642278 0.013287497301126302
leaf_weight=27813 9258 531 766 249 6940 921 357 49 194 109 924 37 853 20 264 2373 451 1461 315 260 96 1053 269 23 102 675 75 468 641 194 352 148 59 470 235 526 161 308
leaf_count=27813 9258 531 766 249 6940 921 357 49 194 109 924 37 853 20 264 2373 451 1461 315 260 96 1053 269 23 102 675 75 468 641 194 352 148 59 470 235 526 161 308
internal_value=0.005996 0.0108777 0.0152697 0.0290545 0.0336455 0.0060659 0.013319 0.0108701 0.00681337 0.00460177 0.00924146 0.0156087 0.0219069 0.0351194 0.0008577 0.00336262 0.00074728 0.00792829 0.00583868 0.0108802 0.0032113 0.00888535 -0.00164384 0.0120747 0.0181486 0.0224062 0.0241067 -0.00428921 -0.00212693 -0.00515021 -0.00971382 -0.00334975 -0.0222871 -0.00795181 0.0060437 0.00303483 0.0126346 0.014954
internal_weight=60000 32187 22929 9180 7453 13749 3733 3356 2454 2260 1727 961 902 377 513 10016 4871 2008 5145 2772 1557 2512 584 1928 875 773 750 2863 2332 1864 1223 812 411 664 2151 1608 687 543
internal_count=60000 32187 22929 9180 7453 13749 3733 3356 2454 2260 1727 961 902 377 513 10016 4871 2008 5145 2772 1557 2512 584 1928 875 773 750 2863 2332 1864 1223 812 411 664 2151 1608 687 543
is_linear=0
shrinkage=0.04


Tree=113
num_leaves=39
num_cat=0
split_feature=135 15 119 120 73 85 13 13 12 43 12 101 14 119 119 85 14 119 102 96 13 123 119 122 7 12 102 13 12 14 13 119 122 77 119 5 119 14
split_gain=995.512 926.278 1927.26 493.128 321.106 145.151 185.013 120.78 154.229 105.806 65.4861 57.4768 54.3701 176.181 85.9469 105.249 63.3813 51.5559 50.0715 94.2232 80.9892 76.7223 69.239 55.9905 74.3621 82.8195 81.2531 60.3944 64.3682 56.4794 55.6808 49.8531 47.3714 46.7448 43.1736 41.4012 40.953 39.812
threshold=1.0000000180025095e-35 0.75000000000000011 0.61388990283012401 1.0000000180025095e-35 0.085450042039155974 0.59591841697692882 0.76363638043403637 0.93636366724967968 0.91245013475418102 -0.55557009577751149 0.6161409616470338 1.0000000180025095e-35 0.50440177321434032 0.55386900901794445 0.59866267442703258 0.55228129029273998 0.45591865479946142 0.51532536745071422 0.59573671221733104 0.54809093475341808 0.76363638043403637 1.0000000180025095e-35 0.59593412280082714 1.0000000180025095e-35 0.29008470475673681 0.90145155787467968 0.5541210174560548 0.76363638043403637 1.0297048687934878 0.48630662262439733 0.76363638043403637 0.48508223891258245 1.0000000180025095e-35 -0.44228866696357721 0.38069936633110052 0.1371320113539696 0.62131977081298839 0.50125351548194896
decision_type=2 2 2 2 2 2 2 2 2 2 2 2 2 2 2 2 2 2 2 2 2 2 2 2 2 2 2 2 2 2 2 2 2 2 2 2 2 2
left_child=-1 -2 7 11 -5 6 -6 18 9 12 -11 -4 13 16 15 -14 17 -9 22 -20 21 -21 23 24 25 26 30 31 -29 33 -3 -25 -12 -28 -10 -13 -7 -26
right_child=1 2 3 4 5 36 -8 8 34 10 32 35 14 -15 -16 -17 -18 -19 19 20 -22 -23 -24 27 37 -27 29 28 -30 -31 -32 -33 -34 -35 -36 -37 -38 -39
leaf_value=0 0 -0.00029075029524491927 0.003044173957103631 0.0027326149472311203 -0.00016509649856914167 0.0047237387279297849 0.076138507128923796 -0.0021974779475682736 -0.018228721409226826 -0.0031425591695817445 0.020389751376060871 -0.0254666978197262 0.0009946853930653842 0.039188756445859667 0.091463230568381987 -0.0024644481267743763 -0.0017391443293102782 0.066400576222258034 0.0019300297442201853 -5.7031337403330444e-05 0.031630630212741408 0.0014473447109248738 -0.00095226815802153199 -0.00051830568971254819 0.0011478770024038454 -0.0096971850797981669 0.0049605482991112917 0.0098378979427494791 -0.0014153966475161184 -0.00094898237206848541 0.0031112202710987962 0.00040289540943518889 0.038221203599524356 -0.0087304948909375929 0.021011394630220934 0.0028575862606567172 0.0028578656581474959 -0.00035926047113683378
leaf_weight=27813 9258 903 766 466 174 204 238 327 49 100 951 26 58 285 44 272 320 81 279 285 243 223 177 130 4452 167 48 305 31 465 802 486 135 261 998 935 6703 540
leaf_count=27813 9258 903 766 466 174 204 238 327 49 100 951 26 58 285 44 272 320 81 279 285 243 223 177 130 4452 167 48 305 31 465 802 486 135 261 998 935 6703 540
internal_value=0.00588933 0.0106788 0.0149906 0.0287637 0.0330533 0.0351032 0.0120388 0.00522621 0.0114696 0.00620288 0.0149747 0.00942675 -0.00129776 0.00351431 -0.0143316 -0.0213333 -0.00692308 0.00352941 0.00291926 0.0112621 0.00388815 -0.00519685 0.00193909 0.00244936 0.00130924 -0.00411187 -0.00227511 0.0115966 0.0252381 -0.0130233 0.00260411 0.00415584 0.0178269 -0.0262783 0.0244126 0.0159417 0.0364789 0.00418269
internal_weight=60000 32187 22929 9512 7785 7319 412 13417 3620 2573 1186 1727 1387 1013 374 330 728 408 9797 1030 751 508 8767 8590 7638 2646 2479 952 336 774 1705 616 1086 309 1047 961 6907 4992
internal_count=60000 32187 22929 9512 7785 7319 412 13417 3620 2573 1186 1727 1387 1013 374 330 728 408 9797 1030 751 508 8767 8590 7638 2646 2479 952 336 774 1705 616 1086 309 1047 961 6907 4992
is_linear=0
shrinkage=0.04


Tree=114
num_leaves=39
num_cat=0
split_feature=135 15 119 120 73 13 12 119 85 13 43 14 119 85 12 102 13 58 85 119 14 101 122 7 12 102 14 13 12 119 119 119 122 119 5 12 12 9
split_gain=990.728 921.971 1932.63 518.111 334.333 137.202 147.441 131.272 121.909 223.049 87.1136 91.8222 167.939 104.208 60.6272 59.8934 99.4133 72.2045 90.2075 63.4972 59.4463 57.4768 52.061 74.3946 80.1155 77.015 67.4105 61.2657 63.8112 51.5559 49.2419 45.4028 45.3577 43.5014 41.4012 41.0012 50.9054 95.3765
threshold=1.0000000180025095e-35 0.75000000000000011 0.62131977081298839 1.0000000180025095e-35 0.085450042039155974 0.93636366724967968 0.91245013475418102 0.59866267442703258 0.59591841697692882 0.76363638043403637 -0.55557009577751149 0.50440177321434032 0.55386900901794445 0.55228129029273998 0.6161409616470338 0.59573671221733104 0.76363638043403637 0.26245896518230444 0.627519190311432 0.59593412280082714 0.45591865479946142 1.0000000180025095e-35 1.0000000180025095e-35 0.29008470475673681 0.90145155787467968 0.53053137660026561 0.46458241343498236 0.76363638043403637 1.0297048687934878 0.51532536745071422 0.59593412280082714 0.48508223891258245 1.0000000180025095e-35 0.38069936633110052 0.1371320113539696 1.1087146401405337 0.80047810077667247 -0.68322628736495961
decision_type=2 2 2 2 2 2 2 2 2 2 2 2 2 2 2 2 2 2 2 2 2 2 2 2 2 2 2 2 2 2 2 2 2 2 2 2 2 2
left_child=-1 -2 5 21 -5 15 7 10 9 -6 11 12 20 -13 -12 19 17 -17 -19 22 29 -4 23 24 25 -3 -27 31 -29 -7 -18 -24 -16 -8 -23 36 -25 -38
right_child=1 2 3 4 8 6 33 -9 -10 -11 14 13 -14 -15 32 16 30 18 -20 -21 -22 34 27 35 -26 26 -28 28 -30 -31 -32 -33 -34 -35 -36 -37 37 -39
leaf_value=0 0 0.0012744987655476337 0.0029224069988194757 0.0026233103493418851 -0.00017081799430695098 -0.0021095788296655372 -0.017499572552857751 0.090139405386747889 0.002743551031821596 0.077554930848623083 -0.003016856802798458 0.00095489797734276891 0.037621206188025273 -0.0023658702017033966 0.016142981191037079 0.00014675474719961557 0.03309049566160617 -0.00022040178222752617 0.0013353213260163344 -0.00085374475314679897 -0.0016695785561378785 -0.024448029906937153 -0.00049757346212405903 0.00012083547030493408 -0.0093092976766062565 -0.0084691501018475356 -0.0010659272676236142 0.0094443820250395306 -0.0013587807816154652 0.063744553173367746 0.04447314014345892 0.00038677959305779554 0.038781797539742868 0.020170938845012074 0.002743282810230454 -0.00071527087259610773 0.0029615485380811179 -0.0037045857555888873
leaf_weight=27813 9258 1221 766 464 116 327 49 254 6703 170 97 58 261 272 888 316 106 255 232 228 320 26 130 3674 167 302 956 305 31 81 289 486 107 1019 935 67 1020 231
leaf_count=27813 9258 1221 766 464 116 327 49 254 6703 170 97 58 261 272 888 316 106 255 232 228 320 26 130 3674 167 302 956 305 31 81 289 486 107 1019 935 67 1020 231
internal_value=0.005876 0.010654 0.0149557 0.0291678 0.0337421 0.00546658 0.0120118 0.00697936 0.035925 0.0103497 0.00409788 -0.00282032 0.00327604 -0.0210909 0.0124542 0.00302716 0.011419 0.00333748 -0.00632444 0.00188705 -0.00659341 0.00942675 0.00244005 0.00134067 -0.00408163 -0.00227511 -0.00922099 0.0112605 0.025 0.00352941 0.0278481 0.00376623 0.015397 0.0245693 0.0159417 0.00421474 0.00463756 0.0116067
internal_weight=60000 32187 22929 9180 7453 13749 3733 2665 6989 286 2411 1319 989 330 1092 10016 1198 803 487 8818 728 1727 8590 7638 2646 2479 1258 952 336 408 395 616 995 1068 961 4992 4925 1251
internal_count=60000 32187 22929 9180 7453 13749 3733 2665 6989 286 2411 1319 989 330 1092 10016 1198 803 487 8818 728 1727 8590 7638 2646 2479 1258 952 336 408 395 616 995 1068 961 4992 4925 1251
is_linear=0
shrinkage=0.04


Tree=115
num_leaves=39
num_cat=0
split_feature=118 15 119 73 120 85 30 30 29 119 130 14 119 85 119 14 85 119 56 29 27 14 121 29 119 14 85 85 119 14 119 30 22 14 14 41 17 119
split_gain=934.817 911.26 1901.61 671.529 324.309 129.387 214.381 129.243 154.021 134.404 83.1929 80.5064 124.415 101.573 66.9501 60.7972 54.0442 43.4692 38.6509 38.2685 111.279 171.571 47.2966 46.2414 38.2025 36.5368 36.2252 36.1076 89.5658 49.5456 72.5826 54.1204 50.0531 49.6801 40.3692 35.5263 34.2621 33.3206
threshold=1.0000000180025095e-35 0.75000000000000011 0.62131977081298839 0.085450042039155974 1.0000000180025095e-35 0.59591841697692882 0.76363638043403637 0.93636366724967968 0.91245013475418102 0.59866267442703258 0.55379745364189159 0.50440177321434032 0.55386900901794445 0.55228129029273998 0.8213065266609193 0.49434550106525427 0.54012989997863781 0.38069936633110052 0.1095455400645733 0.90145155787467968 0.75183969736099254 0.40148113667964941 1.0000000180025095e-35 0.65512958168983471 0.46714878082275396 0.49782148003578192 0.63214924931526195 0.51791894435882579 0.50662484765052807 0.4468092024326325 0.47632130980491644 0.76363638043403637 0.39506274461746221 0.42466887831687933 0.35351052880287176 0.37338615953922277 0.82460802793502819 0.387991413474083
decision_type=2 2 2 2 2 2 2 2 2 2 2 2 2 2 2 2 2 2 2 2 2 2 2 2 2 2 2 2 2 2 2 2 2 2 2 2 2 2
left_child=-1 -2 7 14 25 6 -6 19 9 10 16 12 15 -13 -4 -12 -9 -10 -7 23 21 26 -22 27 -23 -5 -21 28 29 30 31 -3 -33 -32 37 -14 -16 -34
right_child=1 2 3 4 5 18 -8 8 17 -11 11 13 35 -15 36 -17 -18 -19 -20 20 22 24 -24 -25 -26 -27 -28 -29 -30 -31 33 32 34 -35 -36 -37 -38 -39
leaf_value=0 0 -0.00054959228837409457 0.013436597545777289 0.0026360801378042353 -0.00016398527453468148 0.0026338089905487295 0.074452733614678163 0.029082927969429306 -0.016799589650743442 0.086533829171277998 -0.00036218795499410456 0.00091670205824905817 0.0033719256098597231 -0.0016539399978355096 -0.0067760795687565505 -0.012520136293019988 0.0044977816248080414 0.01936410129121157 0.0026338089905487295 -0.00051699458566243804 -0.00012108614402652763 -0.28723663927056742 -0.0084445865327938928 0.00084818000311752688 0.003480438114249136 -0.14951022050110976 0.0015117353462110472 -0.00038718135189299121 0.011640265989204313 -0.011031910849352148 0.011791914603572842 0.0047062047989466652 -0.081375591018368304 2.7288857679104791e-05 -0.00067040929186461544 0.036116357940504287 -0.0067760795687565505 0.040234321077410512
leaf_weight=27793 9293 594 517 1080 116 473 170 476 49 253 656 61 76 298 196 128 490 1018 6212 270 192 38 249 5520 252 225 26 1572 342 187 198 140 63 195 117 228 177 60
leaf_count=27793 9293 594 517 1080 116 473 170 476 49 253 656 61 76 298 196 128 490 1018 6212 270 192 38 249 5520 252 225 26 1572 342 187 198 140 63 195 117 228 177 60
internal_value=0.00584533 0.0104834 0.0147683 0.0288806 0.0324311 0.0358571 0.00951049 0.00535932 0.0117118 0.00657164 0.00366349 -0.00240498 0.00301471 -0.0188301 -0.00413483 -0.00540816 0.0127536 0.0245548 0.0369843 0.00299151 -0.00432327 0.00709898 -0.0195011 0.00382733 0.0289655 0.0141303 -0.0143243 0.000207612 0.00392405 -0.00015444 0.0024872 -0.00336756 0.00842105 0.0169975 -0.00266667 0.0247368 -0.0170509 0.0133333
internal_weight=60000 32207 22914 9166 8276 6971 286 13748 3733 2666 2413 1447 1088 359 890 784 966 1067 6685 10015 1027 586 441 8988 290 1305 296 3468 1896 1554 1367 974 380 393 240 304 373 123
internal_count=60000 32207 22914 9166 8276 6971 286 13748 3733 2666 2413 1447 1088 359 890 784 966 1067 6685 10015 1027 586 441 8988 290 1305 296 3468 1896 1554 1367 974 380 393 240 304 373 123
is_linear=0
shrinkage=0.04


Tree=116
num_leaves=39
num_cat=0
split_feature=135 15 119 120 22 13 12 85 13 119 113 14 119 85 102 13 28 85 119 85 101 119 14 40 8 119 13 5 85 119 102 27 14 14 119 121 14 102
split_gain=951.936 887.034 1970.33 510.363 368.227 146.936 149.21 136.77 208.098 133.006 85.3647 88.0163 121.166 106.58 60.7902 101.826 76.2743 71.246 58.5819 57.7616 57.4768 51.6015 47.4727 44.3173 44.1656 43.3246 43.127 41.4012 41.0399 34.3694 67.7774 54.1794 51.5237 69.4165 47.0023 45.7098 45.3366 43.2515
threshold=1.0000000180025095e-35 0.75000000000000011 0.62131977081298839 1.0000000180025095e-35 0.11795619875192644 0.93636366724967968 0.91245013475418102 0.59591841697692882 0.76363638043403637 0.59866267442703258 0.5765511989593507 0.50440177321434032 0.55386900901794445 0.55228129029273998 0.59573671221733104 0.76363638043403637 0.9833141863346101 0.627519190311432 0.59593412280082714 0.54012989997863781 1.0000000180025095e-35 0.59593412280082714 0.49548439681530004 0.86955848336219799 -0.14566273987293241 0.38069936633110052 0.76363638043403637 0.1371320113539696 0.59827139973640453 0.4717922061681748 0.51809874176979076 0.77259653806686412 0.46458241343498236 0.49395371973514562 0.52763688564300548 1.0000000180025095e-35 0.32932195067405706 0.37131667137146002
decision_type=2 2 2 2 2 2 2 2 2 2 2 2 2 2 2 2 2 2 2 2 2 2 2 2 2 2 2 2 2 2 2 2 2 2 2 2 2 2
left_child=-1 -2 5 20 26 14 9 8 -6 10 19 12 22 -13 18 16 -16 28 23 -7 -4 -17 -12 29 -14 -8 -5 -22 -18 36 31 -31 35 34 -34 -32 37 -3
right_child=1 2 3 4 7 6 25 -9 -10 -11 11 13 24 -15 15 21 17 -19 -20 -21 27 -23 -24 -25 -26 -27 -28 -29 -30 30 32 -33 33 -35 -36 -37 -38 -39
leaf_value=0 0 -0.00051213609285145109 0.0027000675133545472 -0.008143954575575733 -0.0001574258635532999 0.028396792195024147 -0.016127606064713702 0.0025284566309267831 0.071474624270091033 0.083072476004426868 -0.00034770043679434038 0.00088003397591909587 -0.0011682712152874686 -0.001927054545797482 0.00017168247106045699 0.031732948635017237 0.0088457279942123178 0.0012479812728509643 -0.00085031720438554002 0.0043178703598157142 -0.023199065527909402 0.042709701791796277 -0.052527588427935291 0.00072286054025090258 0.034671703622884138 0.018589537239563116 0.079430601005626947 0.0025281082923090991 -0.000263759464640696 0.0028950905243642568 2.822050161704226e-05 -8.881598239998567e-05 -0.18701132059692696 -0.00098325755203600173 0.0030909132243705528 -0.0024516568202584922 -0.0038255739974769548 0.0057789365213595902
leaf_weight=27813 9258 131 766 249 116 465 49 6655 169 254 715 60 66 300 345 106 45 195 228 483 26 289 90 3320 232 1019 264 935 218 872 359 627 114 741 924 520 661 321
leaf_count=27813 9258 131 766 249 116 465 49 6655 169 254 715 60 66 300 345 106 45 195 228 483 26 289 90 3320 232 1019 264 935 218 872 359 627 114 741 924 520 661 321
internal_value=0.00576667 0.0104502 0.0146696 0.0290196 0.0335596 0.00508837 0.0118618 0.0359769 0.00884211 0.00679925 0.0038988 -0.00215995 0.00344515 -0.0193333 0.0025639 0.0110184 0.00283935 -0.00786026 0.00141529 0.0132489 0.00942675 0.0276456 -0.00462112 0.00194645 0.0252349 0.0244944 0.0008577 0.0159417 -0.0214449 -0.000333966 0.0013375 0.00813876 -0.00249812 0.00141653 0.00809249 -0.0104209 -0.00657682 0.00318584
internal_weight=60000 32187 22929 9180 7453 13749 3733 6940 285 2665 2411 1463 1103 360 10016 1198 803 458 8818 948 1727 395 805 8590 298 1068 513 961 263 5270 4157 1499 2658 1779 1038 879 1113 452
internal_count=60000 32187 22929 9180 7453 13749 3733 6940 285 2665 2411 1463 1103 360 10016 1198 803 458 8818 948 1727 395 805 8590 298 1068 513 961 263 5270 4157 1499 2658 1779 1038 879 1113 452
is_linear=0
shrinkage=0.04


Tree=117
num_leaves=39
num_cat=0
split_feature=135 15 119 120 22 13 85 13 12 119 14 60 102 102 13 8 85 102 101 119 85 119 5 17 12 60 14 12 119 13 0 56 119 12 0 12 119 62
split_gain=976.921 909.538 1938.82 514.002 335.79 159.061 142.251 202.473 136.822 125.854 79.7714 73.748 98.7129 60.4142 100.196 74.8603 94.7002 60.0163 57.4768 51.6015 50.9939 43.3246 41.4012 40.7631 39.6113 106.777 126.921 43.19 40.3975 32.0117 30.48 29.1012 28.8674 33.621 28.2625 28.2425 28.0664 85.5661
threshold=1.0000000180025095e-35 0.75000000000000011 0.62131977081298839 1.0000000180025095e-35 0.11795619875192644 0.93636366724967968 0.59591841697692882 0.76363638043403637 0.91245013475418102 0.59866267442703258 0.50440177321434032 -0.49999997019767756 0.5541210174560548 0.59573671221733104 0.76363638043403637 0.19585125148296359 0.627519190311432 0.56428781151771557 1.0000000180025095e-35 0.59593412280082714 0.59827139973640453 0.38069936633110052 0.1371320113539696 0.5782732665538789 0.90145155787467968 -0.49999997019767756 0.40148113667964941 0.65634295344352733 0.46714878082275396 0.76363638043403637 0.50898274779319774 0.1095455400645733 0.56429719924926769 0.85620406270027172 0.48079442977905279 0.80047810077667247 0.55386900901794445 0.9112277925014497
decision_type=2 2 2 2 2 2 2 2 2 2 2 2 2 2 2 2 2 2 2 2 2 2 2 2 2 2 2 2 2 2 2 2 2 2 2 2 2 2
left_child=-1 -2 5 18 29 13 7 -6 9 10 36 12 -12 17 15 -15 20 24 -4 -16 -17 -10 -20 -19 27 26 30 -3 -28 -5 -26 -8 -13 -34 -23 -18 37 -7
right_child=1 2 3 4 6 8 31 -9 21 -11 11 32 -14 14 19 16 35 23 22 -21 -22 34 -24 -25 25 -27 28 -29 -30 -31 -32 -33 33 -35 -36 -37 -38 -39
leaf_value=0 0 6.4178805728213025e-05 0.0025920648128203538 -0.0078181963925527138 -0.00015112882901117787 0.025456651323521557 0.0024273183656897145 0.068615639299287393 -0.015482501822125155 0.079749576964249794 0.00079008988094411811 -0.017623283773774059 -0.0024507406739853366 0.00013055307283696749 0.030463630689616536 0.0085269921356708519 -0.00019200938798658029 -0.00097148500301546647 -0.022271102906793027 0.041001313720124416 -0.00054484707424482079 0.017845955749980574 0.0024269839606167309 8.8320242992808595e-05 9.2806813430676988e-05 -0.0028139787803815965 -0.27559415073984567 0.00106926748472695 0.0033499055358937289 0.076253376965401881 -0.00045115111426943246 0.0024273183656897145 0.010465127853753345 -0.0053344421732460772 0.021381606749130741 0.0011980620219369342 0.027313240460744199 -0.0004454556242659061
leaf_weight=27813 9258 3024 766 249 116 577 425 169 49 254 75 66 255 377 106 33 120 790 26 289 178 365 935 875 84 338 38 3355 182 264 132 6230 102 41 654 95 557 738
leaf_count=27813 9258 3024 766 249 116 577 425 169 49 254 75 66 255 377 106 33 120 790 26 289 178 365 935 875 84 338 38 3355 182 264 132 6230 102 41 654 95 557 738
internal_value=0.00583733 0.0105819 0.0148546 0.0290893 0.0336455 0.00535021 0.0359539 0.0082807 0.0123975 0.00754972 0.00472833 -0.00883117 -0.0206061 0.00272364 0.0111519 0.00303861 -0.0084507 0.00157859 0.00942675 0.0276456 -0.0274882 0.0244944 0.0159417 -0.00526126 0.0031707 -0.00537468 0.00770642 0.00420756 0.0290909 0.00241715 -0.0140741 0.037139 0.00976077 0.0198601 0.026261 0.0102326 0.00863248 0.00544487
internal_weight=60000 32187 22929 9180 7453 13749 6940 285 3733 2665 2411 539 330 10016 1198 803 426 8818 1727 395 211 1068 961 1665 7153 774 436 6379 220 513 216 6655 209 143 1019 215 1872 1315
internal_count=60000 32187 22929 9180 7453 13749 6940 285 3733 2665 2411 539 330 10016 1198 803 426 8818 1727 395 211 1068 961 1665 7153 774 436 6379 220 513 216 6655 209 143 1019 215 1872 1315
is_linear=0
shrinkage=0.04


Tree=118
num_leaves=39
num_cat=0
split_feature=135 15 119 120 73 13 12 119 102 13 31 96 102 102 13 8 123 101 102 119 130 119 51 0 68 90 56 119 12 119 31 31 13 43 119 119 31 26
split_gain=973.129 906.123 1953.57 505.715 332.153 149.522 141.469 103.672 96.8543 89.4688 83.8911 70.9544 108.508 60.1854 100.196 74.8603 90.8778 60.1123 56.182 51.6015 44.0555 43.1481 42.8539 38.9489 37.7101 36.9349 34.9903 34.5858 41.5011 33.5486 37.9495 79.3937 55.427 134.203 39.9485 39.8244 55.2057 54.4817
threshold=1.0000000180025095e-35 0.75000000000000011 0.62131977081298839 1.0000000180025095e-35 0.085450042039155974 0.93636366724967968 0.91245013475418102 0.59866267442703258 0.61664462089538585 0.76363638043403637 0.50440177321434032 0.67680585384368908 0.5541210174560548 0.59573671221733104 0.76363638043403637 0.19585125148296359 1.0000000180025095e-35 1.0000000180025095e-35 0.56428781151771557 0.59593412280082714 0.0061598799657076606 0.38069936633110052 0.59842211008071911 0.57587918639183056 0.58124107122421276 0.07759560272097589 0.1095455400645733 0.56429719924926769 0.85620406270027172 0.3721448034048081 0.32932195067405706 0.33297631144523626 0.76363638043403637 -0.55557009577751149 0.48508223891258245 0.40923309326171881 0.36030563712120062 -0.63405361771583546
decision_type=2 2 2 2 2 2 2 2 2 2 2 2 2 2 2 2 2 2 2 2 2 2 2 2 2 2 2 2 2 2 2 2 2 2 2 2 2 2
left_child=-1 -2 5 17 -5 13 7 10 9 24 20 27 -13 18 15 -15 22 -4 29 -16 -7 -8 -17 -20 -6 -19 -10 -12 -29 -3 32 -32 33 -31 -35 -33 37 -37
right_child=1 2 3 4 8 6 21 -9 26 -11 11 12 -14 14 19 16 -18 25 23 -21 -22 -23 -24 -25 -26 -27 -28 28 -30 30 31 35 -34 34 -36 36 -38 -39
leaf_value=0 0 -0.00049421780136652156 0.0024883822203075568 0.0026194000722622591 -0.00013275832017015432 0.032617076466315995 -0.014863201749240149 0.076559593885679789 0.0023302256310621418 0.080384014813537116 -0.016918352422823097 0.00081322902164456749 -0.0022364372552857504 0.00012533094992349449 0.029245085462031854 0.0081683658196304871 0.001150139541059474 -0.031390674235403648 -0.00098273879101029148 0.039361261171319412 0.01487577125866082 0.01713211751998138 -0.00047982401242705922 4.8061074837132482e-05 0.0020250149129535443 0.0023299046021920591 0.0023302256310621418 0.011346353055246965 -0.0051210644863162336 0.0098839107436888615 -0.00095072031809220194 -0.031937394075693126 0.0049863707656002988 -0.00080029365292176634 9.6023794259352256e-05 8.0446778085772051e-05 0.00035019451844949196 0.0066051052287430072
leaf_weight=27813 9258 217 766 464 79 69 49 254 467 172 66 76 270 377 106 28 205 21 737 289 1803 1019 193 928 76 940 6195 89 38 216 186 199 391 160 99 198 5233 254
leaf_count=27813 9258 217 766 464 79 69 49 254 467 172 66 76 270 377 106 28 205 21 737 289 1803 1019 193 928 76 940 6195 89 38 216 186 199 391 160 99 198 5233 254
internal_value=0.00582667 0.010562 0.0148266 0.0291155 0.0336348 0.0052862 0.0121189 0.00718949 0.0358106 0.0145566 0.00462878 -0.00927644 -0.0201156 0.00273962 0.0111519 0.00303861 -0.0084507 0.00961204 0.00159673 0.0276456 0.00863248 0.0244195 -0.0262443 -0.00502102 -0.00748387 0.0162747 0.0368538 0.0101554 0.0223622 0.00313715 0.00362168 0.00250412 0.011455 0.00227368 -0.0171429 0.00331747 0.00393316 0.0173451
internal_weight=60000 32187 22929 9180 7453 13749 3733 2665 6989 327 2411 539 346 10016 1198 803 426 1727 8818 395 1872 1068 221 1665 155 961 6662 193 127 7153 6936 6070 866 475 259 5884 5685 452
internal_count=60000 32187 22929 9180 7453 13749 3733 2665 6989 327 2411 539 346 10016 1198 803 426 1727 8818 395 1872 1068 221 1665 155 961 6662 193 127 7153 6936 6070 866 475 259 5884 5685 452
is_linear=0
shrinkage=0.04


Tree=119
num_leaves=39
num_cat=0
split_feature=135 15 119 120 73 13 85 13 12 119 14 101 113 12 119 119 14 8 90 121 119 14 77 13 14 119 12 26 85 34 12 12 12 14 119 12 12 126
split_gain=978.344 910.82 1933.6 503.909 331.284 162.87 160.344 190.661 131.071 76.6605 64.7192 60.1123 47.0698 51.8998 42.972 42.3498 95.2836 53.7 36.9349 36.204 35.4296 35.337 64.4495 102.989 60.395 44.0238 43.292 67.5946 99.8925 78.1685 86.7946 61.6302 63.2781 65.5704 62.5795 104.364 71.8981 49.2886
threshold=1.0000000180025095e-35 0.75000000000000011 0.62131977081298839 1.0000000180025095e-35 0.085450042039155974 0.93636366724967968 0.59591841697692882 0.76363638043403637 0.91245013475418102 0.59866267442703258 0.53617689013481151 1.0000000180025095e-35 0.55803975462913524 0.6161409616470338 0.38069936633110052 0.560205638408661 0.50461712479591381 1.0000000180025095e-35 0.07759560272097589 1.0000000180025095e-35 0.3721448034048081 0.32932195067405706 -0.44228866696357721 0.76363638043403637 0.33297631144523626 0.48508223891258245 0.71469494700431835 -0.63405361771583546 0.59591841697692882 0.45523864030838018 0.76985624432563793 0.80047810077667247 1.1087146401405337 0.52532190084457409 0.55386900901794445 0.79704815149307262 0.74055260419845592 0.25321450829505926
decision_type=2 2 2 2 2 2 2 2 2 2 2 2 2 2 2 2 2 2 2 2 2 2 2 2 2 2 2 2 2 2 2 2 2 2 2 2 2 2
left_child=-1 -2 5 11 -5 20 7 -6 9 10 12 -4 13 -7 -10 -14 17 -17 -13 -15 -3 22 -22 25 -23 -24 37 31 29 -29 -31 34 33 -33 36 -36 -28 -26
right_child=1 2 3 4 6 8 -8 -9 14 -11 -12 18 15 19 -16 16 -18 -19 -20 -21 21 24 23 -25 26 -27 27 28 -30 30 -32 32 -34 -35 35 -37 -38 -39
leaf_value=0 0 -0.00047444908931186075 0.002388846931495259 0.0025146240693717558 -0.0001397733430439274 -0.0049363690788477048 0.0022370166058196619 0.06442303718796305 -0.014268673679270543 0.073497210130252594 -0.0026640221027876012 -0.030135047265987504 -0.00014268646712584974 0.032406782858134413 0.016446832819182119 -0.00054150488667659147 -0.002263253556814462 0.02990124749346805 0.0022367084181043849 0.014280740408314401 0.010881545703672444 -0.0006854667393043812 -0.0007682819068049085 0.0033275742004630618 0.00042256102752155302 4.6760338052269648e-05 0.0084157033119818623 0.0042487412386346081 0.00033475612053337047 0.00099273893938196518 -0.001273188401694867 0.0027225084232626174 -0.000562070604036311 -2.8323990690282132e-05 0.0073878006304163787 -2.8323990690282132e-05 -0.0060211723913486705 -0.00041427698739773057
leaf_weight=27813 9258 225 766 464 116 67 6703 170 49 254 114 21 1001 102 1019 82 77 239 940 729 443 234 160 244 1947 140 206 195 229 595 1241 1010 74 118 533 101 520 1801
leaf_count=27813 9258 225 766 464 116 67 6703 170 49 254 114 21 1001 102 1019 82 77 239 940 729 443 234 160 244 1947 140 206 195 229 595 1241 1010 74 118 533 101 520 1801
internal_value=0.00584133 0.0105894 0.014865 0.0290806 0.0335918 0.00537348 0.0357648 0.00643357 0.0125047 0.00775985 0.00555786 0.00961204 0.00701785 0.0141648 0.0243446 0.00243031 0.0134673 0.023053 0.0162747 0.0168953 0.00271565 0.00307629 0.0102533 0.00102941 0.00227169 -0.0146667 0.00281914 0.00532559 0.000283186 -0.00254062 -0.00509804 0.00977361 0.0163727 0.0187234 0.00394118 0.013123 -0.00407713 -0.00040555
internal_weight=60000 32187 22929 9180 7453 13749 6989 286 3733 2665 2411 1727 2297 898 1068 1399 398 321 961 831 10016 9791 987 544 8804 300 8570 4822 2260 2031 1836 2562 1202 1128 1360 634 726 3748
internal_count=60000 32187 22929 9180 7453 13749 6989 286 3733 2665 2411 1727 2297 898 1068 1399 398 321 961 831 10016 9791 987 544 8804 300 8570 4822 2260 2031 1836 2562 1202 1128 1360 634 726 3748
is_linear=0
shrinkage=0.04


Tree=120
num_leaves=39
num_cat=0
split_feature=135 15 119 120 22 85 13 13 12 102 113 102 13 58 85 85 101 14 119 85 119 102 26 68 119 12 8 13 0 85 14 62 119 14 12 43 119 51
split_gain=957.095 891.681 1962.19 508.406 333.945 165.251 187.286 129.177 136.849 68.5668 68.506 58.6681 98.5538 82.8335 96.7267 58.368 58.1301 56.2286 119.402 90.5823 54.0163 52.2815 51.6999 44.985 41.2305 36.966 36.7483 32.0117 31.5459 30.7163 29.4351 29.3067 28.8997 33.5361 39.5625 82.1342 32.6938 52.0239
threshold=1.0000000180025095e-35 0.75000000000000011 0.62131977081298839 1.0000000180025095e-35 0.11795619875192644 0.59591841697692882 0.76363638043403637 0.93636366724967968 0.91245013475418102 0.59790590405464183 0.55803975462913524 0.59573671221733104 0.76363638043403637 0.26245896518230444 0.627519190311432 0.54012989997863781 1.0000000180025095e-35 0.50440177321434032 0.55386900901794445 0.55228129029273998 0.59593412280082714 0.56428781151771557 -0.65934595465660084 0.66878944635391246 0.38069936633110052 0.9068988859653474 -0.59788635373115528 0.76363638043403637 0.48079442977905279 0.59827139973640453 0.50125351548194896 0.32507941126823431 0.3721448034048081 0.31191965937614446 0.65937554836273204 -0.55557009577751149 0.48508223891258245 0.45540711283683782
decision_type=2 2 2 2 2 2 2 2 2 2 2 2 2 2 2 2 2 2 2 2 2 2 2 2 2 2 2 2 2 2 2 2 2 2 2 2 2 2
left_child=-1 -2 7 16 27 6 -6 11 9 10 15 21 13 -13 29 -9 -4 18 25 -19 -14 30 -20 -11 -10 -12 -18 -5 -26 -15 32 -17 -3 34 35 -34 -35 -38
right_child=1 2 3 4 5 -7 -8 8 24 23 17 12 20 14 -16 31 26 19 22 -21 -22 -23 -24 -25 28 -27 -28 -29 -30 -31 -32 -33 33 36 -36 -37 37 -39
leaf_value=0 0 -0.00045547112573938634 0.0022932930542354413 -0.0077108295025159991 -0.00013418240932217885 0.0021475359415868665 0.060491348186334191 0.024310218172904286 -0.013697926732099722 0.076029064056578263 -0.00089930364282296202 0.00010561427616178065 0.0278659366692251 0.0076953128530593065 0.00099523362248657324 -0.0047389143156937761 -0.017371314457389344 0.00078640731946381882 0.030401225109453877 -0.0012085776312214592 0.037769908283365794 -0.00036147856618800141 -0.0027874406399850571 0.053777493831737147 0.015788959506414811 -0.051045991988990631 0.0021472400813802041 0.072997880921120445 0.01918318446559894 -0.00028242063542807119 -0.0025190584093623754 0.0074655086426763263 0.014638455654381346 -0.00020746959420218759 0.0085150025604513509 -0.00062873476592436358 0.0025835304342476206 0.00063503857641197922
leaf_weight=27813 9258 217 766 249 116 6655 169 464 49 158 752 316 106 43 232 254 33 63 207 291 289 1665 64 115 365 48 928 264 654 212 136 249 67 1979 161 85 137 4371
leaf_count=27813 9258 217 766 249 116 6655 169 464 49 158 752 316 106 43 232 254 33 63 207 291 289 1665 64 115 365 48 928 264 654 212 136 249 67 1979 161 85 137 4371
internal_value=0.00578133 0.0104775 0.014708 0.0290283 0.0335596 0.0358617 0.00603509 0.00514656 0.0114975 0.00664916 0.00448161 0.00277955 0.0110851 0.00303861 -0.00731006 0.0126991 0.00947307 -0.00109474 0.00347339 -0.0149153 0.027443 0.00165117 0.0264207 0.025641 0.0235955 -0.0043 0.016025 0.00241715 0.0253189 -0.0243137 0.00313715 0.00326044 0.00349437 0.00395294 0.0167412 0.00210526 0.0033359 0.00521739
internal_weight=60000 32187 22929 9180 7453 6940 285 13749 3733 2665 2392 10016 1198 803 487 967 1727 1425 1071 354 395 8818 271 273 1068 800 961 513 1019 255 7153 503 7017 6800 313 152 6487 4508
internal_count=60000 32187 22929 9180 7453 6940 285 13749 3733 2665 2392 10016 1198 803 487 967 1727 1425 1071 354 395 8818 271 273 1068 800 961 513 1019 255 7153 503 7017 6800 313 152 6487 4508
is_linear=0
shrinkage=0.04


Tree=121
num_leaves=39
num_cat=0
split_feature=135 15 102 120 73 13 29 102 10 14 101 102 13 60 85 102 113 102 102 29 8 79 0 14 85 0 29 29 14 39 13 85 14 29 60 14 121 102
split_gain=950.531 885.769 1964.67 483.163 327.389 167.939 127.071 92.7673 80.1746 65.4239 60.7804 51.0917 194.264 101.485 148.006 52.1856 47.0734 52.3298 39.3445 34.5423 34.3232 33.6591 32.8616 31.9149 44.7769 30.4579 30.3179 29.9436 29.7152 29.0674 28.9202 28.6617 28.1632 29.9761 93.35 120.509 37.5511 35.0894
threshold=1.0000000180025095e-35 0.75000000000000011 0.61664462089538585 1.0000000180025095e-35 0.085450042039155974 0.93636366724967968 0.91245013475418102 0.59573671221733104 0.25881896913051611 0.53617689013481151 1.0000000180025095e-35 0.59573671221733104 0.76363638043403637 -0.49999997019767756 0.59591841697692882 0.56428781151771557 0.55803975462913524 0.53760418295860302 0.37993320822715765 0.6161409616470338 -0.60655245184898365 0.63508617877960216 0.57587918639183056 0.48477640748023992 0.59827139973640453 0.48079442977905279 0.6682286560535432 0.6161409616470338 0.49548439681530004 0.10922336578369142 0.76363638043403637 0.64428395032882702 0.50125351548194896 0.90145155787467968 -0.49999997019767756 0.40148113667964941 1.0000000180025095e-35 0.46729126572608953
decision_type=2 2 2 2 2 2 2 2 2 2 2 2 2 2 2 2 2 2 2 2 2 2 2 2 2 2 2 2 2 2 2 2 2 2 2 2 2 2
left_child=-1 -2 5 10 30 11 7 9 28 16 -4 15 13 23 -15 32 17 -7 -8 20 -18 -16 -17 -13 -25 -20 -21 -19 -6 -12 -5 -9 33 -3 35 -35 -36 -37
right_child=1 2 3 4 8 6 18 31 -10 -11 29 12 -14 14 21 22 19 27 25 26 -22 -23 -24 24 -26 -27 -28 -29 -30 -31 -32 -33 -34 34 36 37 -38 -39
leaf_value=0 0 0.00066672518591815333 0.0022015613320660065 -0.0088838663158468199 0.0020616345039233862 0.023337809445988143 -0.013150009662815732 0.072987901494315111 0.0020616345039233862 -0.0025091181134272388 -0.0236691917175238 0.0014026881802257308 0.036295453577990175 -0.00012881511294928315 0.0017686322145391386 -0.0011743689338235797 -0.004218656717488045 -0.0045493577430660535 0.015157401126158234 -0.00091148351561183604 0.029185176105075712 4.1534748394056466e-06 -5.4125090109766075e-06 0.007567936382832343 -0.00052873150969535488 0.01732367398284609 0.0007549510266852661 0.0054350257523032046 0.0020616345039233862 0.0020613504781249858 0.068660986664084864 -0.35495824160217027 -0.0024182960729878804 -0.00031310069058260837 -1.9316237613047351e-05 -0.26468499404415224 -0.0076292508004068083 0.0030502716359117345
leaf_weight=27813 9258 6243 766 224 1653 421 46 218 5142 95 22 78 335 142 214 762 34 70 369 280 103 56 935 35 187 635 928 457 376 939 233 21 136 216 131 35 207 185
leaf_count=27813 9258 6243 766 224 1653 421 46 218 5142 95 22 78 335 142 214 762 34 70 369 280 103 56 935 35 187 635 928 457 376 939 233 21 136 216 131 35 207 185
internal_value=0.00576267 0.0104427 0.0146592 0.0287632 0.0330886 0.00493885 0.0122382 0.00753711 0.0351806 0.00515913 0.00965837 0.00222694 0.0105826 -0.00123596 0.0116505 0.00123842 0.00650676 0.0133333 0.024 0.00169517 0.0207299 0.029037 -0.00506777 -0.0189333 -0.0266667 0.0256574 -0.000463576 0.00493359 0.0284475 0.016358 0.000262582 0.0312971 0.00273452 0.00308394 -0.00434109 0.00788991 -0.0201183 0.0287273
internal_weight=60000 32187 22929 9355 7628 13574 3677 2627 7171 2388 1727 9897 1047 712 412 8850 2293 948 1050 1345 137 270 1697 300 222 1004 1208 527 2029 961 457 239 7153 7017 774 436 338 220
internal_count=60000 32187 22929 9355 7628 13574 3677 2627 7171 2388 1727 9897 1047 712 412 8850 2293 948 1050 1345 137 270 1697 300 222 1004 1208 527 2029 961 457 239 7153 7017 774 436 338 220
is_linear=0
shrinkage=0.04


Tree=122
num_leaves=39
num_cat=0
split_feature=135 15 102 120 73 102 13 12 13 94 14 10 85 122 101 14 12 122 85 85 102 102 12 13 130 0 102 14 23 12 14 39 14 102 26 14 85 14
split_gain=938.402 874.84 1997.37 398.312 269.389 263.881 233.552 133.305 141.091 108.105 98.9503 81.7356 68.752 60.8611 60.1123 52.7651 61.8062 49.3086 42.7611 42.0466 38.4624 36.615 33.2497 32.3663 31.5252 31.0814 31.075 35.537 30.4441 41.8191 29.1621 28.961 27.7109 69.2204 60.662 79.3166 56.7161 48.3137
threshold=1.0000000180025095e-35 0.75000000000000011 0.59573671221733104 1.0000000180025095e-35 0.085450042039155974 0.62132039666175853 0.76363638043403637 0.91245013475418102 0.93636366724967968 -0.38268354535102839 0.40148113667964941 0.25881896913051611 0.59591841697692882 1.0000000180025095e-35 1.0000000180025095e-35 0.53494751453399669 0.65512958168983471 1.0000000180025095e-35 0.64428395032882702 0.46157070994377142 0.37993320822715765 0.46729126572608953 0.78930434584617626 0.76363638043403637 0.012838909868150951 0.48079442977905279 0.55805155634880077 0.48149017989635473 0.86353015899658214 0.89765292406082164 0.49548439681530004 0.10922336578369142 0.45820383727550512 0.5541210174560548 -0.63405361771583546 0.50461712479591381 0.58898150920867931 0.49548439681530004
decision_type=2 2 2 2 2 2 2 2 2 2 2 2 2 2 2 2 2 2 2 2 2 2 2 2 2 2 2 2 2 2 2 2 2 2 2 2 2 2
left_child=-1 -2 7 14 23 6 12 15 9 10 19 30 -6 -14 -4 16 26 -11 -8 -9 -10 -12 -17 -5 -18 -22 -3 -28 29 -26 -7 -16 -30 -34 35 -35 -37 -36
right_child=1 2 3 4 5 11 18 8 20 17 21 -13 13 -15 31 22 24 -19 -20 -21 25 -23 -24 -25 28 -27 27 -29 32 -31 -32 -33 33 34 37 36 -38 -39
leaf_value=0 0 3.4314707103126557e-05 0.0021134988787833821 -0.0085285116632129575 -0.00012366250843129478 0.0019791691237664466 0.060698763906944606 0.00067251868644282455 -0.012624009276303104 -0.0074908323892536547 -0.25409759428238615 0.0019791691237664466 5.2550547422924866e-06 0.0016978869259575901 -0.02272242404882285 0.000132575542507837 0.0007430426609107599 6.1191139788494559e-05 -0.0092939800915859648 -0.00056899350081355497 0.0145511050811119 0.0030409836049639337 -0.0024087533888901493 0.065802577691131278 0.00037563034732560399 0.016166047760453849 -0.0075851305743749363 -0.00033606425037785215 0.0050016048211148955 -0.00061865891846586858 0.0019791691237664466 0.0019788964589999838 -0.0012051333569922384 0.014779394336792465 -0.0043496834383468831 -0.0028509050351002798 0.018347922994633947 0.032821478563214511
leaf_weight=27813 9258 3032 766 224 155 1620 641 28 46 190 35 5025 545 86 22 109 424 134 53 111 363 210 217 241 3113 593 220 515 1151 197 372 939 740 329 234 87 37 125
leaf_count=27813 9258 3032 766 224 155 1620 641 28 46 190 35 5025 545 86 22 109 424 134 53 111 363 210 217 241 3113 593 220 515 1151 197 372 939 740 329 234 87 37 125
internal_value=0.005728 0.0103781 0.0145685 0.0272018 0.0305914 0.0322137 0.0168649 0.00353595 0.0138947 0.000225989 0.0145833 0.035451 0.00193384 0.00779715 0.00961204 0.00185375 0.00235986 -0.0167901 0.0337752 -0.0123741 0.0235529 0.0298776 -0.0139877 0.000946237 0.00474134 0.025272 -0.00170958 -0.00908844 0.003998 0.00142598 0.0285944 0.0162747 0.00714761 0.00365979 0.0117241 0.021457 -0.00580645 -0.000557103
internal_weight=60000 32187 22929 10689 8962 8497 1480 12240 1710 708 384 7017 786 631 1727 10530 10204 324 694 139 1002 245 326 465 6437 956 3767 735 6013 3310 1992 961 2703 1552 812 453 124 359
internal_count=60000 32187 22929 10689 8962 8497 1480 12240 1710 708 384 7017 786 631 1727 10530 10204 324 694 139 1002 245 326 465 6437 956 3767 735 6013 3310 1992 961 2703 1552 812 453 124 359
is_linear=0
shrinkage=0.04


Tree=123
num_leaves=39
num_cat=0
split_feature=135 15 119 120 73 85 13 12 102 13 10 13 14 68 118 14 12 121 119 119 12 102 85 58 12 119 14 10 102 14 119 102 56 77 102 13 14 13
split_gain=938.867 875.259 2006.9 502.556 330.632 172.42 193.181 125.247 129.274 123.924 105.072 102.892 100.531 84.3503 56.2604 54.0006 52.397 46.7292 40.8866 39.2287 37.642 107.643 37.3141 54.6048 77.0508 67.5892 55.4885 98.3968 39.8222 36.9349 36.7082 35.5563 35.4614 34.9893 34.8428 34.4983 34.5877 31.9345
threshold=1.0000000180025095e-35 0.75000000000000011 0.62131977081298839 1.0000000180025095e-35 0.085450042039155974 0.59591841697692882 0.76363638043403637 0.91245013475418102 0.59573671221733104 0.93636366724967968 0.7294733226299287 0.76363638043403637 0.40148113667964941 0.66878944635391246 1.0000000180025095e-35 0.53494751453399669 0.65937554836273204 1.0000000180025095e-35 0.38069936633110052 0.46714878082275396 0.90145155787467968 0.55623358488082897 0.51539608836174022 0.027273835614323619 0.80047810077667247 0.55386900901794445 0.50461712479591381 0.7294733226299287 0.56034687161445629 0.49782148003578192 0.58128473162651073 0.45443418622016912 0.1095455400645733 -0.44228866696357721 0.56034687161445629 0.76363638043403637 0.49395371973514562 0.76363638043403637
decision_type=2 2 2 2 2 2 2 2 2 2 2 2 2 2 2 2 2 2 2 2 2 2 2 2 2 2 2 2 2 2 2 2 2 2 2 2 2 2
left_child=-1 -2 7 14 37 6 -6 8 15 10 12 -10 31 -13 -4 16 -3 -12 -11 -14 22 -22 -18 34 25 33 27 -27 -29 -16 -28 -9 -7 -25 35 -24 -37 -5
right_child=1 2 3 4 5 32 -8 9 11 18 17 13 19 -15 29 -17 20 -19 -20 -21 21 -23 23 24 -26 26 30 28 -30 -31 -32 -33 -34 -35 -36 36 -38 -39
leaf_value=0 0 -6.9316258416741536e-05 -0.16457628867013274 -0.008187371196684428 -0.00011871600809403305 0.0019000023588158044 0.056231369455075113 0.00062386340384399828 5.0448525525936816e-06 -0.01211904890525098 6.5407949996512113e-05 0.036609969969424443 -0.24393369051109073 0.031187695049634884 0.001902269240622978 -0.0020947169442670594 0.002453394945976193 -0.0070461826977311053 0.013969060877867392 0.0028412774619192404 -0.0017462748914318738 0.01403535580668013 -0.00038675957947361897 -0.0015046255665959762 0.0058097197511800406 0.015748378984748755 -0.0023113545412963084 0.0076938184612308901 -0.0085984958261378711 -0.12823193732470112 0.0094482061996698265 -0.00052099031115403704 0.0019000023588158044 0.01159736822013528 -0.0032553553162119899 0.0085505279994884734 -0.016786610104547059 0.063226459336681126
leaf_weight=27813 9258 4160 403 224 116 473 170 23 731 49 140 431 38 251 1096 323 1988 199 1019 250 266 141 331 779 527 349 179 45 60 228 149 143 6230 141 623 326 88 240
leaf_count=27813 9258 4160 403 224 116 473 170 23 731 49 140 431 38 251 1096 323 1988 199 1019 250 266 141 331 779 527 349 179 45 60 228 149 143 6230 141 623 326 88 240
internal_value=0.00572933 0.0103806 0.0145719 0.0290545 0.0335596 0.0357304 0.00531469 0.00490217 0.00339166 0.0145513 0.00257251 0.0147488 0.0151542 0.0259238 0.00961204 0.00185967 0.00237195 -0.0142773 0.0234457 0.0294444 0.00476636 -0.00697789 0.0056222 0.00319155 0.00705249 0.00291422 0.0115601 0.0206167 -0.0133333 0.0135952 -0.00097561 -0.00963855 0.0370282 -0.00443478 -0.00309942 0.00273826 0.0104348 0.000862069
internal_weight=60000 32187 22929 9180 7453 6989 286 13749 11888 1861 793 1413 454 682 1727 10475 10152 339 1068 288 5992 407 5585 3597 2229 1702 782 454 105 1324 328 166 6703 920 1368 745 414 464
internal_count=60000 32187 22929 9180 7453 6989 286 13749 11888 1861 793 1413 454 682 1727 10475 10152 339 1068 288 5992 407 5585 3597 2229 1702 782 454 105 1324 328 166 6703 920 1368 745 414 464
is_linear=0
shrinkage=0.04


Tree=124
num_leaves=39
num_cat=0
split_feature=135 15 119 120 73 85 30 12 102 30 30 10 14 68 118 14 12 12 12 68 121 119 119 102 85 14 56 14 102 10 75 30 0 12 14 12 119 102
split_gain=937.937 874.421 1999.18 500.756 329.764 178.293 187.788 126.062 129.121 120.661 102.892 101.729 100.531 84.3503 56.2604 55.3349 54.5454 49.9433 48.1442 83.3621 44.2712 40.7151 39.2287 37.9323 48.8653 42.1401 37.6046 36.9349 35.5563 34.2147 33.1886 31.9345 30.2022 28.4742 26.7755 25.9627 39.6315 27.5597
threshold=1.0000000180025095e-35 0.75000000000000011 0.62131977081298839 1.0000000180025095e-35 0.085450042039155974 0.59591841697692882 0.76363638043403637 0.91245013475418102 0.59573671221733104 0.93636366724967968 0.76363638043403637 0.7294733226299287 0.40148113667964941 0.66878944635391246 1.0000000180025095e-35 0.53320875763893139 0.65937554836273204 0.67058354616165172 0.90145155787467968 0.55628082156181347 1.0000000180025095e-35 0.38069936633110052 0.46714878082275396 0.56428781151771557 0.58643448352813732 0.51995083689689647 0.1095455400645733 0.49782148003578192 0.45443418622016912 0.86602547764778148 0.37377485632896429 0.76363638043403637 0.48079442977905279 0.75789234042167675 0.45820383727550512 0.67420941591262828 0.3721448034048081 0.5541210174560548
decision_type=2 2 2 2 2 2 2 2 2 2 2 2 2 2 2 2 2 2 2 2 2 2 2 2 2 2 2 2 2 2 2 2 2 2 2 2 2 2
left_child=-1 -2 7 14 31 6 -6 8 15 11 34 12 28 -12 -4 16 -3 29 23 -20 -13 -11 -14 35 -25 30 -7 -16 -9 -17 -26 -5 -23 -32 -10 36 -18 -37
right_child=1 2 3 4 5 26 -8 9 10 21 13 20 22 -15 27 17 18 -19 19 -21 -22 32 -24 24 25 -27 -28 -29 -30 -31 33 -33 -34 -35 -36 37 -38 -39
leaf_value=0 0 -6.6543608080073453e-05 -0.15799323712332744 -0.0078598763488170499 -0.00011396736777026462 0.0018240022644631893 0.053982114676872119 0.00059890886769025547 0.0010396300720129403 -0.01163428694904094 0.035145571170647476 6.2791631996645951e-05 -0.23417634289064709 0.029940187247649491 0.0018261784709980588 0.00038329870322691254 -0.0026850192252617839 -0.002010928266496377 -0.0016358386533898185 0.0081442215959382832 -0.0067643353898218447 0.013410298442752691 0.0027276263634424679 -0.0019776712678576305 -0.0082883196049736083 0.15516372254929686 0.0018240022644631893 -0.12310265983171309 -0.00050015069870788407 -0.0045298880764638536 -0.0076360800775728422 0.060697400963213896 0.01651750578212834 0.0047860486540646716 -2.5362648499438478e-05 0.00085520379675823937 0.018270918531638501 0.0039833647772384495
leaf_weight=27813 9258 4160 403 224 116 473 170 23 210 49 431 140 38 251 1096 74 70 299 263 144 199 365 250 822 51 140 6230 228 143 33 41 240 654 85 521 3404 343 546
leaf_count=27813 9258 4160 403 224 116 473 170 23 210 49 431 140 38 251 1096 74 70 299 263 144 199 365 250 822 51 140 6230 228 143 33 41 240 654 85 521 3404 343 546
internal_value=0.00572667 0.0103756 0.014565 0.0290196 0.0335167 0.0356846 0.00475524 0.00491381 0.00339838 0.0145943 0.0147488 0.00277427 0.0151542 0.0259238 0.00961204 0.0018673 0.00245109 -0.0126108 0.00492131 -0.00835381 -0.0138053 0.0233708 0.0294444 0.00590331 -0.000597015 0.0127445 0.0370043 0.0135952 -0.00963855 0.0108411 -0.000225989 0.000862069 0.0250834 0.0107937 0.00432285 0.00760028 0.0171429 0.00660253
internal_weight=60000 32187 22929 9180 7453 6989 286 13749 11888 1861 1413 793 454 682 1727 10475 10069 406 5909 407 339 1068 288 5502 1139 317 6703 1324 166 107 177 464 1019 126 731 4363 413 3950
internal_count=60000 32187 22929 9180 7453 6989 286 13749 11888 1861 1413 793 454 682 1727 10475 10069 406 5909 407 339 1068 288 5502 1139 317 6703 1324 166 107 177 464 1019 126 731 4363 413 3950
is_linear=0
shrinkage=0.04


Tree=125
num_leaves=39
num_cat=0
split_feature=118 15 119 73 103 85 30 29 30 102 30 94 14 68 119 14 14 29 29 119 14 119 121 119 56 0 101 10 102 102 85 14 92 0 23 119 125 14
split_gain=878.946 860.567 1982.43 666.567 264.114 182.251 185.121 131.262 119.252 118.234 115.252 107.853 99.224 85.551 66.9501 48.5087 46.6427 45.1981 57.0824 81.5526 54.1311 42.205 41.8147 40.6813 40.2321 40.0761 38.5799 34.2147 33.8342 31.3983 46.8289 42.1401 36.2762 30.3149 28.9339 41.0219 27.1416 32.5812
threshold=1.0000000180025095e-35 0.75000000000000011 0.62131977081298839 0.085450042039155974 1.0000000180025095e-35 0.59591841697692882 0.76363638043403637 0.91245013475418102 0.93636366724967968 0.59573671221733104 0.76363638043403637 -0.38268354535102839 0.40148113667964941 0.66878944635391246 0.8213065266609193 0.53320875763893139 0.53739008307456981 0.65937554836273204 0.90145155787467968 0.55587741732597362 0.49548439681530004 0.46714878082275396 1.0000000180025095e-35 0.38069936633110052 0.1095455400645733 0.82441669702529918 1.0000000180025095e-35 0.86602547764778148 0.45443418622016912 0.56428781151771557 0.58643448352813732 0.51995083689689647 0.28953965008258825 0.48079442977905279 0.8571683168411256 0.72566989064216625 0.83147290349006664 0.45820383727550512
decision_type=2 2 2 2 2 2 2 2 2 2 2 2 2 2 2 2 2 2 2 2 2 2 2 2 2 2 2 2 2 2 2 2 2 2 2 2 2 2
left_child=-1 -2 7 14 26 6 -6 9 11 15 -11 12 28 -12 34 17 -17 -3 29 -20 -21 -14 -13 -10 -7 -16 -5 -18 -9 36 -31 32 -32 -25 35 -4 -19 -38
right_child=1 2 3 4 5 24 -8 8 23 10 13 22 21 -15 25 16 27 18 19 20 -22 -23 -24 33 -26 -27 -28 -29 -30 30 31 -33 -34 -35 -36 -37 37 -39
leaf_value=0 0 -6.2375468898232997e-05 0.053573289491985109 0.0018798210151672024 -0.00010940867305944125 0.001751042173884656 0.051822830089797239 0.0005749525129826338 -0.011168915471079302 5.8575643904745793e-06 0.033739748323821601 6.027996671676306e-05 -0.22480928917502119 0.028386266413140293 -0.0065050363860062882 -0.001930491135836522 0.00036796675509783599 0.0004789748240538208 -0.0016703228606121813 -0.00095507281537624781 0.013301035467216026 0.0026185213089047819 -0.0064828943617736105 0.012873886505042549 0.001751042173884656 -0.0065050363860062882 0.0017508553073546551 -0.0043486925534052994 -0.00048436433185703012 -0.0018985644171433337 -0.0084072077242730355 0.148957173647325 0.0026210553299996953 0.015856805550843234 0.05961255086349361 -0.037841631471148787 0.0055719691951709649 0.0013739583299448646
leaf_weight=27793 9293 4163 123 377 116 478 170 23 49 729 432 146 38 249 207 299 74 1491 269 26 112 238 206 365 5966 166 1169 33 142 822 53 140 124 653 182 212 1518 1354
leaf_count=27793 9293 4163 123 377 116 478 170 23 49 729 432 146 38 249 207 299 74 1491 269 26 112 238 206 365 5966 166 1169 33 142 822 53 140 124 653 182 212 1518 1354
internal_value=0.005688 0.0101854 0.0143493 0.0287585 0.0322958 0.0357207 0.00447552 0.00474251 0.0146237 0.0031965 0.0140709 0.00287516 0.0160544 0.0259031 -0.00413483 0.00173316 -0.0118227 0.00227959 0.00452869 -0.00992629 0.0150725 0.0307246 -0.0136364 0.0233552 0.0371074 -0.0170509 0.0173868 0.0108411 -0.00848485 0.00559796 -0.000316067 0.0127445 -0.000225989 0.0250688 0.00518375 -0.00179104 0.00714187 0.00941504
internal_weight=60000 32207 22914 9166 8276 6730 286 13748 1860 11888 1410 793 441 681 890 10478 406 10072 5909 407 138 276 352 1067 6444 373 1546 107 165 5502 1139 317 177 1018 517 335 4363 2872
internal_count=60000 32207 22914 9166 8276 6730 286 13748 1860 11888 1410 793 441 681 890 10478 406 10072 5909 407 138 276 352 1067 6444 373 1546 107 165 5502 1139 317 177 1018 517 335 4363 2872
is_linear=0
shrinkage=0.04


Tree=126
num_leaves=39
num_cat=0
split_feature=135 15 119 120 22 13 12 119 68 13 87 68 13 122 101 113 14 119 12 9 119 13 68 12 12 14 119 14 14 0 119 14 119 14 119 14 121 12
split_gain=892.024 833.029 2106.74 497.778 320.251 139.939 136.383 64.2859 60.8442 74.0988 63.3978 86.4073 58.8547 130.96 58.4522 57.9091 57.2553 56.2791 46.5513 46.4224 150.178 126.072 141.556 114.346 99.4814 89.2224 88.9812 90.6921 65.6666 57.5382 46.9066 130.288 116.103 57.9918 47.6283 42.305 41.2693 97.1274
threshold=1.0000000180025095e-35 0.75000000000000011 0.62131977081298839 1.0000000180025095e-35 0.11795619875192644 0.93636366724967968 0.91245013475418102 0.59593412280082714 0.59587973356246959 0.76363638043403637 1.0000000180025095e-35 0.57364675402641307 0.76363638043403637 1.0000000180025095e-35 1.0000000180025095e-35 0.5765511989593507 0.50125351548194896 0.59866267442703258 0.6161409616470338 -0.68322628736495961 0.55386900901794445 0.76363638043403637 0.55813655257225048 0.80047810077667247 1.0297048687934878 0.40148113667964941 0.51773032546043407 0.45820383727550512 0.46607483923435217 0.46247483789920812 0.47632130980491644 0.35276135802268987 0.3721448034048081 0.42466887831687933 0.50974160432815563 0.53617689013481151 1.0000000180025095e-35 0.89765292406082164
decision_type=2 2 2 2 2 2 2 2 2 2 2 2 2 2 2 2 2 2 2 2 2 2 2 2 2 2 2 2 2 2 2 2 2 2 2 2 2 2
left_child=-1 -2 5 14 -5 7 15 16 9 10 11 -6 -9 -14 -4 18 19 35 -7 20 23 -21 24 26 36 -25 30 -28 -22 -27 31 32 -3 -32 -35 -17 37 -23
right_child=1 2 3 4 8 6 -8 12 -10 -11 -12 -13 13 -15 -16 17 -18 -19 -20 21 28 22 -24 25 -26 29 27 -29 -30 -31 33 -33 -34 34 -36 -37 -38 -39
leaf_value=0 0 -0.00045736446301486027 0.0018046281745604986 0.0019569241032609953 -9.2706970456504222e-05 -0.0043460114499124817 0.012358931044840845 5.6252125056133195e-06 0.0016810004869292784 0.097220223387319935 -0.00017901789978143513 0.0012202004991363324 0.028159531674078055 -0.0072790009567776795 0.0016805684798809396 7.0216655237709e-05 -0.00089242329545685119 0.055631136542012738 0.019600930934443782 -0.00054066508238962644 0.0013554759407478655 0.008401289474063418 -0.0087862078430489283 -0.00010154208543108113 -0.002624813620074491 -0.21581691760802035 -0.0030980593686068402 -0.00077923596581643418 0.0055606043398373477 0.0024898744777399175 0.011125443299025798 -0.003957152624026572 0.012005803325808593 -0.00039711575910699289 0.098246787885631084 -0.0020709577994705453 0.0043572273040135912 -0.00070701236342337378
leaf_weight=27813 9258 130 766 513 69 72 1068 793 6314 359 46 152 288 77 961 1379 926 133 997 2228 172 210 173 306 98 23 263 701 428 612 237 508 337 318 157 84 995 36
leaf_count=27813 9258 130 766 513 69 72 1068 793 6314 359 46 152 288 77 961 1379 926 133 997 2228 172 210 173 306 98 23 263 701 428 612 237 508 337 318 157 84 995 36
internal_value=0.00559333 0.0101271 0.0142161 0.0290545 0.0335382 0.00430868 0.0109188 0.00184505 0.0357925 0.0238978 0.00794007 0.0168326 0.0107081 0.024 0.00970469 0.0060788 0.000686385 0.00125313 0.0132834 0.00178517 0.00467557 -0.00145455 0.00746032 0.00158129 0.0118596 0.01356 -0.00267069 -0.0123651 0.0232 0.0221102 0.002869 -0.00283077 0.0124197 0.0106742 0.00261053 -0.00101162 0.0149234 0.0295935
internal_weight=60000 32187 22929 9180 7453 13749 3733 10016 6940 626 267 221 1158 365 1727 2665 8858 1596 1069 7932 4192 3740 1512 3592 1339 941 2651 964 600 635 1687 975 467 712 475 1463 1241 246
internal_count=60000 32187 22929 9180 7453 13749 3733 10016 6940 626 267 221 1158 365 1727 2665 8858 1596 1069 7932 4192 3740 1512 3592 1339 941 2651 964 600 635 1687 975 467 712 475 1463 1241 246
is_linear=0
shrinkage=0.04


Tree=127
num_leaves=39
num_cat=0
split_feature=118 15 119 73 120 85 13 12 102 13 13 10 31 68 119 31 12 121 8 0 119 12 119 88 12 56 119 31 90 102 13 119 85 9 130 13 12 119
split_gain=857.935 841.108 2035.13 656.736 310.962 181.156 185.121 143.851 122.472 118.591 104.781 91.2272 88.1618 85.551 69.7749 60.9842 57.0762 49.3908 42.3106 40.0761 39.8291 38.9065 86.629 46.2245 38.9076 38.6509 38.086 37.769 35.121 32.6486 30.2762 29.7806 33.6278 49.6542 42.6798 51.1982 30.0522 29.6818
threshold=1.0000000180025095e-35 0.75000000000000011 0.62131977081298839 0.085450042039155974 1.0000000180025095e-35 0.59591841697692882 0.76363638043403637 0.91245013475418102 0.59573671221733104 0.76363638043403637 0.93636366724967968 0.7294733226299287 0.40148113667964941 0.66878944635391246 0.8213065266609193 0.50125351548194896 0.78930434584617626 1.0000000180025095e-35 -0.13760644942522046 0.82441669702529918 0.38069936633110052 0.90145155787467968 0.55587741732597362 1.0000000180025095e-35 0.65512958168983471 0.1095455400645733 0.46714878082275396 0.49782148003578192 0.19612502306699756 0.45443418622016912 0.76363638043403637 0.58930832147598278 0.55228129029273998 -0.38268354535102839 0.51215168833732616 0.76363638043403637 0.70447996258735668 0.59593412280082714
decision_type=2 2 2 2 2 2 2 2 2 2 2 2 2 2 2 2 2 2 2 2 2 2 2 2 2 2 2 2 2 2 2 2 2 2 2 2 2 2
left_child=-1 -2 7 14 27 6 -6 8 15 -10 11 12 29 -11 -4 21 28 30 -18 -16 -12 24 -23 -24 -3 -7 -14 -5 -17 -9 -13 32 33 -30 -34 -36 -33 -26
right_child=1 2 3 4 5 25 -8 10 9 13 20 17 26 -15 19 16 18 -19 -20 -21 -22 22 23 -25 37 -27 -28 -29 31 -31 -32 36 34 -35 35 -37 -38 -39
leaf_value=0 0 -2.1055912691352319e-05 0.013514231062562736 0.0016158743806686715 -0.00015384034610253395 0.0016137604674521101 0.045861107950712569 0.00055601609588055826 5.3982533146168521e-06 0.031263777123905642 -0.011216516094029764 0.0001193513493611853 -0.20718424090369955 0.027028391583021189 -0.0062448349305660369 0.01279134244609061 -0.00054078454334883553 -0.0062128195964624312 -0.0040941078680270951 -0.0062448349305660369 0.011864573803047236 -0.0015994482627704799 0.012766185382317942 -0.00089524329946559793 0.0011266689275979047 0.0016137604674521101 0.0024141854774390125 -0.13424205243796736 0.00074041579029369411 -0.00046099510598551774 -0.0013657957683690114 -0.00023008558375486573 0.0018662471425688666 -0.016994226383691427 0.0003308416513228893 -0.0010644551330984341 0.20214000876885072 -0.0011069381592824002
leaf_weight=27793 9293 3304 517 1080 116 473 170 23 729 432 49 110 38 249 207 97 149 199 182 166 1018 269 118 20 5197 6212 250 225 98 143 30 69 275 23 66 417 46 148
leaf_count=27793 9293 3304 517 1080 116 473 170 23 729 432 49 110 38 249 207 97 149 199 182 166 1018 269 118 20 5197 6212 250 225 98 143 30 69 275 23 66 417 46 148
internal_value=0.00562533 0.0100686 0.0141852 0.0287846 0.0322958 0.0356506 0.00447552 0.00445156 0.00283311 0.0139007 0.0147957 0.0037831 0.0155066 0.0259031 -0.00386517 0.00134377 -0.00635724 -0.0119174 -0.0209063 -0.0170509 0.0229803 0.002553 -0.00953317 0.0162319 0.00312175 0.0369843 0.0288889 0.0143755 -0.00194317 -0.00771084 0.00628571 -0.00418511 -0.00668942 0.0128926 -0.0098153 -0.0169772 0.0149565 0.00523106
internal_weight=60000 32207 22914 9166 8276 6971 286 13748 11888 1410 1860 793 454 681 890 10478 1422 339 331 373 1067 9056 407 138 8649 6685 288 1305 1091 166 140 994 879 121 758 483 115 5345
internal_count=60000 32207 22914 9166 8276 6971 286 13748 11888 1410 1860 793 454 681 890 10478 1422 339 331 373 1067 9056 407 138 8649 6685 288 1305 1091 166 140 994 879 121 758 483 115 5345
is_linear=0
shrinkage=0.04


Tree=128
num_leaves=39
num_cat=0
split_feature=84 15 119 124 12 102 13 120 102 13 27 14 68 13 104 102 12 121 12 56 119 119 119 119 124 6 8 102 14 17 13 39 7 102 78 14 14 119
split_gain=779.343 802.152 1899.6 1036.28 142.934 121.886 121.416 111.645 112.719 104.338 93.4215 84.8332 82.8963 75.6923 83.5428 61.8864 46.5642 45.1534 43.2818 42.4001 40.71 39.6916 39.1717 37.5811 35.7113 32.125 37.7803 31.941 29.8513 29.7667 28.3645 26.2434 29.4372 49.0493 71.6328 66.2272 62.5764 55.1122
threshold=1.0000000180025095e-35 0.75000000000000011 0.62131977081298839 0.053983211517333991 0.91245013475418102 0.59573671221733104 0.76363638043403637 1.0000000180025095e-35 0.61664462089538585 0.93636366724967968 0.75183969736099254 0.40148113667964941 0.66878944635391246 0.76363638043403637 1.0000000180025095e-35 0.56428781151771557 0.90145155787467968 1.0000000180025095e-35 0.65512958168983471 0.1095455400645733 0.79898613691329967 0.38069936633110052 0.55587741732597362 0.46714878082275396 0.030841578729450706 0.88527575135231029 -0.60655245184898365 0.45443418622016912 0.53494751453399669 0.48013347387313848 0.76363638043403637 0.21155802905559543 -0.20405907183885572 0.5541210174560548 0.89687275886535656 0.50461712479591381 0.488080844283104 0.54425701498985302
decision_type=2 2 2 2 2 2 2 2 2 2 2 2 2 2 2 2 2 2 2 2 2 2 2 2 2 2 2 2 2 2 2 2 2 2 2 2 2 2
left_child=-1 -2 4 20 5 15 -7 -5 13 10 11 27 -8 14 -9 16 18 30 -3 -10 -4 -11 -18 -13 -22 28 -27 -6 -17 -23 -12 -20 -33 36 35 -35 37 -34
right_child=1 2 3 7 9 6 12 8 19 21 17 23 -14 -15 -16 25 22 -19 31 -21 24 29 -24 -25 -26 26 -28 -29 -30 -31 -32 32 33 34 -36 -37 -38 -39
leaf_value=0 0 -6.5207524157173685e-06 0 0.0015487107654589495 0.00053377545204533303 5.1823231820335992e-06 0.030013226038949414 -9.517043347472054e-05 0.0015492100487540128 -0.010767855450268576 0.00011457729538674855 -0.19889687126755157 0.024930821629953571 0.070313656380396522 0.0012976111383692058 -0.00050288433729747336 -0.0015549486641017473 -0.0060259572670489092 0.0121250377235733 0.0015492100487540128 0 0.011323956739600689 0.047836054717164914 0.0023176180583414662 -0.0059950415333433951 -0.0027104706922976085 0.00043461893894757595 -0.00044255530174609704 -0.0016311801618585479 0.013707501582829558 -0.0013111639376342766 -8.3678790451617864e-05 0.00072993613439420457 0.01089448967989652 -0.0010404676386002976 -0.019770146306712259 -0.0014995628841239809 0.0092452468995804799
leaf_weight=27810 9272 3194 626 646 23 722 432 103 475 49 110 38 223 171 52 1473 258 197 189 6094 572 368 49 251 492 286 256 143 199 646 30 902 2590 276 134 24 348 277
leaf_count=27810 9272 3194 626 646 23 722 432 103 475 49 110 38 223 171 52 1473 258 197 189 6094 572 368 49 251 492 286 256 143 199 646 30 902 2590 276 134 24 348 277
internal_value=0.005608 0.00984529 0.0138616 0.0278843 0.00440418 0.00278567 0.0139724 0.0342289 0.0357186 0.0147278 0.00373737 0.0155604 0.0264427 0.0127607 -0.00748387 0.00131229 0.00290741 -0.0122255 0.00349887 0.036858 -0.000426036 0.0229163 -0.0123779 0.0286505 -0.00518797 -0.00462511 0.00383764 -0.00722892 -0.00736842 0.0246154 0.00514286 0.00592405 0.00531751 0.00691696 0.0195392 0.0304 0.00521306 0.00715731
internal_weight=60000 32190 22918 9231 13687 11832 1377 7541 6895 1855 792 455 655 326 155 10455 8241 337 7934 6569 1690 1063 307 289 1064 2214 542 166 1672 1014 140 4740 4551 3649 434 300 3215 2867
internal_count=60000 32190 22918 9231 13687 11832 1377 7541 6895 1855 792 455 655 326 155 10455 8241 337 7934 6569 1690 1063 307 289 1064 2214 542 166 1672 1014 140 4740 4551 3649 434 300 3215 2867
is_linear=0
shrinkage=0.04


Tree=129
num_leaves=39
num_cat=0
split_feature=135 15 102 120 22 13 12 102 10 102 13 85 14 101 102 122 113 14 85 122 102 90 12 85 102 43 14 14 14 17 13 85 102 94 14 12 14 122
split_gain=889.044 830.578 2078.89 477.807 328.665 153.383 135.423 102.523 81.8988 69.4543 182.625 68.6883 62.2166 58.4522 52.3175 50.7216 49.2532 43.9503 38.673 38.0555 34.2468 31.7659 30.9592 43.0098 30.8791 33.2328 67.0315 33.6241 29.7939 29.6728 28.845 28.6617 27.6 27.0449 86.6592 64.7054 47.4794 35.7217
threshold=1.0000000180025095e-35 0.75000000000000011 0.61664462089538585 1.0000000180025095e-35 0.11795619875192644 0.93636366724967968 0.91245013475418102 0.59573671221733104 0.25881896913051611 0.59573671221733104 0.76363638043403637 0.59591841697692882 0.45591865479946142 1.0000000180025095e-35 0.56034687161445629 1.0000000180025095e-35 0.69975176453590404 0.53617689013481151 0.48024778068065649 1.0000000180025095e-35 0.37993320822715765 0.07759560272097589 0.76287078857421886 0.3885036855936051 0.5541210174560548 -0.55557009577751149 0.50440177321434032 0.49434550106525427 0.49548439681530004 0.43200151622295385 0.76363638043403637 0.64428395032882702 0.5541210174560548 -0.38268354535102839 0.50125351548194896 0.50244787335395824 0.46458241343498236 1.0000000180025095e-35
decision_type=2 2 2 2 2 2 2 2 2 2 2 2 2 2 2 2 2 2 2 2 2 2 2 2 2 2 2 2 2 2 2 2 2 2 2 2 2 2
left_child=-1 -2 5 13 30 9 7 12 28 14 11 -11 16 -4 -3 -13 32 24 22 20 -8 -15 23 -18 25 26 -14 -27 -6 -22 -5 -9 -7 34 36 -36 -16 -35
right_child=1 2 3 4 8 6 19 31 -10 10 -12 15 17 21 33 -17 18 -19 -20 -21 29 -23 -24 -25 -26 27 -28 -29 -30 -31 -32 -33 -34 37 35 -37 -38 -39
leaf_value=0 0 0.00021719932486448102 0.0016678080723513489 -0.0089159056438292694 0.0014872416468038451 0.021250789167179426 -0.010337141232257832 0.060185505935817077 0.0014872416468038451 -9.1363616135744515e-05 0.024986536000610897 4.9750302547479916e-06 -0.0020686223330476138 -0.016714490141004758 -0.00063578934071633958 0.0012829859561964696 -0.060925010052997886 -0.0017591079662962977 0.042092778810286974 0.015611064712879213 0.0056959095351094644 0.0015487107654589495 -0.13756927052371984 0.068559275014764789 0.001800744878888807 0.021678004335359803 0.00071105998877857496 -0.015691994116171996 0.0014999778252581565 0.0098419517439646848 0.057772333329072223 -0.34604989587756541 -0.00087112759763606105 -0.0051262631610629944 0.00035832659310137803 -0.001972945640316102 0.004097177951483566 2.7539897926800451e-05
leaf_weight=27813 9258 6875 766 249 1640 390 44 218 5114 143 335 502 300 21 158 67 33 95 214 181 142 940 119 45 793 143 72 126 369 683 256 21 58 728 53 400 257 379
leaf_count=27813 9258 6875 766 249 1640 390 44 218 5114 143 335 502 300 21 158 67 33 95 214 181 142 940 119 45 793 143 72 126 369 683 256 21 58 728 53 400 257 379
internal_value=0.005586 0.0101122 0.0141951 0.0287034 0.0330047 0.00419626 0.0111722 0.006319 0.0352155 0.00160453 0.0113467 -0.00011236 0.0038191 0.00970469 0.000451977 0.00611599 0.0124331 -0.00102027 0.00243309 0.0233143 0.0198389 0.0162747 -0.0103553 0.00923077 0.000725244 -0.00580343 -0.0135484 0.00490706 0.0283723 0.0216727 0.00182178 0.0312971 0.0216071 -0.00528608 0 -0.0120971 0.0132048 -0.00943089
internal_weight=60000 32187 22929 9355 7628 13574 3677 2627 7123 9897 1047 712 2388 1727 8850 569 859 1529 411 1050 869 961 197 78 1434 641 372 269 2009 825 505 239 448 1975 868 453 415 1107
internal_count=60000 32187 22929 9355 7628 13574 3677 2627 7123 9897 1047 712 2388 1727 8850 569 859 1529 411 1050 869 961 197 78 1434 641 372 269 2009 825 505 239 448 1975 868 453 415 1107
is_linear=0
shrinkage=0.04


Tree=130
num_leaves=39
num_cat=0
split_feature=135 15 119 84 73 85 13 13 14 86 102 102 13 119 29 119 119 85 79 29 13 102 121 14 119 29 26 14 14 119 119 119 14 51 102 22 101 56
split_gain=899.94 840.406 2088.95 389.855 338.133 165.784 184.379 148.33 136.131 95.9592 81.8142 80.7217 92.2217 62.7936 58.2493 54.3283 54.0163 51.8587 41.3442 88.8941 71.1409 125.171 81.3477 57.2686 79.3953 86.8569 57.3682 56.1722 45.4612 87.4155 53.277 44.159 104.751 41.7032 41.2674 40.2465 39.4011 39.0633
threshold=1.0000000180025095e-35 0.75000000000000011 0.62131977081298839 1.0000000180025095e-35 0.085450042039155974 0.59591841697692882 0.76363638043403637 0.93636366724967968 0.45591865479946142 1.0000000180025095e-35 0.59790590405464183 0.59573671221733104 0.76363638043403637 0.51532536745071422 0.91245013475418102 0.38069936633110052 0.59593412280082714 0.52062875032424938 0.6166246533393861 0.79704815149307262 0.76363638043403637 0.5541210174560548 1.0000000180025095e-35 0.50125351548194896 0.55386900901794445 0.80047810077667247 -0.63405361771583546 0.53739008307456981 0.35276135802268987 0.3721448034048081 0.51532536745071422 0.47632130980491644 0.42466887831687933 0.39519178867340093 0.52797222137451183 0.4416451901197434 1.0000000180025095e-35 0.1095455400645733
decision_type=2 2 2 2 2 2 2 2 2 2 2 2 2 2 2 2 2 2 2 2 2 2 2 2 2 2 2 2 2 2 2 2 2 2 2 2 2 2
left_child=-1 -2 7 36 -5 6 -6 11 15 -7 13 18 -13 -10 -15 -9 -14 -16 19 20 33 22 -22 24 25 28 -26 -25 29 -20 -31 -30 34 -3 -33 -34 -4 -11
right_child=1 2 3 4 5 9 -8 8 10 37 -12 12 16 14 17 -17 -18 -19 23 -21 21 -23 -24 27 26 -27 -28 -29 31 30 -32 32 35 -35 -36 -37 -38 -39
leaf_value=0 0 -0.00065251651499060876 0.0016010957494572865 -0.0029639103954906434 -0.00014022537027404524 0.0014275725890628621 0.038175212041852119 -0.0099236555829675197 -0.015015975652064419 0.0014277519809316886 0.056798467462194684 4.7760290445708617e-06 0.018636409965635467 3.6368013835848592e-05 -0.24065890927996023 0.013527848916429157 0.023582608840576284 0.014681595213265198 -0.00044665479088456221 -0.0012674053531235075 0.0074748386323550877 -0.005008372514993269 0.0038739738821817584 -0.0015158300875071553 0.004899770796709042 0.0011220513310233572 -0.00067100493949844519 0.00034399352937732291 -0.0035837287187385136 0.0089955290837293242 -0.017214639385588058 0.010668882907107609 0.0027167059681594565 -0.00023088553021914039 -0.0084336118851529741 -0.001860120313152649 0.0014867623348406057 0.0014277519809316886
leaf_weight=27813 9258 124 807 483 116 1003 169 89 121 480 220 803 106 1447 27 1690 289 139 155 856 185 387 742 519 448 1095 141 69 554 415 34 216 387 1233 42 1216 357 5765
leaf_count=27813 9258 124 807 483 116 1003 169 89 121 480 220 803 106 1447 27 1690 289 139 155 856 185 387 742 519 448 1095 141 69 554 415 34 216 387 1233 42 1216 357 5765
internal_value=0.005618 0.0101718 0.0142789 0.0290545 0.0321956 0.0342759 0.00435088 0.00441341 0.0112189 0.0354525 0.0039304 0.001877 0.0116194 0.00101499 0.00309981 0.0192243 0.027443 0.0255422 0.000553413 -0.00280125 0.00079371 0.0074277 0.0154045 0.00278964 0.00426111 0.0022946 0.0179966 -0.00897959 -0.0012057 0.00860927 0.0175501 -0.00366046 -0.000709296 -0.00563007 0.0229457 -0.00451653 0.00742268 0.037297
internal_weight=60000 32187 22929 9180 8016 7533 285 13749 3733 7248 1954 10016 1198 1734 1613 1779 395 166 8818 3527 2671 1314 927 5291 4703 4114 589 588 3019 604 449 2415 1861 1357 258 1603 1164 6245
internal_count=60000 32187 22929 9180 8016 7533 285 13749 3733 7248 1954 10016 1198 1734 1613 1779 395 166 8818 3527 2671 1314 927 5291 4703 4114 589 588 3019 604 449 2415 1861 1357 258 1603 1164 6245
is_linear=0
shrinkage=0.04


Tree=131
num_leaves=39
num_cat=0
split_feature=135 15 119 103 22 85 13 13 14 101 102 102 13 119 119 119 12 85 7 13 102 12 14 5 17 68 39 119 14 51 73 13 130 14 12 14 102 119
split_gain=912.736 851.945 2049.19 417.168 327.174 184.581 184.379 136.47 128.452 94.2229 80.9419 75.8987 92.2217 54.0163 53.2112 49.2963 53.8473 49.9067 44.6456 45.4188 77.4613 56.6592 38.9866 38.0945 37.6999 37.3896 33.795 33.2856 41.1857 32.4636 29.978 29.4133 27.2965 26.376 45.1408 42.2512 44.2216 36.5727
threshold=1.0000000180025095e-35 0.75000000000000011 0.62131977081298839 1.0000000180025095e-35 0.11795619875192644 0.59591841697692882 0.76363638043403637 0.93636366724967968 0.45591865479946142 1.0000000180025095e-35 0.59790590405464183 0.59573671221733104 0.76363638043403637 0.59593412280082714 0.38069936633110052 0.51532536745071422 0.91245013475418102 0.52062875032424938 0.27631604671478277 0.76363638043403637 0.54616177082061779 1.0297048687934878 0.53617689013481151 0.40662854909896856 0.43200151622295385 0.67331635951995861 0.23076015710830691 0.46147063374519354 0.3916513472795487 0.41074647009372717 0.10881865024566652 0.76363638043403637 0.01934949774295092 0.50125351548194896 0.78930434584617626 0.52936649322509777 0.58407148718833934 0.55386900901794445
decision_type=2 2 2 2 2 2 2 2 2 2 2 2 2 2 2 2 2 2 2 2 2 2 2 2 2 2 2 2 2 2 2 2 2 2 2 2 2 2
left_child=-1 -2 7 9 31 6 -6 11 14 -4 15 18 -13 -14 -9 -10 22 -18 19 29 21 26 -17 -11 -16 -12 -21 28 -26 -3 -7 -5 -28 37 35 36 -35 -20
right_child=1 2 3 4 5 30 -8 8 10 23 25 12 13 -15 24 16 17 -19 33 20 -22 -23 -24 -25 27 -27 32 -29 -30 -31 -32 -33 -34 34 -36 -37 -38 -39
leaf_value=0 0 -0.00054702145958621887 0.0015370519194789977 -0.0085164399516446387 -0.0001346163554630664 0.0013706419016944339 0.036648203560178061 -0.0095267093596488189 -0.014415336625981844 -0.014952087658800323 0.054526530714397767 4.5849878828008172e-06 0.017890953567010044 0.022639304486953265 0.010168082243279813 0.00020074687779086275 -0.23103255290876182 0.014094331404734603 0.0002557627545695951 0.0071853316108028411 -0.0037806138866389818 -0.0020194424204061788 -0.0016901983681978799 0.0014272918414469872 0.0095027742618184526 0.011176184363694511 0.0074830074526048311 0.019072552251014053 -0.37013720766500668 -0.00044560014020932569 0.0013706419016944339 0.055579996411728914 0.0012401328949782808 -0.0015892795826141176 -0.0050405347985541839 0.00028425926945588635 0.14314522657235682 0.003032261685324862
leaf_weight=27813 9258 143 793 252 116 801 169 89 121 24 144 803 106 289 306 1335 27 139 4135 216 560 60 112 1161 84 76 68 1160 140 1874 5600 264 604 192 157 187 28 594
leaf_count=27813 9258 143 793 252 116 801 169 89 121 24 144 803 106 289 306 1335 27 139 4135 216 560 60 112 1161 84 76 68 1160 140 1874 5600 264 604 192 157 187 28 594
internal_value=0.00565533 0.0102414 0.0143766 0.0290109 0.0334796 0.035848 0.00435088 0.00460543 0.0111331 0.0127401 0.00405322 0.00217252 0.0116194 0.027443 0.0189095 0.0011534 0.00300062 0.0245783 0.00088909 -0.00259858 0.00265252 0.00962025 0.000525225 0.0198819 0.020497 0.0269091 0.0121622 0.0176879 0.00357143 -0.00652454 0.0372504 0.0027907 0.0077381 0.00321179 -0.00496454 0.00206388 -0.00981818 0.00418693
internal_weight=60000 32187 22929 9180 7202 6686 285 13749 3733 1978 1954 10016 1198 395 1779 1734 1613 166 8818 3525 1508 948 1447 1185 1690 220 888 1384 224 2017 6401 516 672 5293 564 407 220 4729
internal_count=60000 32187 22929 9180 7202 6686 285 13749 3733 1978 1954 10016 1198 395 1779 1734 1613 166 8818 3525 1508 948 1447 1185 1690 220 888 1384 224 2017 6401 516 672 5293 564 407 220 4729
is_linear=0
shrinkage=0.04


Tree=132
num_leaves=39
num_cat=0
split_feature=135 15 119 120 73 85 13 13 14 102 102 13 101 119 119 14 11 13 34 17 68 102 119 56 122 14 102 85 12 12 14 14 51 9 12 119 14 14
split_gain=927.008 864.812 2036.01 498.675 316.832 181.533 185.121 143.258 114.486 76.0873 74.6207 92.2217 58.4522 54.0163 49.6242 43.394 38.8557 48.588 74.5198 38.832 37.3896 37.1929 47.4369 35.3813 33.3482 72.6984 35.0097 40.7216 39.7128 32.6453 80.8678 60.8826 51.1032 45.779 33.5108 32.2041 41.1857 32.0758
threshold=1.0000000180025095e-35 0.75000000000000011 0.62131977081298839 1.0000000180025095e-35 0.085450042039155974 0.59591841697692882 0.76363638043403637 0.93636366724967968 0.45591865479946142 0.59790590405464183 0.59573671221733104 0.76363638043403637 1.0000000180025095e-35 0.59593412280082714 0.38069936633110052 0.53617689013481151 1.3690705299377444 0.76363638043403637 0.45523864030838018 0.43200151622295385 0.67331635951995861 0.47612912952899938 0.5205402970314027 0.1095455400645733 1.0000000180025095e-35 0.45142881572246557 0.55805155634880077 0.57328030467033397 0.88894206285476696 0.80047810077667247 0.52532190084457409 0.40148113667964941 0.50622645020484935 -0.68322628736495961 0.90145155787467968 0.46147063374519354 0.3916513472795487 0.35276135802268987
decision_type=2 2 2 2 2 2 2 2 2 2 2 2 2 2 2 2 2 2 2 2 2 2 2 2 2 2 2 2 2 2 2 2 2 2 2 2 2 2
left_child=-1 -2 7 12 -5 6 -6 10 14 15 16 -12 -4 -13 -9 -10 17 21 -19 -16 -11 -3 -23 -7 25 -24 28 -28 -26 37 31 32 -31 -33 -34 36 -21 -18
right_child=1 2 3 4 5 23 -8 8 9 20 11 13 -14 -15 19 -17 29 18 -20 35 -22 22 24 -25 26 -27 27 -29 -30 30 -32 33 34 -35 -36 -37 -38 -39
leaf_value=0 0 -0.001047107993215164 0.0014755698426998265 0.0021149297610062235 -0.00012923170124455653 0.0013158162256266693 0.039066994127071625 -0.0091456409852628661 0.00031480333731883893 0.052345469485821854 4.4015883674930479e-06 0.017175315424329655 0.0013131479669848645 0.021733732307475152 0.009761358953548651 -0.0016225904334699649 0.0074620037834490921 0.003402668768406265 -0.0002980568563372543 0.0091226632913457093 0.010729136989146718 0.00080426458303829663 -0.0074652455354825521 0.0013158162256266693 -0.00044543041339935031 -0.00088571910022433283 0.00058328064378937233 -0.00060190571497237505 0.00027207103029414982 0.00046864567161048143 -0.005170713992361655 0.0021573496612667144 0.028273808184978436 -0.0028970757265925685 -0.00050961038380407334 0.018309650160973485 -0.35533171935840641 2.5416097646413507e-06
leaf_weight=27813 9258 555 766 464 116 473 170 89 1622 144 803 106 961 289 306 112 423 538 1635 84 76 673 306 6230 195 922 216 55 65 155 54 578 21 41 103 1160 140 2283
leaf_count=27813 9258 555 766 464 116 473 170 89 1622 144 803 106 961 289 306 112 423 538 1635 84 76 673 306 6230 195 922 216 55 65 155 54 578 21 41 103 1160 140 2283
internal_value=0.00569667 0.0103185 0.0144847 0.0290719 0.0335596 0.0356846 0.00447552 0.00474507 0.0114332 0.00474923 0.0022524 0.0116194 0.00970469 0.027443 0.0187746 0.00193772 0.000979814 -0.00125581 0.00329498 0.0203077 0.0269091 -0.00456645 -0.00243421 0.0370163 -0.00588971 -0.0095114 0.00248588 0.0125461 -0.008 0.00413341 0.0105042 0.013363 -0.00215054 0.0203554 -0.0212903 0.0174566 0.00357143 0.00189209
internal_weight=60000 32187 22929 9180 7453 6989 286 13749 3733 1954 10016 1198 1727 395 1779 1734 8818 5160 2173 1690 220 2987 2432 6703 1759 1228 531 271 260 3658 952 898 279 619 124 1384 224 2706
internal_count=60000 32187 22929 9180 7453 6989 286 13749 3733 1954 10016 1198 1727 395 1779 1734 8818 5160 2173 1690 220 2987 2432 6703 1759 1228 531 271 260 3658 952 898 279 619 124 1384 224 2706
is_linear=0
shrinkage=0.04


Tree=133
num_leaves=39
num_cat=0
split_feature=135 15 119 120 73 85 13 13 14 102 13 102 101 119 119 14 17 68 7 12 68 13 102 122 119 14 56 12 14 10 14 17 68 12 119 119 14 8
split_gain=922.853 861.066 2044.78 498.675 316.832 181.533 185.121 137.302 109.34 74.6207 92.2217 73.8874 58.4522 54.0163 48.4053 43.394 41.1463 39.6939 37.3659 57.4533 43.3832 59.5464 53.5805 98.1729 37.7367 46.8001 35.3813 33.7201 73.2183 51.8867 75.1748 50.0945 40.5608 40.6253 35.3281 44.3194 63.1595 36.7711
threshold=1.0000000180025095e-35 0.75000000000000011 0.62131977081298839 1.0000000180025095e-35 0.085450042039155974 0.59591841697692882 0.76363638043403637 0.93636366724967968 0.45591865479946142 0.59573671221733104 0.76363638043403637 0.59790590405464183 1.0000000180025095e-35 0.59593412280082714 0.38069936633110052 0.53617689013481151 0.43200151622295385 0.67331635951995861 0.51917079091072094 0.79704815149307262 0.55813655257225048 0.76363638043403637 0.56034687161445629 1.0000000180025095e-35 0.3721448034048081 0.31647910177707678 0.1095455400645733 0.80047810077667247 0.52532190084457409 0.7294733226299287 0.40148113667964941 0.46232315897941595 0.46141564846038824 0.90145155787467968 0.55386900901794445 0.56429719924926769 0.50125351548194896 0.28745912015438085
decision_type=2 2 2 2 2 2 2 2 2 2 2 2 2 2 2 2 2 2 2 2 2 2 2 2 2 2 2 2 2 2 2 2 2 2 2 2 2 2
left_child=-1 -2 7 12 -5 6 -6 9 14 18 -11 15 -4 -12 -9 -10 -16 -13 19 20 21 -3 23 -23 -20 -26 -7 34 29 30 32 -32 -29 -34 -27 36 37 -36
right_child=1 2 3 4 5 26 -8 8 11 10 13 17 -14 -15 16 -17 -18 -19 24 -21 -22 22 -24 -25 25 27 -28 28 -30 -31 31 -33 33 -35 35 -37 -38 -39
leaf_value=0 0 -0.00014403396689694148 0.0014165470489918165 0.0020303325705659605 -0.00012406243319478704 0.0012631835766016054 0.037504314361988735 -0.0087798153458523518 0.00030221120382606809 4.2255248327904841e-06 0.016488302807356449 0.050251650706388984 0.0012606220483054643 0.020864383015176173 0.009370904595406699 -0.0015576868161311663 0.013626888380002989 0.01029997150958085 -0.00073749926076992732 -0.00093259052969479233 -0.002379448859700073 0.0028853704294770567 -0.0075863150183183596 0.0074267994625173018 0.0078082033077551214 -0.00012943735433005088 0.0012631835766016054 0.0004498998447460778 -0.0049638854326671837 -0.0011518139133737471 -0.19109109093971846 0.0020748188131388544 0.026944997075684471 -0.00048902037242548602 -0.00097144240703416428 1.2438707043002288e-05 -0.0021210566882781624 0.011218877576465225
leaf_weight=27813 9258 1239 766 464 116 473 170 89 1622 803 106 144 961 289 306 112 1384 76 149 954 812 884 60 194 225 2317 6230 132 73 188 20 651 29 145 44 478 37 187
leaf_count=27813 9258 1239 766 464 116 473 170 89 1622 803 106 144 961 289 306 112 1384 76 149 954 812 884 60 194 225 2317 6230 132 73 188 20 651 29 145 44 478 37 187
internal_value=0.00568467 0.0102961 0.0144533 0.0290719 0.0335596 0.0356846 0.00447552 0.0046927 0.0112403 0.0022524 0.0116194 0.00470829 0.00970469 0.027443 0.0184148 0.00193772 0.019929 0.0265455 0.000979814 -0.00178615 0.000790216 0.00351704 0.010123 0.0121707 0.00343102 0.00408308 0.0370163 0.00315276 0.00872375 0.0111588 0.0148618 0.0223547 -0.00156863 -0.0142529 0.000901077 0.00847185 0.0214925 0.0292641
internal_weight=60000 32187 22929 9180 7453 6989 286 13749 3733 10016 1198 1954 1727 395 1779 1734 1690 220 8818 4143 3189 2377 1138 1078 4675 4526 6703 4301 1238 1165 977 671 306 174 3063 746 268 231
internal_count=60000 32187 22929 9180 7453 6989 286 13749 3733 10016 1198 1954 1727 395 1779 1734 1690 220 8818 4143 3189 2377 1138 1078 4675 4526 6703 4301 1238 1165 977 671 306 174 3063 746 268 231
is_linear=0
shrinkage=0.04


Tree=134
num_leaves=39
num_cat=0
split_feature=101 15 119 73 120 85 30 30 14 119 119 14 30 85 119 121 119 56 85 123 9 119 122 14 14 12 119 14 119 119 14 73 130 6 14 9 91 124
split_gain=849.018 834.923 2019.64 840.394 174.415 182.355 185.121 116.739 83.8389 63.6683 59.0593 64.5358 58.8441 128.84 49.4412 47.2295 42.9872 35.9213 34.8522 32.5234 31.7147 44.6034 41.4926 53.0791 33.6571 69.0814 44.5105 31.4103 78.0252 31.3632 30.6274 27.577 26.4027 25.1031 24.9707 50.6695 48.3025 24.2311
threshold=1.0000000180025095e-35 0.75000000000000011 0.62131977081298839 0.085450042039155974 1.0000000180025095e-35 0.59591841697692882 0.76363638043403637 0.93636366724967968 0.45591865479946142 0.59593412280082714 0.59593412280082714 0.53617689013481151 0.76363638043403637 0.57328030467033397 0.79898613691329967 1.0000000180025095e-35 0.38069936633110052 0.1095455400645733 0.55858969688415538 1.0000000180025095e-35 -0.75183990597724903 0.57622584700584423 1.0000000180025095e-35 0.47904258966445928 0.50125351548194896 0.78930434584617626 0.57089141011238109 0.3916513472795487 0.45485258102416998 0.3721448034048081 0.46458241343498236 0.062477946281433112 0.0061598799657076606 0.82767108082771312 0.31191965937614446 -0.68322628736495961 0.85553169250488292 0.31536567211151129
decision_type=2 2 2 2 2 2 2 2 2 2 2 2 2 2 2 2 2 2 2 2 2 2 2 2 2 2 2 2 2 2 2 2 2 2 2 2 2 2
left_child=-1 -2 7 14 -5 6 -6 9 16 18 11 32 19 -14 33 -12 -9 -7 29 -11 24 -22 23 -23 30 26 -26 -18 -29 37 -20 -16 -10 -4 35 -31 -37 -3
right_child=1 2 3 4 5 17 -8 8 10 12 15 -13 13 -15 31 -17 27 -19 20 -21 21 22 -24 -25 25 -27 -28 28 -30 34 -32 -33 -34 -35 -36 36 -38 -39
leaf_value=0 0 0.038992835522331612 0 0.0012672493671774987 -0.0001190999358669842 0.0012126562335375369 0.036004141787509172 -0.0084286227320182587 0.030110315881133297 2.7887849429930611e-06 -0.0009297900509081103 -0.0014953793434859199 -0.0083901881936138522 0.020005100467468891 0 0.048241584678133408 0.0092534432704444222 0.0012126562335375369 -0.00014104260838621486 0.00076634286116574303 -0.0066904457269406949 -0.012104060171237024 0.0016571549566962497 0.00035394478433740587 -0.0064624029894042659 -0.0048513154981961962 0.00014609562933188159 -0.34186724589411494 0.016646147961618354 0.029588502070515582 0.0022991190719251265 -0.0057552398720096586 0.00028939291319218796 0.083192131399077454 0.00017592161925271494 -0.00051402866329961936 0.0017436500011881861 -0.00070799929033913019
leaf_weight=27797 9281 45 289 942 116 473 170 89 32 664 74 95 60 306 276 166 558 6189 417 126 481 101 48 360 67 116 233 88 1041 122 393 492 1587 241 6120 89 90 166
leaf_count=27797 9281 45 289 942 116 473 170 89 32 664 74 95 60 306 276 166 558 6189 417 126 481 101 48 360 67 116 233 88 1041 122 393 492 1587 241 6120 89 90 166
internal_value=0.00561933 0.0100401 0.0141384 0.0286548 0.0335615 0.0357513 0.00447552 0.00442697 0.0104665 0.00217513 0.00474923 0.00214702 0.0110035 0.0242623 -0.00117103 0.0233333 0.0167568 0.037094 0.0010217 0.00486076 -0.0033213 -0.00864646 -0.000392927 -0.00407809 0.000978793 -0.00826923 0.00186667 0.0181861 0.014349 0.00247286 0.0057284 -0.00765625 0.00402718 0.00822642 0.0029715 0.0142193 0.000670391 -0.0127014
internal_weight=60000 32203 22922 9188 7890 6948 286 13734 3730 10004 1954 1714 1156 366 1298 240 1776 6662 8848 790 2216 990 509 461 1226 416 300 1687 1129 6632 810 768 1619 530 6421 301 179 211
internal_count=60000 32203 22922 9188 7890 6948 286 13734 3730 10004 1954 1714 1156 366 1298 240 1776 6662 8848 790 2216 990 509 461 1226 416 300 1687 1129 6632 810 768 1619 530 6421 301 179 211
is_linear=0
shrinkage=0.04


Tree=135
num_leaves=39
num_cat=0
split_feature=118 15 119 73 120 85 30 102 30 12 68 119 62 121 102 30 102 12 12 0 12 14 12 121 14 119 30 56 119 30 14 119 14 119 77 119 30 119
split_gain=836.166 817.401 2077.2 676.472 310.962 181.156 185.121 113.949 112.911 91.8757 77.2482 64.1838 60.2949 113.894 64.2154 47.7093 43.2703 65.4034 41.5876 40.0761 38.6848 37.769 37.3624 91.832 44.3854 40.7222 36.8897 35.1743 34.1704 32.4866 32.2408 63.2639 77.6488 65.7494 54.6273 53.3455 53.8754 45.2227
threshold=1.0000000180025095e-35 0.75000000000000011 0.62131977081298839 0.085450042039155974 1.0000000180025095e-35 0.59591841697692882 0.76363638043403637 0.59573671221733104 0.76363638043403637 0.91245013475418102 0.67331635951995861 0.8213065266609193 0.79944071173667919 1.0000000180025095e-35 0.54028829932212841 0.93636366724967968 0.56034687161445629 0.90145155787467968 1.1087146401405337 0.82441669702529918 0.9068988859653474 0.49782148003578192 0.79704815149307262 1.0000000180025095e-35 0.48630662262439733 0.59593412280082714 0.93636366724967968 0.1095455400645733 0.3721448034048081 0.76363638043403637 0.35351052880287176 0.47632130980491644 0.44344586133956915 0.50662484765052807 -0.44228866696357721 0.5205402970314027 0.76363638043403637 0.48508223891258245
decision_type=2 2 2 2 2 2 2 2 2 2 2 2 2 2 2 2 2 2 2 2 2 2 2 2 2 2 2 2 2 2 2 2 2 2 2 2 2 2
left_child=-1 -2 7 11 21 6 -6 9 -9 16 -10 -4 13 15 26 29 17 28 -14 -13 22 -5 24 25 -18 -24 -15 -7 -3 -11 -30 34 35 -34 -32 37 -37 -33
right_child=1 2 3 4 5 27 -8 8 10 12 -12 19 18 14 -16 -17 20 -19 -20 -21 -22 -23 23 -25 -26 -27 -28 -29 30 -31 31 32 33 -35 -36 36 -38 -39
leaf_value=0 0 -0.00067967931872556513 0.01309577967950613 0.0012165593924903816 -0.00011433593843229063 0.0011641499841960367 0.034563976116008775 3.9449524417278784e-06 0.023622650454231113 0.00027554564016288199 0.026462602121852009 -0.0055250302771292729 0.0075746192778705533 -0.0045614783193543753 -0.012669134653553016 0.011665927007191997 -0.0034474153010498831 -0.0013030753447501554 -0.00015423132125508943 -0.0055250302771292729 0.012120382520473143 -0.12926410255420451 0.0015165731320920628 -0.0044882450959379486 0.00010580360310204862 -0.0017906006974360801 0.0014347820272914192 0.0011641499841960367 0.0024799172252492241 -0.0010937424115110871 -0.003423284069536417 7.6394888679089953e-05 -0.010681442623855553 0.0006341202334745542 0.0051484165512114188 -0.00070845966568409578 0.016181568043120365 0.0037140540707240178
leaf_weight=27793 9293 235 517 1080 116 473 170 801 474 98 286 207 844 92 129 159 510 283 75 166 94 225 117 315 1483 56 278 6212 1443 34 552 248 376 3422 314 201 56 773
leaf_count=27793 9293 235 517 1080 116 473 170 801 474 98 286 207 844 92 129 159 510 283 75 166 94 225 117 315 1483 56 278 6212 1443 34 552 248 376 3422 314 201 56 773
internal_value=0.005538 0.00992455 0.0139827 0.0287323 0.0322958 0.0356506 0.00447552 0.00414897 0.0143242 0.00284566 0.0253684 -0.00440449 0.0114453 0.00334177 -0.00825651 0.0232302 0.00144302 0.00291029 0.0184113 -0.0170509 -0.00306019 0.0143755 -0.00401451 -0.0139344 -0.00158555 0.00947977 0.000216216 0.0369843 0.00361155 0.00545455 0.00408937 0.00278694 0.00449173 0.00162191 -0.00720554 0.0130203 -0.00326848 0.0171205
internal_weight=60000 32207 22914 9166 8276 6971 286 13748 1561 12187 760 890 1709 790 499 291 10478 7903 919 373 2575 1305 2481 488 1993 173 370 6685 7620 132 7385 5942 5076 3798 866 1278 257 1021
internal_count=60000 32207 22914 9166 8276 6971 286 13748 1561 12187 760 890 1709 790 499 291 10478 7903 919 373 2575 1305 2481 488 1993 173 370 6685 7620 132 7385 5942 5076 3798 866 1278 257 1021
is_linear=0
shrinkage=0.04


Tree=136
num_leaves=39
num_cat=0
split_feature=135 49 119 120 124 85 13 13 85 68 122 119 9 12 101 51 12 119 119 119 14 14 12 14 28 12 12 121 119 12 119 119 119 56 85 13 119 14
split_gain=886.447 824.464 2092.93 491.521 334.862 179.989 185.121 113.866 108.317 118.447 99.969 135.999 99.2369 61.3226 58.4522 55.7658 53.1932 52.585 59.4875 50.4633 60.0912 53.3808 79.6684 68.7705 46.5291 45.5963 42.8794 77.1334 53.9762 51.3627 41.1445 59.7917 39.8473 38.1063 37.9945 37.067 36.4325 63.3067
threshold=1.0000000180025095e-35 0.75000000000000011 0.62131977081298839 1.0000000180025095e-35 0.053983211517333991 0.59591841697692882 0.76363638043403637 0.76363638043403637 0.59591841697692882 0.66878944635391246 1.0000000180025095e-35 0.59593412280082714 -0.68322628736495961 0.87096264958381664 1.0000000180025095e-35 0.42083615064620977 0.85620406270027172 0.3721448034048081 0.39440976083278662 0.47632130980491644 0.48913984000682836 0.41022963821887976 0.80047810077667247 0.42345251142978674 1.0551158189773562 0.57509493827819835 0.79704815149307262 1.0000000180025095e-35 0.59288045763969432 0.75789234042167675 0.48508223891258245 0.50332656502723705 0.54607123136520397 0.1095455400645733 0.63214924931526195 0.76363638043403637 0.50002238154411327 0.43823994696140295
decision_type=2 2 2 2 2 2 2 2 2 2 2 2 2 2 2 2 2 2 2 2 2 2 2 2 2 2 2 2 2 2 2 2 2 2 2 2 2 2
left_child=-1 -2 7 14 35 6 -6 12 10 -10 13 -12 17 16 -4 -14 -9 -3 -19 25 21 34 23 -23 -15 -20 28 -28 -17 -30 -25 -32 -33 -7 -21 -5 37 -24
right_child=1 2 3 4 5 33 -8 8 9 -11 11 -13 15 24 -16 26 -18 18 19 20 -22 22 36 30 -26 -27 27 -29 29 -31 31 32 -34 -35 -36 -37 -38 -39
leaf_value=0 0 -0.00065249214597654244 0.0013112227913325469 -0.012268836239373257 -0.00010976250089498762 0.0011175839848282011 0.033181417071368458 0.00027358505254042597 0.022677745411407317 0.015145590364883539 0.010598554828158484 -0.0027690475964028852 -0.00083741661693796491 0.00054149999661635918 0.0011108448159865248 -0.00021571164229097661 -0.0012560343659089651 0.0074681260733770218 -0.0036482321257356432 -0.00053834746977210913 -0.00028238469397732341 0.010300804790301186 0.00075663688615829733 -0.025512826567413459 0.010017705849762137 6.2649661316598328e-05 6.8929581349408409e-05 -0.002053933137370372 0.0012799974011224791 -0.0011226275956625642 0.0068615936852079252 -0.00085618578049390906 0.0035487733661371834 0.0011175839848282011 0.001133576470939346 0.049058327725181566 0.0018324638946914363 -0.19606766644903953
leaf_weight=27813 9258 96 766 220 116 481 170 4481 517 418 584 171 247 640 961 1331 88 161 173 208 628 120 62 50 857 282 312 658 243 33 122 380 253 6230 49 236 546 39
leaf_count=27813 9258 96 766 220 116 481 170 4481 517 418 584 171 247 640 961 1331 88 161 173 208 628 120 62 50 857 282 312 658 243 33 122 380 253 6230 49 236 546 39
internal_value=0.00555533 0.0100749 0.0141428 0.0289325 0.0333879 0.0355524 0.00447552 0.00426795 0.00746777 0.0202353 0.00571764 0.0194437 0.000126815 0.00400923 0.00970469 -0.00532578 0.00170716 0.0049858 0.00589652 0.00458791 0.00685389 0.0105194 0.0132824 0.00575135 0.0110354 -0.00764835 -0.00358556 -0.0102268 0.000423149 0.0165217 0.00154037 0.00386755 -0.00107425 0.0368768 -0.00638132 0.000175439 0.0240495 0.0019802
internal_weight=60000 32187 22929 9180 7453 6997 286 13749 7756 935 6821 755 5993 6066 1727 2824 4569 3169 3073 2912 2457 1829 1572 925 1497 455 2577 970 1607 276 805 755 633 6711 257 456 647 101
internal_count=60000 32187 22929 9180 7453 6997 286 13749 7756 935 6821 755 5993 6066 1727 2824 4569 3169 3073 2912 2457 1829 1572 925 1497 455 2577 970 1607 276 805 755 633 6711 257 456 647 101
is_linear=0
shrinkage=0.04


Tree=137
num_leaves=39
num_cat=0
split_feature=135 15 85 10 73 12 101 13 122 94 45 73 14 14 85 68 14 34 14 121 85 12 14 85 12 14 85 12 14 14 14 12 85 85 68 14 14 5
split_gain=887.803 825.685 2064.33 564.773 175.72 126.503 103.607 100.829 149.735 139.598 84.4681 60.5327 54.1488 47.7522 43.9843 45.8439 43.3313 41.3481 61.4194 43.2949 47.3727 38.7376 36.7755 35.3283 59.9815 70.3494 45.2063 48.9827 42.1941 39.3497 34.8587 54.8653 98.8542 74.333 32.6856 30.9474 30.2443 28.0118
threshold=1.0000000180025095e-35 0.75000000000000011 0.59591841697692882 0.32143938541412359 0.085450042039155974 0.71469494700431835 1.0000000180025095e-35 0.76363638043403637 1.0000000180025095e-35 -0.38268354535102839 0.91625136137008678 0.081620417535305037 0.44344586133956915 0.49782148003578192 0.37165585160255438 0.39469745755195623 0.36030563712120062 0.52992331981658947 0.48149017989635473 1.0000000180025095e-35 0.57328030467033397 0.67420941591262828 0.50125351548194896 0.56428876519203197 0.71392521262168895 0.48477640748023992 0.47632676362991339 0.57509493827819835 0.41022963821887976 0.32932195067405706 0.42466887831687933 0.80047810077667247 0.50011277198791515 0.55450478196144115 0.51792520284652721 0.46607483923435217 0.53617689013481151 0.1294016316533089
decision_type=2 2 2 2 2 2 2 2 2 2 2 2 2 2 2 2 2 2 2 2 2 2 2 2 2 2 2 2 2 2 2 2 2 2 2 2 2 2
left_child=-1 -2 7 5 -5 13 -7 9 12 14 -6 -8 -9 37 -3 -16 -11 -18 19 20 -19 22 -12 26 -25 35 27 -17 29 -28 34 33 -33 -32 -30 -26 -14 -4
right_child=1 2 3 4 10 6 11 8 -10 16 21 -13 36 -15 15 23 17 18 -20 -21 -22 -23 -24 24 25 -27 28 -29 30 -31 31 32 -34 -35 -36 -37 -38 -39
leaf_value=0 0 -0.00062639246013748088 -0.012281275037449505 0.0018770431548776046 0.001580731678793157 0.0012587738796792536 -0.0650879085892863 0.0045758451697521709 0.0080777555658517394 -0.00074385031771637242 0.0017628951466803322 0.0010728878011098076 0.00021192338116833299 -0.00087949649072267995 0.0073794805645793814 -0.0033924331740656584 -1.455210659150552e-05 0.00067781015261058285 -0.00015631575394404963 -0.0069066173937671138 -0.00010537200085920517 0.0011234651748420889 -0.0018966020770890602 0.00027769613641643215 -0.00017882919993718715 -0.0040831725107609487 0.0080195691497987904 0.00020363401696929628 0.0077018517549785059 -0.00064347808973906238 -0.00016168959883625434 -0.18823214603911656 0.0018540304373693673 0.0072943767205267207 -0.0017181810796481046 0.0034862177977458765 -0.00098810668220512235 0.0010664110233470582
leaf_weight=27813 9258 90 95 239 5374 465 87 2291 924 449 40 2397 3620 461 136 157 1130 71 650 228 82 273 66 137 76 146 40 268 205 109 586 41 379 136 53 38 161 1229
leaf_count=27813 9258 90 95 239 5374 465 87 2291 924 449 40 2397 3620 461 136 157 1130 71 650 228 82 273 66 137 76 146 40 268 205 109 586 41 379 136 53 38 161 1229
internal_value=0.00555933 0.0100823 0.0141533 0.0269551 0.0351135 0.0166286 0.0217158 0.00290093 0.00603774 -0.00131362 0.0365096 0.0249597 0.00375494 0.00822409 0.00525221 0.00623853 -0.00784674 -0.00549745 -0.01129 -0.024042 -0.0075817 0.0182586 -0.00226415 0.00494306 -0.00594458 -0.0172308 0.00713273 -0.00442353 0.0103034 -0.00993289 0.0124571 0.00945709 0.0209524 0.00277008 0.0257364 0.00631579 0.000814599 0.0120846
internal_weight=60000 32187 22929 10726 5992 4734 2949 12203 6996 5207 5753 2484 6072 1785 2597 2507 2610 2161 1031 381 153 379 106 2371 397 260 1974 425 1549 149 1400 1142 420 722 258 114 3781 1324
internal_count=60000 32187 22929 10726 5992 4734 2949 12203 6996 5207 5753 2484 6072 1785 2597 2507 2610 2161 1031 381 153 379 106 2371 397 260 1974 425 1549 149 1400 1142 420 722 258 114 3781 1324
is_linear=0
shrinkage=0.04


Tree=138
num_leaves=39
num_cat=0
split_feature=135 102 15 42 73 102 13 14 118 12 119 120 102 104 12 43 12 14 13 43 122 12 13 102 14 124 119 14 102 119 119 14 119 102 12 14 102 22
split_gain=815.609 819.926 2014.41 418.646 332.409 176.557 204.259 112.818 97.0314 71.8632 71.3039 86.868 46.8632 44.6496 44.3572 42.5417 39.3398 38.8931 55.6745 110.141 99.3406 59.4862 82.3622 57.5324 44.3185 38 39.3335 39.7054 59.7118 50.8716 36.9241 56.997 68.3052 55.1406 68.6246 57.9608 54.643 36.5214
threshold=1.0000000180025095e-35 0.59573671221733104 0.75000000000000011 -0.42445202171802515 0.085450042039155974 0.62132039666175853 0.76363638043403637 0.49782148003578192 1.0000000180025095e-35 1.0321779251098635 0.62131977081298839 1.0000000180025095e-35 0.56034687161445629 1.0000000180025095e-35 1.1087146401405337 -0.55557009577751149 0.70447996258735668 0.49548439681530004 0.76363638043403637 -0.52778503298759449 1.0000000180025095e-35 0.89429694414138805 0.93636366724967968 0.5541210174560548 0.33686512708663946 0.29149140417575842 0.55386900901794445 0.34651209414005285 0.37993320822715765 0.40923309326171881 0.3721448034048081 0.32932195067405706 0.48508223891258245 0.49622537195682531 0.80047810077667247 0.362091675400734 0.50004643201828014 0.1528776362538338
decision_type=2 2 2 2 2 2 2 2 2 2 2 2 2 2 2 2 2 2 2 2 2 2 2 2 2 2 2 2 2 2 2 2 2 2 2 2 2 2
left_child=-1 9 -3 4 -4 6 13 8 -5 12 -10 -12 17 -6 -11 -15 -9 18 19 23 25 -22 -23 30 -21 -20 27 28 -27 -29 -2 -32 -33 -34 -35 -36 -37 -7
right_child=1 2 3 7 5 37 -8 16 10 14 11 -13 -14 15 -16 -17 -18 -19 20 24 21 22 -24 -25 -26 26 -28 29 -30 -31 31 32 33 34 35 36 -38 -39
leaf_value=0 -0.00025710028002995605 0 -0.0031266462442931697 -0.067402962264814001 -4.6372016590332524e-05 0.0010096513582833566 0.037111143090917946 -0.0014595246142495633 0.0011216890643774135 0.0077392038688773113 0.0010805477121069273 0.0010299651133906806 0 -0.00135047133497185 -0.00016109643518216643 0.00077628663193824116 0.0013768275502131289 0 0.0037859926323869785 -0.00082736769084007739 0.0074723970550040521 -0.001797045130811057 0.011732260883205364 0.003523554162217266 -0.0002865866276084006 -0.0070054022748998858 0.024406357841835133 -0.030690632162080258 0.0085107519070102451 0 0.0070843013419962025 -0.00026500045251353298 0.0060024603511712373 0 -0.00048927886591979333 -0.18070286019755188 0.0016850041214089729 0.0010299651133906806
leaf_weight=27813 133 8077 437 356 174 1212 468 266 522 588 1057 1028 3072 36 119 291 601 810 1011 353 377 61 42 165 1328 178 112 140 507 2198 221 648 196 705 39 29 389 4241
leaf_count=27813 133 8077 437 356 174 1212 468 266 522 588 1057 1028 3072 36 119 291 601 810 1011 353 377 61 42 165 1328 178 112 140 507 2198 221 648 196 705 39 29 389 4241
internal_value=0.005342 0.0096772 0.0150762 0.0264683 0.0323837 0.0346808 0.0189474 0.0158747 0.0195883 0.00212801 0.0222631 0.0255731 0.00143779 0.0011976 0.0145403 0.00990826 0.00318339 0.00280855 0.0035779 0.000247266 0.00660614 0.0238333 -0.0031068 0.00552871 -0.0076859 0.00461167 0.002437 0.00157459 0.0100438 -0.000906758 0.0039322 0.00515492 0.00303091 0.0081296 0.00481928 0.0168928 0.021244 0.0374766
internal_weight=60000 32187 18766 10689 6859 6422 969 3830 2963 13421 2607 2085 12714 501 707 327 867 9642 8832 4206 4626 480 103 2525 1681 4146 3135 3023 685 2338 2360 2227 2006 1358 1162 457 418 5453
internal_count=60000 32187 18766 10689 6859 6422 969 3830 2963 13421 2607 2085 12714 501 707 327 867 9642 8832 4206 4626 480 103 2525 1681 4146 3135 3023 685 2338 2360 2227 2006 1358 1162 457 418 5453
is_linear=0
shrinkage=0.04


Tree=139
num_leaves=39
num_cat=0
split_feature=135 102 15 42 73 102 30 14 101 102 12 102 14 12 104 121 12 96 122 22 121 14 94 12 12 43 30 56 130 12 15 68 11 102 30 96 122 12
split_gain=828.666 780.921 1999.63 415.913 326.533 194.288 212.847 111.706 121.199 65.7909 58.6856 45.6516 42.5126 39.3398 37.953 44.3867 54.9371 58.5391 37.331 36.5214 36.1281 78.3413 78.2647 44.2286 82.4338 47.5874 35.785 68.2364 42.2071 35.6393 32.0702 62.4297 33.0094 54.7204 43.5855 52.9481 46.3581 132.18
threshold=1.0000000180025095e-35 0.59573671221733104 0.75000000000000011 -0.42445202171802515 0.085450042039155974 0.62132039666175853 0.76363638043403637 0.49782148003578192 1.0000000180025095e-35 0.56034687161445629 1.0321779251098635 0.63248983025550853 0.49548439681530004 0.70447996258735668 1.0000000180025095e-35 1.0000000180025095e-35 0.75789234042167675 0.57420122623443615 1.0000000180025095e-35 0.1528776362538338 1.0000000180025095e-35 0.48630662262439733 -0.38268354535102839 0.9068988859653474 0.79704815149307262 -0.55557009577751149 0.93636366724967968 0.28247416019439703 0.09121254459023477 1.1087146401405337 0.75000000000000011 0.48565131425857549 1.6825722455978396 0.5541210174560548 0.76363638043403637 0.61893746256828319 1.0000000180025095e-35 0.89765292406082164
decision_type=2 2 2 2 2 2 2 2 2 2 2 2 2 2 2 2 2 2 2 2 2 2 2 2 2 2 2 2 2 2 2 2 2 2 2 2 2 2
left_child=-1 9 -3 4 -4 6 14 8 -5 10 12 -10 26 -9 -6 -16 17 -17 29 -7 -11 22 -22 24 -23 -26 30 -28 -29 -12 31 -2 34 -34 35 -32 -36 -38
right_child=1 2 3 7 5 19 -8 13 11 20 18 -13 -14 -15 15 16 -18 -19 -20 -21 21 23 -24 -25 25 -27 27 28 -30 -31 32 -33 33 -35 36 -37 37 -39
leaf_value=0 1.0600018100541319e-05 0 -0.0030015803945214262 0.0011652010160078064 -4.4517135926724907e-05 0.00096926530395201381 0.035626697367281218 -0.0014011436296795844 0.00086805660426104937 0.00013635723782620346 0.0063783243112200691 0.00098876650885504347 0 0.0013217544482046152 0.00074523516666072712 0.0016993863264216813 -6.8753115213766598e-05 -0.0016976004253928423 0.0099948152625653104 0.00098876650885504347 0 0 -0.009226836264898992 0.011226382050416959 -0.0039174042712446068 -0.0027584979252053715 0.013142107288276961 0.018732585320512952 7.8205886877285032e-05 -0.00061289912533293747 -0.00052423736041166795 0 0.00032062821487429007 0.010133811043834413 0.00059344963483447092 0.00030557216733829052 0.0060496023254848555 -0.0017251633255786203
leaf_weight=27813 172 8077 437 667 174 1212 468 266 282 836 433 2014 810 601 65 89 130 43 100 4241 232 1460 339 83 147 83 297 125 1397 66 1536 169 2004 115 1631 1097 229 60
leaf_count=27813 172 8077 437 667 174 1212 468 266 282 836 433 2014 810 601 65 89 130 43 100 4241 232 1460 339 83 147 83 297 125 1397 66 1536 169 2004 115 1631 1097 229 60
internal_value=0.005382 0.00975176 0.0150208 0.026371 0.0322671 0.0345438 0.0180392 0.015812 0.0195073 0.00238432 0.00394493 0.0238676 0.00319021 0.00318339 -7.98403e-05 0.00795107 0.000610687 0.0187879 0.0160935 0.0374766 -0.00264151 -0.00518771 -0.0180736 -0.00103779 -0.00243787 -0.0246957 0.00399457 0.00899395 0.00557162 0.0116232 0.00269785 0.0146628 0.00208633 0.00621048 0.000166923 -0.00317509 0.00475 0.0195156
internal_weight=60000 32187 18766 10689 6859 6422 969 3830 2963 13421 10241 2296 9642 867 501 327 262 132 599 5453 3180 2344 571 1773 1690 230 8832 1819 1522 499 7013 341 6672 2119 4553 2633 1920 289
internal_count=60000 32187 18766 10689 6859 6422 969 3830 2963 13421 10241 2296 9642 867 501 327 262 132 599 5453 3180 2344 571 1773 1690 230 8832 1819 1522 499 7013 341 6672 2119 4553 2633 1920 289
is_linear=0
shrinkage=0.04


Tree=140
num_leaves=39
num_cat=0
split_feature=135 102 15 128 124 85 13 14 101 119 120 119 13 12 12 78 121 102 12 85 119 14 119 124 14 14 102 13 13 39 12 121 12 12 17 129 119 14
split_gain=784.269 841.51 1984.9 422.722 354.589 155.882 198.146 129.768 129.956 103.32 64.4725 63.9549 64.2537 67.6873 61.5308 90.3603 83.5582 62.3648 46.3936 46.3776 52.4276 89.5534 43.8479 43.4077 41.7953 53.8711 37.2715 36.8437 34.6766 32.9551 31.8053 31.697 31.4004 53.236 51.2448 31.0609 30.2866 29.6393
threshold=1.0000000180025095e-35 0.59573671221733104 0.75000000000000011 -0.25881917774677271 0.053983211517333991 0.59591841697692882 0.76363638043403637 0.49782148003578192 1.0000000180025095e-35 0.62131977081298839 1.0000000180025095e-35 0.62131977081298839 0.76363638043403637 0.75789234042167675 0.91245013475418102 0.89687275886535656 1.0000000180025095e-35 0.53053137660026561 0.70447996258735668 0.51791894435882579 0.48508223891258245 0.44886726140975958 0.4428721964359284 0.077364247292280211 0.45428046584129339 0.45591865479946142 0.48479545116424566 0.93636366724967968 0.76363638043403637 0.23454821109771731 1.1087146401405337 1.0000000180025095e-35 0.78449127078056347 0.76287078857421886 0.50004643201828014 0.95642799139022838 0.38069936633110052 0.49782148003578192
decision_type=2 2 2 2 2 2 2 2 2 2 2 2 2 2 2 2 2 2 2 2 2 2 2 2 2 2 2 2 2 2 2 2 2 2 2 2 2 2
left_child=-1 14 -3 7 28 6 -6 8 -4 -10 -11 12 13 -7 19 30 27 26 -9 20 22 32 -2 -13 31 -26 -18 -17 -5 -24 36 -21 33 -22 -34 -33 -16 -27
right_child=1 2 3 4 5 11 -8 18 9 10 -12 23 -14 -15 15 16 17 -19 -20 24 21 -23 29 -25 25 37 -28 -29 -30 -31 -32 35 34 -35 -36 -37 -38 -39
leaf_value=0 9.860010477176588e-06 0 0.0011185929753674984 -0.013976183775295879 -8.5196199043586777e-05 0.0015202082429184216 0.04185743278084246 -0.0016988151235909222 0.0011949204144750603 0.0009977751432684557 0.00094921584850084174 0.00094921584850084174 0.022190137580159863 -6.6002990605227291e-05 -0.0087011167791120198 7.1876651588738126e-05 -0.0011654468952399101 -0.0076878490482732787 0.00097877196334913204 -5.4542895130481386e-06 0.0015700837674198454 0 0.0076359842886816413 0.00094921584850084174 0.028356931098209658 0.00016266792966901841 0.0041168269500123957 0.009457262784284666 0.045312898498981513 -0.00036591769760873304 -0.00046312033686607635 -0.00025187201827582941 -0.00053581246298900714 0.024359137321931998 0.0011388597345381513 0.00015254569192958201 0.0065492974724675078 -5.4542895130481386e-06
leaf_weight=27813 1899 8077 660 230 158 102 168 286 534 767 985 853 228 115 34 101 196 141 654 692 877 621 59 4703 133 3103 144 95 246 1036 69 804 165 149 223 161 930 1789
leaf_count=27813 1899 8077 660 230 158 102 168 286 534 767 985 853 228 115 34 101 196 141 654 692 877 621 59 4703 133 3103 144 95 246 1036 69 804 165 149 223 161 930 1789
internal_value=0.00524467 0.00949576 0.0149654 0.0262737 0.0322858 0.0347906 0.00785276 0.0157488 0.0198778 0.024392 0.0290868 0.036254 0.0216629 0.00608295 0.00184785 0.00893567 -0.00242245 -0.0113929 0.00280851 0.000812911 0.00371446 0.0086683 0.000347361 0.0374226 -0.00137085 0.000445771 -0.00211765 0.0195918 -0.0010084 -0.0060274 0.0163795 -0.0068799 0.0142291 0.0178947 0.00453608 -0.0115648 0.0182573 -0.000237122
internal_weight=60000 32187 18766 10689 6803 6327 326 3886 2946 2286 1752 6001 445 217 13421 1710 677 481 940 11711 5029 2035 2994 5556 6682 5025 340 196 476 1095 1033 1657 1414 1026 388 965 964 4892
internal_count=60000 32187 18766 10689 6803 6327 326 3886 2946 2286 1752 6001 445 217 13421 1710 677 481 940 11711 5029 2035 2994 5556 6682 5025 340 196 476 1095 1033 1657 1414 1026 388 965 964 4892
is_linear=0
shrinkage=0.04


Tree=141
num_leaves=39
num_cat=0
split_feature=135 119 15 120 73 85 13 13 102 12 101 94 14 12 102 119 121 15 127 12 60 68 51 12 121 119 14 119 15 102 12 14 85 14 12 121 102 102
split_gain=805.668 804.934 2209.63 490.185 323.065 185.937 179.842 101.453 134.507 82.2109 58.4522 55.4277 90.4539 62.0465 67.001 53.7856 63.5106 50.9183 65.8659 62.4451 50.5751 45.9411 45.5411 56.9751 59.5506 40.1061 61.062 64.6921 60.2448 52.3852 42.2687 56.205 60.6904 39.4701 43.7966 37.4506 75.5031 47.1641
threshold=1.0000000180025095e-35 0.62131977081298839 0.75000000000000011 1.0000000180025095e-35 0.085450042039155974 0.59591841697692882 0.76363638043403637 0.76363638043403637 0.59573671221733104 1.0321779251098635 1.0000000180025095e-35 -0.38268354535102839 0.52532190084457409 0.79704815149307262 0.59790590405464183 0.59593412280082714 1.0000000180025095e-35 0.75000000000000011 1.424651622772217 1.0297048687934878 -0.44228866696357721 0.4420789778232575 0.41074647009372717 0.79704815149307262 1.0000000180025095e-35 0.3721448034048081 0.32932195067405706 0.48508223891258245 0.75000000000000011 0.49622537195682531 0.80047810077667247 0.41022963821887976 0.50011277198791515 0.53617689013481151 0.61881121993064891 1.0000000180025095e-35 0.52526098489761364 0.49622537195682531
decision_type=2 2 2 2 2 2 2 2 2 2 2 2 2 2 2 2 2 2 2 2 2 2 2 2 2 2 2 2 2 2 2 2 2 2 2 2 2 2
left_child=-1 7 -3 10 -5 6 -6 11 9 15 -4 12 25 14 21 16 17 -9 19 -19 -10 -14 -13 -24 -25 -2 -27 28 -28 -29 -31 -32 -33 34 -18 -11 37 -37
right_child=1 2 3 4 5 -7 -8 8 20 35 -12 22 13 -15 -16 -17 33 18 -20 -21 -22 -23 23 24 -26 26 27 29 -30 30 31 32 -34 -35 -36 36 -38 -39
leaf_value=0 -3.9440041908706352e-07 0 0.0010738492563528014 0.00158675702906665 -9.4113706762399837e-05 0.00091124721456079525 0.026947239236317984 -0.0002997142833432708 0.0014796046836941911 0.011631340837416957 0.00090107100784397431 -0.00040737921995681603 -3.9440041908706352e-07 -0.00084225287450452775 -0.00080168911683372809 -0.0034002244351386325 -6.5067171867607366e-06 0.008935267794505819 0.0043573453306974133 -0.0016590318586190023 0.017919392680152128 2.1991313835757684e-06 2.1817158052192554e-07 3.593546584461649e-05 -0.0017016634707135835 0.0067648746463173735 9.7816169574326027e-06 0.0078363492962999718 -0.0014835658037029554 0 0 -0.17353252306572486 0.0015592244385761234 -0.00079166807248661137 0.00058955325836774358 0.0021540890736960706 -0.010608876368965313 0.010753625760026538
leaf_weight=27813 171 7792 766 464 116 6703 170 38 602 165 961 256 23 224 111 160 1764 449 331 33 287 170 1708 310 665 255 118 192 582 1268 217 29 563 163 3938 246 53 124
leaf_count=27813 171 7792 766 464 116 6703 170 38 602 165 961 256 23 224 111 160 1764 449 331 33 287 170 1708 310 665 255 118 192 582 1268 217 29 563 163 3938 246 53 124
internal_value=0.00531133 0.00962003 0.0156092 0.0289063 0.0333557 0.0355015 0.00391608 0.0029392 0.00589968 0.00414791 0.00970469 -0.000664529 0.00244711 -0.0129545 -0.00118421 0.0029203 0.00346635 0.013678 0.0157934 0.0252282 0.0206074 0.013057 -0.00481797 -0.00327991 -0.0109949 0.00484242 0.00584367 0.00423038 -0.0064 0.00750992 0.00566201 0.0128059 0.0191892 0.00198465 0.00253946 0.0185034 0.0121986 0.0185946
internal_weight=60000 32187 16972 9180 7453 6989 286 15215 8353 7464 1727 6862 3923 528 304 6876 6716 851 813 482 889 193 2939 2683 975 3395 3224 2969 700 2269 2077 809 592 5865 5702 588 423 370
internal_count=60000 32187 16972 9180 7453 6989 286 15215 8353 7464 1727 6862 3923 528 304 6876 6716 851 813 482 889 193 2939 2683 975 3395 3224 2969 700 2269 2077 809 592 5865 5702 588 423 370
is_linear=0
shrinkage=0.04


Tree=142
num_leaves=39
num_cat=0
split_feature=135 102 15 128 73 14 101 119 102 13 104 12 120 119 13 12 12 73 121 102 102 119 95 13 122 13 102 12 15 88 75 14 14 34 14 102 12 68
split_gain=758.97 869.924 2131.19 465.226 363.922 128.177 126.816 112.279 78.4902 95.5676 106.599 66.6237 63.7972 47.6502 77.7502 45.8078 42.9892 40.9996 40.015 72.9664 51.3071 35.2718 31.8384 30.8859 30.0389 75.9523 66.808 47.0348 45.3608 40.1919 39.2398 45.0186 57.2643 38.9866 29.5562 28.7841 28.4183 27.2229
threshold=1.0000000180025095e-35 0.59573671221733104 0.75000000000000011 -0.25881917774677271 0.085450042039155974 0.49782148003578192 1.0000000180025095e-35 0.62131977081298839 0.62132039666175853 0.76363638043403637 1.0000000180025095e-35 1.0321779251098635 1.0000000180025095e-35 0.62131977081298839 0.76363638043403637 0.70447996258735668 1.1087146401405337 0.10881865024566652 1.0000000180025095e-35 0.52526098489761364 0.49622537195682531 0.59593412280082714 0.92387953400611889 0.76363638043403637 1.0000000180025095e-35 0.76363638043403637 0.55805155634880077 1.0297048687934878 0.75000000000000011 1.0000000180025095e-35 1.1747627258300783 0.35276135802268987 0.33297631144523626 0.35664668679237371 0.31826511025428778 0.47991749644279486 0.88894206285476696 0.48816111683845526
decision_type=2 2 2 2 2 2 2 2 2 2 2 2 2 2 2 2 2 2 2 2 2 2 2 2 2 2 2 2 2 2 2 2 2 2 2 2 2 2
left_child=-1 11 13 5 23 6 -4 -8 9 10 -6 21 -9 14 -3 -7 18 -10 -13 20 22 24 35 -5 29 26 33 28 -27 -2 31 32 34 -26 -30 -20 -35 -31
right_child=1 2 3 4 8 15 7 12 17 -11 -12 16 -14 -15 -16 -17 -18 -19 19 -21 -22 -23 -24 -25 25 27 -28 -29 30 37 -32 -33 -34 36 -36 -37 -38 -39
leaf_value=0 4.7844026799235501e-07 0 0.0010308952860986764 -0.013453179264597803 -3.7832859708188949e-05 -0.0015987949539739254 0.0011351806527696872 0.000921821297223957 0.00087479732597834931 0.036500098240634458 0.00064100723747181117 0.011166087203920299 0.00087479732597834931 0 -5.9184187347767645e-05 0.00090317119623271934 -0.00031885673150458874 0.00087479732597834931 0.0068263672798268265 -0.010184521314206734 0.010323480729625488 -0.00040302940036582416 -0.0012049925823782103 0.042683647802939255 2.694023275949995e-05 -0.00028772571200953999 0.00083684000620195317 -0.0015926705842742451 -0.00017416856247209011 9.4358691769941538e-06 -0.0081420143066216963 0.016721544667481821 -0.0019133393724660764 -0.00023259702919286695 0.0061577687472600222 -0.40689441734100162 0.00027986197077247256 -0.0065817162315174654
leaf_weight=27813 10823 169 660 234 173 286 534 767 840 423 271 165 985 7781 127 654 119 4612 129 53 124 393 96 250 43 38 125 31 40 108 48 280 36 413 81 21 97 158
leaf_count=27813 10823 169 660 234 173 286 534 767 840 423 271 165 985 7781 127 654 119 4612 129 53 124 393 96 250 43 38 125 31 40 108 48 280 36 413 81 21 97 158
internal_value=0.00516467 0.00934663 0.0149078 0.0266255 0.0329325 0.0155841 0.0196877 0.024147 0.035493 0.0243137 0.0113514 0.00157067 0.0290411 -0.000599232 -0.0163514 0.0027234 0.0135219 0.0372707 0.0179592 0.0114421 0.0177297 0.000906088 0.00715447 -0.000495868 0.00128236 0.00720779 -0.00176991 0.0181949 0.0210325 0.000624042 0.0243299 0.0281007 0.0109554 -0.0077396 0.0241322 0.0186667 -0.0108235 -0.0147368
internal_weight=60000 32187 18766 10689 6803 3886 2946 2286 6319 867 444 13421 1752 8077 296 940 707 5452 588 423 370 12714 246 484 12321 1232 678 554 523 11089 485 437 157 553 121 150 510 266
internal_count=60000 32187 18766 10689 6803 3886 2946 2286 6319 867 444 13421 1752 8077 296 940 707 5452 588 423 370 12714 246 484 12321 1232 678 554 523 11089 485 437 157 553 121 150 510 266
is_linear=0
shrinkage=0.04


Tree=143
num_leaves=39
num_cat=0
split_feature=135 119 15 120 22 85 13 102 12 101 12 121 102 102 95 90 10 107 102 102 14 13 85 13 122 14 14 102 108 130 14 13 102 102 14 77 119 119
split_gain=751.461 886.06 2171.29 483.092 312.855 220.192 147.858 71.8943 68.065 58.4522 40.3625 32.9621 58.2985 51.3071 31.8384 31.7659 29.1738 29.0691 45.0187 52.1195 33.7051 32.0351 28.9253 28.0285 28.0163 23.9671 23.2767 22.5585 21.7411 20.1565 35.5808 31.0592 69.0535 35.329 22.1414 67.52 71.377 53.7875
threshold=1.0000000180025095e-35 0.62131977081298839 0.75000000000000011 1.0000000180025095e-35 0.11795619875192644 0.59591841697692882 0.76363638043403637 0.59573671221733104 1.0321779251098635 1.0000000180025095e-35 1.1087146401405337 1.0000000180025095e-35 0.52526098489761364 0.49622537195682531 0.92387953400611889 0.07759560272097589 0.52778527140617382 0.18034241348505023 0.59790590405464183 0.52307730913162243 0.50125351548194896 0.76363638043403637 0.48024778068065649 0.76363638043403637 1.0000000180025095e-35 0.49782148003578192 0.45428046584129339 0.54616177082061779 0.86951452493667614 0.09121254459023477 0.50390297174453746 0.76363638043403637 0.55623358488082897 0.59573671221733104 0.34651209414005285 -0.4711442738771438 0.38069936633110052 0.4717922061681748
decision_type=2 2 2 2 2 2 2 2 2 2 2 2 2 2 2 2 2 2 2 2 2 2 2 2 2 2 2 2 2 2 2 2 2 2 2 2 2 2
left_child=-1 8 -3 9 23 6 -6 -8 17 -4 11 -10 13 14 22 -11 -7 18 19 21 24 -2 -13 -5 26 -17 -21 -28 -16 30 31 -19 -33 -34 35 36 -31 -36
right_child=1 2 3 4 5 16 7 -9 10 15 -12 12 -14 -15 28 25 -18 29 -20 20 -22 -23 -24 -25 -26 -27 27 -29 -30 34 -32 32 33 -35 37 -37 -38 -39
leaf_value=0 -0.00030309978115557358 0 0.0009896594746547293 -0.0092363824370422874 -8.8835844103591914e-05 0.00083980543293922245 -0.0011567887115497299 0.039871412957823933 0.013957289642715339 -0.017532088467686471 -0.00027972824757243941 0.0065533125886337732 -0.0093049534217070125 0.0099105415004405017 0.00049370837512427098 0.00083238229319576367 0.00082108427623232675 -3.2204435010605437e-05 0.011613378953307675 -0.0059621491254612203 0.0093398283753261778 0.010331302204202971 -0.39061864064736157 0.046183944248297519 0.00018941260444933051 0.034083150608342765 0.010290725665144791 -0.0042921772497257395 -0.0011567928790830707 -0.00060274007870952679 0.00066579043111957502 0.0064763059530910999 -0.0052189799008384701 0.011532169410195437 -8.9645600410801165e-06 -0.00030983106286505804 0.005394038527856893 1.9903396980223134e-07
leaf_weight=27813 47 7792 766 249 116 2396 40 129 204 21 136 127 59 124 57 787 4259 583 116 114 121 155 23 264 271 153 47 109 39 306 133 409 124 20 1374 664 856 8997
leaf_count=27813 47 7792 766 249 116 2396 40 129 204 21 136 127 59 124 57 787 4259 583 116 114 121 155 23 264 271 153 47 109 39 306 133 409 124 20 1374 664 856 8997
internal_value=0.00514067 0.00930189 0.0155857 0.0287669 0.033184 0.0354121 0.000982456 0.0248521 0.00229247 0.00970469 0.0138882 0.0181359 0.0118415 0.0177297 0.00715447 0.0162747 0.0368866 0.0016752 0.00832653 0.00518519 -0.000241692 0.0229703 0.0186667 0.00304094 -0.00451017 0.0173617 -0.0136296 -0.00358974 -0.0108333 0.00119115 0.00598897 0.00369718 0.0104882 -0.0133333 0.000691973 0.00475356 0.010568 -2.31415e-05
internal_weight=60000 32187 16972 9180 7453 6940 285 169 15215 1727 769 633 429 370 246 961 6655 14446 980 864 662 202 150 513 541 940 270 156 96 13466 1269 1136 553 144 12197 1826 1162 10371
internal_count=60000 32187 16972 9180 7453 6940 285 169 15215 1727 769 633 429 370 246 961 6655 14446 980 864 662 202 150 513 541 940 270 156 96 13466 1269 1136 553 144 12197 1826 1162 10371
is_linear=0
shrinkage=0.04


Tree=144
num_leaves=39
num_cat=0
split_feature=121 124 15 119 73 119 73 15 102 14 85 13 13 29 13 15 118 119 120 102 14 27 85 14 28 119 14 9 14 13 119 29 102 14 102 85 102 102
split_gain=695.589 374.234 547.461 701.823 671.846 326.918 424.555 560.479 114.24 108.597 95.2383 144.648 88.9031 62.7226 59.1482 58.1482 72.7489 324.229 73.3743 45.1176 44.3988 59.5939 77.7302 76.3074 51.8282 95.2792 129.77 90.5103 66.6772 62.127 84.6076 57.4236 50.1826 120.979 56.3608 45.1113 56.8602 43.7273
threshold=1.0000000180025095e-35 0.27961355447769171 0.75000000000000011 0.59593412280082714 0.085450042039155974 0.62711676955223095 0.085450042039155974 0.75000000000000011 0.53546306490898143 0.45428046584129339 0.59591841697692882 0.76363638043403637 0.93636366724967968 0.91245013475418102 0.76363638043403637 0.75000000000000011 1.0000000180025095e-35 0.61388990283012401 1.0000000180025095e-35 0.37131667137146002 0.50125351548194896 0.77259653806686412 0.55228129029273998 0.52936649322509777 0.75880616903305065 0.55386900901794445 0.488080844283104 -0.68322628736495961 0.31826511025428778 0.76363638043403637 0.560205638408661 0.80047810077667247 0.47612912952899938 0.42466887831687933 0.54245403409004223 0.50011277198791515 0.48479545116424566 0.62132039666175853
decision_type=2 2 2 2 2 2 2 2 2 2 2 2 2 2 2 2 2 2 2 2 2 2 2 2 2 2 2 2 2 2 2 2 2 2 2 2 2 2
left_child=5 2 -2 8 -5 12 -7 -8 14 -10 11 -9 -1 -14 -4 -3 -17 19 -19 -18 24 22 -22 -24 -21 26 28 29 -26 30 -27 32 -30 -34 35 36 -35 -6
right_child=1 15 3 4 37 6 7 10 9 -11 -12 -13 13 -15 -16 16 17 18 -20 20 21 -23 23 -25 25 27 -28 -29 31 -31 -32 -33 33 34 -36 -37 -38 -39
leaf_value=1.2164508619310095e-05 0 0 -0.0004240691322788237 0 0.0042494366538072901 0 0 -7.7552010286918716e-05 -0.0086470287324230104 -0.0019116821720801625 0.0007882409051830308 0.03054256795652634 0.014310031268529181 0.013820343580578296 0.004681851623787381 0 -0.00058016603799041725 0.00085165315360715256 0.044172553694362335 -0.00074510858701440699 0.00059714312964959581 0.0037176027278900039 -0.0017885647859540066 -3.9401117497346404e-05 0.0070128529919191787 0.0036679675955083369 -0.0068768031508981966 -0.0051733641135189145 -0.0021808271282620414 0.028324371558186456 -0.00010921035448973271 0.0011939923844547452 0.0088418518997874611 -0.018495366128437704 0.021761639581124117 -0.0020479033923813715 0.0007101991412077714 0.096325871207173258
leaf_weight=2441 5383 14389 371 1102 330 1165 993 80 244 909 3233 125 450 324 746 14750 175 1287 619 1200 70 374 485 566 240 125 318 133 791 316 146 1460 282 31 221 1105 151 2870
leaf_count=2441 5383 14389 371 1102 330 1165 993 80 244 909 3233 125 450 324 746 14750 175 1287 619 1200 70 374 485 566 240 125 318 133 791 316 146 1460 282 31 221 1105 151 2870
internal_value=0.00492267 0.00313583 0.00933166 0.0170785 0.0265737 0.0153036 0.0211437 0.026793 -0.0009163 -0.00974848 0.0344386 0.008 0.00513841 0.0169509 0.00820054 0.0012479 0.0024198 0.00503616 0.0198951 0.00157773 0.00201647 -0.00420067 -0.00881356 -0.0115319 0.00344225 0.0051363 0.00301805 0.0186667 0.00484933 0.0254174 0.0113653 0.00363276 4.64936e-05 0.00375419 -0.000742706 -0.00394716 0.0145055 0.03585
internal_weight=60000 51189 11955 6572 4302 8811 5596 4431 2270 1153 3438 205 3215 774 1117 39234 24845 10095 1906 8189 8014 1495 1121 1051 6519 5319 4599 720 4281 587 271 4041 2581 1790 1508 1287 182 3200
internal_count=60000 51189 11955 6572 4302 8811 5596 4431 2270 1153 3438 205 3215 774 1117 39234 24845 10095 1906 8189 8014 1495 1121 1051 6519 5319 4599 720 4281 587 271 4041 2581 1790 1508 1287 182 3200
is_linear=0
shrinkage=0.04


Tree=145
num_leaves=39
num_cat=0
split_feature=121 119 73 15 13 124 15 124 15 119 73 119 5 119 13 46 31 46 15 101 119 31 119 119 46 31 46 34 120 119 15 26 105 13 119 31 119 26
split_gain=944.898 335.079 420.61 555.139 326.163 310.854 392.116 254.913 329.94 485.788 392.758 188.958 313.631 102.118 81.1292 70.6903 62.3253 59.2754 50.3308 78.3317 201.55 62.0366 59.9517 87.6804 55.0153 50.7563 44.8545 43.3718 42.1909 36.6029 36.2823 35.3519 35.3288 38.3004 34.731 50.5751 55.8072 107.675
threshold=1.0000000180025095e-35 0.62711676955223095 0.085450042039155974 0.75000000000000011 0.76363638043403637 0.29149140417575842 0.75000000000000011 0.33166281878948217 0.75000000000000011 0.59593412280082714 0.085450042039155974 0.62131977081298839 0.1294016316533089 0.53999802470207225 0.93636366724967968 0.91245013475418102 0.46050065755844122 0.79704815149307262 0.75000000000000011 1.0000000180025095e-35 0.59593412280082714 0.53617689013481151 0.40923309326171881 0.58128473162651073 0.59241235256195079 0.50390297174453746 0.87096264958381664 0.59837040305137645 1.0000000180025095e-35 0.63612323999404918 0.75000000000000011 -0.63405361771583546 1.0000000180025095e-35 0.76363638043403637 0.53250345587730419 0.50125351548194896 0.55386900901794445 -0.65934595465660084
decision_type=2 2 2 2 2 2 2 2 2 2 2 2 2 2 2 2 2 2 2 2 2 2 2 2 2 2 2 2 2 2 2 2 2 2 2 2 2 2
left_child=1 14 -3 -4 5 6 -2 8 -6 13 -11 17 -13 -10 -1 30 -15 27 22 -20 21 26 -9 24 25 -24 34 -8 -22 32 -16 -28 -5 -34 -21 36 -36 -38
right_child=4 2 3 29 7 -7 11 18 9 10 -12 12 -14 16 15 -17 -18 -19 19 20 28 -23 23 -25 -26 -27 31 -29 -30 -31 -32 -33 33 -35 35 -37 37 -39
leaf_value=1.1677928274537692e-05 0 0 0 0.00077468357941434362 0 0 -0.0010699235718537991 0.0012008599650452456 0.0031676000357987277 0 0.092474428957286747 0 -0.0035271865292972747 -0.0094176201507051617 -0.00085093572996110039 0.01326752983735517 -0.001346106968405678 -0.0020252625072433618 0 -0.00043534254649863158 0.096817609915646446 -0.00075845240385676482 -6.2735474688020902e-06 0 -2.3391057723699603e-05 4.5134129848057157e-07 0.0091751012607112162 0.0011764913313739101 0.048151747396526189 0.00075671126897571385 0.015288594119694779 -0.00026491420416277836 -1.7338675463633989e-05 0.01724726780357223 0.00024705544309816605 -0.00020870189087095718 0.027512047855536681 -0.0069013385169893835
leaf_weight=2441 2778 1165 993 109 3037 18436 681 77 1209 621 1914 506 1253 146 26 324 851 299 8125 1389 502 109 62 6298 174 36 667 69 426 3225 424 231 59 45 435 561 240 57
leaf_count=2441 2778 1165 993 109 3037 18436 681 77 1209 621 1914 506 1253 146 26 324 851 299 8125 1389 502 109 62 6298 174 36 667 69 426 3225 424 231 59 45 435 561 240 57
internal_value=0.003032 0.0151311 0.0210436 0.0266667 0.000949423 -0.00244609 -0.0107125 0.00395185 0.0100694 0.0166632 0.0286075 -0.0212536 -0.0292666 0.00293744 0.00483981 0.016124 -0.00653962 -0.00781697 0.00149776 0.00296971 0.00713017 0.00293847 -0.00132391 -0.00173516 -0.0239706 0 0.00384358 -0.00181333 0.0237931 0.0342757 0.00586667 0.0115813 0.018216 0.00153846 0.0012528 0.00597061 0.0128962 0.0262626
internal_weight=60000 8811 5596 4431 51189 24022 5586 27167 7778 4741 2535 2808 1759 2206 3215 774 997 1049 19389 12742 4617 3689 6647 6570 272 98 3580 750 928 3438 450 898 213 104 2682 1293 732 297
internal_count=60000 8811 5596 4431 51189 24022 5586 27167 7778 4741 2535 2808 1759 2206 3215 774 997 1049 19389 12742 4617 3689 6647 6570 272 98 3580 750 928 3438 450 898 213 104 2682 1293 732 297
is_linear=0
shrinkage=0.04


Tree=146
num_leaves=39
num_cat=0
split_feature=121 119 22 15 30 124 15 124 15 119 124 102 5 102 85 30 30 12 12 14 15 119 68 118 102 120 12 85 130 9 15 102 128 14 119 102 102 14
split_gain=949.112 337.865 416.486 555.832 303.523 309.203 390.011 269.103 326.651 482.389 387.003 191.655 313.631 96.912 95.1068 137.22 77.0265 67.4795 58.3732 55.2036 49.7629 65.9329 79.8845 60.168 106.432 52.5231 52.3828 43.5206 39.1522 36.1428 36.0016 38.9493 49.2345 34.0947 56.8817 56.5205 36.0813 106.885
threshold=1.0000000180025095e-35 0.62711676955223095 0.11795619875192644 0.75000000000000011 0.76363638043403637 0.29149140417575842 0.75000000000000011 0.33166281878948217 0.75000000000000011 0.59593412280082714 0.050035268068313606 0.62132039666175853 0.1294016316533089 0.53546306490898143 0.59591841697692882 0.76363638043403637 0.93636366724967968 0.91245013475418102 0.79704815149307262 0.46050065755844122 0.75000000000000011 0.62131977081298839 0.59288045763969432 1.0000000180025095e-35 0.61323168873786937 1.0000000180025095e-35 0.87096264958381664 0.59827139973640453 0.47531642019748693 -0.58216583728790272 0.75000000000000011 0.56034687161445629 -0.86602532863616932 0.35276135802268987 0.387991413474083 0.40952850878238684 0.53283676505088817 0.50125351548194896
decision_type=2 2 2 2 2 2 2 2 2 2 2 2 2 2 2 2 2 2 2 2 2 2 2 2 2 2 2 2 2 2 2 2 2 2 2 2 2 2
left_child=1 16 -3 -4 5 6 -2 8 -6 13 -11 18 -13 -10 15 -5 -1 30 27 -15 21 22 -9 -22 26 -26 28 -8 -25 -28 -18 32 -32 34 -30 -35 -37 -38
right_child=4 2 3 14 7 -7 11 20 9 10 -12 12 -14 19 -16 -17 17 -19 -20 -21 23 -23 -24 24 25 -27 29 -29 33 -31 31 -33 -34 35 -36 36 37 -39
leaf_value=1.1210811143556184e-05 0 0 0 -7.5324105069114473e-05 0 0 -0.0010807341550819417 0 0.0033024783610074949 0 0.088775451798995278 0 -0.0033860990681253969 -0.0083313822502415029 0.00072644281821666824 0.027772764287249209 -0.00081689830076265635 0.01273682864386096 -0.0019442520069536328 -0.00095044518355955174 0 0 -5.6824781212649031e-05 0.013377958470751211 0.092944905519020585 0.092632899163537744 0.0080821676624405116 0.0011575727752827093 -0.0029568441444310536 -0.0010701202522726304 -0.0070417914117692571 -0.001642043227658263 0.020496517786482153 -0.031509455756631069 0.036307612654539627 -0.00096921018093802051 0.020572945157017627 -0.00054020816402285728
leaf_weight=2441 2778 1191 993 80 3037 18436 675 756 1144 578 1957 506 1253 166 3208 124 26 324 299 896 7921 5729 162 463 700 272 763 75 139 135 55 239 130 72 110 867 603 697
leaf_count=2441 2778 1191 993 80 3037 18436 675 756 1144 578 1957 506 1253 166 3208 124 26 324 299 896 7921 5729 162 463 700 272 763 75 139 135 55 239 130 72 110 867 603 697
internal_value=0.00292333 0.0150494 0.0209864 0.0266606 0.000836117 -0.00243943 -0.0106839 0.00373247 0.010018 0.0165788 0.0284813 -0.0211966 -0.0292666 0.00290118 0.0343259 0.00784314 0.0047154 0.0157106 -0.00766444 -0.00580038 0.001211 -0.0015947 -0.0115468 0.00267462 0.00619788 0.0180247 0.00321122 -0.00170667 0.000637072 0.0116704 0.00568889 0.00849057 0.0222703 -0.00135048 0.0126908 -0.00291201 -0.00175358 0.00246154
internal_weight=60000 8811 5596 4405 51189 24022 5586 27167 7778 4741 2535 2808 1759 2206 3412 204 3215 774 1049 1062 19389 6647 918 12742 4821 972 3849 750 2951 898 450 424 185 2488 249 2239 2167 1300
internal_count=60000 8811 5596 4405 51189 24022 5586 27167 7778 4741 2535 2808 1759 2206 3412 204 3215 774 1049 1062 19389 6647 918 12742 4821 972 3849 750 2951 898 450 424 185 2488 249 2239 2167 1300
is_linear=0
shrinkage=0.04


Tree=147
num_leaves=39
num_cat=0
split_feature=121 119 22 32 30 124 32 124 32 119 124 102 5 119 30 12 32 118 102 126 31 119 68 12 78 12 12 85 30 104 31 12 85 32 102 128 120 102
split_gain=947.811 340.477 425.337 577.565 288.905 296.153 373.372 270.947 332.137 362.89 375.03 213.918 313.631 111.16 76.2782 70.6436 56.2699 65.6776 162.016 79.1563 70.047 61.8309 84.3151 47.8322 55.42 46.3318 46.1587 45.8206 110.851 45.3357 43.6279 41.6506 35.0269 32.726 38.6674 49.2345 31.9368 106.69
threshold=1.0000000180025095e-35 0.63175231218338024 0.11795619875192644 0.75000000000000011 0.76363638043403637 0.29149140417575842 0.75000000000000011 0.27961355447769171 0.75000000000000011 0.59593412280082714 0.050035268068313606 0.62132039666175853 0.1294016316533089 0.53999802470207225 0.93636366724967968 0.91245013475418102 0.75000000000000011 1.0000000180025095e-35 0.59573671221733104 0.43605753779411321 0.53666484355926525 0.62131977081298839 0.59587973356246959 0.87096264958381664 0.92387953400611889 0.85620406270027172 0.76287078857421886 0.59591841697692882 0.76363638043403637 1.0000000180025095e-35 0.46050065755844122 0.79704815149307262 0.59591841697692882 0.75000000000000011 0.56034687161445629 -0.86602532863616932 1.0000000180025095e-35 0.59213969111442577
decision_type=2 2 2 2 2 2 2 2 2 2 2 2 2 2 2 2 2 2 2 2 2 2 2 2 2 2 2 2 2 2 2 2 2 2 2 2 2 2
left_child=1 14 -3 -4 5 6 -2 8 -6 13 -11 29 -13 -10 -1 33 21 -18 23 -20 26 22 -9 25 -25 -19 -21 28 -5 -8 -15 32 -31 -16 35 -35 -7 -38
right_child=4 2 3 27 7 36 11 16 9 10 -12 12 -14 30 15 -17 17 18 19 20 -22 -23 -24 24 -26 -27 -28 -29 -30 31 -32 -33 -34 34 -36 -37 37 -39
leaf_value=1.3779611548952627e-05 0 0 0 -9.4452906270880996e-05 0 0 -0.0037277015837009131 0 0.0039338517893507683 0 0.085223684880767189 0 -0.003250655105400391 -0.0087318446549384272 -0.00078422236873215007 0.012306551077959896 0 5.519988739197682e-05 0.088927583196996243 0.012938641674279588 -0.00051961040959120903 0 -5.455178996414307e-05 0.0083865942430809779 -0.00044615330117622423 -0.00092419229020906414 0.089167528457472514 0.0006973851054879887 0.035098664017201318 -0.00029070103131953576 -0.0026211962530437918 -0.00060398201423367943 0.0011119179336510144 -0.0067601197552984871 -0.0015154693101658979 0.01967665707502288 1.9107261101014208e-07 0
leaf_weight=2533 2778 1191 984 50 2668 12624 128 840 796 578 1821 506 1253 133 27 331 7921 3210 582 332 62 6013 163 773 298 67 315 3152 101 589 595 250 82 55 257 130 3661 2151
leaf_count=2533 2778 1191 984 50 2668 12624 128 840 796 578 1821 506 1253 133 27 331 7921 3210 582 332 62 6013 163 773 298 67 315 3152 101 589 595 250 82 55 257 130 3661 2151
internal_value=0.00289533 0.0150131 0.0211464 0.0270212 0.000809549 -0.00238615 -0.0104547 0.00363529 0.0106934 0.0180984 0.0277949 -0.0207407 -0.0292666 0.00283465 0.00493249 0.0157 0.00137442 0.00287906 0.0061784 0.0186212 0.00964739 -0.00153364 -0.0107278 0.0024839 0.0098226 8.5444e-05 0.0135394 0.0350348 0.0135099 -0.00644423 -0.00846154 -0.00334419 0.00184799 0.00571429 0.00832579 0.0222703 5.8581e-05 -0.00239504
internal_weight=60000 8811 5478 4287 51189 24022 5586 27167 6591 3923 2399 2808 1759 1524 3333 800 20576 13560 5639 1291 709 7016 1003 4348 1071 3277 647 3303 151 1049 728 921 671 469 442 185 18436 5812
internal_count=60000 8811 5478 4287 51189 24022 5586 27167 6591 3923 2399 2808 1759 1524 3333 800 20576 13560 5639 1291 709 7016 1003 4348 1071 3277 647 3303 151 1049 728 921 671 469 442 185 18436 5812
is_linear=0
shrinkage=0.04


Tree=148
num_leaves=39
num_cat=0
split_feature=122 123 13 124 15 124 15 102 73 102 5 15 73 85 102 13 77 102 15 118 102 120 102 68 102 102 102 13 12 12 78 12 31 104 12 51 102 85
split_gain=662.865 285.336 281.143 292.132 368.247 263.854 322.58 360.114 367.9 221.126 313.631 220.825 307.35 579.167 179.726 140.549 99.5836 97.9174 54.9238 62.7417 159.868 74.9201 54.7125 77.2821 52.5425 47.5735 132.802 44.1402 97.9479 42.5469 53.8265 41.6309 39.7209 37.6421 36.8763 48.4566 33.7754 32.5693
threshold=1.0000000180025095e-35 1.0000000180025095e-35 0.76363638043403637 0.29149140417575842 0.75000000000000011 0.27961355447769171 0.75000000000000011 0.59573671221733104 0.085450042039155974 0.62132039666175853 0.1294016316533089 0.75000000000000011 0.085450042039155974 0.59591841697692882 0.63248983025550853 0.76363638043403637 -0.52778503298759449 0.53760418295860302 0.75000000000000011 1.0000000180025095e-35 0.61323168873786937 1.0000000180025095e-35 0.62132039666175853 0.59587973356246959 0.60369193553924572 0.59573671221733104 0.56428781151771557 0.93636366724967968 0.89765292406082164 0.87096264958381664 0.92387953400611889 0.87824293971061718 0.44344586133956915 1.0000000180025095e-35 0.76287078857421886 0.57599899172782909 0.55805155634880077 0.39472448825836187
decision_type=2 2 2 2 2 2 2 2 2 2 2 2 2 2 2 2 2 2 2 2 2 2 2 2 2 2 2 2 2 2 2 2 2 2 2 2 2 2
left_child=1 2 3 4 -1 6 -4 17 -9 31 -11 -2 -13 15 34 24 -15 -8 22 -20 29 -22 23 -7 36 26 27 28 37 -21 -31 33 -19 -6 -3 -36 -14 -17
right_child=11 14 5 -5 9 18 7 8 -10 10 -12 12 13 16 -16 25 -18 32 19 20 21 -23 -24 -25 -26 -27 -28 -29 -30 30 -32 -33 -34 -35 35 -37 -38 -39
leaf_value=0 0 -0.0025318903897159472 0 0 -0.0032379001278962961 0 0.004076115077744618 0 0.081815486331804771 0 -0.0031206289011843679 0 -0.00022395828500815896 -0.0062647189946653196 0.00068746201170711175 -0.00051586247541340674 0.00045295839211624057 -0.010376041456768306 0 4.558431274667816e-05 0.088652770501594841 0.085370479869116375 0 -5.2369718365577343e-05 -7.4910369042271446e-05 0.033745779432660043 -0.0033099544694288599 0.012370254558323595 -0.0018019596578910323 0.0080511304733577298 -0.00042830716912916955 -0.0052202134718208806 -0.0026349975265056716 2.7947053757415577e-07 -0.0010018134393409638 0.0014240792990964834 0.00016685791574904131 0.0045973919686202441
leaf_weight=2778 1169 421 2668 18436 89 840 769 621 1781 506 1253 1110 475 101 1170 38 2430 85 7921 3490 700 373 6031 145 90 127 209 260 62 777 299 156 667 804 83 525 319 222
leaf_count=2778 1169 421 2668 18436 89 840 769 621 1781 506 1253 1110 475 101 1170 38 2430 85 7921 3490 700 373 6031 145 90 127 209 260 62 777 299 156 667 804 83 525 319 222
internal_value=0.00286867 0.00138908 0.000782981 -0.00236949 -0.0103831 0.00357051 0.0105356 0.0178333 0.0274771 -0.0205983 -0.0292666 0.0148155 0.0182032 0.0230141 0.015498 0.00568257 0.0353536 0.00260355 0.00133942 0.00282596 0.00605072 0.0199441 -0.00153364 -0.0102741 -0.00570136 0.0166449 0.0129962 0.0228179 0.0129193 0.00278581 0.00973978 -0.00606292 -0.00765957 -0.00273236 0.00330418 0.00960526 -0.00241814 0.0236923
internal_weight=60000 53388 51189 24022 5586 27167 6591 3923 2402 2808 1759 6612 5443 4333 2199 1802 2531 1521 20576 13560 5639 1073 7016 985 884 918 791 582 322 4566 1076 1049 752 893 1029 608 794 260
internal_count=60000 53388 51189 24022 5586 27167 6591 3923 2402 2808 1759 6612 5443 4333 2199 1802 2531 1521 20576 13560 5639 1073 7016 985 884 918 791 582 322 4566 1076 1049 752 893 1029 608 794 260
is_linear=0
shrinkage=0.04


Tree=149
num_leaves=39
num_cat=0
split_feature=121 119 73 32 13 124 32 124 32 85 73 102 5 119 13 12 32 118 119 120 119 85 12 26 85 13 12 119 102 32 102 128 120 102 32 118 119 48
split_gain=923.161 342.061 461.041 573.527 270.875 284.964 359.11 247.16 304.594 344.264 358.327 234.401 313.631 91.2114 80.0648 70.6436 52.9017 60.8218 155.773 75.9076 58.2079 76.2759 43.0924 57.4984 42.5339 106.449 36.8952 42.7131 34.602 32.726 38.6674 49.2345 31.9368 106.69 144.649 62.4177 48.157 44.5746
threshold=1.0000000180025095e-35 0.63175231218338024 0.085450042039155974 0.75000000000000011 0.76363638043403637 0.29149140417575842 0.75000000000000011 0.27961355447769171 0.75000000000000011 0.59591841697692882 0.085450042039155974 0.62132039666175853 0.1294016316533089 0.53999802470207225 0.93636366724967968 0.91245013475418102 0.75000000000000011 1.0000000180025095e-35 0.61388990283012401 1.0000000180025095e-35 0.62131977081298839 0.59591841697692882 0.87096264958381664 -0.63405361771583546 0.59591841697692882 0.76363638043403637 0.79704815149307262 0.59593412280082714 0.37993320822715765 0.75000000000000011 0.56034687161445629 -0.86602532863616932 1.0000000180025095e-35 0.59213969111442577 0.75000000000000011 1.0000000180025095e-35 0.62131977081298839 0.5415572226047517
decision_type=2 2 2 2 2 2 2 2 2 2 2 2 2 2 2 2 2 2 2 2 2 2 2 2 2 2 2 2 2 2 2 2 2 2 2 2 2 2
left_child=1 14 -3 -4 5 6 -2 8 -6 13 -11 26 -13 -10 -1 29 20 -18 22 -20 21 -9 -19 28 25 -5 27 -8 -24 -16 31 -31 35 -34 36 -7 37 -35
right_child=4 2 3 24 7 32 11 16 9 10 -12 12 -14 -15 15 -17 17 18 19 -21 -22 -23 23 -25 -26 -27 -28 -29 -30 30 -32 -33 33 34 -36 -37 -38 -39
leaf_value=1.0211194235855831e-05 0 0 0 -8.7678375258377631e-05 0 0 -0.0013155931098556551 0 0.0036134531146669959 0 0.078542866878532569 0 -0.002995803745136989 -0.00374191303559293 -0.00075285347398286408 0.011586328257994225 0 4.3760940236811038e-05 0.085106659681531055 0.081955660674351741 0 -5.0274929630954254e-05 -0.0097481232137063955 -0.00027852821364472648 0.00065137136558384161 0.032358738010299391 -0.001633514107233296 0.0010241822592833927 0.0081805047490996693 -0.0066252781445594877 -0.0013224523589821047 0.018394780609689045 1.834297065697364e-07 -7.9613587920892544e-09 -0.0013643263216108893 0 0 3.2059603314557037e-05
leaf_weight=2533 2778 1165 984 50 2668 11752 651 858 796 617 1751 506 1253 759 27 331 7921 3505 700 352 6013 145 29 382 3177 102 299 99 671 55 257 130 3661 151 653 872 1322 25
leaf_count=2533 2778 1165 984 50 2668 11752 651 858 796 617 1751 506 1253 759 27 331 7921 3505 700 352 6013 145 29 382 3177 102 299 99 671 55 257 130 3661 151 653 872 1322 25
internal_value=0.00281333 0.0147724 0.02092 0.0269511 0.00075485 -0.00233952 -0.0102542 0.003491 0.0102321 0.0173235 0.0269257 -0.0203419 -0.0292666 0.00270096 0.00466847 0.0157 0.00133165 0.00279056 0.0059656 0.0198479 -0.00148803 -0.0104088 0.00278177 0.0097597 0.0348813 0.0142105 -0.00537655 -0.00064 0.0165714 0.00571429 0.00832579 0.0222703 5.8581e-05 -0.00239504 -0.00946536 0.00118821 -0.00261682 -0.0222727
internal_weight=60000 8811 5478 4313 51189 24022 5586 27167 6591 3923 2368 2808 1759 1555 3333 800 20576 13560 5639 1052 7016 1003 4587 1082 3329 152 1049 750 700 469 442 185 18436 5812 2151 12624 1498 176
internal_count=60000 8811 5478 4313 51189 24022 5586 27167 6591 3923 2368 2808 1759 1555 3333 800 20576 13560 5639 1052 7016 1003 4587 1082 3329 152 1049 750 700 469 442 185 18436 5812 2151 12624 1498 176
is_linear=0
shrinkage=0.04


Tree=150
num_leaves=39
num_cat=0
split_feature=121 119 73 15 13 124 15 124 15 119 73 119 5 119 13 12 85 15 119 85 135 119 84 12 78 126 85 13 10 12 12 15 85 119 119 73 59 6
split_gain=923.455 343.907 462.852 575.909 242.787 270.211 354.155 223.44 276.561 365.098 372.763 202.892 307.165 89.5316 80.0648 70.6436 66.481 54.0491 59.5014 76.4622 49.4102 104.178 87.4655 43.7896 57.3053 38.7671 36.5587 92.5887 36.4572 68.5228 32.7641 32.726 36.2182 31.8797 30.9875 41.1082 27.8769 27.6273
threshold=1.0000000180025095e-35 0.63175231218338024 0.085450042039155974 0.75000000000000011 0.76363638043403637 0.25541436672210699 0.75000000000000011 0.27554605901241308 0.75000000000000011 0.61736997961997997 0.085450042039155974 0.61736997961997997 0.1294016316533089 0.53721341490745556 0.93636366724967968 0.91245013475418102 0.59591841697692882 0.75000000000000011 0.62131977081298839 0.59591841697692882 1.0000000180025095e-35 0.60758855938911449 1.0000000180025095e-35 0.87096264958381664 0.89687275886535656 0.43605753779411321 0.59591841697692882 0.76363638043403637 0.84874761104583751 0.90145155787467968 0.79475393891334545 0.75000000000000011 0.53274607658386242 0.38069936633110052 0.81644856929779064 0.062477946281433112 1.9566349387168886 0.86249417066574108
decision_type=2 2 2 2 2 2 2 2 2 2 2 2 2 2 2 2 2 2 2 2 2 2 2 2 2 2 2 2 2 2 2 2 2 2 2 2 2 2
left_child=1 14 34 -4 5 6 -2 8 -6 13 -11 16 -13 -10 -1 31 -8 18 19 -9 -19 23 -23 36 33 -24 27 -5 -7 -30 -27 -16 -33 -25 37 -36 -22 -3
right_child=4 2 3 26 7 28 11 17 9 10 -12 12 -14 -15 15 -17 -18 20 -20 -21 21 22 25 24 -26 30 -28 -29 29 -31 -32 32 -34 -35 35 -37 -38 -39
leaf_value=9.8027464664215971e-06 0 0 0 -8.4171240248025471e-05 0 0 -0.0026584796264741508 0 0.0037334981514184308 0 0.075861203344915959 0 -0.0028759715953314926 -0.0023348084791832238 -0.0007227393350235495 0.011122875127674448 0.00084309550530411667 0 0 -4.826393244571608e-05 0.00015597648313162219 0.078710030952635818 0.078677434247377678 -0.00935819828515814 -0.00026984070541367092 0.078650450111848583 0.00062531651096048085 0.031064388489887448 0 -0.0050021319635255249 0.079148201333590656 0.015220021754124673 0.0016811751804635833 0.007843318622324489 0 -0.0053040290660441016 -0.0010397193145524853 0.053246505178169132
leaf_weight=2533 2562 459 984 50 2633 17635 568 865 730 618 1611 506 1210 888 27 331 100 7700 6040 146 3178 594 394 30 383 234 3177 102 1315 126 119 125 317 684 397 172 320 137
leaf_count=2533 2562 459 984 50 2633 17635 568 865 730 618 1611 506 1210 888 27 331 100 7700 6040 146 3178 594 394 30 383 234 3177 102 1315 126 119 125 317 684 397 172 320 137
internal_value=0.00283867 0.0147997 0.0209639 0.0270067 0.000779855 -0.0021497 -0.0104812 0.00337027 0.00985185 0.0166883 0.0271871 -0.0215772 -0.0288578 0.00222497 0.00466847 0.0157 -0.00287425 0.00133997 -0.00150333 -0.0104847 0.00281021 0.00555256 0.0153617 0.00268988 0.00966272 0.0244712 0.0349534 0.0157895 1.04844e-05 -0.00610687 0.0148442 0.00571429 0.00832579 0.0163585 -0.00140773 -0.00808436 0.000503145 0.00496644
internal_weight=60000 8811 5478 4313 51189 24022 4946 27167 6480 3847 2229 2384 1716 1618 3333 800 668 20687 7051 1011 13636 5936 1341 4595 1097 747 3329 152 19076 1441 353 469 442 714 1165 569 3498 596
internal_count=60000 8811 5478 4313 51189 24022 4946 27167 6480 3847 2229 2384 1716 1618 3333 800 668 20687 7051 1011 13636 5936 1341 4595 1097 747 3329 152 19076 1441 353 469 442 714 1165 569 3498 596
is_linear=0
shrinkage=0.04


Tree=151
num_leaves=39
num_cat=0
split_feature=121 119 56 15 13 107 15 107 15 102 107 102 5 13 102 12 15 119 102 101 119 120 12 102 12 95 119 104 85 120 119 15 119 12 101 101 102 31
split_gain=920.135 341.139 468.482 581.403 238.56 238.954 310.808 204.816 260.286 324.664 440.664 201.113 411.238 80.0648 79.4711 70.6436 51.9069 56.7542 76.8595 56.5335 196.762 54.975 49.0898 53.6603 66.9082 58.1693 48.243 39.4252 37.9024 33.178 93.841 103.951 69.1973 68.3487 60.5798 58.2671 55.6861 65.3285
threshold=1.0000000180025095e-35 0.63175231218338024 0.097505092620849623 0.75000000000000011 0.76363638043403637 0.27921858429908758 0.75000000000000011 0.28698755800724035 0.75000000000000011 0.61664462089538585 0.065707344561815276 0.62132039666175853 0.1294016316533089 0.93636366724967968 0.53760418295860302 0.91245013475418102 0.75000000000000011 0.62131977081298839 0.59573671221733104 1.0000000180025095e-35 0.62131977081298839 1.0000000180025095e-35 0.85620406270027172 0.59790590405464183 0.87096264958381664 0.92387953400611889 0.59593412280082714 1.0000000180025095e-35 0.71694710850715648 1.0000000180025095e-35 0.560205638408661 0.75000000000000011 0.61388990283012401 0.71469494700431835 1.0000000180025095e-35 1.0000000180025095e-35 0.48479545116424566 0.41022963821887976
decision_type=2 2 2 2 2 2 2 2 2 2 2 2 2 2 2 2 2 2 2 2 2 2 2 2 2 2 2 2 2 2 2 2 2 2 2 2 2 2
left_child=1 13 28 -4 5 6 -2 8 -6 14 -11 26 -13 -1 -10 -15 17 18 -9 -18 22 -22 -21 24 -24 -26 27 -8 -3 34 36 -32 33 -33 -7 -34 -31 -38
right_child=4 2 3 -5 7 29 11 16 9 10 -12 12 -14 15 -16 -17 19 -19 -20 20 21 -23 23 -25 25 -27 -28 -29 -30 30 31 32 35 -35 -36 -37 37 -39
leaf_value=9.4106366077647332e-06 0 0.0034502500321498888 0 0.00060030385052204597 0 0 -0.0054382914768513939 0 0.0033812941222753777 0 0.072826755211119337 0 -0.0027609327315182243 0.0097959959755210945 -0.002241416140015886 0.010677960122567498 0 0 -4.6333375147887437e-05 2.1592568763757079e-05 0.078501021426563108 0.075981054173354934 -0.00084920963613794177 0.028455062829162756 0.0070990451763648819 -0.00030331887838464411 0.00033470472271389439 -0.0014534787905342305 0 -4.6120039916405233e-07 0 5.0403126659013252e-05 5.4573052864435574e-05 -0.00041870269023693398 0.00039937451907704261 -0.0013864807759203757 -0.00020572077808666544 0.0007200275608529339
leaf_weight=2533 2768 305 984 3292 2758 11852 88 876 753 804 1608 657 1228 469 890 331 7950 5923 127 3407 502 308 78 100 720 363 143 558 897 1241 1638 333 22 531 611 276 191 1885
leaf_count=2533 2768 305 984 3292 2758 11852 88 876 753 804 1608 657 1228 469 890 331 7950 5923 127 3407 502 308 78 100 720 363 143 558 897 1241 1638 333 22 531 611 276 191 1885
internal_value=0.00281933 0.0147588 0.0208981 0.0271001 0.000764227 -0.00213971 -0.00951121 0.00333198 0.00933509 0.015783 0.0251244 -0.0192371 -0.0263342 0.00466847 0.00206939 0.0157 0.00132259 -0.00149004 -0.0102891 0.00277331 0.00589996 0.0240988 0.00274207 0.00948454 0.00706288 0.00963989 -0.00228137 -0.00693498 -0.00116473 1.93757e-05 -0.00239333 -0.00778571 -0.0169363 -0.0112037 0.00120356 -0.033557 0.00215858 0.0061657
internal_weight=60000 8811 5478 4276 51189 24022 5442 27167 6813 4055 2412 2674 1885 3333 1643 800 20354 6926 1003 13428 5478 810 4668 1261 1161 1083 789 646 1202 18580 6117 2800 1162 864 12463 298 3317 2076
internal_count=60000 8811 5478 4276 51189 24022 5442 27167 6813 4055 2412 2674 1885 3333 1643 800 20354 6926 1003 13428 5478 810 4668 1261 1161 1083 789 646 1202 18580 6117 2800 1162 864 12463 298 3317 2076
is_linear=0
shrinkage=0.04


Tree=152
num_leaves=39
num_cat=0
split_feature=121 119 73 15 13 124 15 124 15 102 73 102 90 119 13 12 15 118 119 120 119 102 85 12 102 12 44 85 13 101 14 96 12 15 120 102 120 102
split_gain=889.339 324.127 547.62 567.989 290.85 230.769 348.628 219.53 271.796 365.959 373.985 208.004 309.555 75.6117 69.4133 63.904 52.3278 59.5217 155.068 85.4439 56.8375 76.9926 50.532 49.3646 53.9993 67.1593 52.8466 46.2515 108.9 40.7208 68.1541 62.6064 57.5033 52.7566 78.1241 61.8741 56.9373 70.6578
threshold=1.0000000180025095e-35 0.63175231218338024 0.085450042039155974 0.75000000000000011 0.76363638043403637 0.25541436672210699 0.75000000000000011 0.27554605901241308 0.75000000000000011 0.62132039666175853 0.085450042039155974 0.62132039666175853 0.07759560272097589 0.53250345587730419 0.93636366724967968 0.91245013475418102 0.75000000000000011 1.0000000180025095e-35 0.62131977081298839 1.0000000180025095e-35 0.62131977081298839 0.59573671221733104 0.59591841697692882 0.85620406270027172 0.59790590405464183 0.87096264958381664 0.83146971464157116 0.59591841697692882 0.76363638043403637 1.0000000180025095e-35 0.50773411989212047 0.6292809545993806 0.90145155787467968 0.75000000000000011 1.0000000180025095e-35 0.46729126572608953 1.0000000180025095e-35 0.56249344348907482
decision_type=2 2 2 2 2 2 2 2 2 2 2 2 2 2 2 2 2 2 2 2 2 2 2 2 2 2 2 2 2 2 2 2 2 2 2 2 2 2
left_child=1 14 -3 -4 5 6 -2 8 -6 13 -11 22 -13 -10 -1 -16 20 -18 23 -20 21 -9 -8 -19 25 -25 -27 28 -5 -7 31 32 -31 34 -33 -36 -35 -38
right_child=4 2 3 27 7 29 11 16 9 10 -12 12 -14 -15 15 -17 17 18 19 -21 -22 -23 -24 24 -26 26 -28 -29 -30 30 -32 33 -34 36 35 -37 37 -39
leaf_value=9.0342111434541445e-06 0 0 0 -0.0001048165446589877 0 0 -0.0024022385290967565 0 0.0035134053848022619 0 0.069914059425808694 0 -0.0026504954222574995 -0.001785188323899547 0.0094041561365002489 0.010250841717664798 0 2.0728866013206793e-05 0.075416334432733337 0.072943031113312809 0 -4.4480040141971942e-05 0.00054764899243512136 -0.00081524125069242404 0.027316860315996224 0.0068182775832014292 -0.00024446070174700908 0.00057629169650116549 0.029797800796271048 0 -3.571168813670355e-08 -1.5974980763081703e-05 -0.0027687919558337624 0.00074203120591253223 9.8242987890398841e-06 0 0.00045492955775440437 -0.00085192894624182009
leaf_weight=2533 2562 1165 984 50 2633 12209 569 884 672 617 1594 509 1195 964 469 331 7921 3430 700 318 6040 127 111 78 101 696 392 3177 102 1348 1377 95 210 304 82 1123 2150 178
leaf_count=2533 2562 1165 984 50 2633 12209 569 884 672 617 1594 509 1195 964 469 331 7921 3430 700 318 6040 127 111 78 101 696 392 3177 102 1348 1377 95 210 304 82 1123 2150 178
internal_value=0.002526 0.014264 0.0202483 0.0268212 0.000505577 -0.00270086 -0.0104003 0.00334082 0.00976543 0.0165428 0.0271551 -0.0214094 -0.0288732 0.00220049 0.00442844 0.0147 0.00132837 0.00277501 0.00588626 0.0200393 -0.0014693 -0.0102473 -0.00270588 0.00281882 0.0095659 0.00713551 0.00970588 0.0347131 0.0131579 -0.00070455 -0.00316878 -0.00117304 -0.00795892 0.00151577 -0.00507692 -0.00232365 0.00477204 0.00264605
internal_weight=60000 8811 5478 4313 51189 24022 4946 27167 6480 3847 2211 2384 1704 1636 3333 800 20687 13636 5715 1018 7051 1011 680 4697 1267 1166 1088 3329 152 19076 6867 5490 1558 3932 1300 1205 2632 2328
internal_count=60000 8811 5478 4313 51189 24022 4946 27167 6480 3847 2211 2384 1704 1636 3333 800 20687 13636 5715 1018 7051 1011 680 4697 1267 1166 1088 3329 152 19076 6867 5490 1558 3932 1300 1205 2632 2328
is_linear=0
shrinkage=0.04


Tree=153
num_leaves=39
num_cat=0
split_feature=121 119 22 15 13 124 15 124 15 102 22 102 90 102 13 12 15 119 102 118 119 86 85 13 12 102 12 95 15 119 119 102 127 12 14 57 119 14
split_gain=853.767 328.461 546.126 571.97 241.271 276.995 364.211 220.7 271.119 364.899 370.619 182.643 309.555 71.4368 70.8483 51.7202 51.034 56.8375 76.9926 56.7545 157.841 75.6945 49.6884 106.081 43.4789 56.2089 64.8659 50.7813 40.3861 39.0557 34.5479 103.771 52.0955 54.5554 35.8385 44.3687 33.712 33.4002
threshold=1.0000000180025095e-35 0.63175231218338024 0.11795619875192644 0.75000000000000011 0.76363638043403637 0.25541436672210699 0.75000000000000011 0.27554605901241308 0.75000000000000011 0.62132039666175853 0.11795619875192644 0.62132039666175853 0.07759560272097589 0.52307730913162243 0.76363638043403637 1.0321779251098635 0.75000000000000011 0.62131977081298839 0.59573671221733104 1.0000000180025095e-35 0.62131977081298839 1.0000000180025095e-35 0.59591841697692882 0.76363638043403637 0.85620406270027172 0.59790590405464183 0.87096264958381664 0.92387953400611889 0.75000000000000011 0.57897236943244945 0.59593412280082714 0.59573671221733104 1.424651622772217 1.0297048687934878 0.35276135802268987 0.87203264236450206 0.7215886414051057 0.5415572226047517
decision_type=2 2 2 2 2 2 2 2 2 2 2 2 2 2 2 2 2 2 2 2 2 2 2 2 2 2 2 2 2 2 2 2 2 2 2 2 2 2
left_child=1 14 36 -4 5 6 -2 8 -6 13 -11 -8 -13 -10 29 28 17 18 -9 -18 24 -22 23 -5 -21 26 -26 -28 -16 -1 32 -32 33 34 35 -30 -3 -7
right_child=4 2 3 22 7 37 11 16 9 10 -12 12 -14 -15 15 -17 19 -19 -20 20 21 -23 -24 -25 25 -27 27 -29 30 -31 31 -33 -34 -35 -36 -37 -38 -39
leaf_value=-0.00017297285886861858 0 0.043750043820536391 0 -0.00010062388287263247 0 0 -0.00043296204639709402 0 0.005063782860316373 0 0.067117122625642192 0 -0.0025444756053671826 -0.0014177191311644322 -0.00053876058757439647 0.009494763063619089 0 0 -4.2700838536293063e-05 1.989971137267852e-05 0.072399681055423992 0.069593218951289976 0.00055324002864111323 0.028592037033327671 -0.00078263160066472715 0.026224185903356345 0.0065423522659822453 -0.00029568866925547613 0.0051763386496122268 0.00013383373147476618 -0.0051984843419186433 0.036200860009304919 0.0079994790134688288 -0.0014753371448662735 0.010666043004218296 -0.00028135831548517845 0 0
leaf_weight=1017 2562 119 984 50 2633 18254 680 884 568 631 1580 509 1195 1068 56 213 7921 6040 127 3430 760 258 3152 101 78 101 720 368 60 717 188 169 471 33 296 113 1072 822
leaf_count=1017 2562 119 984 50 2633 18254 680 884 568 631 1580 509 1195 1068 56 213 7921 6040 127 3430 760 258 3152 101 78 101 720 368 60 717 188 169 471 33 296 113 1072 822
internal_value=0.00270867 0.0142095 0.0202337 0.0268906 0.000729063 -0.00219132 -0.0106268 0.00331137 0.00975309 0.016522 0.027119 -0.0218792 -0.0288732 0.00220049 0.00430843 0.0103815 0.00129357 -0.0014693 -0.0102473 0.00272221 0.00576028 0.0200393 0.0348653 0.0124503 0.00266553 0.00899763 0.00651801 0.00904412 0.00756133 -0.00129181 0.00896241 -0.00168067 0.0128674 0.0218327 0.0253305 0.0108671 -0.00372796 -4.19375e-06
internal_weight=60000 8811 5478 4287 51189 24022 4946 27167 6480 3847 2211 2384 1704 1636 3333 1599 20687 7051 1011 13636 5715 1018 3303 151 4697 1267 1166 1088 1386 1734 1330 357 973 502 469 173 1191 19076
internal_count=60000 8811 5478 4287 51189 24022 4946 27167 6480 3847 2211 2384 1704 1636 3333 1599 20687 7051 1011 13636 5715 1018 3303 151 4697 1267 1166 1088 1386 1734 1330 357 973 502 469 173 1191 19076
is_linear=0
shrinkage=0.04


Tree=154
num_leaves=39
num_cat=0
split_feature=122 73 119 15 123 13 124 15 124 15 119 73 119 90 119 5 119 15 118 119 120 119 119 119 13 119 15 127 14 120 119 12 119 119 27 119 17 12
split_gain=594.47 255.359 388.745 561.93 250.505 234.801 262.84 345.333 219.117 270.332 319.599 362.47 213.653 309.555 204.918 96.6674 68.8675 54.2504 60.8328 189.912 97.6665 56.5072 71.4859 52.3295 46.8368 69.2274 58.118 38.5168 33.4002 88.3411 115.855 32.7012 56.6801 64.2474 58.806 32.4447 31.677 38.2471
threshold=1.0000000180025095e-35 0.085450042039155974 0.63612323999404918 0.75000000000000011 1.0000000180025095e-35 0.76363638043403637 0.25541436672210699 0.75000000000000011 0.25541436672210699 0.75000000000000011 0.61736997961997997 0.085450042039155974 0.62131977081298839 0.07759560272097589 0.62131977081298839 0.10259787365794183 0.52266719937324535 0.75000000000000011 1.0000000180025095e-35 0.62131977081298839 1.0000000180025095e-35 0.62131977081298839 0.59593412280082714 0.59593412280082714 0.93636366724967968 0.59866267442703258 0.75000000000000011 1.5168566703796389 0.5415572226047517 1.0000000180025095e-35 0.560205638408661 0.85620406270027172 0.59866267442703258 0.57622584700584423 0.79335334897041332 0.62335845828056347 0.63181737065315258 0.76287078857421886
decision_type=2 2 2 2 2 2 2 2 2 2 2 2 2 2 2 2 2 2 2 2 2 2 2 2 2 2 2 2 2 2 2 2 2 2 2 2 2 2
left_child=4 -2 24 -4 5 6 7 -1 9 -7 16 -12 23 -14 36 -16 -11 21 -19 31 -21 22 -10 -9 -3 26 -26 -28 -8 -30 -31 -20 33 34 -33 -27 -6 -38
right_child=1 2 3 -5 14 8 28 12 17 10 11 -13 13 -15 15 -17 -18 18 19 20 -22 -23 -24 -25 25 35 27 -29 29 30 -32 32 -34 -35 -36 -37 37 -39
leaf_value=0 0 1.8095988120947482e-06 0 0.00018403489665558937 -0.00092989171868094187 0 0 -0.0026807421262856224 0 0.00499982650742183 0 0.064431219545350193 0 -0.0024426965811525036 -2.7498480468284472e-05 0.00053970259315043738 -0.0013610103659178207 0 3.3282597456088012e-05 0.069503693813207021 0.069096493256341443 0 -4.0992804994841344e-05 0.00043472455682511682 -0.001496888171360582 -0.0032625980729484639 0.0098823630499849466 -0.0079438464094387633 0 -3.4283220611235407e-08 1.428467525468142e-09 0.0063679615792487003 0.025185508817212432 -0.00079915416854550237 -0.00029814209656130685 0.059486809884994114 -0.0012890424603509843 0.001360224426335499
leaf_weight=2562 1112 1589 978 2475 143 2477 18254 547 912 462 618 1550 509 1195 36 900 927 7921 3594 700 378 6181 114 133 20 101 250 37 500 66 256 698 96 96 443 50 495 625
leaf_count=2562 1112 1589 978 2475 143 2477 18254 547 912 462 618 1550 509 1195 36 900 927 7921 3594 700 378 6181 114 133 20 101 250 37 500 66 256 698 96 96 443 50 495 625
internal_value=0.00271533 0.014029 0.0175636 0.0257515 0.00131415 0.000746254 -0.00213471 -0.0103518 0.0032937 0.0100166 0.0170818 0.026679 -0.0213087 -0.0288732 0.0145339 0.0287179 0.00210223 0.00137415 0.00283211 0.00586844 0.0210761 -0.00144304 -0.0101365 -0.00235294 0.00375183 0.0150218 0.0259283 0.0305226 -4.19375e-06 0.00788321 0.0242236 0.0025411 0.00789197 0.00559418 0.00823839 -0.00715232 0.00402217 0.00628571
internal_weight=60000 6612 5500 3453 53388 51189 24022 4946 27167 6034 3557 2168 2384 1704 2199 936 1389 21133 13926 6005 1078 7207 1026 680 2047 458 307 287 19076 822 322 4927 1333 1237 1141 151 1263 1120
internal_count=60000 6612 5500 3453 53388 51189 24022 4946 27167 6034 3557 2168 2384 1704 2199 936 1389 21133 13926 6005 1078 7207 1026 680 2047 458 307 287 19076 822 322 4927 1333 1237 1141 151 1263 1120
is_linear=0
shrinkage=0.04


Tree=155
num_leaves=39
num_cat=0
split_feature=121 119 73 15 13 124 15 124 15 119 73 102 90 102 13 15 101 119 120 119 102 119 119 102 27 12 102 102 27 102 119 5 31 120 102 101 13 12
split_gain=831.269 337.871 545.126 574.194 240.486 275.17 363.087 221.041 271.746 316.611 362.47 184.4 309.555 66.4766 54.1306 53.8139 59.5048 238.59 62.036 56.5072 77.4171 35.1008 47.1474 106.466 32.9238 30.8809 60.4607 65.0021 55.6465 32.0961 30.6553 33.6539 29.9452 81.1409 123.794 30.822 29.1791 40.8907
threshold=1.0000000180025095e-35 0.63175231218338024 0.085450042039155974 0.75000000000000011 0.76363638043403637 0.25541436672210699 0.75000000000000011 0.25541436672210699 0.75000000000000011 0.61736997961997997 0.085450042039155974 0.62132039666175853 0.07759560272097589 0.53546306490898143 0.76363638043403637 0.75000000000000011 1.0000000180025095e-35 0.62131977081298839 1.0000000180025095e-35 0.62131977081298839 0.59573671221733104 0.48003464937210089 0.59593412280082714 0.59573671221733104 -0.19509041309356687 0.85620406270027172 0.59790590405464183 0.57617363333702099 0.79335334897041332 0.37993320822715765 0.57897236943244945 0.2629005908966065 0.5415572226047517 1.0000000180025095e-35 0.56034687161445629 1.0000000180025095e-35 0.93636366724967968 0.89765292406082164
decision_type=2 2 2 2 2 2 2 2 2 2 2 2 2 2 2 2 2 2 2 2 2 2 2 2 2 2 2 2 2 2 2 2 2 2 2 2 2 2
left_child=1 14 -3 -4 5 6 -2 8 -6 13 -11 -8 -13 -10 30 19 -17 25 -19 20 -9 -16 24 -24 -23 -18 27 28 29 -27 31 -1 -7 35 -35 -34 37 -26
right_child=4 2 3 -5 7 32 11 15 9 10 -12 12 -14 -15 21 16 17 18 -20 -21 -22 22 23 -25 36 26 -28 -29 -30 -31 -32 -33 33 34 -36 -37 -38 -39
leaf_value=-0.00074701065231646884 0 0 0 0.00051811448942441275 0 0 -0.0003707232131520044 0 0.0031386572860017739 0 0.061853970763536166 0 -0.0023449887179064176 -0.0017710971480546789 -0.00021202715974951049 0 3.1951293557844489e-05 0.066668192197446005 0.064506149874342569 0 -3.9353092795047688e-05 0.012522920470465665 -0.0041515009655508093 0.054326834351659699 0.0048477918256487132 -0.010056975817943705 0.024167798114533595 -0.00076718800180368223 -0.00028621641269886309 0.0064574273332267751 0.00012840799826328465 -5.6711465982441923e-05 0 -3.2911891786785987e-08 1.3713288244494163e-09 -1.5973552295556237e-05 0.013028557980083129 -0.001281048172598105
leaf_weight=81 2562 1165 984 3329 2477 18254 680 899 591 618 1550 509 1195 798 290 8125 3592 502 375 6181 127 219 220 201 256 29 100 95 443 665 717 936 467 61 261 33 332 81
leaf_count=81 2562 1165 984 3329 2477 18254 680 899 591 618 1550 509 1195 798 290 8125 3592 502 375 6181 127 219 220 201 256 29 100 95 443 665 717 936 467 61 261 33 332 81
internal_value=0.002666 0.0140143 0.0201241 0.0266821 0.000712653 -0.00220298 -0.0106106 0.00329076 0.0100431 0.0171268 0.026679 -0.0218456 -0.0288732 0.00221742 0.0039724 0.0013628 0.00281488 0.00590933 0.0251311 -0.00144304 -0.0101365 0.0092808 0.0120703 0.00104513 0.0172973 0.00248578 0.00768769 0.00525974 0.00791557 0.0149856 -0.000922722 -0.0053884 -2.30656e-05 0.00744526 0.0231056 -0.00264 0.021704 0.0134125
internal_weight=60000 8811 5478 4313 51189 24022 4946 27167 6034 3557 2168 2384 1704 1389 3333 21133 13926 5801 877 7207 1026 1599 1309 421 888 4924 1332 1232 1137 694 1734 1017 19076 822 322 500 669 337
internal_count=60000 8811 5478 4313 51189 24022 4946 27167 6034 3557 2168 2384 1704 1389 3333 21133 13926 5801 877 7207 1026 1599 1309 421 888 4924 1332 1232 1137 694 1734 1017 19076 822 322 500 669 337
is_linear=0
shrinkage=0.04


Tree=156
num_leaves=39
num_cat=0
split_feature=121 85 73 32 30 124 32 124 32 85 73 10 85 5 30 12 32 118 85 86 85 14 85 85 14 32 85 122 85 14 120 85 101 10 12 14 12 85
split_gain=782.203 288.93 451.089 404.171 234.027 261.063 344.239 218.732 268.92 296.461 361.715 202.658 193.739 305.431 106.202 87.839 53.5239 59.3241 152.897 90.9419 52.5239 50.7044 46.7867 68.1386 45.9041 42.434 32.9809 31.1679 30.3089 29.9452 81.1409 113.145 30.822 28.3433 83.3424 28.4569 27.3819 53.2132
threshold=1.0000000180025095e-35 0.59591841697692882 0.085450042039155974 0.75000000000000011 0.76363638043403637 0.25541436672210699 0.75000000000000011 0.25541436672210699 0.75000000000000011 0.6170489788055421 0.085450042039155974 0.32143938541412359 0.6170489788055421 0.1294016316533089 0.76363638043403637 0.65512958168983471 0.75000000000000011 1.0000000180025095e-35 0.62146106362342846 1.0000000180025095e-35 0.52289092540740978 0.48630662262439733 0.62146106362342846 0.59591841697692882 0.49782148003578192 0.75000000000000011 0.66818326711654674 1.0000000180025095e-35 0.57582581043243419 0.5415572226047517 1.0000000180025095e-35 0.56063726544380199 1.0000000180025095e-35 0.7294733226299287 0.90145155787467968 0.33686512708663946 0.85620406270027172 0.59827139973640453
decision_type=2 2 2 2 2 2 2 2 2 2 2 2 2 2 2 2 2 2 2 2 2 2 2 2 2 2 2 2 2 2 2 2 2 2 2 2 2 2
left_child=1 14 -3 -4 5 6 -2 8 -6 20 -11 15 21 -14 28 -5 22 -18 36 24 -10 -8 23 -9 -20 -16 -17 -13 -1 33 32 -32 -31 -7 35 -35 -19 -38
right_child=4 2 3 11 7 29 12 16 9 10 -12 27 13 -15 25 26 17 18 19 -21 -22 -23 -24 -25 -26 -27 -28 -29 -30 30 31 -33 -34 34 -36 -37 37 -39
leaf_value=-6.3613918469824693e-06 0 0 0 6.7265653024328745e-05 0 0 -0.0022327571696784433 0 0.004140417240910921 0 0.05938018635612885 0.00049536876558889278 0 -0.0022511891691901552 -0.00024939064110863677 0.0011019352133862625 0 7.2580572883711416e-05 0.064001464509548148 0.061897475385501298 -0.0010641995545562822 0.00092214068282295617 0 -3.7778969083245782e-05 -0.015608977185052534 0.0040200764623720886 0.00049739708552216651 7.675858490184595e-05 -7.9908998183597649e-05 0 -3.1595416115314549e-08 1.3164756714714395e-09 -1.5334610203733987e-05 -0.0010181763265944711 -0.0039090842154899264 0 0.0025704263066505463 0.023201086189952279
leaf_weight=1046 2562 1155 946 369 2477 16053 505 880 480 615 1519 93 504 1182 79 479 7921 3524 645 320 943 193 6222 105 193 1161 1072 2153 258 467 56 266 33 150 197 1854 1229 94
leaf_count=1046 2562 1155 946 369 2477 16053 505 880 480 615 1519 93 504 1182 79 479 7921 3524 645 320 943 193 6222 105 193 1161 1072 2153 258 467 56 266 33 150 197 1854 1229 94
internal_value=0.00262467 0.013633 0.018248 0.023349 0.000729844 -0.00214637 -0.0103356 0.00327309 0.00999006 0.0170368 0.0264667 0.0287086 -0.0212752 -0.0286121 0.00226415 0.0191667 0.00135523 0.00280339 0.00580183 0.0188601 0.00289529 -0.00355301 -0.00144304 -0.00954315 0.0119332 0.0106452 0.0233398 0.0368655 -0.00570552 -2.30656e-05 0.00744526 0.0231056 -0.00264 -0.000359373 -0.00461608 -0.00217565 0.00268207 0.00758881
internal_weight=60000 8811 6267 5112 51189 24022 4946 27167 6034 3557 2134 4166 2384 1686 2544 1920 21133 13926 6005 1158 1423 698 7207 985 838 1240 1551 2246 1304 19076 822 322 500 18254 2201 2004 4847 1323
internal_count=60000 8811 6267 5112 51189 24022 4946 27167 6034 3557 2134 4166 2384 1686 2544 1920 21133 13926 6005 1158 1423 698 7207 985 838 1240 1551 2246 1304 19076 822 322 500 18254 2201 2004 4847 1323
is_linear=0
shrinkage=0.04


Tree=157
num_leaves=39
num_cat=0
split_feature=121 119 22 32 13 124 32 124 32 119 22 102 5 119 119 32 13 102 32 118 119 103 119 102 10 12 85 13 85 12 13 119 14 103 102 12 102 102
split_gain=748.313 340.902 514.058 461.343 235.08 271.926 358.607 219.788 268.216 324.109 360.066 191.512 308.436 61.5095 55.3986 62.0306 55.0906 60.1011 52.2285 56.6561 194.599 87.6728 56.5072 77.4171 43.8535 60.0993 50.5892 94.3068 41.9329 35.4937 34.9841 31.7224 29.9284 72.1151 121.406 29.6843 62.3415 63.6809
threshold=1.0000000180025095e-35 0.63175231218338024 0.11795619875192644 0.75000000000000011 0.76363638043403637 0.25541436672210699 0.75000000000000011 0.25541436672210699 0.75000000000000011 0.61736997961997997 0.11795619875192644 0.62132039666175853 0.1294016316533089 0.52266719937324535 0.48508223891258245 0.75000000000000011 0.93636366724967968 0.56428781151771557 0.75000000000000011 1.0000000180025095e-35 0.62131977081298839 1.0000000180025095e-35 0.62131977081298839 0.59573671221733104 0.35206146538257604 0.76287078857421886 0.59591841697692882 0.76363638043403637 0.59591841697692882 0.91245013475418102 0.76363638043403637 0.7215886414051057 0.5415572226047517 1.0000000180025095e-35 0.56034687161445629 0.85620406270027172 0.59790590405464183 0.57617363333702099
decision_type=2 2 2 2 2 2 2 2 2 2 2 2 2 2 2 2 2 2 2 2 2 2 2 2 2 2 2 2 2 2 2 2 2 2 2 2 2 2
left_child=1 14 31 28 5 6 -2 8 -6 13 -11 -8 -13 -10 -1 -16 -17 -18 22 -20 35 -22 23 -9 25 30 27 -26 -4 -19 -5 -3 -7 -34 -35 -21 37 -37
right_child=4 2 3 24 7 32 11 18 9 10 -12 12 -14 -15 15 16 17 29 19 20 21 -23 -24 -25 26 -27 -28 -29 -30 -31 -32 -33 33 34 -36 36 -38 -39
leaf_value=-0.00036434913185438232 0 0.04200004206771496 6.585992785844688e-06 4.6109483753209449e-05 0 0 -0.00027923459976793909 0 0.0045086704660484145 0 0.057004604478749527 0 -0.0021611416024225607 -0.0012197817390627108 -1.1458684146445387e-05 0.00018651521926777548 0.01188755307826078 -0.0021225121188241402 0 2.7770018900182251e-05 0.06149675979239895 0.06172069812393801 0 -3.6267810319915954e-05 -9.8220443595629093e-05 0.00049761266398750336 5.5993521974535552e-05 0.027298203138522725 0 0.022168393013184441 0.096058753286460297 0 0 -3.0331599470701964e-08 1.263816644612582e-09 0.0028982986146778699 0.022273042742354223 -0.00083931753399755691
leaf_weight=613 2562 119 48 270 2477 18254 680 899 462 632 1536 506 1198 927 129 1933 279 240 7921 3594 738 340 6181 127 43 659 2059 91 936 139 181 1072 507 61 254 1137 101 95
leaf_count=613 2562 119 48 270 2477 18254 680 899 462 632 1536 506 1198 927 129 1933 279 240 7921 3594 738 340 6181 127 43 659 2059 91 936 139 181 1072 507 61 254 1137 101 95
internal_value=0.002548 0.0133152 0.0194524 0.0259109 0.00069468 -0.00218799 -0.0105459 0.00324364 0.0099768 0.0170143 0.026679 -0.0217114 -0.0288732 0.00192945 0.00322832 0.00567647 0.00702431 0.0170213 0.00132116 0.00275169 0.00568193 0.0210761 -0.00144304 -0.0101365 0.033073 0.0265946 0.036352 0.0125373 0.00186992 0.00664908 0.0153437 -0.00379513 -2.09688e-05 0.00744526 0.0224762 0.00231378 0.00741185 0.00493506
internal_weight=60000 8811 5478 4287 51189 24022 4946 27167 6034 3557 2168 2384 1704 1389 3333 2720 2591 658 21133 13926 6005 1078 7207 1026 3303 1110 2193 134 984 379 451 1191 19076 822 315 4927 1333 1232
internal_count=60000 8811 5478 4287 51189 24022 4946 27167 6034 3557 2168 2384 1704 1389 3333 2720 2591 658 21133 13926 6005 1078 7207 1026 3303 1110 2193 134 984 379 451 1191 19076 822 315 4927 1333 1232
is_linear=0
shrinkage=0.04


Tree=158
num_leaves=39
num_cat=0
split_feature=121 119 73 15 13 124 15 124 15 119 73 102 90 119 13 10 12 15 119 102 118 119 120 85 13 15 13 119 119 102 51 13 12 79 119 14 120 102
split_gain=726.49 331.717 502.703 477.579 231.811 270.658 357.491 216.433 263.312 334.755 362.47 193.31 309.555 53.4338 52.4213 52.3362 56.5417 51.2319 56.5072 77.4171 54.6235 196.963 97.6665 49.7463 94.7628 45.7691 33.9467 32.1724 55.9347 114.831 43.9119 29.2612 36.8951 56.8654 28.979 28.4538 83.1705 123.794
threshold=1.0000000180025095e-35 0.63175231218338024 0.085450042039155974 0.75000000000000011 0.76363638043403637 0.25541436672210699 0.75000000000000011 0.25541436672210699 0.75000000000000011 0.61736997961997997 0.085450042039155974 0.62132039666175853 0.07759560272097589 0.53999802470207225 0.76363638043403637 0.35206146538257604 0.76287078857421886 0.75000000000000011 0.62131977081298839 0.59573671221733104 1.0000000180025095e-35 0.62131977081298839 1.0000000180025095e-35 0.59591841697692882 0.76363638043403637 0.75000000000000011 0.76363638043403637 0.48508223891258245 0.59593412280082714 0.59573671221733104 0.70599097013473522 0.93636366724967968 0.89765292406082164 0.63508617877960216 0.68742546439170849 0.5415572226047517 1.0000000180025095e-35 0.56034687161445629
decision_type=2 2 2 2 2 2 2 2 2 2 2 2 2 2 2 2 2 2 2 2 2 2 2 2 2 2 2 2 2 2 2 2 2 2 2 2 2 2
left_child=1 14 34 -4 5 6 -2 8 -6 13 -11 -8 -13 -10 -1 16 26 18 19 -9 -19 -22 -23 24 -17 -16 -5 -27 30 -30 31 32 -29 -34 -3 -7 -37 -38
right_child=4 2 3 15 7 35 11 17 9 10 -12 12 -14 -15 25 23 -18 20 -20 -21 21 22 -24 -25 -26 27 -28 28 29 -31 -32 -33 33 -35 -36 36 37 -39
leaf_value=-9.5189854159261153e-06 0 0.096789150348419645 0 4.3004818552851989e-05 0 0 -0.0002680652157772201 0 0.002522116043902436 0 0.054724794722733706 0 -0.0020746959383256681 -0.0020449254019217732 -0.00060309525684851609 -9.4291625851816724e-05 0.00047770815742801179 0 0 -3.4817097907119311e-05 0.00028426369075575054 0.059036889400702959 0.059501786505062139 5.3753781095551288e-05 0.026206275012981808 -0.00014980400451690911 0.092205049702003383 0.0044856164853572271 -0.004744688637288697 0.052218765578925359 0.008204002130822766 0.012316666397756039 -0.0017260926129270616 0.023076001077703447 0 0 -2.9118335491873886e-08 1.2132639788280786e-09
leaf_weight=1734 2562 39 984 275 2477 18254 680 899 636 618 1550 509 1195 753 56 43 663 7921 6181 127 4927 700 378 2073 92 305 183 200 206 197 240 310 49 36 1126 500 61 261
leaf_count=1734 2562 39 984 275 2477 18254 680 899 636 618 1550 509 1195 753 56 43 663 7921 6181 127 4927 700 378 2073 92 305 183 200 206 197 240 310 49 36 1126 500 61 261
internal_value=0.00249733 0.0131063 0.0191603 0.0254579 0.000671238 -0.00219132 -0.0105297 0.00320241 0.00988399 0.0168569 0.026679 -0.0216779 -0.0288732 0.00152628 0.00315632 0.0326945 0.0256557 0.00129466 -0.00144304 -0.0101365 0.00271147 0.00558868 0.0210761 0.0362681 0.0127407 0.00838024 0.0148472 0.00966948 0.0125363 0.000297767 0.0184431 0.0242689 0.0150175 -0.00705882 -0.00415451 -2.93563e-05 0.00725061 0.0231056
internal_weight=60000 8811 5478 4313 51189 24022 4946 27167 6034 3557 2168 2384 1704 1389 3333 3329 1121 21133 7207 1026 13926 6005 1078 2208 135 1599 458 1543 1238 403 835 595 285 85 1165 19076 822 322
internal_count=60000 8811 5478 4313 51189 24022 4946 27167 6034 3557 2168 2384 1704 1389 3333 3329 1121 21133 7207 1026 13926 6005 1078 2208 135 1599 458 1543 1238 403 835 595 285 85 1165 19076 822 322
is_linear=0
shrinkage=0.04


Tree=159
num_leaves=39
num_cat=0
split_feature=121 119 22 15 30 107 15 107 119 107 15 119 39 61 30 119 85 30 15 119 119 118 119 120 15 12 12 119 12 95 119 119 85 51 14 120 85 119
split_gain=721.082 324.32 495.499 474.996 229.035 243.329 315.255 205.139 369.064 196.719 245.041 345.6 436.373 56.3685 53.4713 48.6547 48.5162 94.3068 47.5071 56.7542 70.9602 47.9127 160.351 82.0049 46.0273 40.2738 37.944 55.836 62.1169 61.2657 32.7484 51.7537 80.8083 43.3313 31.9053 89.9697 119.79 31.7224
threshold=1.0000000180025095e-35 0.63175231218338024 0.11795619875192644 0.75000000000000011 0.76363638043403637 0.2671900093555451 0.75000000000000011 0.065707344561815276 0.62131977081298839 0.28698755800724035 0.75000000000000011 0.61736997961997997 0.10922336578369142 0.13052627444267276 0.76363638043403637 0.53999802470207225 0.59591841697692882 0.76363638043403637 0.75000000000000011 0.62131977081298839 0.59593412280082714 1.0000000180025095e-35 0.62131977081298839 1.0000000180025095e-35 0.75000000000000011 0.76287078857421886 0.85620406270027172 0.59866267442703258 0.87096264958381664 0.92387953400611889 0.48508223891258245 0.59593412280082714 0.56642407178878795 0.70599097013473522 0.5415572226047517 1.0000000180025095e-35 0.56063726544380199 0.7215886414051057
decision_type=2 2 2 2 2 2 2 2 2 2 2 2 2 2 2 2 2 2 2 2 2 2 2 2 2 2 2 2 2 2 2 2 2 2 2 2 2 2
left_child=1 14 37 -4 5 6 -2 -8 -9 10 -6 15 -13 25 -1 -12 17 -15 19 20 -11 -20 26 -24 -16 -5 -23 28 -28 -30 -26 33 -33 -32 -7 -36 -37 -3
right_child=4 2 3 13 9 34 7 8 -10 18 11 12 -14 16 24 -17 -18 -19 21 -21 -22 22 23 -25 30 -27 27 -29 29 -31 31 32 -34 -35 35 36 -38 -39
leaf_value=-9.1382259992890712e-06 0 0.039665836407109155 0 0.00035322955249402101 0 0 0 -0.00023778234184284485 -0.0019917081007926286 0 0.0026487209568734115 0 0.052536646685956541 -9.051996081772984e-05 -0.00057897144657457545 -0.0019680377336132081 0.00028984688827399908 0.025158024012462549 0 0 -3.3424413990834544e-05 1.1097959756283124e-06 0.056675413824674836 0.05460110547878877 -0.00014381184433624129 0.0004620880462134025 -0.0007692875483605202 0.021381040835020178 0.0055375230743604934 -0.00047632535252212449 0.0080422027481621677 -0.0058052753064235674 0.0147984896570933 0.0078758420455898558 0 -2.795360207219893e-08 1.1647334196749556e-09 0
leaf_weight=1734 2690 119 984 398 2758 17960 641 701 1220 889 780 825 1586 43 56 864 2236 91 7746 5923 114 3409 700 311 305 535 78 96 725 363 595 127 276 240 496 56 258 1072
leaf_count=1734 2690 119 984 398 2758 17960 641 701 1220 889 780 825 1586 43 56 864 2236 91 7746 5923 114 3409 700 311 305 535 78 96 725 363 595 127 276 240 496 56 258 1072
internal_value=0.00247333 0.0130428 0.0190288 0.0253697 0.000654047 -0.00219132 -0.00980198 -0.0198439 -0.0263821 0.00317002 0.00905328 0.0153095 0.0249523 0.032637 0.00320432 0.00116788 0.0359156 0.0125373 0.00120075 -0.00149004 -0.0102891 0.00258862 0.00537839 0.019822 0.0084803 0.0243087 0.00225219 0.0081775 0.00576329 0.00823529 0.00977317 0.0126656 0.0008933 0.0183473 -6.18007e-05 0.0077037 0.0244586 -0.00379513
internal_weight=60000 8811 5478 4287 51189 24022 5252 2562 1921 27167 6813 4055 2411 3303 3333 1644 2370 134 20354 6926 1003 13428 5682 1011 1599 933 4671 1262 1166 1088 1543 1238 403 835 18770 810 314 1191
internal_count=60000 8811 5478 4287 51189 24022 5252 2562 1921 27167 6813 4055 2411 3303 3333 1644 2370 134 20354 6926 1003 13428 5682 1011 1599 933 4671 1262 1166 1088 1543 1238 403 835 18770 810 314 1191
is_linear=0
shrinkage=0.04


end of trees

feature_importances:
Column_119=1301
Column_14=1071
Column_102=543
Column_12=401
Column_13=298
Column_85=219
Column_120=185
Column_15=184
Column_122=127
Column_135=125
Column_73=115
Column_101=112
Column_31=110
Column_48=81
Column_121=73
Column_29=65
Column_30=62
Column_22=58
Column_68=58
Column_118=45
Column_124=44
Column_10=42
Column_79=41
Column_32=40
Column_43=36
Column_60=36
Column_128=36
Column_9=34
Column_5=32
Column_26=31
Column_103=25
Column_56=24
Column_0=23
Column_94=21
Column_77=20
Column_8=19
Column_17=19
Column_1=17
Column_90=17
Column_96=16
Column_27=15
Column_39=14
Column_51=14
Column_113=12
Column_130=12
Column_75=11
Column_46=10
Column_59=10
Column_62=10
Column_28=9
Column_58=9
Column_34=8
Column_42=8
Column_104=8
Column_7=7
Column_78=7
Column_95=7
Column_107=7
Column_123=7
Column_6=6
Column_125=6
Column_25=5
Column_41=5
Column_44=4
Column_69=4
Column_110=4
Column_127=4
Column_45=3
Column_47=3
Column_84=3
Column_86=3
Column_92=3
Column_111=3
Column_126=3
Column_11=2
Column_23=2
Column_24=2
Column_55=2
Column_61=2
Column_74=2
Column_88=2
Column_108=2
Column_129=2
Column_21=1
Column_33=1
Column_40=1
Column_49=1
Column_52=1
Column_54=1
Column_57=1
Column_63=1
Column_87=1
Column_91=1
Column_105=1
Column_106=1

parameters:
[boosting: gbdt]
[objective: regression_l1]
[metric: l1]
[tree_learner: serial]
[device_type: cpu]
[data_sample_strategy: bagging]
[data: ]
[valid: ]
[num_iterations: 160]
[learning_rate: 0.04]
[num_leaves: 39]
[num_threads: 4]
[seed: 1793]
[deterministic: 0]
[force_col_wise: 0]
[force_row_wise: 0]
[histogram_pool_size: -1]
[max_depth: -1]
[min_data_in_leaf: 20]
[min_sum_hessian_in_leaf: 0.001]
[bagging_fraction: 0.9]
[pos_bagging_fraction: 1]
[neg_bagging_fraction: 1]
[bagging_freq: 0]
[bagging_seed: 12028]
[bagging_by_query: 0]
[feature_fraction: 0.85]
[feature_fraction_bynode: 1]
[feature_fraction_seed: 25270]
[extra_trees: 0]
[extra_seed: 7303]
[early_stopping_round: 0]
[early_stopping_min_delta: 0]
[first_metric_only: 0]
[max_delta_step: 0]
[lambda_l1: 0]
[lambda_l2: 0]
[linear_lambda: 0]
[min_gain_to_split: 0]
[drop_rate: 0.1]
[max_drop: 50]
[skip_drop: 0.5]
[xgboost_dart_mode: 0]
[uniform_drop: 0]
[drop_seed: 4593]
[top_rate: 0.2]
[other_rate: 0.1]
[min_data_per_group: 100]
[max_cat_threshold: 32]
[cat_l2: 10]
[cat_smooth: 10]
[max_cat_to_onehot: 4]
[top_k: 20]
[monotone_constraints: ]
[monotone_constraints_method: basic]
[monotone_penalty: 0]
[feature_contri: ]
[forcedsplits_filename: ]
[refit_decay_rate: 0.9]
[cegb_tradeoff: 1]
[cegb_penalty_split: 0]
[cegb_penalty_feature_lazy: ]
[cegb_penalty_feature_coupled: ]
[path_smooth: 0]
[interaction_constraints: ]
[verbosity: -1]
[saved_feature_importance_type: 0]
[use_quantized_grad: 0]
[num_grad_quant_bins: 4]
[quant_train_renew_leaf: 0]
[stochastic_rounding: 1]
[linear_tree: 0]
[max_bin: 255]
[max_bin_by_feature: ]
[min_data_in_bin: 3]
[bin_construct_sample_cnt: 200000]
[data_random_seed: 5893]
[is_enable_sparse: 1]
[enable_bundle: 1]
[use_missing: 1]
[zero_as_missing: 0]
[feature_pre_filter: 1]
[pre_partition: 0]
[two_round: 0]
[header: 0]
[label_column: ]
[weight_column: ]
[group_column: ]
[ignore_column: ]
[categorical_feature: ]
[forcedbins_filename: ]
[precise_float_parser: 0]
[parser_config_file: ]
[objective_seed: 21735]
[num_class: 1]
[is_unbalance: 0]
[scale_pos_weight: 1]
[sigmoid: 1]
[boost_from_average: 1]
[reg_sqrt: 0]
[alpha: 0.9]
[fair_c: 1]
[poisson_max_delta_step: 0.7]
[tweedie_variance_power: 1.5]
[lambdarank_truncation_level: 30]
[lambdarank_norm: 1]
[label_gain: ]
[lambdarank_position_bias_regularization: 0]
[eval_at: ]
[multi_error_top_k: 1]
[auc_mu_weights: ]
[num_machines: 1]
[local_listen_port: 12400]
[time_out: 120]
[machine_list_filename: ]
[machines: ]
[gpu_platform_id: -1]
[gpu_device_id: -1]
[gpu_use_dp: 0]
[num_gpu: 1]

end of parameters

pandas_categorical:null
